id,name,org,number,pacing,start,start_type,end,enrollment_start,enrollment_end,effort,hidden,invitation_only,source_url,quality_flag,recommendation_status
course-v1:AgricultureSkillCouncilOfIndia+12158+1770893668,Precision Farming Technician,AgricultureSkillCouncilOfIndia,12158,instructor,2026-02-12T16:24:37.662000+05:30,timestamp,,,,,False,False,https://courses.skillindiadigital.gov.in/api/courses/v1/courses/?page_size=100,filtered_catalogue_metadata;provider_label_not_identity_verification;seats_and_certification_unverified;not_point_in_time_complete,catalogue_candidate_only_not_verified_available_training
course-v1:AgricultureSkillCouncilOfIndia+22339+1750700491,Solar Pump Technician,AgricultureSkillCouncilOfIndia,22339,instructor,2025-06-23T23:11:42.336000+05:30,timestamp,,,,,False,False,https://courses.skillindiadigital.gov.in/api/courses/v1/courses/?page_size=100,filtered_catalogue_metadata;provider_label_not_identity_verification;seats_and_certification_unverified;not_point_in_time_complete,catalogue_candidate_only_not_verified_available_training
course-v1:AgricultureSkillCouncilOfIndia+26868+1786436231,Kisan Drone Operator,AgricultureSkillCouncilOfIndia,26868,instructor,2026-08-11T13:47:57.022000+05:30,timestamp,,,,,False,False,https://courses.skillindiadigital.gov.in/api/courses/v1/courses/?page_size=100,filtered_catalogue_metadata;provider_label_not_identity_verification;seats_and_certification_unverified;not_point_in_time_complete,catalogue_candidate_only_not_verified_available_training
course-v1:AgricultureSkillCouncilOfIndia+28181+1774430279,Essentials of Mitigating GHG Emission in Fish Value Chain,AgricultureSkillCouncilOfIndia,28181,instructor,2026-03-25T14:49:00.838000+05:30,timestamp,,,,,False,False,https://courses.skillindiadigital.gov.in/api/courses/v1/courses/?page_size=100,filtered_catalogue_metadata;provider_label_not_identity_verification;seats_and_certification_unverified;not_point_in_time_complete,catalogue_candidate_only_not_verified_available_training
course-v1:AgricultureSkillCouncilOfIndia+33721+1774421478,Solar Pump Technician,AgricultureSkillCouncilOfIndia,33721,instructor,2026-03-25T12:22:07.176000+05:30,timestamp,,,,,False,False,https://courses.skillindiadigital.gov.in/api/courses/v1/courses/?page_size=100,filtered_catalogue_metadata;provider_label_not_identity_verification;seats_and_certification_unverified;not_point_in_time_complete,catalogue_candidate_only_not_verified_available_training
course-v1:AgricultureSkillCouncilOfIndia+36861+1774605577,Fundamentals of On-Farm Strategies to Mititgate Climate Risks,AgricultureSkillCouncilOfIndia,36861,instructor,2026-03-27T15:31:14.299000+05:30,timestamp,,,,,False,False,https://courses.skillindiadigital.gov.in/api/courses/v1/courses/?page_size=100,filtered_catalogue_metadata;provider_label_not_identity_verification;seats_and_certification_unverified;not_point_in_time_complete,catalogue_candidate_only_not_verified_available_training
course-v1:AgricultureSkillCouncilOfIndia+37847+1774350534,Precision Farming Technician,AgricultureSkillCouncilOfIndia,37847,instructor,2026-03-24T16:49:15.641000+05:30,timestamp,,,,,False,False,https://courses.skillindiadigital.gov.in/api/courses/v1/courses/?page_size=100,filtered_catalogue_metadata;provider_label_not_identity_verification;seats_and_certification_unverified;not_point_in_time_complete,catalogue_candidate_only_not_verified_available_training
course-v1:AgricultureSkillCouncilOfIndia+40979+1770901086,Satellite Data Analysis for Crop Management,AgricultureSkillCouncilOfIndia,40979,instructor,2026-02-12T18:31:07.182000+05:30,timestamp,,,,,False,False,https://courses.skillindiadigital.gov.in/api/courses/v1/courses/?page_size=100,filtered_catalogue_metadata;provider_label_not_identity_verification;seats_and_certification_unverified;not_point_in_time_complete,catalogue_candidate_only_not_verified_available_training
course-v1:AgricultureSkillCouncilOfIndia+50918+1770896059,Precision Farming Technician,AgricultureSkillCouncilOfIndia,50918,instructor,2026-02-12T17:04:43.284000+05:30,timestamp,,,,,False,False,https://courses.skillindiadigital.gov.in/api/courses/v1/courses/?page_size=100,filtered_catalogue_metadata;provider_label_not_identity_verification;seats_and_certification_unverified;not_point_in_time_complete,catalogue_candidate_only_not_verified_available_training
course-v1:AgricultureSkillCouncilOfIndia+50952+1774439828,Carbon Farming Practitioner,AgricultureSkillCouncilOfIndia,50952,instructor,2026-03-25T17:27:40.603000+05:30,timestamp,,,,,False,False,https://courses.skillindiadigital.gov.in/api/courses/v1/courses/?page_size=100,filtered_catalogue_metadata;provider_label_not_identity_verification;seats_and_certification_unverified;not_point_in_time_complete,catalogue_candidate_only_not_verified_available_training
course-v1:AgricultureSkillCouncilOfIndia+51786+1774436120,Design and Construct Vertical Garden,AgricultureSkillCouncilOfIndia,51786,instructor,2026-03-25T16:25:42.311000+05:30,timestamp,,,,,False,False,https://courses.skillindiadigital.gov.in/api/courses/v1/courses/?page_size=100,filtered_catalogue_metadata;provider_label_not_identity_verification;seats_and_certification_unverified;not_point_in_time_complete,catalogue_candidate_only_not_verified_available_training
course-v1:AgricultureSkillCouncilOfIndia+51915+1774426831,Practicing Agrivoltaic Farming,AgricultureSkillCouncilOfIndia,51915,instructor,2026-03-25T13:51:30.665000+05:30,timestamp,,,,,False,False,https://courses.skillindiadigital.gov.in/api/courses/v1/courses/?page_size=100,filtered_catalogue_metadata;provider_label_not_identity_verification;seats_and_certification_unverified;not_point_in_time_complete,catalogue_candidate_only_not_verified_available_training
course-v1:AgricultureSkillCouncilOfIndia+54811+1750162712,Solar Pump Technician,AgricultureSkillCouncilOfIndia,54811,instructor,2025-06-17T17:48:57.309000+05:30,timestamp,,,,,False,False,https://courses.skillindiadigital.gov.in/api/courses/v1/courses/?page_size=100,filtered_catalogue_metadata;provider_label_not_identity_verification;seats_and_certification_unverified;not_point_in_time_complete,catalogue_candidate_only_not_verified_available_training
course-v1:AgricultureSkillCouncilOfIndia+57575+1771667273,Precision Farming Technician,AgricultureSkillCouncilOfIndia,57575,instructor,2026-02-21T15:27:25.880000+05:30,timestamp,,,,,False,False,https://courses.skillindiadigital.gov.in/api/courses/v1/courses/?page_size=100,filtered_catalogue_metadata;provider_label_not_identity_verification;seats_and_certification_unverified;not_point_in_time_complete,catalogue_candidate_only_not_verified_available_training
course-v1:AgricultureSkillCouncilOfIndia+57737+1774507144,Livestock Green Management Promoter,AgricultureSkillCouncilOfIndia,57737,instructor,2026-03-26T12:09:39.126000+05:30,timestamp,,,,,False,False,https://courses.skillindiadigital.gov.in/api/courses/v1/courses/?page_size=100,filtered_catalogue_metadata;provider_label_not_identity_verification;seats_and_certification_unverified;not_point_in_time_complete,catalogue_candidate_only_not_verified_available_training
course-v1:AgricultureSkillCouncilOfIndia+60680+1774432790,Satellite Data Analysis for Crop Management,AgricultureSkillCouncilOfIndia,60680,instructor,2026-03-25T15:30:27.123000+05:30,timestamp,,,,,False,False,https://courses.skillindiadigital.gov.in/api/courses/v1/courses/?page_size=100,filtered_catalogue_metadata;provider_label_not_identity_verification;seats_and_certification_unverified;not_point_in_time_complete,catalogue_candidate_only_not_verified_available_training
course-v1:AgricultureSkillCouncilOfIndia+68042+1770890919,Precision Farming Technician,AgricultureSkillCouncilOfIndia,68042,instructor,2026-02-12T15:39:44.612000+05:30,timestamp,,,,,False,False,https://courses.skillindiadigital.gov.in/api/courses/v1/courses/?page_size=100,filtered_catalogue_metadata;provider_label_not_identity_verification;seats_and_certification_unverified;not_point_in_time_complete,catalogue_candidate_only_not_verified_available_training
course-v1:AgricultureSkillCouncilOfIndia+68668+1774357960,Satellite Data Analysis for Crop Management,AgricultureSkillCouncilOfIndia,68668,instructor,2026-03-24T18:45:17.690000+05:30,timestamp,,,,,False,False,https://courses.skillindiadigital.gov.in/api/courses/v1/courses/?page_size=100,filtered_catalogue_metadata;provider_label_not_identity_verification;seats_and_certification_unverified;not_point_in_time_complete,catalogue_candidate_only_not_verified_available_training
course-v1:AgricultureSkillCouncilOfIndia+70500+1774438170,Quality Assurance in Grain Storage,AgricultureSkillCouncilOfIndia,70500,instructor,2026-03-25T17:00:22.273000+05:30,timestamp,,,,,False,False,https://courses.skillindiadigital.gov.in/api/courses/v1/courses/?page_size=100,filtered_catalogue_metadata;provider_label_not_identity_verification;seats_and_certification_unverified;not_point_in_time_complete,catalogue_candidate_only_not_verified_available_training
course-v1:AgricultureSkillCouncilOfIndia+70656+1750179171,Practicing Agrivoltaic Farming,AgricultureSkillCouncilOfIndia,70656,instructor,2025-06-17T22:23:26.359000+05:30,timestamp,,,,,False,False,https://courses.skillindiadigital.gov.in/api/courses/v1/courses/?page_size=100,filtered_catalogue_metadata;provider_label_not_identity_verification;seats_and_certification_unverified;not_point_in_time_complete,catalogue_candidate_only_not_verified_available_training
course-v1:AgricultureSkillCouncilOfIndia+72607+1774504689,Livestock Green Management Promoter,AgricultureSkillCouncilOfIndia,72607,instructor,2026-03-26T11:28:25.655000+05:30,timestamp,,,,,False,False,https://courses.skillindiadigital.gov.in/api/courses/v1/courses/?page_size=100,filtered_catalogue_metadata;provider_label_not_identity_verification;seats_and_certification_unverified;not_point_in_time_complete,catalogue_candidate_only_not_verified_available_training
course-v1:AgricultureSkillCouncilOfIndia+73855+1774598905,Livestock Green Management Promoter,AgricultureSkillCouncilOfIndia,73855,instructor,2026-03-27T13:39:01.002000+05:30,timestamp,,,,,False,False,https://courses.skillindiadigital.gov.in/api/courses/v1/courses/?page_size=100,filtered_catalogue_metadata;provider_label_not_identity_verification;seats_and_certification_unverified;not_point_in_time_complete,catalogue_candidate_only_not_verified_available_training
course-v1:AgricultureSkillCouncilOfIndia+79598+1750180313,Essentials of Mitigating GHG Emission in Fish Value Chain,AgricultureSkillCouncilOfIndia,79598,instructor,2025-06-17T22:44:36.078000+05:30,timestamp,,,,,False,False,https://courses.skillindiadigital.gov.in/api/courses/v1/courses/?page_size=100,filtered_catalogue_metadata;provider_label_not_identity_verification;seats_and_certification_unverified;not_point_in_time_complete,catalogue_candidate_only_not_verified_available_training
course-v1:AgricultureSkillCouncilOfIndia+80468+1774362917,Digital Agriculture Extension Promoter,AgricultureSkillCouncilOfIndia,80468,instructor,2026-03-24T20:08:37.724000+05:30,timestamp,,,,,False,False,https://courses.skillindiadigital.gov.in/api/courses/v1/courses/?page_size=100,filtered_catalogue_metadata;provider_label_not_identity_verification;seats_and_certification_unverified;not_point_in_time_complete,catalogue_candidate_only_not_verified_available_training
course-v1:AgricultureSkillCouncilOfIndia+81107+1770899142,Digital Agriculture Extension Promoter,AgricultureSkillCouncilOfIndia,81107,instructor,2026-02-12T18:00:59.019000+05:30,timestamp,,,,,False,False,https://courses.skillindiadigital.gov.in/api/courses/v1/courses/?page_size=100,filtered_catalogue_metadata;provider_label_not_identity_verification;seats_and_certification_unverified;not_point_in_time_complete,catalogue_candidate_only_not_verified_available_training
course-v1:AgricultureSkillCouncilOfIndia+95987+1770895480,Precision Farming Technician,AgricultureSkillCouncilOfIndia,95987,instructor,2026-02-12T16:54:54.933000+05:30,timestamp,,,,,False,False,https://courses.skillindiadigital.gov.in/api/courses/v1/courses/?page_size=100,filtered_catalogue_metadata;provider_label_not_identity_verification;seats_and_certification_unverified;not_point_in_time_complete,catalogue_candidate_only_not_verified_available_training
course-v1:AgricultureSkillCouncilOfIndia+96858+1774352930,Precision Farming Technician,AgricultureSkillCouncilOfIndia,96858,instructor,2026-03-24T17:19:25.092000+05:30,timestamp,,,,,False,False,https://courses.skillindiadigital.gov.in/api/courses/v1/courses/?page_size=100,filtered_catalogue_metadata;provider_label_not_identity_verification;seats_and_certification_unverified;not_point_in_time_complete,catalogue_candidate_only_not_verified_available_training
course-v1:BeautyWellnessSectorSkillCouncil+11790+1777443229,Junior Beauty Therapist,BeautyWellnessSectorSkillCouncil,11790,instructor,2026-04-29T11:44:19.934000+05:30,timestamp,,,,,False,False,https://courses.skillindiadigital.gov.in/api/courses/v1/courses/?page_size=100,filtered_catalogue_metadata;provider_label_not_identity_verification;seats_and_certification_unverified;not_point_in_time_complete,catalogue_candidate_only_not_verified_available_training
course-v1:BeautyWellnessSectorSkillCouncil+15279+1787639691,Basics of Personal Hygiene,BeautyWellnessSectorSkillCouncil,15279,instructor,2026-08-25T12:06:46.297000+05:30,timestamp,,,,,False,False,https://courses.skillindiadigital.gov.in/api/courses/v1/courses/?page_size=100,filtered_catalogue_metadata;provider_label_not_identity_verification;seats_and_certification_unverified;not_point_in_time_complete,catalogue_candidate_only_not_verified_available_training
course-v1:BeautyWellnessSectorSkillCouncil+19480+1777884703,Senior Hair Dresser & Stylist,BeautyWellnessSectorSkillCouncil,19480,instructor,2026-05-04T14:23:52.824000+05:30,timestamp,,,,,False,False,https://courses.skillindiadigital.gov.in/api/courses/v1/courses/?page_size=100,filtered_catalogue_metadata;provider_label_not_identity_verification;seats_and_certification_unverified;not_point_in_time_complete,catalogue_candidate_only_not_verified_available_training
course-v1:BeautyWellnessSectorSkillCouncil+22212+1783404092,AI-Enabled Yoga Practice,BeautyWellnessSectorSkillCouncil,22212,instructor,2026-07-07T11:32:15.988000+05:30,timestamp,,,,,False,False,https://courses.skillindiadigital.gov.in/api/courses/v1/courses/?page_size=100,filtered_catalogue_metadata;provider_label_not_identity_verification;seats_and_certification_unverified;not_point_in_time_complete,catalogue_candidate_only_not_verified_available_training
course-v1:BeautyWellnessSectorSkillCouncil+24492+1777526117,Aesthetic Skin Technician,BeautyWellnessSectorSkillCouncil,24492,instructor,2026-04-30T10:46:03.075000+05:30,timestamp,,,,,False,False,https://courses.skillindiadigital.gov.in/api/courses/v1/courses/?page_size=100,filtered_catalogue_metadata;provider_label_not_identity_verification;seats_and_certification_unverified;not_point_in_time_complete,catalogue_candidate_only_not_verified_available_training
course-v1:BeautyWellnessSectorSkillCouncil+27195+1787566347,Center Manager (Salon and Wellness),BeautyWellnessSectorSkillCouncil,27195,instructor,2026-08-24T15:42:48.781000+05:30,timestamp,,,,,False,False,https://courses.skillindiadigital.gov.in/api/courses/v1/courses/?page_size=100,filtered_catalogue_metadata;provider_label_not_identity_verification;seats_and_certification_unverified;not_point_in_time_complete,catalogue_candidate_only_not_verified_available_training
course-v1:BeautyWellnessSectorSkillCouncil+27242+1787562579,Obesity and Weight Management Counsellor,BeautyWellnessSectorSkillCouncil,27242,instructor,2026-08-24T14:43:07.624000+05:30,timestamp,,,,,False,False,https://courses.skillindiadigital.gov.in/api/courses/v1/courses/?page_size=100,filtered_catalogue_metadata;provider_label_not_identity_verification;seats_and_certification_unverified;not_point_in_time_complete,catalogue_candidate_only_not_verified_available_training
course-v1:BeautyWellnessSectorSkillCouncil+30263+1770999756,AI for Wellness Assessment,BeautyWellnessSectorSkillCouncil,30263,instructor,2026-02-13T21:54:22.557000+05:30,timestamp,,,,,False,False,https://courses.skillindiadigital.gov.in/api/courses/v1/courses/?page_size=100,filtered_catalogue_metadata;provider_label_not_identity_verification;seats_and_certification_unverified;not_point_in_time_complete,catalogue_candidate_only_not_verified_available_training
course-v1:BeautyWellnessSectorSkillCouncil+31423+1779181065,Soap Maker (Handmade),BeautyWellnessSectorSkillCouncil,31423,instructor,2026-05-19T14:30:57.074000+05:30,timestamp,,,,,False,False,https://courses.skillindiadigital.gov.in/api/courses/v1/courses/?page_size=100,filtered_catalogue_metadata;provider_label_not_identity_verification;seats_and_certification_unverified;not_point_in_time_complete,catalogue_candidate_only_not_verified_available_training
course-v1:BeautyWellnessSectorSkillCouncil+34595+1770810410,AI Personalized Beauty Product Recommendation,BeautyWellnessSectorSkillCouncil,34595,instructor,2026-02-11T17:25:16.166000+05:30,timestamp,,,,,False,False,https://courses.skillindiadigital.gov.in/api/courses/v1/courses/?page_size=100,filtered_catalogue_metadata;provider_label_not_identity_verification;seats_and_certification_unverified;not_point_in_time_complete,catalogue_candidate_only_not_verified_available_training
course-v1:BeautyWellnessSectorSkillCouncil+36350+1777437240,Hair Dresser & Stylist,BeautyWellnessSectorSkillCouncil,36350,instructor,2026-04-29T10:06:45.024000+05:30,timestamp,,,,,False,False,https://courses.skillindiadigital.gov.in/api/courses/v1/courses/?page_size=100,filtered_catalogue_metadata;provider_label_not_identity_verification;seats_and_certification_unverified;not_point_in_time_complete,catalogue_candidate_only_not_verified_available_training
course-v1:BeautyWellnessSectorSkillCouncil+36893+1787573165,Senior Yoga Instructor (B&W),BeautyWellnessSectorSkillCouncil,36893,instructor,2026-08-24T17:50:48.816000+05:30,timestamp,,,,,False,False,https://courses.skillindiadigital.gov.in/api/courses/v1/courses/?page_size=100,filtered_catalogue_metadata;provider_label_not_identity_verification;seats_and_certification_unverified;not_point_in_time_complete,catalogue_candidate_only_not_verified_available_training
course-v1:BeautyWellnessSectorSkillCouncil+37529+1777459825,Wellness Neurotherapist,BeautyWellnessSectorSkillCouncil,37529,instructor,2026-04-29T16:21:18.729000+05:30,timestamp,,,,,False,False,https://courses.skillindiadigital.gov.in/api/courses/v1/courses/?page_size=100,filtered_catalogue_metadata;provider_label_not_identity_verification;seats_and_certification_unverified;not_point_in_time_complete,catalogue_candidate_only_not_verified_available_training
course-v1:BeautyWellnessSectorSkillCouncil+38492+1784550449,AI Virtual Beauty Try - On,BeautyWellnessSectorSkillCouncil,38492,instructor,2026-07-20T17:58:48.749000+05:30,timestamp,,,,,False,False,https://courses.skillindiadigital.gov.in/api/courses/v1/courses/?page_size=100,filtered_catalogue_metadata;provider_label_not_identity_verification;seats_and_certification_unverified;not_point_in_time_complete,catalogue_candidate_only_not_verified_available_training
course-v1:BeautyWellnessSectorSkillCouncil+38514+1777528121,Junior Hair Dresser & Stylist,BeautyWellnessSectorSkillCouncil,38514,instructor,2026-04-30T11:19:44.783000+05:30,timestamp,,,,,False,False,https://courses.skillindiadigital.gov.in/api/courses/v1/courses/?page_size=100,filtered_catalogue_metadata;provider_label_not_identity_verification;seats_and_certification_unverified;not_point_in_time_complete,catalogue_candidate_only_not_verified_available_training
course-v1:BeautyWellnessSectorSkillCouncil+39810+1761401249,Assistant Nail Technician,BeautyWellnessSectorSkillCouncil,39810,instructor,2025-10-25T19:38:05.757000+05:30,timestamp,,,,,False,False,https://courses.skillindiadigital.gov.in/api/courses/v1/courses/?page_size=100,filtered_catalogue_metadata;provider_label_not_identity_verification;seats_and_certification_unverified;not_point_in_time_complete,catalogue_candidate_only_not_verified_available_training
course-v1:BeautyWellnessSectorSkillCouncil+39929+1777367016,Beautician,BeautyWellnessSectorSkillCouncil,39929,instructor,2026-04-28T14:35:03.888000+05:30,timestamp,,,,,False,False,https://courses.skillindiadigital.gov.in/api/courses/v1/courses/?page_size=100,filtered_catalogue_metadata;provider_label_not_identity_verification;seats_and_certification_unverified;not_point_in_time_complete,catalogue_candidate_only_not_verified_available_training
course-v1:BeautyWellnessSectorSkillCouncil+40083+1784546424,AI - Based Scalp Analysis,BeautyWellnessSectorSkillCouncil,40083,instructor,2026-07-20T16:53:22.340000+05:30,timestamp,,,,,False,False,https://courses.skillindiadigital.gov.in/api/courses/v1/courses/?page_size=100,filtered_catalogue_metadata;provider_label_not_identity_verification;seats_and_certification_unverified;not_point_in_time_complete,catalogue_candidate_only_not_verified_available_training
course-v1:BeautyWellnessSectorSkillCouncil+40366+1779357695,Master Wellness Neurotherapist,BeautyWellnessSectorSkillCouncil,40366,instructor,2026-05-21T15:56:41.987000+05:30,timestamp,,,,,False,False,https://courses.skillindiadigital.gov.in/api/courses/v1/courses/?page_size=100,filtered_catalogue_metadata;provider_label_not_identity_verification;seats_and_certification_unverified;not_point_in_time_complete,catalogue_candidate_only_not_verified_available_training
course-v1:BeautyWellnessSectorSkillCouncil+43156+1787570308,Senior Wellness Neurotherapist,BeautyWellnessSectorSkillCouncil,43156,instructor,2026-08-24T16:50:15.127000+05:30,timestamp,,,,,False,False,https://courses.skillindiadigital.gov.in/api/courses/v1/courses/?page_size=100,filtered_catalogue_metadata;provider_label_not_identity_verification;seats_and_certification_unverified;not_point_in_time_complete,catalogue_candidate_only_not_verified_available_training
course-v1:BeautyWellnessSectorSkillCouncil+45043+1777530799,Professional Makeup Artist,BeautyWellnessSectorSkillCouncil,45043,instructor,2026-04-30T12:04:29.156000+05:30,timestamp,,,,,False,False,https://courses.skillindiadigital.gov.in/api/courses/v1/courses/?page_size=100,filtered_catalogue_metadata;provider_label_not_identity_verification;seats_and_certification_unverified;not_point_in_time_complete,catalogue_candidate_only_not_verified_available_training
course-v1:BeautyWellnessSectorSkillCouncil+51088+1770793751,AI Base Skill,BeautyWellnessSectorSkillCouncil,51088,instructor,2026-02-11T12:39:42.244000+05:30,timestamp,,,,,False,False,https://courses.skillindiadigital.gov.in/api/courses/v1/courses/?page_size=100,filtered_catalogue_metadata;provider_label_not_identity_verification;seats_and_certification_unverified;not_point_in_time_complete,catalogue_candidate_only_not_verified_available_training
course-v1:BeautyWellnessSectorSkillCouncil+53697+1777527846,Cosmetologist,BeautyWellnessSectorSkillCouncil,53697,instructor,2026-04-30T11:14:59.636000+05:30,timestamp,,,,,False,False,https://courses.skillindiadigital.gov.in/api/courses/v1/courses/?page_size=100,filtered_catalogue_metadata;provider_label_not_identity_verification;seats_and_certification_unverified;not_point_in_time_complete,catalogue_candidate_only_not_verified_available_training
course-v1:BeautyWellnessSectorSkillCouncil+54761+1784265476,AI-Based Semi-Permanent Makeup,BeautyWellnessSectorSkillCouncil,54761,instructor,2026-07-17T10:48:36.120000+05:30,timestamp,,,,,False,False,https://courses.skillindiadigital.gov.in/api/courses/v1/courses/?page_size=100,filtered_catalogue_metadata;provider_label_not_identity_verification;seats_and_certification_unverified;not_point_in_time_complete,catalogue_candidate_only_not_verified_available_training
course-v1:BeautyWellnessSectorSkillCouncil+58889+1784548821,AI - Virtual Haircut and Beard Try On,BeautyWellnessSectorSkillCouncil,58889,instructor,2026-07-20T17:31:31.384000+05:30,timestamp,,,,,False,False,https://courses.skillindiadigital.gov.in/api/courses/v1/courses/?page_size=100,filtered_catalogue_metadata;provider_label_not_identity_verification;seats_and_certification_unverified;not_point_in_time_complete,catalogue_candidate_only_not_verified_available_training
course-v1:BeautyWellnessSectorSkillCouncil+59800+1779353154,Junior Nail Technician,BeautyWellnessSectorSkillCouncil,59800,instructor,2026-05-21T14:16:04.217000+05:30,timestamp,,,,,False,False,https://courses.skillindiadigital.gov.in/api/courses/v1/courses/?page_size=100,filtered_catalogue_metadata;provider_label_not_identity_verification;seats_and_certification_unverified;not_point_in_time_complete,catalogue_candidate_only_not_verified_available_training
course-v1:BeautyWellnessSectorSkillCouncil+62330+1785474031,Foundation Course in Wellness Nutrition,BeautyWellnessSectorSkillCouncil,62330,instructor,2026-07-31T10:31:56.331000+05:30,timestamp,,,,,False,False,https://courses.skillindiadigital.gov.in/api/courses/v1/courses/?page_size=100,filtered_catalogue_metadata;provider_label_not_identity_verification;seats_and_certification_unverified;not_point_in_time_complete,catalogue_candidate_only_not_verified_available_training
course-v1:BeautyWellnessSectorSkillCouncil+64265+1776164935,Basics of Saree Draping,BeautyWellnessSectorSkillCouncil,64265,instructor,2026-04-14T16:39:30.666000+05:30,timestamp,,,,,False,False,https://courses.skillindiadigital.gov.in/api/courses/v1/courses/?page_size=100,filtered_catalogue_metadata;provider_label_not_identity_verification;seats_and_certification_unverified;not_point_in_time_complete,catalogue_candidate_only_not_verified_available_training
course-v1:BeautyWellnessSectorSkillCouncil+67063+1777445721,Yoga Trainer,BeautyWellnessSectorSkillCouncil,67063,instructor,2026-04-29T12:26:28.759000+05:30,timestamp,,,,,False,False,https://courses.skillindiadigital.gov.in/api/courses/v1/courses/?page_size=100,filtered_catalogue_metadata;provider_label_not_identity_verification;seats_and_certification_unverified;not_point_in_time_complete,catalogue_candidate_only_not_verified_available_training
course-v1:BeautyWellnessSectorSkillCouncil+68397+1781676484,Assistant Beauty & Wellness Consultant,BeautyWellnessSectorSkillCouncil,68397,instructor,2026-06-17T11:38:11.469000+05:30,timestamp,,,,,False,False,https://courses.skillindiadigital.gov.in/api/courses/v1/courses/?page_size=100,filtered_catalogue_metadata;provider_label_not_identity_verification;seats_and_certification_unverified;not_point_in_time_complete,catalogue_candidate_only_not_verified_available_training
course-v1:BeautyWellnessSectorSkillCouncil+76228+1781672336,Pedicurist and Manicurist,BeautyWellnessSectorSkillCouncil,76228,instructor,2026-06-17T10:30:36.262000+05:30,timestamp,,,,,False,False,https://courses.skillindiadigital.gov.in/api/courses/v1/courses/?page_size=100,filtered_catalogue_metadata;provider_label_not_identity_verification;seats_and_certification_unverified;not_point_in_time_complete,catalogue_candidate_only_not_verified_available_training
course-v1:BeautyWellnessSectorSkillCouncil+78563+1777530091,Junior Spa Therapist,BeautyWellnessSectorSkillCouncil,78563,instructor,2026-04-30T11:51:49.372000+05:30,timestamp,,,,,False,False,https://courses.skillindiadigital.gov.in/api/courses/v1/courses/?page_size=100,filtered_catalogue_metadata;provider_label_not_identity_verification;seats_and_certification_unverified;not_point_in_time_complete,catalogue_candidate_only_not_verified_available_training
course-v1:BeautyWellnessSectorSkillCouncil+81035+1777464497,Nail Technician,BeautyWellnessSectorSkillCouncil,81035,instructor,2026-04-29T17:39:28.081000+05:30,timestamp,,,,,False,False,https://courses.skillindiadigital.gov.in/api/courses/v1/courses/?page_size=100,filtered_catalogue_metadata;provider_label_not_identity_verification;seats_and_certification_unverified;not_point_in_time_complete,catalogue_candidate_only_not_verified_available_training
course-v1:BeautyWellnessSectorSkillCouncil+81930+1777447836,Spa Therapist,BeautyWellnessSectorSkillCouncil,81930,instructor,2026-04-29T13:02:00.488000+05:30,timestamp,,,,,False,False,https://courses.skillindiadigital.gov.in/api/courses/v1/courses/?page_size=100,filtered_catalogue_metadata;provider_label_not_identity_verification;seats_and_certification_unverified;not_point_in_time_complete,catalogue_candidate_only_not_verified_available_training
course-v1:BeautyWellnessSectorSkillCouncil+83317+1761398797,Cosmetologist,BeautyWellnessSectorSkillCouncil,83317,instructor,2025-10-25T18:57:39.771000+05:30,timestamp,,,,,False,False,https://courses.skillindiadigital.gov.in/api/courses/v1/courses/?page_size=100,filtered_catalogue_metadata;provider_label_not_identity_verification;seats_and_certification_unverified;not_point_in_time_complete,catalogue_candidate_only_not_verified_available_training
course-v1:BeautyWellnessSectorSkillCouncil+83889+1778217681,Assistant Tattoo Artist,BeautyWellnessSectorSkillCouncil,83889,instructor,2026-05-08T10:51:45.012000+05:30,timestamp,,,,,False,False,https://courses.skillindiadigital.gov.in/api/courses/v1/courses/?page_size=100,filtered_catalogue_metadata;provider_label_not_identity_verification;seats_and_certification_unverified;not_point_in_time_complete,catalogue_candidate_only_not_verified_available_training
course-v1:BeautyWellnessSectorSkillCouncil+85043+1770791319,AI Based Skin Analysis,BeautyWellnessSectorSkillCouncil,85043,instructor,2026-02-11T11:59:06.978000+05:30,timestamp,,,,,False,False,https://courses.skillindiadigital.gov.in/api/courses/v1/courses/?page_size=100,filtered_catalogue_metadata;provider_label_not_identity_verification;seats_and_certification_unverified;not_point_in_time_complete,catalogue_candidate_only_not_verified_available_training
course-v1:BeautyWellnessSectorSkillCouncil+85343+1777026377,"Bridal, Fashion and Portfolio Makeup Artist",BeautyWellnessSectorSkillCouncil,85343,instructor,2026-04-24T15:56:24.047000+05:30,timestamp,,,,,False,False,https://courses.skillindiadigital.gov.in/api/courses/v1/courses/?page_size=100,filtered_catalogue_metadata;provider_label_not_identity_verification;seats_and_certification_unverified;not_point_in_time_complete,catalogue_candidate_only_not_verified_available_training
course-v1:BeautyWellnessSectorSkillCouncil+86576+1787553590,Gym Assistant (B&W),BeautyWellnessSectorSkillCouncil,86576,instructor,2026-08-24T12:11:07.276000+05:30,timestamp,,,,,False,False,https://courses.skillindiadigital.gov.in/api/courses/v1/courses/?page_size=100,filtered_catalogue_metadata;provider_label_not_identity_verification;seats_and_certification_unverified;not_point_in_time_complete,catalogue_candidate_only_not_verified_available_training
course-v1:BeautyWellnessSectorSkillCouncil+88587+1787556598,Personal Trainer (B&W),BeautyWellnessSectorSkillCouncil,88587,instructor,2026-08-24T13:00:14.451000+05:30,timestamp,,,,,False,False,https://courses.skillindiadigital.gov.in/api/courses/v1/courses/?page_size=100,filtered_catalogue_metadata;provider_label_not_identity_verification;seats_and_certification_unverified;not_point_in_time_complete,catalogue_candidate_only_not_verified_available_training
course-v1:BeautyWellnessSectorSkillCouncil+89562+1761373762,Beauty Therapist,BeautyWellnessSectorSkillCouncil,89562,instructor,2025-10-25T12:00:02.378000+05:30,timestamp,,,,,False,False,https://courses.skillindiadigital.gov.in/api/courses/v1/courses/?page_size=100,filtered_catalogue_metadata;provider_label_not_identity_verification;seats_and_certification_unverified;not_point_in_time_complete,catalogue_candidate_only_not_verified_available_training
course-v1:BeautyWellnessSectorSkillCouncil+92262+1777457725,Wellness Therapist (Elderly),BeautyWellnessSectorSkillCouncil,92262,instructor,2026-04-29T15:47:05.524000+05:30,timestamp,,,,,False,False,https://courses.skillindiadigital.gov.in/api/courses/v1/courses/?page_size=100,filtered_catalogue_metadata;provider_label_not_identity_verification;seats_and_certification_unverified;not_point_in_time_complete,catalogue_candidate_only_not_verified_available_training
course-v1:BeautyWellnessSectorSkillCouncil+93365+1784611759,AI - Supported Laser Services,BeautyWellnessSectorSkillCouncil,93365,instructor,2026-07-21T11:00:36.457000+05:30,timestamp,,,,,False,False,https://courses.skillindiadigital.gov.in/api/courses/v1/courses/?page_size=100,filtered_catalogue_metadata;provider_label_not_identity_verification;seats_and_certification_unverified;not_point_in_time_complete,catalogue_candidate_only_not_verified_available_training
course-v1:BeautyWellnessSectorSkillCouncil+94335+1761289220,Assistant Beauty Therapist,BeautyWellnessSectorSkillCouncil,94335,instructor,2025-10-24T12:30:26.124000+05:30,timestamp,,,,,False,False,https://courses.skillindiadigital.gov.in/api/courses/v1/courses/?page_size=100,filtered_catalogue_metadata;provider_label_not_identity_verification;seats_and_certification_unverified;not_point_in_time_complete,catalogue_candidate_only_not_verified_available_training
course-v1:BeautyWellnessSectorSkillCouncil+94977+1761396604,Senior Beauty Therapist,BeautyWellnessSectorSkillCouncil,94977,instructor,2025-10-25T18:20:45.728000+05:30,timestamp,,,,,False,False,https://courses.skillindiadigital.gov.in/api/courses/v1/courses/?page_size=100,filtered_catalogue_metadata;provider_label_not_identity_verification;seats_and_certification_unverified;not_point_in_time_complete,catalogue_candidate_only_not_verified_available_training
course-v1:BeautyWellnessSectorSkillCouncil+97601+1761556987,Yoga Instructor (B&W),BeautyWellnessSectorSkillCouncil,97601,instructor,2025-10-27T15:10:01.218000+05:30,timestamp,,,,,False,False,https://courses.skillindiadigital.gov.in/api/courses/v1/courses/?page_size=100,filtered_catalogue_metadata;provider_label_not_identity_verification;seats_and_certification_unverified;not_point_in_time_complete,catalogue_candidate_only_not_verified_available_training
course-v1:MICROSOFT+15688+1790748223,AI FOR ELECTRONICS (BENGALI),MICROSOFT,15688,instructor,2026-09-30T11:34:31.240000+05:30,timestamp,,,,,False,False,https://courses.skillindiadigital.gov.in/api/courses/v1/courses/?page_size=100,filtered_catalogue_metadata;provider_label_not_identity_verification;seats_and_certification_unverified;not_point_in_time_complete,catalogue_candidate_only_not_verified_available_training
course-v1:MICROSOFT+15850+1770703362,AI in Healthcare,MICROSOFT,15850,instructor,2026-02-10T11:34:27.833000+05:30,timestamp,,,,,False,False,https://courses.skillindiadigital.gov.in/api/courses/v1/courses/?page_size=100,filtered_catalogue_metadata;provider_label_not_identity_verification;seats_and_certification_unverified;not_point_in_time_complete,catalogue_candidate_only_not_verified_available_training
course-v1:MICROSOFT+18101+1790784154,AI for Automotive (English),MICROSOFT,18101,instructor,2026-09-30T21:33:54.397000+05:30,timestamp,,,,,False,False,https://courses.skillindiadigital.gov.in/api/courses/v1/courses/?page_size=100,filtered_catalogue_metadata;provider_label_not_identity_verification;seats_and_certification_unverified;not_point_in_time_complete,catalogue_candidate_only_not_verified_available_training
course-v1:MICROSOFT+20762+1776844981,AI For Construction,MICROSOFT,20762,instructor,2026-04-22T15:17:54.145000+05:30,timestamp,,,,,False,False,https://courses.skillindiadigital.gov.in/api/courses/v1/courses/?page_size=100,filtered_catalogue_metadata;provider_label_not_identity_verification;seats_and_certification_unverified;not_point_in_time_complete,catalogue_candidate_only_not_verified_available_training
course-v1:MICROSOFT+22284+1693024308,Python Programming,MICROSOFT,22284,instructor,2023-08-01T05:30:00+05:30,timestamp,,,,,False,False,https://courses.skillindiadigital.gov.in/api/courses/v1/courses/?page_size=100,filtered_catalogue_metadata;provider_label_not_identity_verification;seats_and_certification_unverified;not_point_in_time_complete,catalogue_candidate_only_not_verified_available_training
course-v1:MICROSOFT+23816+1789992087,AI for Automotive,MICROSOFT,23816,instructor,2026-09-21T17:32:11.399000+05:30,timestamp,,,,,False,False,https://courses.skillindiadigital.gov.in/api/courses/v1/courses/?page_size=100,filtered_catalogue_metadata;provider_label_not_identity_verification;seats_and_certification_unverified;not_point_in_time_complete,catalogue_candidate_only_not_verified_available_training
course-v1:MICROSOFT+24325+1770729953,AI in Healthcare,MICROSOFT,24325,instructor,2026-02-10T18:56:18.629000+05:30,timestamp,,,,,False,False,https://courses.skillindiadigital.gov.in/api/courses/v1/courses/?page_size=100,filtered_catalogue_metadata;provider_label_not_identity_verification;seats_and_certification_unverified;not_point_in_time_complete,catalogue_candidate_only_not_verified_available_training
course-v1:MICROSOFT+38023+1752828504,SOAR - AI to Aspire,MICROSOFT,38023,instructor,2025-07-16T14:18:02+05:30,timestamp,,,,,False,False,https://courses.skillindiadigital.gov.in/api/courses/v1/courses/?page_size=100,filtered_catalogue_metadata;provider_label_not_identity_verification;seats_and_certification_unverified;not_point_in_time_complete,catalogue_candidate_only_not_verified_available_training
course-v1:MICROSOFT+39687+1788855851,English Skills for Youth,MICROSOFT,39687,instructor,2026-09-08T13:55:41.772000+05:30,timestamp,,,,,False,False,https://courses.skillindiadigital.gov.in/api/courses/v1/courses/?page_size=100,filtered_catalogue_metadata;provider_label_not_identity_verification;seats_and_certification_unverified;not_point_in_time_complete,catalogue_candidate_only_not_verified_available_training
course-v1:MICROSOFT+47161+1752828255,SOAR - AI to Acquire,MICROSOFT,47161,instructor,2025-07-16T14:15:55+05:30,timestamp,,,,,False,False,https://courses.skillindiadigital.gov.in/api/courses/v1/courses/?page_size=100,filtered_catalogue_metadata;provider_label_not_identity_verification;seats_and_certification_unverified;not_point_in_time_complete,catalogue_candidate_only_not_verified_available_training
course-v1:MICROSOFT+60942+1770895188,Unlocking AI for Everyone (Beginner),MICROSOFT,60942,instructor,2026-02-12T16:50:28.738000+05:30,timestamp,,,,,False,False,https://courses.skillindiadigital.gov.in/api/courses/v1/courses/?page_size=100,filtered_catalogue_metadata;provider_label_not_identity_verification;seats_and_certification_unverified;not_point_in_time_complete,catalogue_candidate_only_not_verified_available_training
course-v1:MICROSOFT+69258+1790748487,AI for Fashion (Bengali),MICROSOFT,69258,instructor,2026-09-30T11:38:43.669000+05:30,timestamp,,,,,False,False,https://courses.skillindiadigital.gov.in/api/courses/v1/courses/?page_size=100,filtered_catalogue_metadata;provider_label_not_identity_verification;seats_and_certification_unverified;not_point_in_time_complete,catalogue_candidate_only_not_verified_available_training
course-v1:MICROSOFT+71895+1752061278,Cybersecurity Foundations,MICROSOFT,71895,instructor,2025-07-09T17:11:40.369000+05:30,timestamp,,,,,False,False,https://courses.skillindiadigital.gov.in/api/courses/v1/courses/?page_size=100,filtered_catalogue_metadata;provider_label_not_identity_verification;seats_and_certification_unverified;not_point_in_time_complete,catalogue_candidate_only_not_verified_available_training
course-v1:MICROSOFT+74572+1752828622,SOAR - AI for Educators,MICROSOFT,74572,instructor,2025-07-16T14:22:26+05:30,timestamp,,,,,False,False,https://courses.skillindiadigital.gov.in/api/courses/v1/courses/?page_size=100,filtered_catalogue_metadata;provider_label_not_identity_verification;seats_and_certification_unverified;not_point_in_time_complete,catalogue_candidate_only_not_verified_available_training
course-v1:MICROSOFT+81910+1692943733,Microsoft Digital Literacy,MICROSOFT,81910,instructor,2023-08-01T05:30:00+05:30,timestamp,,,,,False,False,https://courses.skillindiadigital.gov.in/api/courses/v1/courses/?page_size=100,filtered_catalogue_metadata;provider_label_not_identity_verification;seats_and_certification_unverified;not_point_in_time_complete,catalogue_candidate_only_not_verified_available_training
course-v1:MICROSOFT+82318+1790685645,AI for Electricals (Bengali),MICROSOFT,82318,instructor,2026-09-29T18:19:08.834000+05:30,timestamp,,,,,False,False,https://courses.skillindiadigital.gov.in/api/courses/v1/courses/?page_size=100,filtered_catalogue_metadata;provider_label_not_identity_verification;seats_and_certification_unverified;not_point_in_time_complete,catalogue_candidate_only_not_verified_available_training
course-v1:MICROSOFT+87705+1790572022,AI for Automobile,MICROSOFT,87705,instructor,2026-09-28T10:39:52.633000+05:30,timestamp,,,,,False,False,https://courses.skillindiadigital.gov.in/api/courses/v1/courses/?page_size=100,filtered_catalogue_metadata;provider_label_not_identity_verification;seats_and_certification_unverified;not_point_in_time_complete,catalogue_candidate_only_not_verified_available_training
course-v1:MICROSOFT+90593+1751698223,AI Fluency,MICROSOFT,90593,instructor,2025-07-05T12:22:54.971000+05:30,timestamp,,,,,False,False,https://courses.skillindiadigital.gov.in/api/courses/v1/courses/?page_size=100,filtered_catalogue_metadata;provider_label_not_identity_verification;seats_and_certification_unverified;not_point_in_time_complete,catalogue_candidate_only_not_verified_available_training
course-v1:MICROSOFT+92528+1770899533,Unlocking AI for Everyone Expert,MICROSOFT,92528,instructor,2026-02-12T18:02:41.555000+05:30,timestamp,,,,,False,False,https://courses.skillindiadigital.gov.in/api/courses/v1/courses/?page_size=100,filtered_catalogue_metadata;provider_label_not_identity_verification;seats_and_certification_unverified;not_point_in_time_complete,catalogue_candidate_only_not_verified_available_training
course-v1:MICROSOFT+92661+1692944063,Microsoft Digital Literacy,MICROSOFT,92661,instructor,2023-08-01T05:30:00+05:30,timestamp,,,,,False,False,https://courses.skillindiadigital.gov.in/api/courses/v1/courses/?page_size=100,filtered_catalogue_metadata;provider_label_not_identity_verification;seats_and_certification_unverified;not_point_in_time_complete,catalogue_candidate_only_not_verified_available_training
course-v1:MICROSOFT+93367+1693045349,Microsoft Digital Productivity,MICROSOFT,93367,instructor,2023-08-01T05:30:00+05:30,timestamp,,,,,False,False,https://courses.skillindiadigital.gov.in/api/courses/v1/courses/?page_size=100,filtered_catalogue_metadata;provider_label_not_identity_verification;seats_and_certification_unverified;not_point_in_time_complete,catalogue_candidate_only_not_verified_available_training
course-v1:MICROSOFT+95475+1752823735,AI to be Aware,MICROSOFT,95475,instructor,2025-07-16T13:44:28+05:30,timestamp,,,,,False,False,https://courses.skillindiadigital.gov.in/api/courses/v1/courses/?page_size=100,filtered_catalogue_metadata;provider_label_not_identity_verification;seats_and_certification_unverified;not_point_in_time_complete,catalogue_candidate_only_not_verified_available_training
course-v1:MICROSOFT+97556+1770727279,AI in Manufacturing,MICROSOFT,97556,instructor,2026-02-10T18:11:39.170000+05:30,timestamp,,,,,False,False,https://courses.skillindiadigital.gov.in/api/courses/v1/courses/?page_size=100,filtered_catalogue_metadata;provider_label_not_identity_verification;seats_and_certification_unverified;not_point_in_time_complete,catalogue_candidate_only_not_verified_available_training
course-v1:NationalAssociationOfSoftwareAndServiceCompanies+10376+1741676029,Product Manager - Web & Mobile,NationalAssociationOfSoftwareAndServiceCompanies,10376,instructor,2025-03-11T12:24:04.600000+05:30,timestamp,,,,,False,False,https://courses.skillindiadigital.gov.in/api/courses/v1/courses/?page_size=100,filtered_catalogue_metadata;provider_label_not_identity_verification;seats_and_certification_unverified;not_point_in_time_complete,catalogue_candidate_only_not_verified_available_training
course-v1:NationalAssociationOfSoftwareAndServiceCompanies+12655+1741682386,Software Developer- IT Services,NationalAssociationOfSoftwareAndServiceCompanies,12655,instructor,2025-03-11T14:09:55.830000+05:30,timestamp,,,,,False,False,https://courses.skillindiadigital.gov.in/api/courses/v1/courses/?page_size=100,filtered_catalogue_metadata;provider_label_not_identity_verification;seats_and_certification_unverified;not_point_in_time_complete,catalogue_candidate_only_not_verified_available_training
course-v1:NationalAssociationOfSoftwareAndServiceCompanies+13619+1779263448,AI- Data Engineer,NationalAssociationOfSoftwareAndServiceCompanies,13619,instructor,2026-05-20T13:21:40.814000+05:30,timestamp,,,,,False,False,https://courses.skillindiadigital.gov.in/api/courses/v1/courses/?page_size=100,filtered_catalogue_metadata;provider_label_not_identity_verification;seats_and_certification_unverified;not_point_in_time_complete,catalogue_candidate_only_not_verified_available_training
course-v1:NationalAssociationOfSoftwareAndServiceCompanies+14815+1743139073,AI - DevOps Engineer,NationalAssociationOfSoftwareAndServiceCompanies,14815,instructor,2025-03-28T10:48:04.576000+05:30,timestamp,,,,,False,False,https://courses.skillindiadigital.gov.in/api/courses/v1/courses/?page_size=100,filtered_catalogue_metadata;provider_label_not_identity_verification;seats_and_certification_unverified;not_point_in_time_complete,catalogue_candidate_only_not_verified_available_training
course-v1:NationalAssociationOfSoftwareAndServiceCompanies+15373+1743140431,IT Forensic specialist,NationalAssociationOfSoftwareAndServiceCompanies,15373,instructor,2025-03-28T11:10:42.279000+05:30,timestamp,,,,,False,False,https://courses.skillindiadigital.gov.in/api/courses/v1/courses/?page_size=100,filtered_catalogue_metadata;provider_label_not_identity_verification;seats_and_certification_unverified;not_point_in_time_complete,catalogue_candidate_only_not_verified_available_training
course-v1:NationalAssociationOfSoftwareAndServiceCompanies+15942+1774248955,Application Security Analyst,NationalAssociationOfSoftwareAndServiceCompanies,15942,instructor,2026-03-23T14:40:55.455000+05:30,timestamp,,,,,False,False,https://courses.skillindiadigital.gov.in/api/courses/v1/courses/?page_size=100,filtered_catalogue_metadata;provider_label_not_identity_verification;seats_and_certification_unverified;not_point_in_time_complete,catalogue_candidate_only_not_verified_available_training
course-v1:NationalAssociationOfSoftwareAndServiceCompanies+18142+1743140240,Drone Developer (Software),NationalAssociationOfSoftwareAndServiceCompanies,18142,instructor,2025-03-28T11:08:14.317000+05:30,timestamp,,,,,False,False,https://courses.skillindiadigital.gov.in/api/courses/v1/courses/?page_size=100,filtered_catalogue_metadata;provider_label_not_identity_verification;seats_and_certification_unverified;not_point_in_time_complete,catalogue_candidate_only_not_verified_available_training
course-v1:NationalAssociationOfSoftwareAndServiceCompanies+18578+1779103019,Customer Care Sr. Executive (Voice and Non- Voice),NationalAssociationOfSoftwareAndServiceCompanies,18578,instructor,2026-05-18T16:48:11.849000+05:30,timestamp,,,,,False,False,https://courses.skillindiadigital.gov.in/api/courses/v1/courses/?page_size=100,filtered_catalogue_metadata;provider_label_not_identity_verification;seats_and_certification_unverified;not_point_in_time_complete,catalogue_candidate_only_not_verified_available_training
course-v1:NationalAssociationOfSoftwareAndServiceCompanies+19150+1741676657,Software Developer - Product Development,NationalAssociationOfSoftwareAndServiceCompanies,19150,instructor,2025-03-11T12:34:46.989000+05:30,timestamp,,,,,False,False,https://courses.skillindiadigital.gov.in/api/courses/v1/courses/?page_size=100,filtered_catalogue_metadata;provider_label_not_identity_verification;seats_and_certification_unverified;not_point_in_time_complete,catalogue_candidate_only_not_verified_available_training
course-v1:NationalAssociationOfSoftwareAndServiceCompanies+19357+1774333459,Mobile Device Management Analyst,NationalAssociationOfSoftwareAndServiceCompanies,19357,instructor,2026-03-24T11:55:34.863000+05:30,timestamp,,,,,False,False,https://courses.skillindiadigital.gov.in/api/courses/v1/courses/?page_size=100,filtered_catalogue_metadata;provider_label_not_identity_verification;seats_and_certification_unverified;not_point_in_time_complete,catalogue_candidate_only_not_verified_available_training
course-v1:NationalAssociationOfSoftwareAndServiceCompanies+22816+1732695248,Domestic Data Entry Operator,NationalAssociationOfSoftwareAndServiceCompanies,22816,instructor,2024-11-27T13:48:01.829000+05:30,timestamp,,,,,False,False,https://courses.skillindiadigital.gov.in/api/courses/v1/courses/?page_size=100,filtered_catalogue_metadata;provider_label_not_identity_verification;seats_and_certification_unverified;not_point_in_time_complete,catalogue_candidate_only_not_verified_available_training
course-v1:NationalAssociationOfSoftwareAndServiceCompanies+23508+1743140135,Cloud Security Analyst,NationalAssociationOfSoftwareAndServiceCompanies,23508,instructor,2025-03-28T11:05:49.769000+05:30,timestamp,,,,,False,False,https://courses.skillindiadigital.gov.in/api/courses/v1/courses/?page_size=100,filtered_catalogue_metadata;provider_label_not_identity_verification;seats_and_certification_unverified;not_point_in_time_complete,catalogue_candidate_only_not_verified_available_training
course-v1:NationalAssociationOfSoftwareAndServiceCompanies+24734+1743145299,AI – Data Scientist,NationalAssociationOfSoftwareAndServiceCompanies,24734,instructor,2025-03-28T12:31:46.376000+05:30,timestamp,,,,,False,False,https://courses.skillindiadigital.gov.in/api/courses/v1/courses/?page_size=100,filtered_catalogue_metadata;provider_label_not_identity_verification;seats_and_certification_unverified;not_point_in_time_complete,catalogue_candidate_only_not_verified_available_training
course-v1:NationalAssociationOfSoftwareAndServiceCompanies+25606+1743144961,Consultant Network Security,NationalAssociationOfSoftwareAndServiceCompanies,25606,instructor,2025-03-28T12:26:15.843000+05:30,timestamp,,,,,False,False,https://courses.skillindiadigital.gov.in/api/courses/v1/courses/?page_size=100,filtered_catalogue_metadata;provider_label_not_identity_verification;seats_and_certification_unverified;not_point_in_time_complete,catalogue_candidate_only_not_verified_available_training
course-v1:NationalAssociationOfSoftwareAndServiceCompanies+26515+1774243723,IT Customer Care Executive,NationalAssociationOfSoftwareAndServiceCompanies,26515,instructor,2026-03-23T10:59:50.864000+05:30,timestamp,,,,,False,False,https://courses.skillindiadigital.gov.in/api/courses/v1/courses/?page_size=100,filtered_catalogue_metadata;provider_label_not_identity_verification;seats_and_certification_unverified;not_point_in_time_complete,catalogue_candidate_only_not_verified_available_training
course-v1:NationalAssociationOfSoftwareAndServiceCompanies+26746+1743145484,AI - Solution Architect,NationalAssociationOfSoftwareAndServiceCompanies,26746,instructor,2025-03-28T12:34:49.411000+05:30,timestamp,,,,,False,False,https://courses.skillindiadigital.gov.in/api/courses/v1/courses/?page_size=100,filtered_catalogue_metadata;provider_label_not_identity_verification;seats_and_certification_unverified;not_point_in_time_complete,catalogue_candidate_only_not_verified_available_training
course-v1:NationalAssociationOfSoftwareAndServiceCompanies+27765+1774336205,Security Analyst,NationalAssociationOfSoftwareAndServiceCompanies,27765,instructor,2026-03-24T13:08:02.331000+05:30,timestamp,,,,,False,False,https://courses.skillindiadigital.gov.in/api/courses/v1/courses/?page_size=100,filtered_catalogue_metadata;provider_label_not_identity_verification;seats_and_certification_unverified;not_point_in_time_complete,catalogue_candidate_only_not_verified_available_training
course-v1:NationalAssociationOfSoftwareAndServiceCompanies+28726+1774341229,IT Technical Support Associate,NationalAssociationOfSoftwareAndServiceCompanies,28726,instructor,2026-03-24T14:05:12.494277+05:30,timestamp,,,,,False,False,https://courses.skillindiadigital.gov.in/api/courses/v1/courses/?page_size=100,filtered_catalogue_metadata;provider_label_not_identity_verification;seats_and_certification_unverified;not_point_in_time_complete,catalogue_candidate_only_not_verified_available_training
course-v1:NationalAssociationOfSoftwareAndServiceCompanies+29238+1732698716,AI - Database Administrator,NationalAssociationOfSoftwareAndServiceCompanies,29238,instructor,2024-11-27T14:42:13.075000+05:30,timestamp,,,,,False,False,https://courses.skillindiadigital.gov.in/api/courses/v1/courses/?page_size=100,filtered_catalogue_metadata;provider_label_not_identity_verification;seats_and_certification_unverified;not_point_in_time_complete,catalogue_candidate_only_not_verified_available_training
course-v1:NationalAssociationOfSoftwareAndServiceCompanies+31026+1773824685,Digital Mitra,NationalAssociationOfSoftwareAndServiceCompanies,31026,instructor,2026-03-20T12:34:17.946000+05:30,timestamp,,,,,False,False,https://courses.skillindiadigital.gov.in/api/courses/v1/courses/?page_size=100,filtered_catalogue_metadata;provider_label_not_identity_verification;seats_and_certification_unverified;not_point_in_time_complete,catalogue_candidate_only_not_verified_available_training
course-v1:NationalAssociationOfSoftwareAndServiceCompanies+33601+1743144763,Analyst Endpoint Security-Cybersecurity,NationalAssociationOfSoftwareAndServiceCompanies,33601,instructor,2025-03-28T12:22:54.839000+05:30,timestamp,,,,,False,False,https://courses.skillindiadigital.gov.in/api/courses/v1/courses/?page_size=100,filtered_catalogue_metadata;provider_label_not_identity_verification;seats_and_certification_unverified;not_point_in_time_complete,catalogue_candidate_only_not_verified_available_training
course-v1:NationalAssociationOfSoftwareAndServiceCompanies+35112+1743139933,Cloud Application Developer,NationalAssociationOfSoftwareAndServiceCompanies,35112,instructor,2025-03-28T11:02:21.267000+05:30,timestamp,,,,,False,False,https://courses.skillindiadigital.gov.in/api/courses/v1/courses/?page_size=100,filtered_catalogue_metadata;provider_label_not_identity_verification;seats_and_certification_unverified;not_point_in_time_complete,catalogue_candidate_only_not_verified_available_training
course-v1:NationalAssociationOfSoftwareAndServiceCompanies+35167+1779169718,Information Security Analyst,NationalAssociationOfSoftwareAndServiceCompanies,35167,instructor,2026-05-19T11:19:36.917000+05:30,timestamp,,,,,False,False,https://courses.skillindiadigital.gov.in/api/courses/v1/courses/?page_size=100,filtered_catalogue_metadata;provider_label_not_identity_verification;seats_and_certification_unverified;not_point_in_time_complete,catalogue_candidate_only_not_verified_available_training
course-v1:NationalAssociationOfSoftwareAndServiceCompanies+36255+1774257075,IT Technical Writer,NationalAssociationOfSoftwareAndServiceCompanies,36255,instructor,2026-03-23T14:42:24.221000+05:30,timestamp,,,,,False,False,https://courses.skillindiadigital.gov.in/api/courses/v1/courses/?page_size=100,filtered_catalogue_metadata;provider_label_not_identity_verification;seats_and_certification_unverified;not_point_in_time_complete,catalogue_candidate_only_not_verified_available_training
course-v1:NationalAssociationOfSoftwareAndServiceCompanies+37747+1743145042,Information Security Specilaist,NationalAssociationOfSoftwareAndServiceCompanies,37747,instructor,2025-03-28T12:27:32.760000+05:30,timestamp,,,,,False,False,https://courses.skillindiadigital.gov.in/api/courses/v1/courses/?page_size=100,filtered_catalogue_metadata;provider_label_not_identity_verification;seats_and_certification_unverified;not_point_in_time_complete,catalogue_candidate_only_not_verified_available_training
course-v1:NationalAssociationOfSoftwareAndServiceCompanies+41149+1743145129,AI – Data Quality Analyst,NationalAssociationOfSoftwareAndServiceCompanies,41149,instructor,2025-03-28T12:28:58.772000+05:30,timestamp,,,,,False,False,https://courses.skillindiadigital.gov.in/api/courses/v1/courses/?page_size=100,filtered_catalogue_metadata;provider_label_not_identity_verification;seats_and_certification_unverified;not_point_in_time_complete,catalogue_candidate_only_not_verified_available_training
course-v1:NationalAssociationOfSoftwareAndServiceCompanies+43009+1741675179,Domestic Biometric Data Operator,NationalAssociationOfSoftwareAndServiceCompanies,43009,instructor,2025-03-11T12:10:48.143000+05:30,timestamp,,,,,False,False,https://courses.skillindiadigital.gov.in/api/courses/v1/courses/?page_size=100,filtered_catalogue_metadata;provider_label_not_identity_verification;seats_and_certification_unverified;not_point_in_time_complete,catalogue_candidate_only_not_verified_available_training
course-v1:NationalAssociationOfSoftwareAndServiceCompanies+44650+1752835449,AI Aware,NationalAssociationOfSoftwareAndServiceCompanies,44650,self,2020-11-16T05:30:00+05:30,timestamp,2030-12-31T05:31:00+05:30,2020-11-16T05:30:00+05:30,2030-12-31T05:30:00+05:30,"10 weeks, online<br>4 hours/week",False,False,https://courses.skillindiadigital.gov.in/api/courses/v1/courses/?page_size=100,filtered_catalogue_metadata;provider_label_not_identity_verification;seats_and_certification_unverified;not_point_in_time_complete,catalogue_candidate_only_not_verified_available_training
course-v1:NationalAssociationOfSoftwareAndServiceCompanies+44674+1743145812,AI- Business Analyst,NationalAssociationOfSoftwareAndServiceCompanies,44674,instructor,2025-03-28T12:40:27.148000+05:30,timestamp,,,,,False,False,https://courses.skillindiadigital.gov.in/api/courses/v1/courses/?page_size=100,filtered_catalogue_metadata;provider_label_not_identity_verification;seats_and_certification_unverified;not_point_in_time_complete,catalogue_candidate_only_not_verified_available_training
course-v1:NationalAssociationOfSoftwareAndServiceCompanies+44816+1743139250,IoT - Security Specialist,NationalAssociationOfSoftwareAndServiceCompanies,44816,instructor,2025-03-28T10:51:01.793000+05:30,timestamp,,,,,False,False,https://courses.skillindiadigital.gov.in/api/courses/v1/courses/?page_size=100,filtered_catalogue_metadata;provider_label_not_identity_verification;seats_and_certification_unverified;not_point_in_time_complete,catalogue_candidate_only_not_verified_available_training
course-v1:NationalAssociationOfSoftwareAndServiceCompanies+47358+1741674340,Junior Software Developer,NationalAssociationOfSoftwareAndServiceCompanies,47358,instructor,2025-03-11T11:55:45.858000+05:30,timestamp,,,,,False,False,https://courses.skillindiadigital.gov.in/api/courses/v1/courses/?page_size=100,filtered_catalogue_metadata;provider_label_not_identity_verification;seats_and_certification_unverified;not_point_in_time_complete,catalogue_candidate_only_not_verified_available_training
course-v1:NationalAssociationOfSoftwareAndServiceCompanies+47566+1741673622,Engineer-Technical Support(Level 1),NationalAssociationOfSoftwareAndServiceCompanies,47566,instructor,2025-03-11T11:43:56.235000+05:30,timestamp,,,,,False,False,https://courses.skillindiadigital.gov.in/api/courses/v1/courses/?page_size=100,filtered_catalogue_metadata;provider_label_not_identity_verification;seats_and_certification_unverified;not_point_in_time_complete,catalogue_candidate_only_not_verified_available_training
course-v1:NationalAssociationOfSoftwareAndServiceCompanies+48315+1774333592,Security Operations Centre Analyst,NationalAssociationOfSoftwareAndServiceCompanies,48315,instructor,2026-03-24T12:38:36.427000+05:30,timestamp,,,,,False,False,https://courses.skillindiadigital.gov.in/api/courses/v1/courses/?page_size=100,filtered_catalogue_metadata;provider_label_not_identity_verification;seats_and_certification_unverified;not_point_in_time_complete,catalogue_candidate_only_not_verified_available_training
course-v1:NationalAssociationOfSoftwareAndServiceCompanies+49149+1741680867,Sr. Associate - Desktop Publishing (DTP),NationalAssociationOfSoftwareAndServiceCompanies,49149,instructor,2025-03-11T13:44:39.545000+05:30,timestamp,,,,,False,False,https://courses.skillindiadigital.gov.in/api/courses/v1/courses/?page_size=100,filtered_catalogue_metadata;provider_label_not_identity_verification;seats_and_certification_unverified;not_point_in_time_complete,catalogue_candidate_only_not_verified_available_training
course-v1:NationalAssociationOfSoftwareAndServiceCompanies+49401+1741606070,Application Architect - Web & Mobile,NationalAssociationOfSoftwareAndServiceCompanies,49401,instructor,2025-03-10T16:58:34.156000+05:30,timestamp,,,,,False,False,https://courses.skillindiadigital.gov.in/api/courses/v1/courses/?page_size=100,filtered_catalogue_metadata;provider_label_not_identity_verification;seats_and_certification_unverified;not_point_in_time_complete,catalogue_candidate_only_not_verified_available_training
course-v1:NationalAssociationOfSoftwareAndServiceCompanies+49592+1743139726,Robotic Process Automation Developer,NationalAssociationOfSoftwareAndServiceCompanies,49592,instructor,2025-03-28T10:58:56.526000+05:30,timestamp,,,,,False,False,https://courses.skillindiadigital.gov.in/api/courses/v1/courses/?page_size=100,filtered_catalogue_metadata;provider_label_not_identity_verification;seats_and_certification_unverified;not_point_in_time_complete,catalogue_candidate_only_not_verified_available_training
course-v1:NationalAssociationOfSoftwareAndServiceCompanies+49599+1779171366,IoT Security Analyst,NationalAssociationOfSoftwareAndServiceCompanies,49599,instructor,2026-05-19T11:46:22.218000+05:30,timestamp,,,,,False,False,https://courses.skillindiadigital.gov.in/api/courses/v1/courses/?page_size=100,filtered_catalogue_metadata;provider_label_not_identity_verification;seats_and_certification_unverified;not_point_in_time_complete,catalogue_candidate_only_not_verified_available_training
course-v1:NationalAssociationOfSoftwareAndServiceCompanies+51232+1743139584,AI - Data Engineer,NationalAssociationOfSoftwareAndServiceCompanies,51232,instructor,2025-03-28T10:56:36.119000+05:30,timestamp,,,,,False,False,https://courses.skillindiadigital.gov.in/api/courses/v1/courses/?page_size=100,filtered_catalogue_metadata;provider_label_not_identity_verification;seats_and_certification_unverified;not_point_in_time_complete,catalogue_candidate_only_not_verified_available_training
course-v1:NationalAssociationOfSoftwareAndServiceCompanies+52138+1743138591,AI-Machine Learning Engineer,NationalAssociationOfSoftwareAndServiceCompanies,52138,instructor,2025-03-28T10:40:12.668000+05:30,timestamp,,,,,False,False,https://courses.skillindiadigital.gov.in/api/courses/v1/courses/?page_size=100,filtered_catalogue_metadata;provider_label_not_identity_verification;seats_and_certification_unverified;not_point_in_time_complete,catalogue_candidate_only_not_verified_available_training
course-v1:NationalAssociationOfSoftwareAndServiceCompanies+52821+1779171582,IT Forensic Analyst,NationalAssociationOfSoftwareAndServiceCompanies,52821,instructor,2026-05-19T11:54:46.767000+05:30,timestamp,,,,,False,False,https://courses.skillindiadigital.gov.in/api/courses/v1/courses/?page_size=100,filtered_catalogue_metadata;provider_label_not_identity_verification;seats_and_certification_unverified;not_point_in_time_complete,catalogue_candidate_only_not_verified_available_training
course-v1:NationalAssociationOfSoftwareAndServiceCompanies+55675+1774336127,Software Product Developer,NationalAssociationOfSoftwareAndServiceCompanies,55675,instructor,2026-03-24T12:39:58.212000+05:30,timestamp,,,,,False,False,https://courses.skillindiadigital.gov.in/api/courses/v1/courses/?page_size=100,filtered_catalogue_metadata;provider_label_not_identity_verification;seats_and_certification_unverified;not_point_in_time_complete,catalogue_candidate_only_not_verified_available_training
course-v1:NationalAssociationOfSoftwareAndServiceCompanies+55779+1774341323,Blockchain Full Stack Developer,NationalAssociationOfSoftwareAndServiceCompanies,55779,instructor,2026-03-24T14:06:06.236000+05:30,timestamp,,,,,False,False,https://courses.skillindiadigital.gov.in/api/courses/v1/courses/?page_size=100,filtered_catalogue_metadata;provider_label_not_identity_verification;seats_and_certification_unverified;not_point_in_time_complete,catalogue_candidate_only_not_verified_available_training
course-v1:NationalAssociationOfSoftwareAndServiceCompanies+56273+1732697958,Domestic IT Helpdesk Attendant,NationalAssociationOfSoftwareAndServiceCompanies,56273,instructor,2024-11-27T14:29:46.856000+05:30,timestamp,,,,,False,False,https://courses.skillindiadigital.gov.in/api/courses/v1/courses/?page_size=100,filtered_catalogue_metadata;provider_label_not_identity_verification;seats_and_certification_unverified;not_point_in_time_complete,catalogue_candidate_only_not_verified_available_training
course-v1:NationalAssociationOfSoftwareAndServiceCompanies+56293+1779170280,AI DevOps Analyst,NationalAssociationOfSoftwareAndServiceCompanies,56293,instructor,2026-05-19T11:42:42.672000+05:30,timestamp,,,,,False,False,https://courses.skillindiadigital.gov.in/api/courses/v1/courses/?page_size=100,filtered_catalogue_metadata;provider_label_not_identity_verification;seats_and_certification_unverified;not_point_in_time_complete,catalogue_candidate_only_not_verified_available_training
course-v1:NationalAssociationOfSoftwareAndServiceCompanies+64104+1743145213,AI - Business Intelligence Analyst,NationalAssociationOfSoftwareAndServiceCompanies,64104,instructor,2025-03-28T12:30:17.114000+05:30,timestamp,,,,,False,False,https://courses.skillindiadigital.gov.in/api/courses/v1/courses/?page_size=100,filtered_catalogue_metadata;provider_label_not_identity_verification;seats_and_certification_unverified;not_point_in_time_complete,catalogue_candidate_only_not_verified_available_training
course-v1:NationalAssociationOfSoftwareAndServiceCompanies+65147+1741672694,Associate Customer care (Voice and Non-Voice),NationalAssociationOfSoftwareAndServiceCompanies,65147,instructor,2025-03-11T11:28:27.185000+05:30,timestamp,,,,,False,False,https://courses.skillindiadigital.gov.in/api/courses/v1/courses/?page_size=100,filtered_catalogue_metadata;provider_label_not_identity_verification;seats_and_certification_unverified;not_point_in_time_complete,catalogue_candidate_only_not_verified_available_training
course-v1:NationalAssociationOfSoftwareAndServiceCompanies+65678+1741681229,User Experience Designer,NationalAssociationOfSoftwareAndServiceCompanies,65678,instructor,2025-03-11T13:50:51.485000+05:30,timestamp,,,,,False,False,https://courses.skillindiadigital.gov.in/api/courses/v1/courses/?page_size=100,filtered_catalogue_metadata;provider_label_not_identity_verification;seats_and_certification_unverified;not_point_in_time_complete,catalogue_candidate_only_not_verified_available_training
course-v1:NationalAssociationOfSoftwareAndServiceCompanies+66540+1775626016,Drone Software Technician,NationalAssociationOfSoftwareAndServiceCompanies,66540,instructor,2026-04-08T10:57:29.952000+05:30,timestamp,,,,,False,False,https://courses.skillindiadigital.gov.in/api/courses/v1/courses/?page_size=100,filtered_catalogue_metadata;provider_label_not_identity_verification;seats_and_certification_unverified;not_point_in_time_complete,catalogue_candidate_only_not_verified_available_training
course-v1:NationalAssociationOfSoftwareAndServiceCompanies+68616+1752835697,AI Acquire,NationalAssociationOfSoftwareAndServiceCompanies,68616,self,2020-08-28T05:30:00+05:30,timestamp,2030-12-31T05:31:00+05:30,2020-08-28T05:30:00+05:30,2030-12-31T05:30:00+05:30,"4 weeks, online <br>1-2 hours/week",False,False,https://courses.skillindiadigital.gov.in/api/courses/v1/courses/?page_size=100,filtered_catalogue_metadata;provider_label_not_identity_verification;seats_and_certification_unverified;not_point_in_time_complete,catalogue_candidate_only_not_verified_available_training
course-v1:NationalAssociationOfSoftwareAndServiceCompanies+70719+1741683624,Technical Support Engineer,NationalAssociationOfSoftwareAndServiceCompanies,70719,instructor,2025-03-11T14:30:44.473000+05:30,timestamp,,,,,False,False,https://courses.skillindiadigital.gov.in/api/courses/v1/courses/?page_size=100,filtered_catalogue_metadata;provider_label_not_identity_verification;seats_and_certification_unverified;not_point_in_time_complete,catalogue_candidate_only_not_verified_available_training
course-v1:NationalAssociationOfSoftwareAndServiceCompanies+72022+1743144871,Analyst Compliance Audit-Cybersecurity,NationalAssociationOfSoftwareAndServiceCompanies,72022,instructor,2025-03-28T12:24:43.795000+05:30,timestamp,,,,,False,False,https://courses.skillindiadigital.gov.in/api/courses/v1/courses/?page_size=100,filtered_catalogue_metadata;provider_label_not_identity_verification;seats_and_certification_unverified;not_point_in_time_complete,catalogue_candidate_only_not_verified_available_training
course-v1:NationalAssociationOfSoftwareAndServiceCompanies+72395+1752835774,AI Aspire,NationalAssociationOfSoftwareAndServiceCompanies,72395,self,2020-11-16T05:30:00+05:30,timestamp,2030-12-31T05:30:00+05:30,2020-11-16T05:30:00+05:30,2030-12-31T05:30:00+05:30,"10 weeks, online<br>4 hours/week",False,False,https://courses.skillindiadigital.gov.in/api/courses/v1/courses/?page_size=100,filtered_catalogue_metadata;provider_label_not_identity_verification;seats_and_certification_unverified;not_point_in_time_complete,catalogue_candidate_only_not_verified_available_training
course-v1:NationalAssociationOfSoftwareAndServiceCompanies+73009+1741682831,Sr. Associate-F & A Complex,NationalAssociationOfSoftwareAndServiceCompanies,73009,instructor,2025-03-11T14:17:25.614000+05:30,timestamp,,,,,False,False,https://courses.skillindiadigital.gov.in/api/courses/v1/courses/?page_size=100,filtered_catalogue_metadata;provider_label_not_identity_verification;seats_and_certification_unverified;not_point_in_time_complete,catalogue_candidate_only_not_verified_available_training
course-v1:NationalAssociationOfSoftwareAndServiceCompanies+73405+1726047073,Customer Care Executive-Domestic- Non- Voice,NationalAssociationOfSoftwareAndServiceCompanies,73405,instructor,2024-01-01T05:30:00+05:30,timestamp,,,,,False,False,https://courses.skillindiadigital.gov.in/api/courses/v1/courses/?page_size=100,filtered_catalogue_metadata;provider_label_not_identity_verification;seats_and_certification_unverified;not_point_in_time_complete,catalogue_candidate_only_not_verified_available_training
course-v1:NationalAssociationOfSoftwareAndServiceCompanies+74985+1774328989,Specialist Transactional F&A,NationalAssociationOfSoftwareAndServiceCompanies,74985,instructor,2026-03-24T11:48:08.415000+05:30,timestamp,,,,,False,False,https://courses.skillindiadigital.gov.in/api/courses/v1/courses/?page_size=100,filtered_catalogue_metadata;provider_label_not_identity_verification;seats_and_certification_unverified;not_point_in_time_complete,catalogue_candidate_only_not_verified_available_training
course-v1:NationalAssociationOfSoftwareAndServiceCompanies+76209+1741680471,Software Programmer,NationalAssociationOfSoftwareAndServiceCompanies,76209,instructor,2025-03-11T13:38:18.401000+05:30,timestamp,,,,,False,False,https://courses.skillindiadigital.gov.in/api/courses/v1/courses/?page_size=100,filtered_catalogue_metadata;provider_label_not_identity_verification;seats_and_certification_unverified;not_point_in_time_complete,catalogue_candidate_only_not_verified_available_training
course-v1:NationalAssociationOfSoftwareAndServiceCompanies+76501+1743140046,Data Annotator,NationalAssociationOfSoftwareAndServiceCompanies,76501,instructor,2025-03-28T11:04:17.708000+05:30,timestamp,,,,,False,False,https://courses.skillindiadigital.gov.in/api/courses/v1/courses/?page_size=100,filtered_catalogue_metadata;provider_label_not_identity_verification;seats_and_certification_unverified;not_point_in_time_complete,catalogue_candidate_only_not_verified_available_training
course-v1:NationalAssociationOfSoftwareAndServiceCompanies+77242+1743144657,Software Vulnerability/Penetration Tester,NationalAssociationOfSoftwareAndServiceCompanies,77242,instructor,2025-03-28T12:21:21.944000+05:30,timestamp,,,,,False,False,https://courses.skillindiadigital.gov.in/api/courses/v1/courses/?page_size=100,filtered_catalogue_metadata;provider_label_not_identity_verification;seats_and_certification_unverified;not_point_in_time_complete,catalogue_candidate_only_not_verified_available_training
course-v1:NationalAssociationOfSoftwareAndServiceCompanies+79403+1774341161,Blockchain Architect,NationalAssociationOfSoftwareAndServiceCompanies,79403,instructor,2026-03-24T14:03:25.752000+05:30,timestamp,,,,,False,False,https://courses.skillindiadigital.gov.in/api/courses/v1/courses/?page_size=100,filtered_catalogue_metadata;provider_label_not_identity_verification;seats_and_certification_unverified;not_point_in_time_complete,catalogue_candidate_only_not_verified_available_training
course-v1:NationalAssociationOfSoftwareAndServiceCompanies+80031+1743145603,AR/VR Software Developer,NationalAssociationOfSoftwareAndServiceCompanies,80031,instructor,2025-03-28T12:36:59.704000+05:30,timestamp,,,,,False,False,https://courses.skillindiadigital.gov.in/api/courses/v1/courses/?page_size=100,filtered_catalogue_metadata;provider_label_not_identity_verification;seats_and_certification_unverified;not_point_in_time_complete,catalogue_candidate_only_not_verified_available_training
course-v1:NationalAssociationOfSoftwareAndServiceCompanies+81067+1741681761,Web Developer,NationalAssociationOfSoftwareAndServiceCompanies,81067,instructor,2025-03-11T13:59:31.487000+05:30,timestamp,,,,,False,False,https://courses.skillindiadigital.gov.in/api/courses/v1/courses/?page_size=100,filtered_catalogue_metadata;provider_label_not_identity_verification;seats_and_certification_unverified;not_point_in_time_complete,catalogue_candidate_only_not_verified_available_training
course-v1:NationalAssociationOfSoftwareAndServiceCompanies+82114+1779265946,Al - Data Engineering Analyst,NationalAssociationOfSoftwareAndServiceCompanies,82114,instructor,2026-05-20T14:03:53.410000+05:30,timestamp,,,,,False,False,https://courses.skillindiadigital.gov.in/api/courses/v1/courses/?page_size=100,filtered_catalogue_metadata;provider_label_not_identity_verification;seats_and_certification_unverified;not_point_in_time_complete,catalogue_candidate_only_not_verified_available_training
course-v1:NationalAssociationOfSoftwareAndServiceCompanies+83084+1774333409,IT Technical Support Executive,NationalAssociationOfSoftwareAndServiceCompanies,83084,instructor,2026-03-24T11:54:02.830000+05:30,timestamp,,,,,False,False,https://courses.skillindiadigital.gov.in/api/courses/v1/courses/?page_size=100,filtered_catalogue_metadata;provider_label_not_identity_verification;seats_and_certification_unverified;not_point_in_time_complete,catalogue_candidate_only_not_verified_available_training
course-v1:NationalAssociationOfSoftwareAndServiceCompanies+84995+1779166851,Network Security Engineer,NationalAssociationOfSoftwareAndServiceCompanies,84995,instructor,2026-05-19T10:44:19.516000+05:30,timestamp,,,,,False,False,https://courses.skillindiadigital.gov.in/api/courses/v1/courses/?page_size=100,filtered_catalogue_metadata;provider_label_not_identity_verification;seats_and_certification_unverified;not_point_in_time_complete,catalogue_candidate_only_not_verified_available_training
course-v1:NationalAssociationOfSoftwareAndServiceCompanies+86564+1743139831,Robotic Process Automation Support Analyst,NationalAssociationOfSoftwareAndServiceCompanies,86564,instructor,2025-03-28T11:00:35.275000+05:30,timestamp,,,,,False,False,https://courses.skillindiadigital.gov.in/api/courses/v1/courses/?page_size=100,filtered_catalogue_metadata;provider_label_not_identity_verification;seats_and_certification_unverified;not_point_in_time_complete,catalogue_candidate_only_not_verified_available_training
course-v1:NationalAssociationOfSoftwareAndServiceCompanies+86811+1774337901,Cloud Infrastructure Analyst,NationalAssociationOfSoftwareAndServiceCompanies,86811,instructor,2026-03-24T14:02:30.501000+05:30,timestamp,,,,,False,False,https://courses.skillindiadigital.gov.in/api/courses/v1/courses/?page_size=100,filtered_catalogue_metadata;provider_label_not_identity_verification;seats_and_certification_unverified;not_point_in_time_complete,catalogue_candidate_only_not_verified_available_training
course-v1:NationalAssociationOfSoftwareAndServiceCompanies+89954+1741673256,Customer Care Executive-Domestic- Voice,NationalAssociationOfSoftwareAndServiceCompanies,89954,instructor,2025-03-11T11:37:41.923000+05:30,timestamp,,,,,False,False,https://courses.skillindiadigital.gov.in/api/courses/v1/courses/?page_size=100,filtered_catalogue_metadata;provider_label_not_identity_verification;seats_and_certification_unverified;not_point_in_time_complete,catalogue_candidate_only_not_verified_available_training
course-v1:NationalAssociationOfSoftwareAndServiceCompanies+90399+1743139370,IoT - Software Analyst,NationalAssociationOfSoftwareAndServiceCompanies,90399,instructor,2025-03-28T10:52:54.698000+05:30,timestamp,,,,,False,False,https://courses.skillindiadigital.gov.in/api/courses/v1/courses/?page_size=100,filtered_catalogue_metadata;provider_label_not_identity_verification;seats_and_certification_unverified;not_point_in_time_complete,catalogue_candidate_only_not_verified_available_training
course-v1:NationalAssociationOfSoftwareAndServiceCompanies+91338+1732699367,Application Developer- Web & Mobile,NationalAssociationOfSoftwareAndServiceCompanies,91338,instructor,2024-11-27T14:53:57.868000+05:30,timestamp,,,,,False,False,https://courses.skillindiadigital.gov.in/api/courses/v1/courses/?page_size=100,filtered_catalogue_metadata;provider_label_not_identity_verification;seats_and_certification_unverified;not_point_in_time_complete,catalogue_candidate_only_not_verified_available_training
course-v1:NationalAssociationOfSoftwareAndServiceCompanies+92038+1758801122,AI for Educators,NationalAssociationOfSoftwareAndServiceCompanies,92038,instructor,2025-09-25T17:39:18.011000+05:30,timestamp,,,,,False,False,https://courses.skillindiadigital.gov.in/api/courses/v1/courses/?page_size=100,filtered_catalogue_metadata;provider_label_not_identity_verification;seats_and_certification_unverified;not_point_in_time_complete,catalogue_candidate_only_not_verified_available_training
course-v1:NationalAssociationOfSoftwareAndServiceCompanies+93415+1743662594,AR/VR Software Developer,NationalAssociationOfSoftwareAndServiceCompanies,93415,instructor,2025-04-03T12:13:34.231000+05:30,timestamp,,,,,False,False,https://courses.skillindiadigital.gov.in/api/courses/v1/courses/?page_size=100,filtered_catalogue_metadata;provider_label_not_identity_verification;seats_and_certification_unverified;not_point_in_time_complete,catalogue_candidate_only_not_verified_available_training
course-v1:NationalAssociationOfSoftwareAndServiceCompanies+95439+1752812407,AI Aware,NationalAssociationOfSoftwareAndServiceCompanies,95439,self,2020-11-16T05:30:00+05:30,timestamp,2030-12-31T05:31:00+05:30,2020-11-16T05:30:00+05:30,2030-12-31T05:30:00+05:30,"10 weeks, online<br>4 hours/week",False,False,https://courses.skillindiadigital.gov.in/api/courses/v1/courses/?page_size=100,filtered_catalogue_metadata;provider_label_not_identity_verification;seats_and_certification_unverified;not_point_in_time_complete,catalogue_candidate_only_not_verified_available_training
course-v1:NationalAssociationOfSoftwareAndServiceCompanies+97511+1743145375,AI - Data Architect,NationalAssociationOfSoftwareAndServiceCompanies,97511,instructor,2025-03-28T12:33:01.530000+05:30,timestamp,,,,,False,False,https://courses.skillindiadigital.gov.in/api/courses/v1/courses/?page_size=100,filtered_catalogue_metadata;provider_label_not_identity_verification;seats_and_certification_unverified;not_point_in_time_complete,catalogue_candidate_only_not_verified_available_training
course-v1:NIELIT+10073+1770713027,Yuva AI for All (Marathi),NIELIT,10073,instructor,2026-02-10T14:14:38.848000+05:30,timestamp,,,,,False,False,https://courses.skillindiadigital.gov.in/api/courses/v1/courses/?page_size=100,filtered_catalogue_metadata;provider_label_not_identity_verification;seats_and_certification_unverified;not_point_in_time_complete,catalogue_candidate_only_not_verified_available_training
course-v1:NIELIT+13742+1770701026,Yuva AI for All,NIELIT,13742,instructor,2026-02-10T10:54:14.567000+05:30,timestamp,,,,,False,False,https://courses.skillindiadigital.gov.in/api/courses/v1/courses/?page_size=100,filtered_catalogue_metadata;provider_label_not_identity_verification;seats_and_certification_unverified;not_point_in_time_complete,catalogue_candidate_only_not_verified_available_training
course-v1:NIELIT+18068+1770803005,Yuva AI for All (Kannada),NIELIT,18068,instructor,2026-02-11T15:15:03.753000+05:30,timestamp,,,,,False,False,https://courses.skillindiadigital.gov.in/api/courses/v1/courses/?page_size=100,filtered_catalogue_metadata;provider_label_not_identity_verification;seats_and_certification_unverified;not_point_in_time_complete,catalogue_candidate_only_not_verified_available_training
course-v1:NIELIT+44566+1770702125,Yuva AI for ALL (Odia),NIELIT,44566,instructor,2026-02-10T11:12:27.731000+05:30,timestamp,,,,,False,False,https://courses.skillindiadigital.gov.in/api/courses/v1/courses/?page_size=100,filtered_catalogue_metadata;provider_label_not_identity_verification;seats_and_certification_unverified;not_point_in_time_complete,catalogue_candidate_only_not_verified_available_training
course-v1:NIELIT+49892+1770792155,Yuva AI for All (Telgu),NIELIT,49892,instructor,2026-02-11T12:12:55.236000+05:30,timestamp,,,,,False,False,https://courses.skillindiadigital.gov.in/api/courses/v1/courses/?page_size=100,filtered_catalogue_metadata;provider_label_not_identity_verification;seats_and_certification_unverified;not_point_in_time_complete,catalogue_candidate_only_not_verified_available_training
course-v1:NIELIT+51101+1770702957,Yuva AI for All (Punjabi),NIELIT,51101,instructor,2026-02-10T11:28:29.466000+05:30,timestamp,,,,,False,False,https://courses.skillindiadigital.gov.in/api/courses/v1/courses/?page_size=100,filtered_catalogue_metadata;provider_label_not_identity_verification;seats_and_certification_unverified;not_point_in_time_complete,catalogue_candidate_only_not_verified_available_training
course-v1:NIELIT+52798+1770703630,Yuva AI for All Hindi,NIELIT,52798,instructor,2026-02-10T11:37:31.507000+05:30,timestamp,,,,,False,False,https://courses.skillindiadigital.gov.in/api/courses/v1/courses/?page_size=100,filtered_catalogue_metadata;provider_label_not_identity_verification;seats_and_certification_unverified;not_point_in_time_complete,catalogue_candidate_only_not_verified_available_training
course-v1:NIELIT+58481+1770704123,युवा एआई सभी के लिए (हिंदी),NIELIT,58481,instructor,2026-02-10T11:45:30.103000+05:30,timestamp,,,,,False,False,https://courses.skillindiadigital.gov.in/api/courses/v1/courses/?page_size=100,filtered_catalogue_metadata;provider_label_not_identity_verification;seats_and_certification_unverified;not_point_in_time_complete,catalogue_candidate_only_not_verified_available_training
course-v1:NIELIT+58811+1770869997,Yuva AI for All (Bengali),NIELIT,58811,instructor,2026-02-12T09:50:13.178000+05:30,timestamp,,,,,False,False,https://courses.skillindiadigital.gov.in/api/courses/v1/courses/?page_size=100,filtered_catalogue_metadata;provider_label_not_identity_verification;seats_and_certification_unverified;not_point_in_time_complete,catalogue_candidate_only_not_verified_available_training
course-v1:NIELIT+62167+1770703157,Yuva AI for All (Assamese),NIELIT,62167,instructor,2026-02-10T11:30:10.766000+05:30,timestamp,,,,,False,False,https://courses.skillindiadigital.gov.in/api/courses/v1/courses/?page_size=100,filtered_catalogue_metadata;provider_label_not_identity_verification;seats_and_certification_unverified;not_point_in_time_complete,catalogue_candidate_only_not_verified_available_training
course-v1:NIELIT+78911+1770802689,Yuva AI for All (Gujarati),NIELIT,78911,instructor,2026-02-11T15:09:11.314000+05:30,timestamp,,,,,False,False,https://courses.skillindiadigital.gov.in/api/courses/v1/courses/?page_size=100,filtered_catalogue_metadata;provider_label_not_identity_verification;seats_and_certification_unverified;not_point_in_time_complete,catalogue_candidate_only_not_verified_available_training
course-v1:NIELIT+80569+1770702052,Yuva AL for ALL,NIELIT,80569,instructor,2026-02-10T11:11:35.646919+05:30,timestamp,,,,,False,False,https://courses.skillindiadigital.gov.in/api/courses/v1/courses/?page_size=100,filtered_catalogue_metadata;provider_label_not_identity_verification;seats_and_certification_unverified;not_point_in_time_complete,catalogue_candidate_only_not_verified_available_training
course-v1:NIELIT+80695+1770706398,Yuva AI for All (Malyalam),NIELIT,80695,instructor,2026-02-10T12:24:15.960000+05:30,timestamp,,,,,False,False,https://courses.skillindiadigital.gov.in/api/courses/v1/courses/?page_size=100,filtered_catalogue_metadata;provider_label_not_identity_verification;seats_and_certification_unverified;not_point_in_time_complete,catalogue_candidate_only_not_verified_available_training
course-v1:NIELIT+83217+1770273750,Yuva AI for All,NIELIT,83217,instructor,2026-02-05T12:12:44.772000+05:30,timestamp,,,,,False,False,https://courses.skillindiadigital.gov.in/api/courses/v1/courses/?page_size=100,filtered_catalogue_metadata;provider_label_not_identity_verification;seats_and_certification_unverified;not_point_in_time_complete,catalogue_candidate_only_not_verified_available_training
course-v1:NIELIT+87639+1770704190,युवा एआई सभी के लिए (हिंदी),NIELIT,87639,instructor,2026-02-10T11:46:42.044000+05:30,timestamp,,,,,False,False,https://courses.skillindiadigital.gov.in/api/courses/v1/courses/?page_size=100,filtered_catalogue_metadata;provider_label_not_identity_verification;seats_and_certification_unverified;not_point_in_time_complete,catalogue_candidate_only_not_verified_available_training
course-v1:NIELIT+90140+1770870239,Yuva AI for All (Tamil),NIELIT,90140,instructor,2026-02-12T09:54:26.709000+05:30,timestamp,,,,,False,False,https://courses.skillindiadigital.gov.in/api/courses/v1/courses/?page_size=100,filtered_catalogue_metadata;provider_label_not_identity_verification;seats_and_certification_unverified;not_point_in_time_complete,catalogue_candidate_only_not_verified_available_training
course-v1:NIELIT+90549+1770791939,అన్ని తెలుగు కోసం యువ AI,NIELIT,90549,instructor,2026-02-11T12:34:34.097000+05:30,timestamp,,,,,False,False,https://courses.skillindiadigital.gov.in/api/courses/v1/courses/?page_size=100,filtered_catalogue_metadata;provider_label_not_identity_verification;seats_and_certification_unverified;not_point_in_time_complete,catalogue_candidate_only_not_verified_available_training
course-v1:NSDC+10720+1703926861,Foundational Skills Program - Advanced Employability,NSDC,10720,instructor,2023-12-30T05:30:00+05:30,timestamp,,,,,False,False,https://courses.skillindiadigital.gov.in/api/courses/v1/courses/?page_size=100,filtered_catalogue_metadata;provider_label_not_identity_verification;seats_and_certification_unverified;not_point_in_time_complete,catalogue_candidate_only_not_verified_available_training
course-v1:NSDC+11304+1689244966,Arabic for Beginners-Lesson 9: Using of Present Continuous and Future Tense in simple Arabic Sentences/Questions,NSDC,11304,instructor,2023-07-01T05:30:00+05:30,timestamp,,,,,False,False,https://courses.skillindiadigital.gov.in/api/courses/v1/courses/?page_size=100,filtered_catalogue_metadata;provider_label_not_identity_verification;seats_and_certification_unverified;not_point_in_time_complete,catalogue_candidate_only_not_verified_available_training
course-v1:NSDC+12343+1689240560,"Arabic for beginners-Lesson 21: Appreciating Arabic Culture, Customs and Etiquette",NSDC,12343,instructor,2023-07-01T05:30:00+05:30,timestamp,,,,,False,False,https://courses.skillindiadigital.gov.in/api/courses/v1/courses/?page_size=100,filtered_catalogue_metadata;provider_label_not_identity_verification;seats_and_certification_unverified;not_point_in_time_complete,catalogue_candidate_only_not_verified_available_training
course-v1:NSDC+12940+1733716026,उद्यमिता कौशल (उन्नत),NSDC,12940,instructor,2024-12-09T09:17:18.236000+05:30,timestamp,,,,,False,False,https://courses.skillindiadigital.gov.in/api/courses/v1/courses/?page_size=100,filtered_catalogue_metadata;provider_label_not_identity_verification;seats_and_certification_unverified;not_point_in_time_complete,catalogue_candidate_only_not_verified_available_training
course-v1:NSDC+14318+1689239570,"Arabic for Beginners- Lesson 1: Use of What, This and That in Arabic Phrases/Sentence",NSDC,14318,instructor,2023-07-01T05:30:00+05:30,timestamp,,,,,False,False,https://courses.skillindiadigital.gov.in/api/courses/v1/courses/?page_size=100,filtered_catalogue_metadata;provider_label_not_identity_verification;seats_and_certification_unverified;not_point_in_time_complete,catalogue_candidate_only_not_verified_available_training
course-v1:NSDC+16498+1689244297,Arabic for Beginners-Lesson 12: Conversation at the Airport in Arabic,NSDC,16498,instructor,2023-07-01T05:30:00+05:30,timestamp,,,,,False,False,https://courses.skillindiadigital.gov.in/api/courses/v1/courses/?page_size=100,filtered_catalogue_metadata;provider_label_not_identity_verification;seats_and_certification_unverified;not_point_in_time_complete,catalogue_candidate_only_not_verified_available_training
course-v1:NSDC+16583157769778924+1658315776977883,Mushroom Grower,NSDC,16583157769778924,instructor,2022-01-01T05:30:00+05:30,timestamp,,,,,False,False,https://courses.skillindiadigital.gov.in/api/courses/v1/courses/?page_size=100,filtered_catalogue_metadata;provider_label_not_identity_verification;seats_and_certification_unverified;not_point_in_time_complete,catalogue_candidate_only_not_verified_available_training
course-v1:NSDC+16583312693008962+16583312693008876,Plumber (General),NSDC,16583312693008962,instructor,2022-07-19T05:30:00+05:30,timestamp,,,,,False,False,https://courses.skillindiadigital.gov.in/api/courses/v1/courses/?page_size=100,filtered_catalogue_metadata;provider_label_not_identity_verification;seats_and_certification_unverified;not_point_in_time_complete,catalogue_candidate_only_not_verified_available_training
course-v1:NSDC+16590165586153297+16590165586153188,Beauty Therapist,NSDC,16590165586153297,instructor,2022-07-28T19:25:58.615000+05:30,timestamp,,,,,False,False,https://courses.skillindiadigital.gov.in/api/courses/v1/courses/?page_size=100,filtered_catalogue_metadata;provider_label_not_identity_verification;seats_and_certification_unverified;not_point_in_time_complete,catalogue_candidate_only_not_verified_available_training
course-v1:NSDC+16590887838483508+16590887838483367,Wastewater Treatment Plant Technician,NSDC,16590887838483508,instructor,2022-07-29T15:29:43.849000+05:30,timestamp,,,,,False,False,https://courses.skillindiadigital.gov.in/api/courses/v1/courses/?page_size=100,filtered_catalogue_metadata;provider_label_not_identity_verification;seats_and_certification_unverified;not_point_in_time_complete,catalogue_candidate_only_not_verified_available_training
course-v1:NSDC+16591195457766938+16591195457766848,"Jam, Jelly and Ketchup Processing Technician",NSDC,16591195457766938,instructor,2022-07-30T00:02:25+05:30,timestamp,,,,,False,False,https://courses.skillindiadigital.gov.in/api/courses/v1/courses/?page_size=100,filtered_catalogue_metadata;provider_label_not_identity_verification;seats_and_certification_unverified;not_point_in_time_complete,catalogue_candidate_only_not_verified_available_training
course-v1:NSDC+16591206364497705+16591206364497619,"जाम, जेली और केचप प्रसंस्करण तकनीशियन (Jam, Jelly and Ketchup Processing Technician)",NSDC,16591206364497705,instructor,2022-07-30T00:20:36.450000+05:30,timestamp,,,,,False,False,https://courses.skillindiadigital.gov.in/api/courses/v1/courses/?page_size=100,filtered_catalogue_metadata;provider_label_not_identity_verification;seats_and_certification_unverified;not_point_in_time_complete,catalogue_candidate_only_not_verified_available_training
course-v1:NSDC+16591211002797344+16591211002797253,Pickle Making Technician,NSDC,16591211002797344,instructor,2022-07-30T00:28:20+05:30,timestamp,,,,,False,False,https://courses.skillindiadigital.gov.in/api/courses/v1/courses/?page_size=100,filtered_catalogue_metadata;provider_label_not_identity_verification;seats_and_certification_unverified;not_point_in_time_complete,catalogue_candidate_only_not_verified_available_training
course-v1:NSDC+16591215293411832+16591215293411748,Stitcher - Goods & Garments,NSDC,16591215293411832,instructor,2022-07-30T00:35:29+05:30,timestamp,,,,,False,False,https://courses.skillindiadigital.gov.in/api/courses/v1/courses/?page_size=100,filtered_catalogue_metadata;provider_label_not_identity_verification;seats_and_certification_unverified;not_point_in_time_complete,catalogue_candidate_only_not_verified_available_training
course-v1:NSDC+16591216863453026+165912168634529,Craft Baker,NSDC,16591216863453026,instructor,2022-07-30T00:38:06+05:30,timestamp,,,,,False,False,https://courses.skillindiadigital.gov.in/api/courses/v1/courses/?page_size=100,filtered_catalogue_metadata;provider_label_not_identity_verification;seats_and_certification_unverified;not_point_in_time_complete,catalogue_candidate_only_not_verified_available_training
course-v1:NSDC+1659122177147104+1659122177147095,Cold storage technician - Hindi,NSDC,1659122177147104,instructor,2022-07-30T00:46:17.147000+05:30,timestamp,,,,,False,False,https://courses.skillindiadigital.gov.in/api/courses/v1/courses/?page_size=100,filtered_catalogue_metadata;provider_label_not_identity_verification;seats_and_certification_unverified;not_point_in_time_complete,catalogue_candidate_only_not_verified_available_training
course-v1:NSDC+16591226612973654+16591226612973566,Cutter - Goods & Garments,NSDC,16591226612973654,instructor,2022-07-30T00:54:21+05:30,timestamp,,,,,False,False,https://courses.skillindiadigital.gov.in/api/courses/v1/courses/?page_size=100,filtered_catalogue_metadata;provider_label_not_identity_verification;seats_and_certification_unverified;not_point_in_time_complete,catalogue_candidate_only_not_verified_available_training
course-v1:NSDC+165912278180335+16591227818033412,Stitcher - Footwear,NSDC,165912278180335,instructor,2022-07-30T00:56:21+05:30,timestamp,,,,,False,False,https://courses.skillindiadigital.gov.in/api/courses/v1/courses/?page_size=100,filtered_catalogue_metadata;provider_label_not_identity_verification;seats_and_certification_unverified;not_point_in_time_complete,catalogue_candidate_only_not_verified_available_training
course-v1:NSDC+16591586001256816+16591586001256719,Cutter - Footwear,NSDC,16591586001256816,instructor,2022-07-30T10:53:20+05:30,timestamp,,,,,False,False,https://courses.skillindiadigital.gov.in/api/courses/v1/courses/?page_size=100,filtered_catalogue_metadata;provider_label_not_identity_verification;seats_and_certification_unverified;not_point_in_time_complete,catalogue_candidate_only_not_verified_available_training
course-v1:NSDC+16591588136773605+16591588136773517,Optical Fibre Technician (OFT),NSDC,16591588136773605,instructor,2022-07-30T10:56:53.677000+05:30,timestamp,,,,,False,False,https://courses.skillindiadigital.gov.in/api/courses/v1/courses/?page_size=100,filtered_catalogue_metadata;provider_label_not_identity_verification;seats_and_certification_unverified;not_point_in_time_complete,catalogue_candidate_only_not_verified_available_training
course-v1:NSDC+16591589452089362+16591589452089276,Optical Fibre splicer (OFS),NSDC,16591589452089362,instructor,2022-07-30T10:59:05.209000+05:30,timestamp,,,,,False,False,https://courses.skillindiadigital.gov.in/api/courses/v1/courses/?page_size=100,filtered_catalogue_metadata;provider_label_not_identity_verification;seats_and_certification_unverified;not_point_in_time_complete,catalogue_candidate_only_not_verified_available_training
course-v1:NSDC+16591764542077584+16591764542077494,Cold storage technician,NSDC,16591764542077584,instructor,2022-07-30T15:50:54.208000+05:30,timestamp,,,,,False,False,https://courses.skillindiadigital.gov.in/api/courses/v1/courses/?page_size=100,filtered_catalogue_metadata;provider_label_not_identity_verification;seats_and_certification_unverified;not_point_in_time_complete,catalogue_candidate_only_not_verified_available_training
course-v1:NSDC+16591768077526734+16591768077526643,Fish and Seafood processing,NSDC,16591768077526734,instructor,2022-07-30T15:56:47+05:30,timestamp,,,,,False,False,https://courses.skillindiadigital.gov.in/api/courses/v1/courses/?page_size=100,filtered_catalogue_metadata;provider_label_not_identity_verification;seats_and_certification_unverified;not_point_in_time_complete,catalogue_candidate_only_not_verified_available_training
course-v1:NSDC+16591771610993428+1659177161099311,Traditional Snack and Savoury,NSDC,16591771610993428,instructor,2022-07-30T16:02:41+05:30,timestamp,,,,,False,False,https://courses.skillindiadigital.gov.in/api/courses/v1/courses/?page_size=100,filtered_catalogue_metadata;provider_label_not_identity_verification;seats_and_certification_unverified;not_point_in_time_complete,catalogue_candidate_only_not_verified_available_training
course-v1:NSDC+16591777351419253+16591777351419163,Fiber to-the Home Installer,NSDC,16591777351419253,instructor,2022-07-30T16:12:15.142000+05:30,timestamp,,,,,False,False,https://courses.skillindiadigital.gov.in/api/courses/v1/courses/?page_size=100,filtered_catalogue_metadata;provider_label_not_identity_verification;seats_and_certification_unverified;not_point_in_time_complete,catalogue_candidate_only_not_verified_available_training
course-v1:NSDC+1659177838444005+16591778384439957,Customer Care Executive - Call Center/Relationship Center,NSDC,1659177838444005,instructor,2022-07-30T16:13:58.444000+05:30,timestamp,,,,,False,False,https://courses.skillindiadigital.gov.in/api/courses/v1/courses/?page_size=100,filtered_catalogue_metadata;provider_label_not_identity_verification;seats_and_certification_unverified;not_point_in_time_complete,catalogue_candidate_only_not_verified_available_training
course-v1:NSDC+16591779232643242+16591779232643144,Customer Care Executive - Repair Center,NSDC,16591779232643242,instructor,2022-07-30T16:15:23.264000+05:30,timestamp,,,,,False,False,https://courses.skillindiadigital.gov.in/api/courses/v1/courses/?page_size=100,filtered_catalogue_metadata;provider_label_not_identity_verification;seats_and_certification_unverified;not_point_in_time_complete,catalogue_candidate_only_not_verified_available_training
course-v1:NSDC+16591780048583298+16591780048583195,In-store Promoter,NSDC,16591780048583298,instructor,2022-07-30T16:16:44.858000+05:30,timestamp,,,,,False,False,https://courses.skillindiadigital.gov.in/api/courses/v1/courses/?page_size=100,filtered_catalogue_metadata;provider_label_not_identity_verification;seats_and_certification_unverified;not_point_in_time_complete,catalogue_candidate_only_not_verified_available_training
course-v1:NSDC+1659348980695246+16593489806952348,Arabic for beginners,NSDC,1659348980695246,instructor,2022-08-01T15:46:20.695000+05:30,timestamp,,,,,False,False,https://courses.skillindiadigital.gov.in/api/courses/v1/courses/?page_size=100,filtered_catalogue_metadata;provider_label_not_identity_verification;seats_and_certification_unverified;not_point_in_time_complete,catalogue_candidate_only_not_verified_available_training
course-v1:NSDC+16596024687242785+16596024687242684,Manager- Waste Management (Elective: Biomass Depot/Compost Yard/Dry Waste Center),NSDC,16596024687242785,instructor,2022-08-04T14:11:08+05:30,timestamp,,,,,False,False,https://courses.skillindiadigital.gov.in/api/courses/v1/courses/?page_size=100,filtered_catalogue_metadata;provider_label_not_identity_verification;seats_and_certification_unverified;not_point_in_time_complete,catalogue_candidate_only_not_verified_available_training
course-v1:NSDC+1659645768926564+16596457689265542,Kisan Drone Operator,NSDC,1659645768926564,instructor,2022-08-05T02:12:48+05:30,timestamp,,,,,False,False,https://courses.skillindiadigital.gov.in/api/courses/v1/courses/?page_size=100,filtered_catalogue_metadata;provider_label_not_identity_verification;seats_and_certification_unverified;not_point_in_time_complete,catalogue_candidate_only_not_verified_available_training
course-v1:NSDC+16630670757253826+16630670757253714,how to do trading,NSDC,16630670757253826,instructor,2022-09-13T16:34:35.725000+05:30,timestamp,,,,,False,False,https://courses.skillindiadigital.gov.in/api/courses/v1/courses/?page_size=100,filtered_catalogue_metadata;provider_label_not_identity_verification;seats_and_certification_unverified;not_point_in_time_complete,catalogue_candidate_only_not_verified_available_training
course-v1:NSDC+16640428172598324+16640428172598228,Intoduction to Marketing with RS,NSDC,16640428172598324,instructor,2022-09-24T23:36:57.259000+05:30,timestamp,,,,,False,False,https://courses.skillindiadigital.gov.in/api/courses/v1/courses/?page_size=100,filtered_catalogue_metadata;provider_label_not_identity_verification;seats_and_certification_unverified;not_point_in_time_complete,catalogue_candidate_only_not_verified_available_training
course-v1:NSDC+16640435619084404+16640435619084315,Introduction to Odoo,NSDC,16640435619084404,instructor,2022-09-24T23:49:21.908000+05:30,timestamp,,,,,False,False,https://courses.skillindiadigital.gov.in/api/courses/v1/courses/?page_size=100,filtered_catalogue_metadata;provider_label_not_identity_verification;seats_and_certification_unverified;not_point_in_time_complete,catalogue_candidate_only_not_verified_available_training
course-v1:NSDC+16642613431542034+16642613431541944,Lab Technician,NSDC,16642613431542034,instructor,2022-09-27T12:19:03.154000+05:30,timestamp,,,,,False,False,https://courses.skillindiadigital.gov.in/api/courses/v1/courses/?page_size=100,filtered_catalogue_metadata;provider_label_not_identity_verification;seats_and_certification_unverified;not_point_in_time_complete,catalogue_candidate_only_not_verified_available_training
course-v1:NSDC+1664454155079303+1664454155079294,Lab Technician,NSDC,1664454155079303,instructor,2022-09-29T17:52:35.079000+05:30,timestamp,,,,,False,False,https://courses.skillindiadigital.gov.in/api/courses/v1/courses/?page_size=100,filtered_catalogue_metadata;provider_label_not_identity_verification;seats_and_certification_unverified;not_point_in_time_complete,catalogue_candidate_only_not_verified_available_training
course-v1:NSDC+16644541938024344+16644541938024256,Lab Technician,NSDC,16644541938024344,instructor,2022-09-29T17:53:13.802000+05:30,timestamp,,,,,False,False,https://courses.skillindiadigital.gov.in/api/courses/v1/courses/?page_size=100,filtered_catalogue_metadata;provider_label_not_identity_verification;seats_and_certification_unverified;not_point_in_time_complete,catalogue_candidate_only_not_verified_available_training
course-v1:NSDC+16645241892325528+16645241892325423,detrsayhg,NSDC,16645241892325528,instructor,2022-09-30T13:19:49.232000+05:30,timestamp,,,,,False,False,https://courses.skillindiadigital.gov.in/api/courses/v1/courses/?page_size=100,filtered_catalogue_metadata;provider_label_not_identity_verification;seats_and_certification_unverified;not_point_in_time_complete,catalogue_candidate_only_not_verified_available_training
course-v1:NSDC+1665506691201132+1665506691201123,Space station,NSDC,1665506691201132,instructor,2022-10-11T22:14:51.201000+05:30,timestamp,,,,,False,False,https://courses.skillindiadigital.gov.in/api/courses/v1/courses/?page_size=100,filtered_catalogue_metadata;provider_label_not_identity_verification;seats_and_certification_unverified;not_point_in_time_complete,catalogue_candidate_only_not_verified_available_training
course-v1:NSDC+1665507018215084+16655070182150736,Space station,NSDC,1665507018215084,instructor,2022-10-11T22:20:18.215000+05:30,timestamp,,,,,False,False,https://courses.skillindiadigital.gov.in/api/courses/v1/courses/?page_size=100,filtered_catalogue_metadata;provider_label_not_identity_verification;seats_and_certification_unverified;not_point_in_time_complete,catalogue_candidate_only_not_verified_available_training
course-v1:NSDC+1665507311033884+1665507311033875,Lab Technician,NSDC,1665507311033884,instructor,2022-10-11T22:25:11.033000+05:30,timestamp,,,,,False,False,https://courses.skillindiadigital.gov.in/api/courses/v1/courses/?page_size=100,filtered_catalogue_metadata;provider_label_not_identity_verification;seats_and_certification_unverified;not_point_in_time_complete,catalogue_candidate_only_not_verified_available_training
course-v1:NSDC+1665508677789842+16655086777898324,revolving earth,NSDC,1665508677789842,instructor,2022-10-11T22:47:57.789000+05:30,timestamp,,,,,False,False,https://courses.skillindiadigital.gov.in/api/courses/v1/courses/?page_size=100,filtered_catalogue_metadata;provider_label_not_identity_verification;seats_and_certification_unverified;not_point_in_time_complete,catalogue_candidate_only_not_verified_available_training
course-v1:NSDC+16655087895564396+16655087895564296,Lab Technician,NSDC,16655087895564396,instructor,2022-10-11T22:49:49.556000+05:30,timestamp,,,,,False,False,https://courses.skillindiadigital.gov.in/api/courses/v1/courses/?page_size=100,filtered_catalogue_metadata;provider_label_not_identity_verification;seats_and_certification_unverified;not_point_in_time_complete,catalogue_candidate_only_not_verified_available_training
course-v1:NSDC+16655088148550375+16655088148550282,Lab Technician,NSDC,16655088148550375,instructor,2022-10-11T22:50:14.855000+05:30,timestamp,,,,,False,False,https://courses.skillindiadigital.gov.in/api/courses/v1/courses/?page_size=100,filtered_catalogue_metadata;provider_label_not_identity_verification;seats_and_certification_unverified;not_point_in_time_complete,catalogue_candidate_only_not_verified_available_training
course-v1:NSDC+16655088496603034+16655088496602943,Lab Technician,NSDC,16655088496603034,instructor,2022-10-11T22:50:49.660000+05:30,timestamp,,,,,False,False,https://courses.skillindiadigital.gov.in/api/courses/v1/courses/?page_size=100,filtered_catalogue_metadata;provider_label_not_identity_verification;seats_and_certification_unverified;not_point_in_time_complete,catalogue_candidate_only_not_verified_available_training
course-v1:NSDC+1665508855596265+16655088555962563,Lab Technician,NSDC,1665508855596265,instructor,2022-10-11T22:50:55.596000+05:30,timestamp,,,,,False,False,https://courses.skillindiadigital.gov.in/api/courses/v1/courses/?page_size=100,filtered_catalogue_metadata;provider_label_not_identity_verification;seats_and_certification_unverified;not_point_in_time_complete,catalogue_candidate_only_not_verified_available_training
course-v1:NSDC+16655089308698087+16655089308697999,revolving earth,NSDC,16655089308698087,instructor,2022-10-11T22:52:10.869000+05:30,timestamp,,,,,False,False,https://courses.skillindiadigital.gov.in/api/courses/v1/courses/?page_size=100,filtered_catalogue_metadata;provider_label_not_identity_verification;seats_and_certification_unverified;not_point_in_time_complete,catalogue_candidate_only_not_verified_available_training
course-v1:NSDC+16655090136051586+1665509013605149,Lab Technician,NSDC,16655090136051586,instructor,2022-10-11T22:53:33.605000+05:30,timestamp,,,,,False,False,https://courses.skillindiadigital.gov.in/api/courses/v1/courses/?page_size=100,filtered_catalogue_metadata;provider_label_not_identity_verification;seats_and_certification_unverified;not_point_in_time_complete,catalogue_candidate_only_not_verified_available_training
course-v1:NSDC+16655092350814338+16655092350814247,revolving earth,NSDC,16655092350814338,instructor,2022-10-11T22:57:15.081000+05:30,timestamp,,,,,False,False,https://courses.skillindiadigital.gov.in/api/courses/v1/courses/?page_size=100,filtered_catalogue_metadata;provider_label_not_identity_verification;seats_and_certification_unverified;not_point_in_time_complete,catalogue_candidate_only_not_verified_available_training
course-v1:NSDC+1665509796331151+16655097963311415,Lab Technician,NSDC,1665509796331151,instructor,2022-10-11T23:06:36.331000+05:30,timestamp,,,,,False,False,https://courses.skillindiadigital.gov.in/api/courses/v1/courses/?page_size=100,filtered_catalogue_metadata;provider_label_not_identity_verification;seats_and_certification_unverified;not_point_in_time_complete,catalogue_candidate_only_not_verified_available_training
course-v1:NSDC+16655098048990705+1665509804899061,Lab Technician,NSDC,16655098048990705,instructor,2022-10-11T23:06:44.899000+05:30,timestamp,,,,,False,False,https://courses.skillindiadigital.gov.in/api/courses/v1/courses/?page_size=100,filtered_catalogue_metadata;provider_label_not_identity_verification;seats_and_certification_unverified;not_point_in_time_complete,catalogue_candidate_only_not_verified_available_training
course-v1:NSDC+16655130023013833+16655130023013737,Lab Technician,NSDC,16655130023013833,instructor,2022-10-12T00:00:02.301000+05:30,timestamp,,,,,False,False,https://courses.skillindiadigital.gov.in/api/courses/v1/courses/?page_size=100,filtered_catalogue_metadata;provider_label_not_identity_verification;seats_and_certification_unverified;not_point_in_time_complete,catalogue_candidate_only_not_verified_available_training
course-v1:NSDC+16655130379965067+16655130379964972,Lab Technician,NSDC,16655130379965067,instructor,2022-10-12T00:00:37.996000+05:30,timestamp,,,,,False,False,https://courses.skillindiadigital.gov.in/api/courses/v1/courses/?page_size=100,filtered_catalogue_metadata;provider_label_not_identity_verification;seats_and_certification_unverified;not_point_in_time_complete,catalogue_candidate_only_not_verified_available_training
course-v1:NSDC+1665513083066166+16655130830661569,revolving earth,NSDC,1665513083066166,instructor,2022-10-12T00:01:23.066000+05:30,timestamp,,,,,False,False,https://courses.skillindiadigital.gov.in/api/courses/v1/courses/?page_size=100,filtered_catalogue_metadata;provider_label_not_identity_verification;seats_and_certification_unverified;not_point_in_time_complete,catalogue_candidate_only_not_verified_available_training
course-v1:NSDC+16655131023849745+16655131023849628,revolving earth,NSDC,16655131023849745,instructor,2022-10-12T00:01:42.385000+05:30,timestamp,,,,,False,False,https://courses.skillindiadigital.gov.in/api/courses/v1/courses/?page_size=100,filtered_catalogue_metadata;provider_label_not_identity_verification;seats_and_certification_unverified;not_point_in_time_complete,catalogue_candidate_only_not_verified_available_training
course-v1:NSDC+16655131087301028+16655131087300937,revolving earth,NSDC,16655131087301028,instructor,2022-10-12T00:01:48.730000+05:30,timestamp,,,,,False,False,https://courses.skillindiadigital.gov.in/api/courses/v1/courses/?page_size=100,filtered_catalogue_metadata;provider_label_not_identity_verification;seats_and_certification_unverified;not_point_in_time_complete,catalogue_candidate_only_not_verified_available_training
course-v1:NSDC+1665513111631454+16655131116314416,revolving earth,NSDC,1665513111631454,instructor,2022-10-12T00:01:51.631000+05:30,timestamp,,,,,False,False,https://courses.skillindiadigital.gov.in/api/courses/v1/courses/?page_size=100,filtered_catalogue_metadata;provider_label_not_identity_verification;seats_and_certification_unverified;not_point_in_time_complete,catalogue_candidate_only_not_verified_available_training
course-v1:NSDC+16655132675398598+16655132675398457,Lab Technician,NSDC,16655132675398598,instructor,2022-10-12T00:04:27.539000+05:30,timestamp,,,,,False,False,https://courses.skillindiadigital.gov.in/api/courses/v1/courses/?page_size=100,filtered_catalogue_metadata;provider_label_not_identity_verification;seats_and_certification_unverified;not_point_in_time_complete,catalogue_candidate_only_not_verified_available_training
course-v1:NSDC+1666239854396027+16662398543960176,Introduction to Odoo CRM,NSDC,1666239854396027,instructor,2022-10-20T09:54:14.396000+05:30,timestamp,,,,,False,False,https://courses.skillindiadigital.gov.in/api/courses/v1/courses/?page_size=100,filtered_catalogue_metadata;provider_label_not_identity_verification;seats_and_certification_unverified;not_point_in_time_complete,catalogue_candidate_only_not_verified_available_training
course-v1:NSDC+16669617727737052+16669617727736957,revolving earth2,NSDC,16669617727737052,instructor,2022-10-28T18:26:12.773000+05:30,timestamp,,,,,False,False,https://courses.skillindiadigital.gov.in/api/courses/v1/courses/?page_size=100,filtered_catalogue_metadata;provider_label_not_identity_verification;seats_and_certification_unverified;not_point_in_time_complete,catalogue_candidate_only_not_verified_available_training
course-v1:NSDC+16672045664306507+16672045664306405,revolving earth3,NSDC,16672045664306507,instructor,2022-10-31T13:52:46.430000+05:30,timestamp,,,,,False,False,https://courses.skillindiadigital.gov.in/api/courses/v1/courses/?page_size=100,filtered_catalogue_metadata;provider_label_not_identity_verification;seats_and_certification_unverified;not_point_in_time_complete,catalogue_candidate_only_not_verified_available_training
course-v1:NSDC+1667219687801042+16672196878010302,revolving earth3,NSDC,1667219687801042,instructor,2022-10-31T18:04:47.801000+05:30,timestamp,,,,,False,False,https://courses.skillindiadigital.gov.in/api/courses/v1/courses/?page_size=100,filtered_catalogue_metadata;provider_label_not_identity_verification;seats_and_certification_unverified;not_point_in_time_complete,catalogue_candidate_only_not_verified_available_training
course-v1:NSDC+1667531247472721+16675312474727125,Lab Technician,NSDC,1667531247472721,instructor,2022-11-04T08:37:27.472000+05:30,timestamp,,,,,False,False,https://courses.skillindiadigital.gov.in/api/courses/v1/courses/?page_size=100,filtered_catalogue_metadata;provider_label_not_identity_verification;seats_and_certification_unverified;not_point_in_time_complete,catalogue_candidate_only_not_verified_available_training
course-v1:NSDC+16678021939080837+1667802193908075,Solve the issue,NSDC,16678021939080837,instructor,2022-11-07T11:53:13.908000+05:30,timestamp,,,,,False,False,https://courses.skillindiadigital.gov.in/api/courses/v1/courses/?page_size=100,filtered_catalogue_metadata;provider_label_not_identity_verification;seats_and_certification_unverified;not_point_in_time_complete,catalogue_candidate_only_not_verified_available_training
course-v1:NSDC+16678047534835134+16678047534835033,revolving earth,NSDC,16678047534835134,instructor,2022-11-07T12:35:53.483000+05:30,timestamp,,,,,False,False,https://courses.skillindiadigital.gov.in/api/courses/v1/courses/?page_size=100,filtered_catalogue_metadata;provider_label_not_identity_verification;seats_and_certification_unverified;not_point_in_time_complete,catalogue_candidate_only_not_verified_available_training
course-v1:NSDC+16678135270205414+16678135270205317,Solve the issue,NSDC,16678135270205414,instructor,2022-11-07T15:02:07.020000+05:30,timestamp,,,,,False,False,https://courses.skillindiadigital.gov.in/api/courses/v1/courses/?page_size=100,filtered_catalogue_metadata;provider_label_not_identity_verification;seats_and_certification_unverified;not_point_in_time_complete,catalogue_candidate_only_not_verified_available_training
course-v1:NSDC+16678154533511093+16678154533511004,revolving earth,NSDC,16678154533511093,instructor,2022-11-07T15:34:13.351000+05:30,timestamp,,,,,False,False,https://courses.skillindiadigital.gov.in/api/courses/v1/courses/?page_size=100,filtered_catalogue_metadata;provider_label_not_identity_verification;seats_and_certification_unverified;not_point_in_time_complete,catalogue_candidate_only_not_verified_available_training
course-v1:NSDC+16678154932050273+16678154932050173,revolving earth,NSDC,16678154932050273,instructor,2022-11-07T15:34:53.205000+05:30,timestamp,,,,,False,False,https://courses.skillindiadigital.gov.in/api/courses/v1/courses/?page_size=100,filtered_catalogue_metadata;provider_label_not_identity_verification;seats_and_certification_unverified;not_point_in_time_complete,catalogue_candidate_only_not_verified_available_training
course-v1:NSDC+16678956728446324+1667895672844623,revolving earth,NSDC,16678956728446324,instructor,2022-11-08T13:51:12.844000+05:30,timestamp,,,,,False,False,https://courses.skillindiadigital.gov.in/api/courses/v1/courses/?page_size=100,filtered_catalogue_metadata;provider_label_not_identity_verification;seats_and_certification_unverified;not_point_in_time_complete,catalogue_candidate_only_not_verified_available_training
course-v1:NSDC+16678986603163116+16678986603163009,CRM Domestic Voice,NSDC,16678986603163116,instructor,2022-11-08T14:41:00.316000+05:30,timestamp,,,,,False,False,https://courses.skillindiadigital.gov.in/api/courses/v1/courses/?page_size=100,filtered_catalogue_metadata;provider_label_not_identity_verification;seats_and_certification_unverified;not_point_in_time_complete,catalogue_candidate_only_not_verified_available_training
course-v1:NSDC+16692142421830268+16692142421830173,revolving earth,NSDC,16692142421830268,instructor,2022-11-23T20:07:22.183000+05:30,timestamp,,,,,False,False,https://courses.skillindiadigital.gov.in/api/courses/v1/courses/?page_size=100,filtered_catalogue_metadata;provider_label_not_identity_verification;seats_and_certification_unverified;not_point_in_time_complete,catalogue_candidate_only_not_verified_available_training
course-v1:NSDC+16704172155037103+16704172155036974,ujgikluiol,NSDC,16704172155037103,instructor,2022-12-07T18:16:55.503000+05:30,timestamp,,,,,False,False,https://courses.skillindiadigital.gov.in/api/courses/v1/courses/?page_size=100,filtered_catalogue_metadata;provider_label_not_identity_verification;seats_and_certification_unverified;not_point_in_time_complete,catalogue_candidate_only_not_verified_available_training
course-v1:NSDC+1677657901037998+16776579010379913,Assistant Beauty Therapist - Tamil,NSDC,1677657901037998,instructor,2023-03-01T13:35:01+05:30,timestamp,,,,,False,False,https://courses.skillindiadigital.gov.in/api/courses/v1/courses/?page_size=100,filtered_catalogue_metadata;provider_label_not_identity_verification;seats_and_certification_unverified;not_point_in_time_complete,catalogue_candidate_only_not_verified_available_training
course-v1:NSDC+16776604920574138+16776604920574064,Assistant Beauty Therapist - Telugu,NSDC,16776604920574138,instructor,2023-03-01T14:18:12.057000+05:30,timestamp,,,,,False,False,https://courses.skillindiadigital.gov.in/api/courses/v1/courses/?page_size=100,filtered_catalogue_metadata;provider_label_not_identity_verification;seats_and_certification_unverified;not_point_in_time_complete,catalogue_candidate_only_not_verified_available_training
course-v1:NSDC+16776607525388541+16776607525388474,Assistant Beauty Therapist - Telugu,NSDC,16776607525388541,instructor,2023-03-01T14:22:32.539000+05:30,timestamp,,,,,False,False,https://courses.skillindiadigital.gov.in/api/courses/v1/courses/?page_size=100,filtered_catalogue_metadata;provider_label_not_identity_verification;seats_and_certification_unverified;not_point_in_time_complete,catalogue_candidate_only_not_verified_available_training
course-v1:NSDC+16776608284729521+16776608284729404,Assistant Beauty Therapist - Telegu,NSDC,16776608284729521,instructor,2023-03-01T14:23:48+05:30,timestamp,,,,,False,False,https://courses.skillindiadigital.gov.in/api/courses/v1/courses/?page_size=100,filtered_catalogue_metadata;provider_label_not_identity_verification;seats_and_certification_unverified;not_point_in_time_complete,catalogue_candidate_only_not_verified_available_training
course-v1:NSDC+1677661206463927+16776612064639208,Assistant Beauty Therapist - Telugu,NSDC,1677661206463927,instructor,2023-03-01T14:30:06+05:30,timestamp,,,,,False,False,https://courses.skillindiadigital.gov.in/api/courses/v1/courses/?page_size=100,filtered_catalogue_metadata;provider_label_not_identity_verification;seats_and_certification_unverified;not_point_in_time_complete,catalogue_candidate_only_not_verified_available_training
course-v1:NSDC+16776613754441612+16776613754441538,Trainee Chef,NSDC,16776613754441612,instructor,2023-03-01T14:32:55.444000+05:30,timestamp,,,,,False,False,https://courses.skillindiadigital.gov.in/api/courses/v1/courses/?page_size=100,filtered_catalogue_metadata;provider_label_not_identity_verification;seats_and_certification_unverified;not_point_in_time_complete,catalogue_candidate_only_not_verified_available_training
course-v1:NSDC+16776615819821284+16776615819821212,Assistant Surveyor - Telugu,NSDC,16776615819821284,instructor,2023-03-01T14:36:21.982000+05:30,timestamp,,,,,False,False,https://courses.skillindiadigital.gov.in/api/courses/v1/courses/?page_size=100,filtered_catalogue_metadata;provider_label_not_identity_verification;seats_and_certification_unverified;not_point_in_time_complete,catalogue_candidate_only_not_verified_available_training
course-v1:NSDC+16776616315036843+16776616315036778,Trainee Chef - Telugu,NSDC,16776616315036843,instructor,2023-03-01T14:37:11+05:30,timestamp,,,,,False,False,https://courses.skillindiadigital.gov.in/api/courses/v1/courses/?page_size=100,filtered_catalogue_metadata;provider_label_not_identity_verification;seats_and_certification_unverified;not_point_in_time_complete,catalogue_candidate_only_not_verified_available_training
course-v1:NSDC+18602+1689244449,"Arabic for Beginners-Lesson 8: Using When, and the Verbs Go and Come in simple Arabic Sentences/Questions",NSDC,18602,instructor,2023-07-01T05:30:00+05:30,timestamp,,,,,False,False,https://courses.skillindiadigital.gov.in/api/courses/v1/courses/?page_size=100,filtered_catalogue_metadata;provider_label_not_identity_verification;seats_and_certification_unverified;not_point_in_time_complete,catalogue_candidate_only_not_verified_available_training
course-v1:NSDC+19923+1689596190,AI and ML Basics,NSDC,19923,self,2023-07-07T06:30:00+05:30,timestamp,2023-11-30T06:30:00+05:30,,,04:30,False,False,https://courses.skillindiadigital.gov.in/api/courses/v1/courses/?page_size=100,filtered_catalogue_metadata;provider_label_not_identity_verification;seats_and_certification_unverified;not_point_in_time_complete,catalogue_candidate_only_not_verified_available_training
course-v1:NSDC+25321+1689241234,"Arabic for Beginners-Lesson 2: Use of Who, I, You, He and She",NSDC,25321,instructor,2023-07-01T05:30:00+05:30,timestamp,,,,,False,False,https://courses.skillindiadigital.gov.in/api/courses/v1/courses/?page_size=100,filtered_catalogue_metadata;provider_label_not_identity_verification;seats_and_certification_unverified;not_point_in_time_complete,catalogue_candidate_only_not_verified_available_training
course-v1:NSDC+26188+1689242038,Arabic for Beginners-Lesson 19: Name of Months and Days of the Week in Arabic and Words related to Driving in Arabic,NSDC,26188,instructor,2023-07-01T05:30:00+05:30,timestamp,,,,,False,False,https://courses.skillindiadigital.gov.in/api/courses/v1/courses/?page_size=100,filtered_catalogue_metadata;provider_label_not_identity_verification;seats_and_certification_unverified;not_point_in_time_complete,catalogue_candidate_only_not_verified_available_training
course-v1:NSDC+26929+1733715936,संचार कौशल (उन्नत),NSDC,26929,instructor,2024-12-09T09:17:16.278000+05:30,timestamp,,,,,False,False,https://courses.skillindiadigital.gov.in/api/courses/v1/courses/?page_size=100,filtered_catalogue_metadata;provider_label_not_identity_verification;seats_and_certification_unverified;not_point_in_time_complete,catalogue_candidate_only_not_verified_available_training
course-v1:NSDC+27551+1707218141,Kaushal Mitra,NSDC,27551,instructor,2024-02-05T05:30:00+05:30,timestamp,,,,,False,False,https://courses.skillindiadigital.gov.in/api/courses/v1/courses/?page_size=100,filtered_catalogue_metadata;provider_label_not_identity_verification;seats_and_certification_unverified;not_point_in_time_complete,catalogue_candidate_only_not_verified_available_training
course-v1:NSDC+27557+1689243799,Arabic for Beginners-Lesson 14: Conversation at the Hotel in Arabic,NSDC,27557,instructor,2023-07-01T05:30:00+05:30,timestamp,,,,,False,False,https://courses.skillindiadigital.gov.in/api/courses/v1/courses/?page_size=100,filtered_catalogue_metadata;provider_label_not_identity_verification;seats_and_certification_unverified;not_point_in_time_complete,catalogue_candidate_only_not_verified_available_training
course-v1:NSDC+29036+1689244511,Arabic for Beginners-Lesson 11: Introducing Overselves and Others in Arabic,NSDC,29036,instructor,2023-07-01T05:30:00+05:30,timestamp,,,,,False,False,https://courses.skillindiadigital.gov.in/api/courses/v1/courses/?page_size=100,filtered_catalogue_metadata;provider_label_not_identity_verification;seats_and_certification_unverified;not_point_in_time_complete,catalogue_candidate_only_not_verified_available_training
course-v1:NSDC+30775+1689242688,Arabic for Beginners-Lesson 17: Conversation at the Hospital in Arabic,NSDC,30775,instructor,2023-07-01T05:30:00+05:30,timestamp,,,,,False,False,https://courses.skillindiadigital.gov.in/api/courses/v1/courses/?page_size=100,filtered_catalogue_metadata;provider_label_not_identity_verification;seats_and_certification_unverified;not_point_in_time_complete,catalogue_candidate_only_not_verified_available_training
course-v1:NSDC+31748+1704808282,Foundational Skills Program – Employability,NSDC,31748,instructor,2024-01-01T05:30:00+05:30,timestamp,,,,,False,False,https://courses.skillindiadigital.gov.in/api/courses/v1/courses/?page_size=100,filtered_catalogue_metadata;provider_label_not_identity_verification;seats_and_certification_unverified;not_point_in_time_complete,catalogue_candidate_only_not_verified_available_training
course-v1:NSDC+33698+1727250123,Prevention of Sexual Harassment (POSH) - Hindi,NSDC,33698,instructor,2024-01-01T05:30:00+05:30,timestamp,,,,,False,False,https://courses.skillindiadigital.gov.in/api/courses/v1/courses/?page_size=100,filtered_catalogue_metadata;provider_label_not_identity_verification;seats_and_certification_unverified;not_point_in_time_complete,catalogue_candidate_only_not_verified_available_training
course-v1:NSDC+35557+1689336385,Pradhan Mantri Arogya Mitra - Malayalam,NSDC,35557,instructor,2023-07-01T05:30:00+05:30,timestamp,,,,,False,False,https://courses.skillindiadigital.gov.in/api/courses/v1/courses/?page_size=100,filtered_catalogue_metadata;provider_label_not_identity_verification;seats_and_certification_unverified;not_point_in_time_complete,catalogue_candidate_only_not_verified_available_training
course-v1:NSDC+38326+1689244045,Arabic for Beginners-Lesson 13: Conversation at the Railway Station in Arabic,NSDC,38326,instructor,2023-07-01T05:30:00+05:30,timestamp,,,,,False,False,https://courses.skillindiadigital.gov.in/api/courses/v1/courses/?page_size=100,filtered_catalogue_metadata;provider_label_not_identity_verification;seats_and_certification_unverified;not_point_in_time_complete,catalogue_candidate_only_not_verified_available_training
course-v1:NSDC+42348+1690439697,Employability Skills (ES-120 hours),NSDC,42348,instructor,2023-07-01T05:30:00+05:30,timestamp,,,,,False,False,https://courses.skillindiadigital.gov.in/api/courses/v1/courses/?page_size=100,filtered_catalogue_metadata;provider_label_not_identity_verification;seats_and_certification_unverified;not_point_in_time_complete,catalogue_candidate_only_not_verified_available_training
course-v1:NSDC+42895+1704777593,Foundational Skills Program - Advanced Retail,NSDC,42895,instructor,2023-01-09T05:30:00+05:30,timestamp,,,,,False,False,https://courses.skillindiadigital.gov.in/api/courses/v1/courses/?page_size=100,filtered_catalogue_metadata;provider_label_not_identity_verification;seats_and_certification_unverified;not_point_in_time_complete,catalogue_candidate_only_not_verified_available_training
course-v1:NSDC+44770+1724409823,Communication Skills (Advanced),nsdc,44770,instructor,2022-01-01T05:30:00+05:30,timestamp,,,,,False,False,https://courses.skillindiadigital.gov.in/api/courses/v1/courses/?page_size=100,filtered_catalogue_metadata;provider_label_not_identity_verification;seats_and_certification_unverified;not_point_in_time_complete,catalogue_candidate_only_not_verified_available_training
course-v1:NSDC+52612+1689242338,Arabic for Beginners-Lesson 18: Conversation related to Shopping in Arabic,NSDC,52612,instructor,2023-07-01T05:30:00+05:30,timestamp,,,,,False,False,https://courses.skillindiadigital.gov.in/api/courses/v1/courses/?page_size=100,filtered_catalogue_metadata;provider_label_not_identity_verification;seats_and_certification_unverified;not_point_in_time_complete,catalogue_candidate_only_not_verified_available_training
course-v1:NSDC+53912+1690288140,Employability Skills Trainer Course,NSDC,53912,instructor,2023-07-01T05:30:00+05:30,timestamp,,,,,False,False,https://courses.skillindiadigital.gov.in/api/courses/v1/courses/?page_size=100,filtered_catalogue_metadata;provider_label_not_identity_verification;seats_and_certification_unverified;not_point_in_time_complete,catalogue_candidate_only_not_verified_available_training
course-v1:NSDC+55814+1704810285,Foundational Skills Program - Entrepreneurship,NSDC,55814,instructor,2024-01-01T05:30:00+05:30,timestamp,,,,,False,False,https://courses.skillindiadigital.gov.in/api/courses/v1/courses/?page_size=100,filtered_catalogue_metadata;provider_label_not_identity_verification;seats_and_certification_unverified;not_point_in_time_complete,catalogue_candidate_only_not_verified_available_training
course-v1:NSDC+58732+1689243676,Arabic for Beginners-Lesson 6: Using Do not and Does Not in simple Arabic Sentences/Questions,NSDC,58732,instructor,2023-07-01T05:30:00+05:30,timestamp,,,,,False,False,https://courses.skillindiadigital.gov.in/api/courses/v1/courses/?page_size=100,filtered_catalogue_metadata;provider_label_not_identity_verification;seats_and_certification_unverified;not_point_in_time_complete,catalogue_candidate_only_not_verified_available_training
course-v1:NSDC+69152+1689243338,"Arabic for Beginners-Lesson 5: Using How many, Has and Have in simple Arabic Sentences/Questions",NSDC,69152,instructor,2023-07-01T05:30:00+05:30,timestamp,,,,,False,False,https://courses.skillindiadigital.gov.in/api/courses/v1/courses/?page_size=100,filtered_catalogue_metadata;provider_label_not_identity_verification;seats_and_certification_unverified;not_point_in_time_complete,catalogue_candidate_only_not_verified_available_training
course-v1:NSDC+72692+1689241739,"Arabic for Beginners-Lesson 3: Use of Is it, Yes and No in Arabic Phrases/Sentences/Questions",NSDC,72692,instructor,2023-07-01T05:30:00+05:30,timestamp,,,,,False,False,https://courses.skillindiadigital.gov.in/api/courses/v1/courses/?page_size=100,filtered_catalogue_metadata;provider_label_not_identity_verification;seats_and_certification_unverified;not_point_in_time_complete,catalogue_candidate_only_not_verified_available_training
course-v1:NSDC+73166+1689242452,Arabic for Beginners-Lesson 4: Using Simple Questions and Answers in Arabic,NSDC,73166,instructor,2023-07-01T05:30:00+05:30,timestamp,,,,,False,False,https://courses.skillindiadigital.gov.in/api/courses/v1/courses/?page_size=100,filtered_catalogue_metadata;provider_label_not_identity_verification;seats_and_certification_unverified;not_point_in_time_complete,catalogue_candidate_only_not_verified_available_training
course-v1:NSDC+84695+1689243436,Arabic for Beginners-Lesson 15: Conversation at the Restaurant in Arabic,NSDC,84695,instructor,2023-07-01T05:30:00+05:30,timestamp,,,,,False,False,https://courses.skillindiadigital.gov.in/api/courses/v1/courses/?page_size=100,filtered_catalogue_metadata;provider_label_not_identity_verification;seats_and_certification_unverified;not_point_in_time_complete,catalogue_candidate_only_not_verified_available_training
course-v1:NSDC+84828+1689243184,Arabic for Beginners-Lesson 16: Conversation at the Bank in Arabic,NSDC,84828,instructor,2023-07-01T05:30:00+05:30,timestamp,,,,,False,False,https://courses.skillindiadigital.gov.in/api/courses/v1/courses/?page_size=100,filtered_catalogue_metadata;provider_label_not_identity_verification;seats_and_certification_unverified;not_point_in_time_complete,catalogue_candidate_only_not_verified_available_training
course-v1:NSDC+87605+1704810395,Foundational Skills Program - Retail,NSDC,87605,instructor,2024-01-01T05:30:00+05:30,timestamp,,,,,False,False,https://courses.skillindiadigital.gov.in/api/courses/v1/courses/?page_size=100,filtered_catalogue_metadata;provider_label_not_identity_verification;seats_and_certification_unverified;not_point_in_time_complete,catalogue_candidate_only_not_verified_available_training
course-v1:NSDC+87723+1704259212,Becoming a Professional in the 21st Century,NSDC,87723,instructor,2024-01-03T05:30:00+05:30,timestamp,,,,,False,False,https://courses.skillindiadigital.gov.in/api/courses/v1/courses/?page_size=100,filtered_catalogue_metadata;provider_label_not_identity_verification;seats_and_certification_unverified;not_point_in_time_complete,catalogue_candidate_only_not_verified_available_training
course-v1:NSDC+92356+1689244768,Arabic for Beginners-Lesson 10: Using Affirmative and Negative sentences in simple Arabic Sentences/Questions,NSDC,92356,instructor,2023-07-01T05:30:00+05:30,timestamp,,,,,False,False,https://courses.skillindiadigital.gov.in/api/courses/v1/courses/?page_size=100,filtered_catalogue_metadata;provider_label_not_identity_verification;seats_and_certification_unverified;not_point_in_time_complete,catalogue_candidate_only_not_verified_available_training
course-v1:NSDC+93834+1703936598,Foundational Skills Program - Advanced Entrepreneurship,NSDC,93834,instructor,2023-12-30T05:30:00+05:30,timestamp,,,,,False,False,https://courses.skillindiadigital.gov.in/api/courses/v1/courses/?page_size=100,filtered_catalogue_metadata;provider_label_not_identity_verification;seats_and_certification_unverified;not_point_in_time_complete,catalogue_candidate_only_not_verified_available_training
course-v1:NSDC+95162+1689241692,Arabic for Beginners-Lesson 20: Basic Counting in Arabic,NSDC,95162,instructor,2023-07-01T05:30:00+05:30,timestamp,,,,,False,False,https://courses.skillindiadigital.gov.in/api/courses/v1/courses/?page_size=100,filtered_catalogue_metadata;provider_label_not_identity_verification;seats_and_certification_unverified;not_point_in_time_complete,catalogue_candidate_only_not_verified_available_training
course-v1:NSDC+95320+1689244073,"Arabic for Beginners-Lesson 7: Using How, This and That in simple Arabic Sentences/Questions",NSDC,95320,instructor,2023-07-01T05:30:00+05:30,timestamp,,,,,False,False,https://courses.skillindiadigital.gov.in/api/courses/v1/courses/?page_size=100,filtered_catalogue_metadata;provider_label_not_identity_verification;seats_and_certification_unverified;not_point_in_time_complete,catalogue_candidate_only_not_verified_available_training
course-v1:NSDC+ABT-H+2022,Assistant Beauty Therapist- Hindi,NSDC,ABT-H,instructor,2022-08-12T05:30:00+05:30,timestamp,,,,,False,False,https://courses.skillindiadigital.gov.in/api/courses/v1/courses/?page_size=100,filtered_catalogue_metadata;provider_label_not_identity_verification;seats_and_certification_unverified;not_point_in_time_complete,catalogue_candidate_only_not_verified_available_training
course-v1:NSDC+ABT001+2022,Assistant Beauty Therapist,NSDC,ABT001,instructor,2022-01-01T05:30:00+05:30,timestamp,,,,,False,False,https://courses.skillindiadigital.gov.in/api/courses/v1/courses/?page_size=100,filtered_catalogue_metadata;provider_label_not_identity_verification;seats_and_certification_unverified;not_point_in_time_complete,catalogue_candidate_only_not_verified_available_training
course-v1:NSDC+ABT002KD+NSDCABTKD,Assistant Beauty Therapist - Kannada,NSDC,ABT002KD,instructor,2023-03-01T05:30:00+05:30,timestamp,,,,,False,False,https://courses.skillindiadigital.gov.in/api/courses/v1/courses/?page_size=100,filtered_catalogue_metadata;provider_label_not_identity_verification;seats_and_certification_unverified;not_point_in_time_complete,catalogue_candidate_only_not_verified_available_training
course-v1:NSDC+ABT003OR+NSDCABTOR,Assistant Beauty Therapist - Oriya,NSDC,ABT003OR,instructor,2023-02-02T05:30:00+05:30,timestamp,,,,,False,False,https://courses.skillindiadigital.gov.in/api/courses/v1/courses/?page_size=100,filtered_catalogue_metadata;provider_label_not_identity_verification;seats_and_certification_unverified;not_point_in_time_complete,catalogue_candidate_only_not_verified_available_training
course-v1:NSDC+ABT005BN+NSDCABTBN,Assistant Beauty Therapist - Bengali,NSDC,ABT005BN,instructor,2023-03-01T05:30:00+05:30,timestamp,,,,,False,False,https://courses.skillindiadigital.gov.in/api/courses/v1/courses/?page_size=100,filtered_catalogue_metadata;provider_label_not_identity_verification;seats_and_certification_unverified;not_point_in_time_complete,catalogue_candidate_only_not_verified_available_training
course-v1:NSDC+AE001+2022,Assistant Electrician,NSDC,AE001,instructor,2022-01-01T05:30:00+05:30,timestamp,,,,,False,False,https://courses.skillindiadigital.gov.in/api/courses/v1/courses/?page_size=100,filtered_catalogue_metadata;provider_label_not_identity_verification;seats_and_certification_unverified;not_point_in_time_complete,catalogue_candidate_only_not_verified_available_training
course-v1:NSDC+AE02+2022,Assistant Electrician (Hindi),NSDC,AE02,instructor,2022-01-01T05:30:00+05:30,timestamp,,,,,False,False,https://courses.skillindiadigital.gov.in/api/courses/v1/courses/?page_size=100,filtered_catalogue_metadata;provider_label_not_identity_verification;seats_and_certification_unverified;not_point_in_time_complete,catalogue_candidate_only_not_verified_available_training
course-v1:NSDC+AM-H+2022,Assistant Mason- Hindi,NSDC,AM-H,instructor,2023-03-01T05:30:00+05:30,timestamp,,,,,False,False,https://courses.skillindiadigital.gov.in/api/courses/v1/courses/?page_size=100,filtered_catalogue_metadata;provider_label_not_identity_verification;seats_and_certification_unverified;not_point_in_time_complete,catalogue_candidate_only_not_verified_available_training
course-v1:NSDC+AM001+2022,Assistant Mason,NSDC,AM001,instructor,2022-01-01T05:30:00+05:30,timestamp,,,,,False,False,https://courses.skillindiadigital.gov.in/api/courses/v1/courses/?page_size=100,filtered_catalogue_metadata;provider_label_not_identity_verification;seats_and_certification_unverified;not_point_in_time_complete,catalogue_candidate_only_not_verified_available_training
course-v1:NSDC+AMBEN+2033,Assistant Mason - Bengali,NSDC,AMBEN,instructor,2023-03-01T05:30:00+05:30,timestamp,,,,,False,False,https://courses.skillindiadigital.gov.in/api/courses/v1/courses/?page_size=100,filtered_catalogue_metadata;provider_label_not_identity_verification;seats_and_certification_unverified;not_point_in_time_complete,catalogue_candidate_only_not_verified_available_training
course-v1:NSDC+AMKAN+2033,Assistant Mason - Kanada,NSDC,AMKAN,instructor,2023-03-01T05:30:00+05:30,timestamp,,,,,False,False,https://courses.skillindiadigital.gov.in/api/courses/v1/courses/?page_size=100,filtered_catalogue_metadata;provider_label_not_identity_verification;seats_and_certification_unverified;not_point_in_time_complete,catalogue_candidate_only_not_verified_available_training
course-v1:NSDC+AMORI+2033,Assistant Mason - Oriya,NSDC,AMORI,instructor,2023-03-01T05:30:00+05:30,timestamp,,,,,False,False,https://courses.skillindiadigital.gov.in/api/courses/v1/courses/?page_size=100,filtered_catalogue_metadata;provider_label_not_identity_verification;seats_and_certification_unverified;not_point_in_time_complete,catalogue_candidate_only_not_verified_available_training
course-v1:NSDC+AMTAM+2033,Assistant Mason - Tamil,NSDC,AMTAM,instructor,2023-03-01T05:30:00+05:30,timestamp,,,,,False,False,https://courses.skillindiadigital.gov.in/api/courses/v1/courses/?page_size=100,filtered_catalogue_metadata;provider_label_not_identity_verification;seats_and_certification_unverified;not_point_in_time_complete,catalogue_candidate_only_not_verified_available_training
course-v1:NSDC+AMTEL+2033,Assistant Mason - Telugu,NSDC,AMTEL,instructor,2023-03-01T05:30:00+05:30,timestamp,,,,,False,False,https://courses.skillindiadigital.gov.in/api/courses/v1/courses/?page_size=100,filtered_catalogue_metadata;provider_label_not_identity_verification;seats_and_certification_unverified;not_point_in_time_complete,catalogue_candidate_only_not_verified_available_training
course-v1:NSDC+AS-H+2022,Assistant Surveyor- Hindi,NSDC,AS-H,instructor,2023-03-01T05:30:00+05:30,timestamp,,,,,False,False,https://courses.skillindiadigital.gov.in/api/courses/v1/courses/?page_size=100,filtered_catalogue_metadata;provider_label_not_identity_verification;seats_and_certification_unverified;not_point_in_time_complete,catalogue_candidate_only_not_verified_available_training
course-v1:NSDC+AS001+2022,Assistant Surveyor,NSDC,AS001,instructor,2022-01-01T05:30:00+05:30,timestamp,,,,,False,False,https://courses.skillindiadigital.gov.in/api/courses/v1/courses/?page_size=100,filtered_catalogue_metadata;provider_label_not_identity_verification;seats_and_certification_unverified;not_point_in_time_complete,catalogue_candidate_only_not_verified_available_training
course-v1:NSDC+AS003TE+NSDCASTE,Assistant Surveyor - Telugu,NSDC,AS003TE,instructor,2023-03-01T05:30:00+05:30,timestamp,,,,,False,False,https://courses.skillindiadigital.gov.in/api/courses/v1/courses/?page_size=100,filtered_catalogue_metadata;provider_label_not_identity_verification;seats_and_certification_unverified;not_point_in_time_complete,catalogue_candidate_only_not_verified_available_training
course-v1:NSDC+AS004TA+NSDCASTA,Assistant Surveyor - Tamil,NSDC,AS004TA,instructor,2023-03-01T05:30:00+05:30,timestamp,,,,,False,False,https://courses.skillindiadigital.gov.in/api/courses/v1/courses/?page_size=100,filtered_catalogue_metadata;provider_label_not_identity_verification;seats_and_certification_unverified;not_point_in_time_complete,catalogue_candidate_only_not_verified_available_training
course-v1:NSDC+AS005KD+NSDCASKD,Assistant Surveyor - Kanada,NSDC,AS005KD,instructor,2023-03-01T05:30:00+05:30,timestamp,,,,,False,False,https://courses.skillindiadigital.gov.in/api/courses/v1/courses/?page_size=100,filtered_catalogue_metadata;provider_label_not_identity_verification;seats_and_certification_unverified;not_point_in_time_complete,catalogue_candidate_only_not_verified_available_training
course-v1:NSDC+AS006OR+NSDCASOR,Assistant Surveyor - Oriya,NSDC,AS006OR,instructor,2023-03-01T05:30:00+05:30,timestamp,,,,,False,False,https://courses.skillindiadigital.gov.in/api/courses/v1/courses/?page_size=100,filtered_catalogue_metadata;provider_label_not_identity_verification;seats_and_certification_unverified;not_point_in_time_complete,catalogue_candidate_only_not_verified_available_training
course-v1:NSDC+AS007BN+NSDCASBN,Assistant Surveyor - Bengali,NSDC,AS007BN,self,2023-01-01T05:30:00+05:30,timestamp,,,,,False,False,https://courses.skillindiadigital.gov.in/api/courses/v1/courses/?page_size=100,filtered_catalogue_metadata;provider_label_not_identity_verification;seats_and_certification_unverified;not_point_in_time_complete,catalogue_candidate_only_not_verified_available_training
course-v1:NSDC+AST-H+2022,Auto Service Technician- Hindi,NSDC,AST-H,instructor,2022-01-01T05:30:00+05:30,timestamp,,,,,False,False,https://courses.skillindiadigital.gov.in/api/courses/v1/courses/?page_size=100,filtered_catalogue_metadata;provider_label_not_identity_verification;seats_and_certification_unverified;not_point_in_time_complete,catalogue_candidate_only_not_verified_available_training
course-v1:NSDC+AST001+2022,Auto Service Technician,NSDC,AST001,instructor,2022-01-01T05:30:00+05:30,timestamp,,,,,False,False,https://courses.skillindiadigital.gov.in/api/courses/v1/courses/?page_size=100,filtered_catalogue_metadata;provider_label_not_identity_verification;seats_and_certification_unverified;not_point_in_time_complete,catalogue_candidate_only_not_verified_available_training
course-v1:NSDC+AST003TE+NSDCASTTE,Auto Service Technician (Four Wheelers) - Telugu,NSDC,AST003TE,instructor,2023-03-01T05:30:00+05:30,timestamp,,,,,False,False,https://courses.skillindiadigital.gov.in/api/courses/v1/courses/?page_size=100,filtered_catalogue_metadata;provider_label_not_identity_verification;seats_and_certification_unverified;not_point_in_time_complete,catalogue_candidate_only_not_verified_available_training
course-v1:NSDC+AST004TA+NSDCASTTA,Auto Service Technician (Four Wheelers) - Tamil,NSDC,AST004TA,instructor,2023-03-01T05:30:00+05:30,timestamp,,,,,False,False,https://courses.skillindiadigital.gov.in/api/courses/v1/courses/?page_size=100,filtered_catalogue_metadata;provider_label_not_identity_verification;seats_and_certification_unverified;not_point_in_time_complete,catalogue_candidate_only_not_verified_available_training
course-v1:NSDC+AST005KD+NSDCASTKD,Auto Service Technician (Four Wheelers) - Kanada,NSDC,AST005KD,instructor,2023-03-01T05:30:00+05:30,timestamp,,,,,False,False,https://courses.skillindiadigital.gov.in/api/courses/v1/courses/?page_size=100,filtered_catalogue_metadata;provider_label_not_identity_verification;seats_and_certification_unverified;not_point_in_time_complete,catalogue_candidate_only_not_verified_available_training
course-v1:NSDC+AST006OR+NSDCASTOR,Auto Service Technician (Four Wheelers) - Oriya,NSDC,AST006OR,instructor,2023-03-01T05:30:00+05:30,timestamp,,,,,False,False,https://courses.skillindiadigital.gov.in/api/courses/v1/courses/?page_size=100,filtered_catalogue_metadata;provider_label_not_identity_verification;seats_and_certification_unverified;not_point_in_time_complete,catalogue_candidate_only_not_verified_available_training
course-v1:NSDC+AST007BN+NSDCASTBN,Auto Service Technician (Four Wheelers) - Bengali,NSDC,AST007BN,instructor,2023-03-01T05:30:00+05:30,timestamp,,,,,False,False,https://courses.skillindiadigital.gov.in/api/courses/v1/courses/?page_size=100,filtered_catalogue_metadata;provider_label_not_identity_verification;seats_and_certification_unverified;not_point_in_time_complete,catalogue_candidate_only_not_verified_available_training
course-v1:NSDC+BBE001+2022,Branch Banking Executive,NSDC,BBE001,instructor,2022-01-01T05:30:00+05:30,timestamp,,,,,False,False,https://courses.skillindiadigital.gov.in/api/courses/v1/courses/?page_size=100,filtered_catalogue_metadata;provider_label_not_identity_verification;seats_and_certification_unverified;not_point_in_time_complete,catalogue_candidate_only_not_verified_available_training
course-v1:NSDC+BES001+NSDCBES,Introduction to English Skills,NSDC,BES001,instructor,2024-01-03T05:30:00+05:30,timestamp,,,,,False,False,https://courses.skillindiadigital.gov.in/api/courses/v1/courses/?page_size=100,filtered_catalogue_metadata;provider_label_not_identity_verification;seats_and_certification_unverified;not_point_in_time_complete,catalogue_candidate_only_not_verified_available_training
course-v1:NSDC+BPTC001+NSDCBPTC,Introduction to 21st Century Skills,NSDC,BPTC001,instructor,2024-01-03T05:30:00+05:30,timestamp,,,,,False,False,https://courses.skillindiadigital.gov.in/api/courses/v1/courses/?page_size=100,filtered_catalogue_metadata;provider_label_not_identity_verification;seats_and_certification_unverified;not_point_in_time_complete,catalogue_candidate_only_not_verified_available_training
course-v1:NSDC+CCFE01+2022,Certificate Course for Foundation in Education,NSDC,CCFE01,instructor,2022-01-01T05:30:00+05:30,timestamp,,,,,False,False,https://courses.skillindiadigital.gov.in/api/courses/v1/courses/?page_size=100,filtered_catalogue_metadata;provider_label_not_identity_verification;seats_and_certification_unverified;not_point_in_time_complete,catalogue_candidate_only_not_verified_available_training
course-v1:NSDC+CDGS001+NSDCCDGS,Knowing about Career Development and Goal Setting,NSDC,CDGS001,instructor,2024-01-03T05:30:00+05:30,timestamp,,,,,False,False,https://courses.skillindiadigital.gov.in/api/courses/v1/courses/?page_size=100,filtered_catalogue_metadata;provider_label_not_identity_verification;seats_and_certification_unverified;not_point_in_time_complete,catalogue_candidate_only_not_verified_available_training
course-v1:NSDC+CDVBEN+2033,CRM Domestic Voice - Bengali,NSDC,CDVBEN,instructor,2022-03-01T05:30:00+05:30,timestamp,,,,,False,False,https://courses.skillindiadigital.gov.in/api/courses/v1/courses/?page_size=100,filtered_catalogue_metadata;provider_label_not_identity_verification;seats_and_certification_unverified;not_point_in_time_complete,catalogue_candidate_only_not_verified_available_training
course-v1:NSDC+CDVKAN+2033,CRM Domestic Voice - Kanada,NSDC,CDVKAN,instructor,2023-03-01T05:30:00+05:30,timestamp,,,,,False,False,https://courses.skillindiadigital.gov.in/api/courses/v1/courses/?page_size=100,filtered_catalogue_metadata;provider_label_not_identity_verification;seats_and_certification_unverified;not_point_in_time_complete,catalogue_candidate_only_not_verified_available_training
course-v1:NSDC+CDVORI+2033,CRM Domestic Voice - Oriya,NSDC,CDVORI,instructor,2023-03-01T05:30:00+05:30,timestamp,,,,,False,False,https://courses.skillindiadigital.gov.in/api/courses/v1/courses/?page_size=100,filtered_catalogue_metadata;provider_label_not_identity_verification;seats_and_certification_unverified;not_point_in_time_complete,catalogue_candidate_only_not_verified_available_training
course-v1:NSDC+CDWTAM+2033,CRM Domestic Voice - Tamil,NSDC,CDWTAM,instructor,2023-03-01T05:30:00+05:30,timestamp,,,,,False,False,https://courses.skillindiadigital.gov.in/api/courses/v1/courses/?page_size=100,filtered_catalogue_metadata;provider_label_not_identity_verification;seats_and_certification_unverified;not_point_in_time_complete,catalogue_candidate_only_not_verified_available_training
course-v1:NSDC+CDWTEL+2033,CRM Domestic Voice - Telugu,NSDC,CDWTEL,instructor,2023-03-01T05:30:00+05:30,timestamp,,,,,False,False,https://courses.skillindiadigital.gov.in/api/courses/v1/courses/?page_size=100,filtered_catalogue_metadata;provider_label_not_identity_verification;seats_and_certification_unverified;not_point_in_time_complete,catalogue_candidate_only_not_verified_available_training
course-v1:NSDC+CIE001+NSDCCIE,Creating an Inclusive Environment,NSDC,CIE001,instructor,2023-05-01T05:30:00+05:30,timestamp,,,,,False,False,https://courses.skillindiadigital.gov.in/api/courses/v1/courses/?page_size=100,filtered_catalogue_metadata;provider_label_not_identity_verification;seats_and_certification_unverified;not_point_in_time_complete,catalogue_candidate_only_not_verified_available_training
course-v1:NSDC+CMS001+NSDCCMS,Introduction to Communication Skills,NSDC,CMS001,instructor,2024-01-03T05:30:00+05:30,timestamp,,,,,False,False,https://courses.skillindiadigital.gov.in/api/courses/v1/courses/?page_size=100,filtered_catalogue_metadata;provider_label_not_identity_verification;seats_and_certification_unverified;not_point_in_time_complete,catalogue_candidate_only_not_verified_available_training
course-v1:NSDC+CN002+2022,General Assistant - Furniture and Fittings,NSDC,CN002,instructor,2022-06-25T05:30:00+05:30,timestamp,2022-12-01T05:30:00+05:30,,,04:30,False,False,https://courses.skillindiadigital.gov.in/api/courses/v1/courses/?page_size=100,filtered_catalogue_metadata;provider_label_not_identity_verification;seats_and_certification_unverified;not_point_in_time_complete,catalogue_candidate_only_not_verified_available_training
course-v1:NSDC+CN003+2022,Solar Panel Installation Technician,NSDC,CN003,instructor,2021-01-01T05:30:00+05:30,timestamp,2022-12-01T05:30:00+05:30,,,,False,False,https://courses.skillindiadigital.gov.in/api/courses/v1/courses/?page_size=100,filtered_catalogue_metadata;provider_label_not_identity_verification;seats_and_certification_unverified;not_point_in_time_complete,catalogue_candidate_only_not_verified_available_training
course-v1:NSDC+CNCOMT001+2022,CNC Operator Machining Technician (Milling),NSDC,CNCOMT001,instructor,2022-01-01T05:30:00+05:30,timestamp,,,,,False,False,https://courses.skillindiadigital.gov.in/api/courses/v1/courses/?page_size=100,filtered_catalogue_metadata;provider_label_not_identity_verification;seats_and_certification_unverified;not_point_in_time_complete,catalogue_candidate_only_not_verified_available_training
course-v1:NSDC+CNCOMTL001+2022,CNC Operator Machining Technician (Lathe),NSDC,CNCOMTL001,instructor,2022-01-01T05:30:00+05:30,timestamp,,,,,False,False,https://courses.skillindiadigital.gov.in/api/courses/v1/courses/?page_size=100,filtered_catalogue_metadata;provider_label_not_identity_verification;seats_and_certification_unverified;not_point_in_time_complete,catalogue_candidate_only_not_verified_available_training
course-v1:NSDC+CNCOMTL002+2022,CNC Operator Machining Technician (Lathe) Hindi,NSDC,CNCOMTL002,instructor,2022-01-01T05:30:00+05:30,timestamp,,,,,False,False,https://courses.skillindiadigital.gov.in/api/courses/v1/courses/?page_size=100,filtered_catalogue_metadata;provider_label_not_identity_verification;seats_and_certification_unverified;not_point_in_time_complete,catalogue_candidate_only_not_verified_available_training
course-v1:NSDC+CNCOMTMH002+2022,CNC Operator Machining Technician (Milling) (Hindi),NSDC,CNCOMTMH002,instructor,2022-01-01T05:30:00+05:30,timestamp,,,,,False,False,https://courses.skillindiadigital.gov.in/api/courses/v1/courses/?page_size=100,filtered_catalogue_metadata;provider_label_not_identity_verification;seats_and_certification_unverified;not_point_in_time_complete,catalogue_candidate_only_not_verified_available_training
course-v1:NSDC+COMT003EN+NSDCCOMTEN,CNC Operator / Machining Technician (Lathe),NSDC,COMT003EN,instructor,2023-03-01T05:30:00+05:30,timestamp,,,,,False,False,https://courses.skillindiadigital.gov.in/api/courses/v1/courses/?page_size=100,filtered_catalogue_metadata;provider_label_not_identity_verification;seats_and_certification_unverified;not_point_in_time_complete,catalogue_candidate_only_not_verified_available_training
course-v1:NSDC+COMT004TE+NSDCCOMTTE,CNC Operator / Machining Technician (Lathe) - Telugu,NSDC,COMT004TE,instructor,2023-03-01T05:30:00+05:30,timestamp,,,,,False,False,https://courses.skillindiadigital.gov.in/api/courses/v1/courses/?page_size=100,filtered_catalogue_metadata;provider_label_not_identity_verification;seats_and_certification_unverified;not_point_in_time_complete,catalogue_candidate_only_not_verified_available_training
course-v1:NSDC+COMT005TA+NSDCCOMTTA,CNC Operator / Machining Technician (Lathe) - Tamil,NSDC,COMT005TA,instructor,2023-01-01T05:30:00+05:30,timestamp,,,,,False,False,https://courses.skillindiadigital.gov.in/api/courses/v1/courses/?page_size=100,filtered_catalogue_metadata;provider_label_not_identity_verification;seats_and_certification_unverified;not_point_in_time_complete,catalogue_candidate_only_not_verified_available_training
course-v1:NSDC+COMT006KD+NSDCCOMTKD,CNC Operator / Machining Technician (Lathe) - Kanada,NSDC,COMT006KD,instructor,2023-01-01T05:30:00+05:30,timestamp,,,,,False,False,https://courses.skillindiadigital.gov.in/api/courses/v1/courses/?page_size=100,filtered_catalogue_metadata;provider_label_not_identity_verification;seats_and_certification_unverified;not_point_in_time_complete,catalogue_candidate_only_not_verified_available_training
course-v1:NSDC+COMT007OR+NSDCCOMTOR,CNC Operator / Machining Technician (Lathe) - Oriya,NSDC,COMT007OR,instructor,2023-01-01T05:30:00+05:30,timestamp,,,,,False,False,https://courses.skillindiadigital.gov.in/api/courses/v1/courses/?page_size=100,filtered_catalogue_metadata;provider_label_not_identity_verification;seats_and_certification_unverified;not_point_in_time_complete,catalogue_candidate_only_not_verified_available_training
course-v1:NSDC+COMT008BN+NSDCCOMTBN,CNC Operator / Machining Technician (Lathe) - Bengali,NSDC,COMT008BN,instructor,2023-01-01T05:30:00+05:30,timestamp,,,,,False,False,https://courses.skillindiadigital.gov.in/api/courses/v1/courses/?page_size=100,filtered_catalogue_metadata;provider_label_not_identity_verification;seats_and_certification_unverified;not_point_in_time_complete,catalogue_candidate_only_not_verified_available_training
course-v1:NSDC+COMTM003TE+NSDCTECOMTM,CNC Operator / Machining Technician (Milling) - Telugu,NSDC,COMTM003TE,instructor,2023-03-01T05:30:00+05:30,timestamp,,,,,False,False,https://courses.skillindiadigital.gov.in/api/courses/v1/courses/?page_size=100,filtered_catalogue_metadata;provider_label_not_identity_verification;seats_and_certification_unverified;not_point_in_time_complete,catalogue_candidate_only_not_verified_available_training
course-v1:NSDC+COMTM004TA+NSDCTACOMTM,CNC Operator / Machining Technician (Milling) - Tamil,NSDC,COMTM004TA,instructor,2023-03-01T05:30:00+05:30,timestamp,,,,,False,False,https://courses.skillindiadigital.gov.in/api/courses/v1/courses/?page_size=100,filtered_catalogue_metadata;provider_label_not_identity_verification;seats_and_certification_unverified;not_point_in_time_complete,catalogue_candidate_only_not_verified_available_training
course-v1:NSDC+COMTM005KD+NSDCKDCOMTM,CNC Operator / Machining Technician (Milling) - Kanada,NSDC,COMTM005KD,instructor,2023-03-01T05:30:00+05:30,timestamp,,,,,False,False,https://courses.skillindiadigital.gov.in/api/courses/v1/courses/?page_size=100,filtered_catalogue_metadata;provider_label_not_identity_verification;seats_and_certification_unverified;not_point_in_time_complete,catalogue_candidate_only_not_verified_available_training
course-v1:NSDC+COMTM006OR+NSDCORCOMTM,CNC Operator / Machining Technician (Milling) - Oriya,NSDC,COMTM006OR,instructor,2023-01-01T05:30:00+05:30,timestamp,,,,,False,False,https://courses.skillindiadigital.gov.in/api/courses/v1/courses/?page_size=100,filtered_catalogue_metadata;provider_label_not_identity_verification;seats_and_certification_unverified;not_point_in_time_complete,catalogue_candidate_only_not_verified_available_training
course-v1:NSDC+COMTM007BN+NSDCBNCOMTM,CNC Operator / Machining Technician (Milling) - Bengali,NSDC,COMTM007BN,instructor,2023-03-01T05:30:00+05:30,timestamp,,,,,False,False,https://courses.skillindiadigital.gov.in/api/courses/v1/courses/?page_size=100,filtered_catalogue_metadata;provider_label_not_identity_verification;seats_and_certification_unverified;not_point_in_time_complete,catalogue_candidate_only_not_verified_available_training
course-v1:NSDC+CRMDV-H+2022,CRM Domestic Voice- Hindi,NSDC,CRMDV-H,instructor,2022-01-01T05:30:00+05:30,timestamp,,,,,False,False,https://courses.skillindiadigital.gov.in/api/courses/v1/courses/?page_size=100,filtered_catalogue_metadata;provider_label_not_identity_verification;seats_and_certification_unverified;not_point_in_time_complete,catalogue_candidate_only_not_verified_available_training
course-v1:NSDC+CRMDV001+2022,CRM Domestic Voice,NSDC,CRMDV001,instructor,2022-01-01T05:30:00+05:30,timestamp,,,,,False,False,https://courses.skillindiadigital.gov.in/api/courses/v1/courses/?page_size=100,filtered_catalogue_metadata;provider_label_not_identity_verification;seats_and_certification_unverified;not_point_in_time_complete,catalogue_candidate_only_not_verified_available_training
course-v1:NSDC+CSE001+NSDCCSE,Understanding the Customer Services,NSDC,CSE001,instructor,2024-01-03T05:30:00+05:30,timestamp,,,,,False,False,https://courses.skillindiadigital.gov.in/api/courses/v1/courses/?page_size=100,filtered_catalogue_metadata;provider_label_not_identity_verification;seats_and_certification_unverified;not_point_in_time_complete,catalogue_candidate_only_not_verified_available_training
course-v1:NSDC+CVC001+NSDCCVC,Understanding the Constitutional Values – Citizenship,NSDC,CVC001,instructor,2024-01-03T05:30:00+05:30,timestamp,,,,,False,False,https://courses.skillindiadigital.gov.in/api/courses/v1/courses/?page_size=100,filtered_catalogue_metadata;provider_label_not_identity_verification;seats_and_certification_unverified;not_point_in_time_complete,catalogue_candidate_only_not_verified_available_training
course-v1:NSDC+CWF-H+2022,Carpenter Wooden Furniture- Hindi,NSDC,CWF-H,instructor,2022-01-01T05:30:00+05:30,timestamp,,,,,False,False,https://courses.skillindiadigital.gov.in/api/courses/v1/courses/?page_size=100,filtered_catalogue_metadata;provider_label_not_identity_verification;seats_and_certification_unverified;not_point_in_time_complete,catalogue_candidate_only_not_verified_available_training
course-v1:NSDC+CWF001+2022,Carpenter Wooden Furniture,NSDC,CWF001,instructor,2022-01-01T05:30:00+05:30,timestamp,,,,,False,False,https://courses.skillindiadigital.gov.in/api/courses/v1/courses/?page_size=100,filtered_catalogue_metadata;provider_label_not_identity_verification;seats_and_certification_unverified;not_point_in_time_complete,catalogue_candidate_only_not_verified_available_training
course-v1:NSDC+CWFBEN+2033,Carpenter Wooden Furniture - Bengali,NSDC,CWFBEN,instructor,2023-03-01T05:30:00+05:30,timestamp,,,,,False,False,https://courses.skillindiadigital.gov.in/api/courses/v1/courses/?page_size=100,filtered_catalogue_metadata;provider_label_not_identity_verification;seats_and_certification_unverified;not_point_in_time_complete,catalogue_candidate_only_not_verified_available_training
course-v1:NSDC+CWFKAN+2033,Carpenter Wooden Furniture - Kanada,NSDC,CWFKAN,instructor,2023-03-01T05:30:00+05:30,timestamp,,,,,False,False,https://courses.skillindiadigital.gov.in/api/courses/v1/courses/?page_size=100,filtered_catalogue_metadata;provider_label_not_identity_verification;seats_and_certification_unverified;not_point_in_time_complete,catalogue_candidate_only_not_verified_available_training
course-v1:NSDC+CWFORI+2033,Carpenter Wooden Furniture - Oriya,NSDC,CWFORI,instructor,2023-03-01T05:30:00+05:30,timestamp,,,,,False,False,https://courses.skillindiadigital.gov.in/api/courses/v1/courses/?page_size=100,filtered_catalogue_metadata;provider_label_not_identity_verification;seats_and_certification_unverified;not_point_in_time_complete,catalogue_candidate_only_not_verified_available_training
course-v1:NSDC+CWFTAM+2033,Carpenter Wooden Furniture - Tamil,NSDC,CWFTAM,instructor,2023-03-01T05:30:00+05:30,timestamp,,,,,False,False,https://courses.skillindiadigital.gov.in/api/courses/v1/courses/?page_size=100,filtered_catalogue_metadata;provider_label_not_identity_verification;seats_and_certification_unverified;not_point_in_time_complete,catalogue_candidate_only_not_verified_available_training
course-v1:NSDC+CWFTEL+2033,Carpenter Wooden Furniture - Telugu,NSDC,CWFTEL,instructor,2023-03-01T05:30:00+05:30,timestamp,,,,,False,False,https://courses.skillindiadigital.gov.in/api/courses/v1/courses/?page_size=100,filtered_catalogue_metadata;provider_label_not_identity_verification;seats_and_certification_unverified;not_point_in_time_complete,catalogue_candidate_only_not_verified_available_training
course-v1:NSDC+DI001+NSDCDI,Diversity and Inclusion,NSDC,DI001,instructor,2024-01-03T05:30:00+05:30,timestamp,,,,,False,False,https://courses.skillindiadigital.gov.in/api/courses/v1/courses/?page_size=100,filtered_catalogue_metadata;provider_label_not_identity_verification;seats_and_certification_unverified;not_point_in_time_complete,catalogue_candidate_only_not_verified_available_training
course-v1:nsdc+DPO-E+2022,Desktop publishing operator - Hindi,nsdc,DPO-E,instructor,2023-03-01T05:30:00+05:30,timestamp,,,,,False,False,https://courses.skillindiadigital.gov.in/api/courses/v1/courses/?page_size=100,filtered_catalogue_metadata;provider_label_not_identity_verification;seats_and_certification_unverified;not_point_in_time_complete,catalogue_candidate_only_not_verified_available_training
course-v1:nsdc+DPO-H+2022,Desktop publishing operator,nsdc,DPO-H,instructor,2022-01-01T05:30:00+05:30,timestamp,,,,,False,False,https://courses.skillindiadigital.gov.in/api/courses/v1/courses/?page_size=100,filtered_catalogue_metadata;provider_label_not_identity_verification;seats_and_certification_unverified;not_point_in_time_complete,catalogue_candidate_only_not_verified_available_training
course-v1:NSDC+DPOBEN+2033,Desktop Publishing Operator - Bengali,NSDC,DPOBEN,instructor,2023-03-01T05:30:00+05:30,timestamp,,,,,False,False,https://courses.skillindiadigital.gov.in/api/courses/v1/courses/?page_size=100,filtered_catalogue_metadata;provider_label_not_identity_verification;seats_and_certification_unverified;not_point_in_time_complete,catalogue_candidate_only_not_verified_available_training
course-v1:NSDC+DPOKAN+2033,Desktop Publishing Operator - Kanada,NSDC,DPOKAN,instructor,2023-03-01T05:30:00+05:30,timestamp,,,,,False,False,https://courses.skillindiadigital.gov.in/api/courses/v1/courses/?page_size=100,filtered_catalogue_metadata;provider_label_not_identity_verification;seats_and_certification_unverified;not_point_in_time_complete,catalogue_candidate_only_not_verified_available_training
course-v1:NSDC+DPOORI+2033,Desktop Publishing Operator - Oriya,NSDC,DPOORI,instructor,2023-03-01T05:30:00+05:30,timestamp,,,,,False,False,https://courses.skillindiadigital.gov.in/api/courses/v1/courses/?page_size=100,filtered_catalogue_metadata;provider_label_not_identity_verification;seats_and_certification_unverified;not_point_in_time_complete,catalogue_candidate_only_not_verified_available_training
course-v1:NSDC+DPOTAM+2033,Desktop Publishing Operator - Tamil,NSDC,DPOTAM,instructor,2023-03-01T05:30:00+05:30,timestamp,,,,,False,False,https://courses.skillindiadigital.gov.in/api/courses/v1/courses/?page_size=100,filtered_catalogue_metadata;provider_label_not_identity_verification;seats_and_certification_unverified;not_point_in_time_complete,catalogue_candidate_only_not_verified_available_training
course-v1:NSDC+DPOTEL+2033,Desktop Publishing Operator - Telugu,NSDC,DPOTEL,instructor,2023-03-01T05:30:00+05:30,timestamp,,,,,False,False,https://courses.skillindiadigital.gov.in/api/courses/v1/courses/?page_size=100,filtered_catalogue_metadata;provider_label_not_identity_verification;seats_and_certification_unverified;not_point_in_time_complete,catalogue_candidate_only_not_verified_available_training
course-v1:NSDC+EC001+NSDCEC,Effective Communication,NSDC,EC001,instructor,2023-05-01T05:30:00+05:30,timestamp,,,,,False,False,https://courses.skillindiadigital.gov.in/api/courses/v1/courses/?page_size=100,filtered_catalogue_metadata;provider_label_not_identity_verification;seats_and_certification_unverified;not_point_in_time_complete,catalogue_candidate_only_not_verified_available_training
course-v1:NSDC+EDS001+NSDCEDS,Introduction to Digital Skills,NSDC,EDS001,instructor,2024-01-03T05:30:00+05:30,timestamp,,,,,False,False,https://courses.skillindiadigital.gov.in/api/courses/v1/courses/?page_size=100,filtered_catalogue_metadata;provider_label_not_identity_verification;seats_and_certification_unverified;not_point_in_time_complete,catalogue_candidate_only_not_verified_available_training
course-v1:NSDC+EPS001+NSDCEPS,Introduction to Entrepreneurship Skills,NSDC,EPS001,instructor,2024-01-08T05:30:00+05:30,timestamp,,,,,False,False,https://courses.skillindiadigital.gov.in/api/courses/v1/courses/?page_size=100,filtered_catalogue_metadata;provider_label_not_identity_verification;seats_and_certification_unverified;not_point_in_time_complete,catalogue_candidate_only_not_verified_available_training
course-v1:NSDC+ESTC001+NSDCESTC,Employability Skills Trainer Course,NSDC,ESTC001,instructor,2023-01-01T05:30:00+05:30,timestamp,,,,,False,False,https://courses.skillindiadigital.gov.in/api/courses/v1/courses/?page_size=100,filtered_catalogue_metadata;provider_label_not_identity_verification;seats_and_certification_unverified;not_point_in_time_complete,catalogue_candidate_only_not_verified_available_training
course-v1:NSDC+FALL001+NSDCFALL,Introduction to Financial And Legal Literacy,NSDC,FALL001,instructor,2024-01-03T05:30:00+05:30,timestamp,,,,,False,False,https://courses.skillindiadigital.gov.in/api/courses/v1/courses/?page_size=100,filtered_catalogue_metadata;provider_label_not_identity_verification;seats_and_certification_unverified;not_point_in_time_complete,catalogue_candidate_only_not_verified_available_training
course-v1:NSDC+FBH002+2022,Food & Beverage Steward - Hindi,NSDC,FBH002,instructor,2022-01-01T05:30:00+05:30,timestamp,,,,,False,False,https://courses.skillindiadigital.gov.in/api/courses/v1/courses/?page_size=100,filtered_catalogue_metadata;provider_label_not_identity_verification;seats_and_certification_unverified;not_point_in_time_complete,catalogue_candidate_only_not_verified_available_training
course-v1:NSDC+FBS001+2022,Food & Beverage Steward,NSDC,FBS001,instructor,2022-01-01T05:30:00+05:30,timestamp,,,,,False,False,https://courses.skillindiadigital.gov.in/api/courses/v1/courses/?page_size=100,filtered_catalogue_metadata;provider_label_not_identity_verification;seats_and_certification_unverified;not_point_in_time_complete,catalogue_candidate_only_not_verified_available_training
course-v1:NSDC+FDS003TE+NSDCFDSTE,Food & Beverage Steward - Telugu,NSDC,FDS003TE,instructor,2023-03-01T05:30:00+05:30,timestamp,,,,,False,False,https://courses.skillindiadigital.gov.in/api/courses/v1/courses/?page_size=100,filtered_catalogue_metadata;provider_label_not_identity_verification;seats_and_certification_unverified;not_point_in_time_complete,catalogue_candidate_only_not_verified_available_training
course-v1:NSDC+FDS004TA+NSDCFDSTA,Food & Beverage Steward - Tamil,NSDC,FDS004TA,instructor,2023-03-01T05:30:00+05:30,timestamp,,,,,False,False,https://courses.skillindiadigital.gov.in/api/courses/v1/courses/?page_size=100,filtered_catalogue_metadata;provider_label_not_identity_verification;seats_and_certification_unverified;not_point_in_time_complete,catalogue_candidate_only_not_verified_available_training
course-v1:NSDC+FDS005KD+NSDCFDSKD,Food & Beverage Steward - Kanada,NSDC,FDS005KD,instructor,2023-03-01T05:30:00+05:30,timestamp,,,,,False,False,https://courses.skillindiadigital.gov.in/api/courses/v1/courses/?page_size=100,filtered_catalogue_metadata;provider_label_not_identity_verification;seats_and_certification_unverified;not_point_in_time_complete,catalogue_candidate_only_not_verified_available_training
course-v1:NSDC+FDS006OR+NSDCFDSOR,Food & Beverage Steward - Oriya,NSDC,FDS006OR,instructor,2023-01-01T05:30:00+05:30,timestamp,,,,,False,False,https://courses.skillindiadigital.gov.in/api/courses/v1/courses/?page_size=100,filtered_catalogue_metadata;provider_label_not_identity_verification;seats_and_certification_unverified;not_point_in_time_complete,catalogue_candidate_only_not_verified_available_training
course-v1:NSDC+FDS007BN+NSDCFDSBN,Food & Beverage Steward - Bengali,NSDC,FDS007BN,instructor,2023-01-01T05:30:00+05:30,timestamp,,,,,False,False,https://courses.skillindiadigital.gov.in/api/courses/v1/courses/?page_size=100,filtered_catalogue_metadata;provider_label_not_identity_verification;seats_and_certification_unverified;not_point_in_time_complete,catalogue_candidate_only_not_verified_available_training
course-v1:NSDC+FTAC01+2022,Field Technician - AC,NSDC,FTAC01,instructor,2022-01-01T05:30:00+05:30,timestamp,,,,,False,False,https://courses.skillindiadigital.gov.in/api/courses/v1/courses/?page_size=100,filtered_catalogue_metadata;provider_label_not_identity_verification;seats_and_certification_unverified;not_point_in_time_complete,catalogue_candidate_only_not_verified_available_training
course-v1:NSDC+FTAC02+2022,Field Technician - AC (Hindi),NSDC,FTAC02,instructor,2022-01-01T05:30:00+05:30,timestamp,,,,,False,False,https://courses.skillindiadigital.gov.in/api/courses/v1/courses/?page_size=100,filtered_catalogue_metadata;provider_label_not_identity_verification;seats_and_certification_unverified;not_point_in_time_complete,catalogue_candidate_only_not_verified_available_training
course-v1:NSDC+FTCP-H+2022,Field Technician-Computing and Peripherals-Hindi,NSDC,FTCP-H,instructor,2022-01-01T05:30:00+05:30,timestamp,,,,,False,False,https://courses.skillindiadigital.gov.in/api/courses/v1/courses/?page_size=100,filtered_catalogue_metadata;provider_label_not_identity_verification;seats_and_certification_unverified;not_point_in_time_complete,catalogue_candidate_only_not_verified_available_training
course-v1:NSDC+FTCP001+2022,Field Technician – Computing and Peripherals,NSDC,FTCP001,instructor,2022-01-01T05:30:00+05:30,timestamp,,,,,False,False,https://courses.skillindiadigital.gov.in/api/courses/v1/courses/?page_size=100,filtered_catalogue_metadata;provider_label_not_identity_verification;seats_and_certification_unverified;not_point_in_time_complete,catalogue_candidate_only_not_verified_available_training
course-v1:NSDC+FTCPBEN+2033,Field Technician – Computing and Peripherals - Bengali,NSDC,FTCPBEN,instructor,2023-03-01T05:30:00+05:30,timestamp,,,,,False,False,https://courses.skillindiadigital.gov.in/api/courses/v1/courses/?page_size=100,filtered_catalogue_metadata;provider_label_not_identity_verification;seats_and_certification_unverified;not_point_in_time_complete,catalogue_candidate_only_not_verified_available_training
course-v1:NSDC+FTCPKAN+2033,Field Technician – Computing and Peripherals - Kanada,NSDC,FTCPKAN,instructor,2023-03-01T05:30:00+05:30,timestamp,,,,,False,False,https://courses.skillindiadigital.gov.in/api/courses/v1/courses/?page_size=100,filtered_catalogue_metadata;provider_label_not_identity_verification;seats_and_certification_unverified;not_point_in_time_complete,catalogue_candidate_only_not_verified_available_training
course-v1:NSDC+FTCPORI+2033,Field Technician – Computing and Peripherals - Oriya,NSDC,FTCPORI,instructor,2023-03-01T05:30:00+05:30,timestamp,,,,,False,False,https://courses.skillindiadigital.gov.in/api/courses/v1/courses/?page_size=100,filtered_catalogue_metadata;provider_label_not_identity_verification;seats_and_certification_unverified;not_point_in_time_complete,catalogue_candidate_only_not_verified_available_training
course-v1:NSDC+FTCPTAM+2033,Field Technician – Computing and Peripherals - Tamil,NSDC,FTCPTAM,instructor,2023-03-01T05:30:00+05:30,timestamp,,,,,False,False,https://courses.skillindiadigital.gov.in/api/courses/v1/courses/?page_size=100,filtered_catalogue_metadata;provider_label_not_identity_verification;seats_and_certification_unverified;not_point_in_time_complete,catalogue_candidate_only_not_verified_available_training
course-v1:NSDC+FTCPTEL+2033,Field Technician – Computing and Peripherals - Telugu,NSDC,FTCPTEL,instructor,2023-03-01T05:30:00+05:30,timestamp,,,,,False,False,https://courses.skillindiadigital.gov.in/api/courses/v1/courses/?page_size=100,filtered_catalogue_metadata;provider_label_not_identity_verification;seats_and_certification_unverified;not_point_in_time_complete,catalogue_candidate_only_not_verified_available_training
course-v1:NSDC+GDA003TE+NSDCGDATE,GENERAL DUTY ASSISTANT - Telugu,NSDC,GDA003TE,instructor,2023-03-01T05:30:00+05:30,timestamp,,,,,False,False,https://courses.skillindiadigital.gov.in/api/courses/v1/courses/?page_size=100,filtered_catalogue_metadata;provider_label_not_identity_verification;seats_and_certification_unverified;not_point_in_time_complete,catalogue_candidate_only_not_verified_available_training
course-v1:NSDC+GDA004TA+NSDCGDATA,GENERAL DUTY ASSISTANT - Tamil,NSDC,GDA004TA,instructor,2023-03-01T05:30:00+05:30,timestamp,,,,,False,False,https://courses.skillindiadigital.gov.in/api/courses/v1/courses/?page_size=100,filtered_catalogue_metadata;provider_label_not_identity_verification;seats_and_certification_unverified;not_point_in_time_complete,catalogue_candidate_only_not_verified_available_training
course-v1:NSDC+GDA005KD+NSDCGDAKD,GENERAL DUTY ASSISTANT - Kanada,NSDC,GDA005KD,instructor,2023-03-01T05:30:00+05:30,timestamp,,,,,False,False,https://courses.skillindiadigital.gov.in/api/courses/v1/courses/?page_size=100,filtered_catalogue_metadata;provider_label_not_identity_verification;seats_and_certification_unverified;not_point_in_time_complete,catalogue_candidate_only_not_verified_available_training
course-v1:NSDC+GDA006OR+NSDCGDAOR,General Duty Assistant - Oriya,NSDC,GDA006OR,instructor,2023-03-01T05:30:00+05:30,timestamp,,,,,False,False,https://courses.skillindiadigital.gov.in/api/courses/v1/courses/?page_size=100,filtered_catalogue_metadata;provider_label_not_identity_verification;seats_and_certification_unverified;not_point_in_time_complete,catalogue_candidate_only_not_verified_available_training
course-v1:NSDC+GDA01+2022,General Duty Assistant,NSDC,GDA01,instructor,2022-01-01T05:30:00+05:30,timestamp,,,,,False,False,https://courses.skillindiadigital.gov.in/api/courses/v1/courses/?page_size=100,filtered_catalogue_metadata;provider_label_not_identity_verification;seats_and_certification_unverified;not_point_in_time_complete,catalogue_candidate_only_not_verified_available_training
course-v1:NSDC+GDA02+2022,General Duty Assistant (Hindi),NSDC,GDA02,instructor,2022-01-01T05:30:00+05:30,timestamp,,,,,False,False,https://courses.skillindiadigital.gov.in/api/courses/v1/courses/?page_size=100,filtered_catalogue_metadata;provider_label_not_identity_verification;seats_and_certification_unverified;not_point_in_time_complete,catalogue_candidate_only_not_verified_available_training
course-v1:NSDC+GRFAJ+NSDCGRFAJ,Prepare for Apprenticeships and Jobs,NSDC,GRFAJ,instructor,2024-01-08T05:30:00+05:30,timestamp,,,,,False,False,https://courses.skillindiadigital.gov.in/api/courses/v1/courses/?page_size=100,filtered_catalogue_metadata;provider_label_not_identity_verification;seats_and_certification_unverified;not_point_in_time_complete,catalogue_candidate_only_not_verified_available_training
course-v1:NSDC+HBBSF-H+2022,Helper Bar Bender & Steel Fixer- Hindi,NSDC,HBBSF-H,instructor,2022-01-01T05:30:00+05:30,timestamp,,,,,False,False,https://courses.skillindiadigital.gov.in/api/courses/v1/courses/?page_size=100,filtered_catalogue_metadata;provider_label_not_identity_verification;seats_and_certification_unverified;not_point_in_time_complete,catalogue_candidate_only_not_verified_available_training
course-v1:NSDC+HSC01+2022,Helper Shuttering Carpenter,NSDC,HSC01,instructor,2023-03-01T05:30:00+05:30,timestamp,,,,,False,False,https://courses.skillindiadigital.gov.in/api/courses/v1/courses/?page_size=100,filtered_catalogue_metadata;provider_label_not_identity_verification;seats_and_certification_unverified;not_point_in_time_complete,catalogue_candidate_only_not_verified_available_training
course-v1:NSDC+HSC02+2022,Helper Shuttering Carpenter (Hindi),NSDC,HSC02,instructor,2022-01-01T05:30:00+05:30,timestamp,,,,,False,False,https://courses.skillindiadigital.gov.in/api/courses/v1/courses/?page_size=100,filtered_catalogue_metadata;provider_label_not_identity_verification;seats_and_certification_unverified;not_point_in_time_complete,catalogue_candidate_only_not_verified_available_training
course-v1:NSDC+IBPO+2022,International BPO Agent,NSDC,IBPO,instructor,2022-01-01T05:30:00+05:30,timestamp,,,,,False,False,https://courses.skillindiadigital.gov.in/api/courses/v1/courses/?page_size=100,filtered_catalogue_metadata;provider_label_not_identity_verification;seats_and_certification_unverified;not_point_in_time_complete,catalogue_candidate_only_not_verified_available_training
course-v1:NSDC+ID001+NSDCID,Intellectual Disability,NSDC,ID001,instructor,2023-05-01T05:30:00+05:30,timestamp,,,,,False,False,https://courses.skillindiadigital.gov.in/api/courses/v1/courses/?page_size=100,filtered_catalogue_metadata;provider_label_not_identity_verification;seats_and_certification_unverified;not_point_in_time_complete,catalogue_candidate_only_not_verified_available_training
course-v1:NSDC+IE001+NSDCIE,Inclusive Employment,NSDC,IE001,instructor,2023-05-01T05:30:00+05:30,timestamp,,,,,False,False,https://courses.skillindiadigital.gov.in/api/courses/v1/courses/?page_size=100,filtered_catalogue_metadata;provider_label_not_identity_verification;seats_and_certification_unverified;not_point_in_time_complete,catalogue_candidate_only_not_verified_available_training
course-v1:NSDC+IES001+NSDCIES,Introduction to Employability Skills,NSDC,IES001,instructor,2024-01-03T05:30:00+05:30,timestamp,,,,,False,False,https://courses.skillindiadigital.gov.in/api/courses/v1/courses/?page_size=100,filtered_catalogue_metadata;provider_label_not_identity_verification;seats_and_certification_unverified;not_point_in_time_complete,catalogue_candidate_only_not_verified_available_training
course-v1:NSDC+IL001+NSDCIL,Inclusive Learning,NSDC,IL001,instructor,2023-05-01T05:30:00+05:30,timestamp,,,,,False,False,https://courses.skillindiadigital.gov.in/api/courses/v1/courses/?page_size=100,filtered_catalogue_metadata;provider_label_not_identity_verification;seats_and_certification_unverified;not_point_in_time_complete,catalogue_candidate_only_not_verified_available_training
course-v1:NSDC+IPTM001+NSDCIPTM,Installation of POS terminal Machine,NSDC,IPTM001,instructor,2023-01-01T05:30:00+05:30,timestamp,,,,,False,False,https://courses.skillindiadigital.gov.in/api/courses/v1/courses/?page_size=100,filtered_catalogue_metadata;provider_label_not_identity_verification;seats_and_certification_unverified;not_point_in_time_complete,catalogue_candidate_only_not_verified_available_training
course-v1:nsdc+JSD-E+2022,Junior software developer- English,nsdc,JSD-E,instructor,2022-01-01T05:30:00+05:30,timestamp,,,,,False,False,https://courses.skillindiadigital.gov.in/api/courses/v1/courses/?page_size=100,filtered_catalogue_metadata;provider_label_not_identity_verification;seats_and_certification_unverified;not_point_in_time_complete,catalogue_candidate_only_not_verified_available_training
course-v1:NSDC+MFA01+2022,Mutual Funds Agent,NSDC,MFA01,instructor,2022-01-01T05:30:00+05:30,timestamp,,,,,False,False,https://courses.skillindiadigital.gov.in/api/courses/v1/courses/?page_size=100,filtered_catalogue_metadata;provider_label_not_identity_verification;seats_and_certification_unverified;not_point_in_time_complete,catalogue_candidate_only_not_verified_available_training
course-v1:NSDC+MTL001+NSDCMTLKN,Machining Technician Lathe -Kannada,NSDC,MTL001,instructor,2023-03-01T05:30:00+05:30,timestamp,,,,,False,False,https://courses.skillindiadigital.gov.in/api/courses/v1/courses/?page_size=100,filtered_catalogue_metadata;provider_label_not_identity_verification;seats_and_certification_unverified;not_point_in_time_complete,catalogue_candidate_only_not_verified_available_training
course-v1:NSDC+MTL002+NSDCMTLTA,Machining Technician Lathe -Tamil,NSDC,MTL002,instructor,2023-03-01T05:30:00+05:30,timestamp,,,,,False,False,https://courses.skillindiadigital.gov.in/api/courses/v1/courses/?page_size=100,filtered_catalogue_metadata;provider_label_not_identity_verification;seats_and_certification_unverified;not_point_in_time_complete,catalogue_candidate_only_not_verified_available_training
course-v1:NSDC+MTL003TE+NSDCMTLTE,Machining Technician Lathe -Telugu,NSDC,MTL003TE,instructor,2023-03-01T05:30:00+05:30,timestamp,,,,,False,False,https://courses.skillindiadigital.gov.in/api/courses/v1/courses/?page_size=100,filtered_catalogue_metadata;provider_label_not_identity_verification;seats_and_certification_unverified;not_point_in_time_complete,catalogue_candidate_only_not_verified_available_training
course-v1:NSDC+MTM001+NSDCMTMKN,Machining Technician (Milling) - Kanada,NSDC,MTM001,instructor,2023-03-01T05:30:00+05:30,timestamp,,,,,False,False,https://courses.skillindiadigital.gov.in/api/courses/v1/courses/?page_size=100,filtered_catalogue_metadata;provider_label_not_identity_verification;seats_and_certification_unverified;not_point_in_time_complete,catalogue_candidate_only_not_verified_available_training
course-v1:NSDC+MTM002TA+NSDCMTMTA,Machining Technician (milling) -Tamil,NSDC,MTM002TA,instructor,2023-03-01T05:30:00+05:30,timestamp,,,,,False,False,https://courses.skillindiadigital.gov.in/api/courses/v1/courses/?page_size=100,filtered_catalogue_metadata;provider_label_not_identity_verification;seats_and_certification_unverified;not_point_in_time_complete,catalogue_candidate_only_not_verified_available_training
course-v1:NSDC+MTM003TE+NSDCMTMTE,Machining Technician (milling) -Telugu,NSDC,MTM003TE,instructor,2023-03-01T05:30:00+05:30,timestamp,,,,,False,False,https://courses.skillindiadigital.gov.in/api/courses/v1/courses/?page_size=100,filtered_catalogue_metadata;provider_label_not_identity_verification;seats_and_certification_unverified;not_point_in_time_complete,catalogue_candidate_only_not_verified_available_training
course-v1:NSDC+NSDCASE002TL+NSDCASETL,Assistant Electrician - Telugu,NSDC,NSDCASE002TL,instructor,2023-03-01T05:30:00+05:30,timestamp,,,,,False,False,https://courses.skillindiadigital.gov.in/api/courses/v1/courses/?page_size=100,filtered_catalogue_metadata;provider_label_not_identity_verification;seats_and_certification_unverified;not_point_in_time_complete,catalogue_candidate_only_not_verified_available_training
course-v1:NSDC+NSDCASE003KN+NSDCASEKN,Assistant Electrician - Kanada,NSDC,NSDCASE003KN,instructor,2023-03-01T05:30:00+05:30,timestamp,,,,,False,False,https://courses.skillindiadigital.gov.in/api/courses/v1/courses/?page_size=100,filtered_catalogue_metadata;provider_label_not_identity_verification;seats_and_certification_unverified;not_point_in_time_complete,catalogue_candidate_only_not_verified_available_training
course-v1:NSDC+NSDCASE003TM+BSDCASETM,Assistant Electrician - Tamil,NSDC,NSDCASE003TM,instructor,2023-03-01T05:30:00+05:30,timestamp,,,,,False,False,https://courses.skillindiadigital.gov.in/api/courses/v1/courses/?page_size=100,filtered_catalogue_metadata;provider_label_not_identity_verification;seats_and_certification_unverified;not_point_in_time_complete,catalogue_candidate_only_not_verified_available_training
course-v1:NSDC+NSDCASE004OR+NSDCASEOR,Assistant Electrician - Oriya,NSDC,NSDCASE004OR,instructor,2023-03-01T05:30:00+05:30,timestamp,,,,,False,False,https://courses.skillindiadigital.gov.in/api/courses/v1/courses/?page_size=100,filtered_catalogue_metadata;provider_label_not_identity_verification;seats_and_certification_unverified;not_point_in_time_complete,catalogue_candidate_only_not_verified_available_training
course-v1:NSDC+NSDCASE005BEN+NSDCASEBEN,Assistant Electrician - Bengali,NSDC,NSDCASE005BEN,instructor,2023-03-01T05:30:00+05:30,timestamp,,,,,False,False,https://courses.skillindiadigital.gov.in/api/courses/v1/courses/?page_size=100,filtered_catalogue_metadata;provider_label_not_identity_verification;seats_and_certification_unverified;not_point_in_time_complete,catalogue_candidate_only_not_verified_available_training
course-v1:NSDC+NSDCCCFE001EN+NSDCCCFEEN,Certificate course for Foundation in Education,NSDC,NSDCCCFE001EN,instructor,2023-03-01T05:30:00+05:30,timestamp,,,,,False,False,https://courses.skillindiadigital.gov.in/api/courses/v1/courses/?page_size=100,filtered_catalogue_metadata;provider_label_not_identity_verification;seats_and_certification_unverified;not_point_in_time_complete,catalogue_candidate_only_not_verified_available_training
course-v1:NSDC+NSDCCCFE003TL+NSDCCCFETL,Certificate course for Foundation in Education - Telugu,NSDC,NSDCCCFE003TL,instructor,2023-05-01T05:30:00+05:30,timestamp,,,,,False,False,https://courses.skillindiadigital.gov.in/api/courses/v1/courses/?page_size=100,filtered_catalogue_metadata;provider_label_not_identity_verification;seats_and_certification_unverified;not_point_in_time_complete,catalogue_candidate_only_not_verified_available_training
course-v1:NSDC+NSDCCT002TM+NSDCCTTM,Vision Technician - Tamil,NSDC,NSDCCT002TM,instructor,2023-03-01T05:30:00+05:30,timestamp,,,,,False,False,https://courses.skillindiadigital.gov.in/api/courses/v1/courses/?page_size=100,filtered_catalogue_metadata;provider_label_not_identity_verification;seats_and_certification_unverified;not_point_in_time_complete,catalogue_candidate_only_not_verified_available_training
course-v1:NSDC+NSDCFTA002HN+NSDCFTAHN,Field Technician : AC - Hindi,NSDC,NSDCFTA002HN,instructor,2023-03-01T05:30:00+05:30,timestamp,,,,,False,False,https://courses.skillindiadigital.gov.in/api/courses/v1/courses/?page_size=100,filtered_catalogue_metadata;provider_label_not_identity_verification;seats_and_certification_unverified;not_point_in_time_complete,catalogue_candidate_only_not_verified_available_training
course-v1:NSDC+NSDCFTA003TL+NSDCFTATL,Field Technician : AC - Telugu,NSDC,NSDCFTA003TL,instructor,2023-03-01T05:30:00+05:30,timestamp,,,,,False,False,https://courses.skillindiadigital.gov.in/api/courses/v1/courses/?page_size=100,filtered_catalogue_metadata;provider_label_not_identity_verification;seats_and_certification_unverified;not_point_in_time_complete,catalogue_candidate_only_not_verified_available_training
course-v1:NSDC+NSDCFTA004TM+NSDCFTATM,Field Technician : AC - Tamil,NSDC,NSDCFTA004TM,instructor,2023-03-01T05:30:00+05:30,timestamp,,,,,False,False,https://courses.skillindiadigital.gov.in/api/courses/v1/courses/?page_size=100,filtered_catalogue_metadata;provider_label_not_identity_verification;seats_and_certification_unverified;not_point_in_time_complete,catalogue_candidate_only_not_verified_available_training
course-v1:NSDC+NSDCFTA006OR+NSDCFTAOR,Field Technician : AC - Oriya,NSDC,NSDCFTA006OR,instructor,2023-03-01T05:30:00+05:30,timestamp,,,,,False,False,https://courses.skillindiadigital.gov.in/api/courses/v1/courses/?page_size=100,filtered_catalogue_metadata;provider_label_not_identity_verification;seats_and_certification_unverified;not_point_in_time_complete,catalogue_candidate_only_not_verified_available_training
course-v1:NSDC+NSDCFTA007BEN+NSDCFTABEN,Field Technician : AC -Bengali,NSDC,NSDCFTA007BEN,instructor,2023-03-01T05:30:00+05:30,timestamp,,,,,False,False,https://courses.skillindiadigital.gov.in/api/courses/v1/courses/?page_size=100,filtered_catalogue_metadata;provider_label_not_identity_verification;seats_and_certification_unverified;not_point_in_time_complete,catalogue_candidate_only_not_verified_available_training
course-v1:NSDC+NSDCFTA2005KN+NSDCFTAKN,Field Technician : AC - Kanada,NSDC,NSDCFTA2005KN,instructor,2023-03-01T05:30:00+05:30,timestamp,,,,,False,False,https://courses.skillindiadigital.gov.in/api/courses/v1/courses/?page_size=100,filtered_catalogue_metadata;provider_label_not_identity_verification;seats_and_certification_unverified;not_point_in_time_complete,catalogue_candidate_only_not_verified_available_training
course-v1:NSDC+NSDCHBSF001TL+NSDCHBSFTL,Helper Bar Bender & Steel Fixer - Telugu,NSDC,NSDCHBSF001TL,instructor,2023-03-01T05:30:00+05:30,timestamp,,,,,False,False,https://courses.skillindiadigital.gov.in/api/courses/v1/courses/?page_size=100,filtered_catalogue_metadata;provider_label_not_identity_verification;seats_and_certification_unverified;not_point_in_time_complete,catalogue_candidate_only_not_verified_available_training
course-v1:NSDC+NSDCHBSF002TM+NSDCHBSFTM,Helper Bar Bender & Steel Fixer - Tamil,NSDC,NSDCHBSF002TM,instructor,2023-03-01T05:30:00+05:30,timestamp,,,,,False,False,https://courses.skillindiadigital.gov.in/api/courses/v1/courses/?page_size=100,filtered_catalogue_metadata;provider_label_not_identity_verification;seats_and_certification_unverified;not_point_in_time_complete,catalogue_candidate_only_not_verified_available_training
course-v1:NSDC+NSDCHBSF003KN+NSDCHBSFKN,Helper Bar Bender & Steel Fixer - Kannada,NSDC,NSDCHBSF003KN,instructor,2023-03-01T05:30:00+05:30,timestamp,,,,,False,False,https://courses.skillindiadigital.gov.in/api/courses/v1/courses/?page_size=100,filtered_catalogue_metadata;provider_label_not_identity_verification;seats_and_certification_unverified;not_point_in_time_complete,catalogue_candidate_only_not_verified_available_training
course-v1:NSDC+NSDCHBSF004OR+NSDCHBSFOR,Helper Bar Bender & Steel Fixer - Oriya,NSDC,NSDCHBSF004OR,instructor,2023-01-01T05:30:00+05:30,timestamp,,,,,False,False,https://courses.skillindiadigital.gov.in/api/courses/v1/courses/?page_size=100,filtered_catalogue_metadata;provider_label_not_identity_verification;seats_and_certification_unverified;not_point_in_time_complete,catalogue_candidate_only_not_verified_available_training
course-v1:NSDC+NSDCHBSF005BEN+NSDBHBSFBEN,Helper Bar Bender & Steel Fixer - Bengali,NSDC,NSDCHBSF005BEN,instructor,2023-03-01T05:30:00+05:30,timestamp,,,,,False,False,https://courses.skillindiadigital.gov.in/api/courses/v1/courses/?page_size=100,filtered_catalogue_metadata;provider_label_not_identity_verification;seats_and_certification_unverified;not_point_in_time_complete,catalogue_candidate_only_not_verified_available_training
course-v1:NSDC+NSDCHBSF005BEN+NSDVHBSFBEN,GENERAL DUTY ASSISTANT - Bengali,NSDC,NSDCHBSF005BEN,instructor,2023-01-01T05:30:00+05:30,timestamp,,,,,False,False,https://courses.skillindiadigital.gov.in/api/courses/v1/courses/?page_size=100,filtered_catalogue_metadata;provider_label_not_identity_verification;seats_and_certification_unverified;not_point_in_time_complete,catalogue_candidate_only_not_verified_available_training
course-v1:NSDC+NSDCHSC001TL+NSDCHSCTL,Helper Shuttering Carpenter - Telugu,NSDC,NSDCHSC001TL,instructor,2023-03-01T05:30:00+05:30,timestamp,,,,,False,False,https://courses.skillindiadigital.gov.in/api/courses/v1/courses/?page_size=100,filtered_catalogue_metadata;provider_label_not_identity_verification;seats_and_certification_unverified;not_point_in_time_complete,catalogue_candidate_only_not_verified_available_training
course-v1:NSDC+NSDCHSC002TM+NSDCHSCTM,Helper Shuttering Carpenter - Tamil,NSDC,NSDCHSC002TM,instructor,2023-03-01T05:30:00+05:30,timestamp,,,,,False,False,https://courses.skillindiadigital.gov.in/api/courses/v1/courses/?page_size=100,filtered_catalogue_metadata;provider_label_not_identity_verification;seats_and_certification_unverified;not_point_in_time_complete,catalogue_candidate_only_not_verified_available_training
course-v1:NSDC+NSDCHSC003KN+NSDCHSCKN,Helper Shuttering Carpenter - kanada,NSDC,NSDCHSC003KN,instructor,2023-03-01T05:30:00+05:30,timestamp,,,,,False,False,https://courses.skillindiadigital.gov.in/api/courses/v1/courses/?page_size=100,filtered_catalogue_metadata;provider_label_not_identity_verification;seats_and_certification_unverified;not_point_in_time_complete,catalogue_candidate_only_not_verified_available_training
course-v1:NSDC+NSDCHSC004OR+NSDCHSCOR,Helper Shuttering Carpenter - Oriya,NSDC,NSDCHSC004OR,instructor,2023-03-01T05:30:00+05:30,timestamp,,,,,False,False,https://courses.skillindiadigital.gov.in/api/courses/v1/courses/?page_size=100,filtered_catalogue_metadata;provider_label_not_identity_verification;seats_and_certification_unverified;not_point_in_time_complete,catalogue_candidate_only_not_verified_available_training
course-v1:NSDC+NSDCHSC005BEN+NSDCHSCBEN,Helper Shuttering Carpenter - Bengali,NSDC,NSDCHSC005BEN,instructor,2023-03-01T05:30:00+05:30,timestamp,,,,,False,False,https://courses.skillindiadigital.gov.in/api/courses/v1/courses/?page_size=100,filtered_catalogue_metadata;provider_label_not_identity_verification;seats_and_certification_unverified;not_point_in_time_complete,catalogue_candidate_only_not_verified_available_training
course-v1:NSDC+NSDCTC001KAN+NCDSKN,Trainee Chef - Kanada,NSDC,NSDCTC001KAN,instructor,2023-03-01T05:30:00+05:30,timestamp,,,,,False,False,https://courses.skillindiadigital.gov.in/api/courses/v1/courses/?page_size=100,filtered_catalogue_metadata;provider_label_not_identity_verification;seats_and_certification_unverified;not_point_in_time_complete,catalogue_candidate_only_not_verified_available_training
course-v1:NSDC+NSDCTC003BAN+NSDCTCBAN,Trainee Chef - Bengali,NSDC,NSDCTC003BAN,instructor,2023-03-01T05:30:00+05:30,timestamp,,,,,False,False,https://courses.skillindiadigital.gov.in/api/courses/v1/courses/?page_size=100,filtered_catalogue_metadata;provider_label_not_identity_verification;seats_and_certification_unverified;not_point_in_time_complete,catalogue_candidate_only_not_verified_available_training
course-v1:NSDC+NSDCTC004TM+NCDSCTM,Trainee Chef - Tamil,NSDC,NSDCTC004TM,instructor,2023-03-01T05:30:00+05:30,timestamp,,,,,False,False,https://courses.skillindiadigital.gov.in/api/courses/v1/courses/?page_size=100,filtered_catalogue_metadata;provider_label_not_identity_verification;seats_and_certification_unverified;not_point_in_time_complete,catalogue_candidate_only_not_verified_available_training
course-v1:NSDC+NSDCTRA001TL+NSDCTRATL,Trainee Associate - Telugu,NSDC,NSDCTRA001TL,instructor,2023-03-01T05:30:00+05:30,timestamp,,,,,False,False,https://courses.skillindiadigital.gov.in/api/courses/v1/courses/?page_size=100,filtered_catalogue_metadata;provider_label_not_identity_verification;seats_and_certification_unverified;not_point_in_time_complete,catalogue_candidate_only_not_verified_available_training
course-v1:NSDC+NSDCTRA002TM+NSDCTRATM,Trainee Associate - Tamil,NSDC,NSDCTRA002TM,instructor,2023-03-01T05:30:00+05:30,timestamp,,,,,False,False,https://courses.skillindiadigital.gov.in/api/courses/v1/courses/?page_size=100,filtered_catalogue_metadata;provider_label_not_identity_verification;seats_and_certification_unverified;not_point_in_time_complete,catalogue_candidate_only_not_verified_available_training
course-v1:NSDC+NSDCTRA003KN+NSDCTRAKN,Trainee Associate - Kanada,NSDC,NSDCTRA003KN,instructor,2023-03-01T05:30:00+05:30,timestamp,,,,,False,False,https://courses.skillindiadigital.gov.in/api/courses/v1/courses/?page_size=100,filtered_catalogue_metadata;provider_label_not_identity_verification;seats_and_certification_unverified;not_point_in_time_complete,catalogue_candidate_only_not_verified_available_training
course-v1:NSDC+NSDCTRA004OR+NSDCTRAOR,Trainee Associate - Oriya,NSDC,NSDCTRA004OR,instructor,2023-03-01T05:30:00+05:30,timestamp,,,,,False,False,https://courses.skillindiadigital.gov.in/api/courses/v1/courses/?page_size=100,filtered_catalogue_metadata;provider_label_not_identity_verification;seats_and_certification_unverified;not_point_in_time_complete,catalogue_candidate_only_not_verified_available_training
course-v1:NSDC+NSDCTRA005BEN+NSDCTRABEN,Trainee Associate - Bengali,NSDC,NSDCTRA005BEN,instructor,2023-03-01T05:30:00+05:30,timestamp,,,,,False,False,https://courses.skillindiadigital.gov.in/api/courses/v1/courses/?page_size=100,filtered_catalogue_metadata;provider_label_not_identity_verification;seats_and_certification_unverified;not_point_in_time_complete,catalogue_candidate_only_not_verified_available_training
course-v1:NSDC+NSDCVT001TEL+NSDCTEL,Vision Technician - Telugu,NSDC,NSDCVT001TEL,instructor,2023-03-01T05:30:00+05:30,timestamp,,,,,False,False,https://courses.skillindiadigital.gov.in/api/courses/v1/courses/?page_size=100,filtered_catalogue_metadata;provider_label_not_identity_verification;seats_and_certification_unverified;not_point_in_time_complete,catalogue_candidate_only_not_verified_available_training
course-v1:NSDC+NSDCVT003KN+NSDCVTKN,Vision Technician - Kanada,NSDC,NSDCVT003KN,instructor,2023-03-01T05:30:00+05:30,timestamp,,,,,False,False,https://courses.skillindiadigital.gov.in/api/courses/v1/courses/?page_size=100,filtered_catalogue_metadata;provider_label_not_identity_verification;seats_and_certification_unverified;not_point_in_time_complete,catalogue_candidate_only_not_verified_available_training
course-v1:NSDC+NSDCVT004OR+NSDCVTOR,Vision Technician - oriya,NSDC,NSDCVT004OR,instructor,2023-03-01T05:30:00+05:30,timestamp,,,,,False,False,https://courses.skillindiadigital.gov.in/api/courses/v1/courses/?page_size=100,filtered_catalogue_metadata;provider_label_not_identity_verification;seats_and_certification_unverified;not_point_in_time_complete,catalogue_candidate_only_not_verified_available_training
course-v1:NSDC+NSDCVT005BEN+NSDCVTBEN,Vision Technician - Bengali,NSDC,NSDCVT005BEN,instructor,2023-03-01T05:30:00+05:30,timestamp,,,,,False,False,https://courses.skillindiadigital.gov.in/api/courses/v1/courses/?page_size=100,filtered_catalogue_metadata;provider_label_not_identity_verification;seats_and_certification_unverified;not_point_in_time_complete,catalogue_candidate_only_not_verified_available_training
course-v1:NSDC+PD001+NSDCPD,Physical Disability,NSDC,PD001,instructor,2023-05-01T05:30:00+05:30,timestamp,,,,,False,False,https://courses.skillindiadigital.gov.in/api/courses/v1/courses/?page_size=100,filtered_catalogue_metadata;provider_label_not_identity_verification;seats_and_certification_unverified;not_point_in_time_complete,catalogue_candidate_only_not_verified_available_training
course-v1:NSDC+PI001+NSDCPI,Preparing for Inclusion,NSDC,PI001,instructor,2023-05-01T05:30:00+05:30,timestamp,,,,,False,False,https://courses.skillindiadigital.gov.in/api/courses/v1/courses/?page_size=100,filtered_catalogue_metadata;provider_label_not_identity_verification;seats_and_certification_unverified;not_point_in_time_complete,catalogue_candidate_only_not_verified_available_training
course-v1:NSDC+PMAM001+NSDCPMAMEN,Pradhan Mantri Arogya Mitra-English,NSDC,PMAM001,instructor,2023-07-01T05:30:00+05:30,timestamp,,,,,False,False,https://courses.skillindiadigital.gov.in/api/courses/v1/courses/?page_size=100,filtered_catalogue_metadata;provider_label_not_identity_verification;seats_and_certification_unverified;not_point_in_time_complete,catalogue_candidate_only_not_verified_available_training
course-v1:NSDC+PMAM002+NSDCPMAMHN,Pradhan Mantri Arogya Mitra-Hindi,NSDC,PMAM002,instructor,2023-07-01T05:30:00+05:30,timestamp,,,,,False,False,https://courses.skillindiadigital.gov.in/api/courses/v1/courses/?page_size=100,filtered_catalogue_metadata;provider_label_not_identity_verification;seats_and_certification_unverified;not_point_in_time_complete,catalogue_candidate_only_not_verified_available_training
course-v1:NSDC+SD001+NSDCSD,Sensory Disability,NSDC,SD001,instructor,2023-05-01T05:30:00+05:30,timestamp,,,,,False,False,https://courses.skillindiadigital.gov.in/api/courses/v1/courses/?page_size=100,filtered_catalogue_metadata;provider_label_not_identity_verification;seats_and_certification_unverified;not_point_in_time_complete,catalogue_candidate_only_not_verified_available_training
course-v1:NSDC+TA001+2022,Trainee Associate,NSDC,TA001,instructor,2022-01-01T05:30:00+05:30,timestamp,,,,,False,False,https://courses.skillindiadigital.gov.in/api/courses/v1/courses/?page_size=100,filtered_catalogue_metadata;provider_label_not_identity_verification;seats_and_certification_unverified;not_point_in_time_complete,catalogue_candidate_only_not_verified_available_training
course-v1:NSDC+TA02+2022,Trainee Associate - Hindi,NSDC,TA02,instructor,2022-01-01T05:30:00+05:30,timestamp,,,,,False,False,https://courses.skillindiadigital.gov.in/api/courses/v1/courses/?page_size=100,filtered_catalogue_metadata;provider_label_not_identity_verification;seats_and_certification_unverified;not_point_in_time_complete,catalogue_candidate_only_not_verified_available_training
course-v1:nsdc+TC-H+2022,Trainee Chef- Hindi,nsdc,TC-H,instructor,2023-03-01T05:30:00+05:30,timestamp,,,,,False,False,https://courses.skillindiadigital.gov.in/api/courses/v1/courses/?page_size=100,filtered_catalogue_metadata;provider_label_not_identity_verification;seats_and_certification_unverified;not_point_in_time_complete,catalogue_candidate_only_not_verified_available_training
course-v1:NSDC+TCNSDC002OR+NSDCOR,Trainee Chef - Oriya,NSDC,TCNSDC002OR,instructor,2023-03-01T05:30:00+05:30,timestamp,,,,,False,False,https://courses.skillindiadigital.gov.in/api/courses/v1/courses/?page_size=100,filtered_catalogue_metadata;provider_label_not_identity_verification;seats_and_certification_unverified;not_point_in_time_complete,catalogue_candidate_only_not_verified_available_training
course-v1:NSDC+VT001+2022,Vision Technician,NSDC,VT001,instructor,2022-01-01T05:30:00+05:30,timestamp,,,,,False,False,https://courses.skillindiadigital.gov.in/api/courses/v1/courses/?page_size=100,filtered_catalogue_metadata;provider_label_not_identity_verification;seats_and_certification_unverified;not_point_in_time_complete,catalogue_candidate_only_not_verified_available_training
course-v1:NSDC+VT02+2022,Vision Technician (Hindi),NSDC,VT02,instructor,2023-03-01T05:30:00+05:30,timestamp,,,,,False,False,https://courses.skillindiadigital.gov.in/api/courses/v1/courses/?page_size=100,filtered_catalogue_metadata;provider_label_not_identity_verification;seats_and_certification_unverified;not_point_in_time_complete,catalogue_candidate_only_not_verified_available_training
course-v1:NSDC+WAA001+2022,Welding Assistant (ARC),NSDC,WAA001,instructor,2022-01-01T05:30:00+05:30,timestamp,,,,,False,False,https://courses.skillindiadigital.gov.in/api/courses/v1/courses/?page_size=100,filtered_catalogue_metadata;provider_label_not_identity_verification;seats_and_certification_unverified;not_point_in_time_complete,catalogue_candidate_only_not_verified_available_training
course-v1:NSDC+WAARCBEN+2033,Welding Assistant (ARC) - Bengali,NSDC,WAARCBEN,instructor,2023-01-01T05:30:00+05:30,timestamp,,,,,False,False,https://courses.skillindiadigital.gov.in/api/courses/v1/courses/?page_size=100,filtered_catalogue_metadata;provider_label_not_identity_verification;seats_and_certification_unverified;not_point_in_time_complete,catalogue_candidate_only_not_verified_available_training
course-v1:NSDC+WAARCKAN+2033,Welding Assistant (ARC) - Kanada,NSDC,WAARCKAN,instructor,2023-03-01T05:30:00+05:30,timestamp,,,,,False,False,https://courses.skillindiadigital.gov.in/api/courses/v1/courses/?page_size=100,filtered_catalogue_metadata;provider_label_not_identity_verification;seats_and_certification_unverified;not_point_in_time_complete,catalogue_candidate_only_not_verified_available_training
course-v1:NSDC+WAARCORI+2033,Welding Assistant (ARC) - Oriya,NSDC,WAARCORI,instructor,2023-03-01T05:30:00+05:30,timestamp,,,,,False,False,https://courses.skillindiadigital.gov.in/api/courses/v1/courses/?page_size=100,filtered_catalogue_metadata;provider_label_not_identity_verification;seats_and_certification_unverified;not_point_in_time_complete,catalogue_candidate_only_not_verified_available_training
course-v1:NSDC+WAARCTAM+2033,Welding Assistant (ARC) - Tamil,NSDC,WAARCTAM,instructor,2023-03-01T05:30:00+05:30,timestamp,,,,,False,False,https://courses.skillindiadigital.gov.in/api/courses/v1/courses/?page_size=100,filtered_catalogue_metadata;provider_label_not_identity_verification;seats_and_certification_unverified;not_point_in_time_complete,catalogue_candidate_only_not_verified_available_training
course-v1:NSDC+WAARCTEL+2033,Welding Assistant (ARC) - Telugu,NSDC,WAARCTEL,instructor,2023-03-01T05:30:00+05:30,timestamp,,,,,False,False,https://courses.skillindiadigital.gov.in/api/courses/v1/courses/?page_size=100,filtered_catalogue_metadata;provider_label_not_identity_verification;seats_and_certification_unverified;not_point_in_time_complete,catalogue_candidate_only_not_verified_available_training
course-v1:NSDC+WATIG+2033,Welding Assistant (TIG)-Telugu,NSDC,WATIG,instructor,2023-03-01T05:30:00+05:30,timestamp,,,,,False,False,https://courses.skillindiadigital.gov.in/api/courses/v1/courses/?page_size=100,filtered_catalogue_metadata;provider_label_not_identity_verification;seats_and_certification_unverified;not_point_in_time_complete,catalogue_candidate_only_not_verified_available_training
course-v1:NSDC+WATIGBENGALI+2033,Welding Assistant (TIG)-Bengali,NSDC,WATIGBENGALI,instructor,2023-03-01T05:30:00+05:30,timestamp,,,,,False,False,https://courses.skillindiadigital.gov.in/api/courses/v1/courses/?page_size=100,filtered_catalogue_metadata;provider_label_not_identity_verification;seats_and_certification_unverified;not_point_in_time_complete,catalogue_candidate_only_not_verified_available_training
course-v1:NSDC+WATIGKANADA+2033,Welding Assistant (TIG)-Kanada,NSDC,WATIGKANADA,instructor,2023-03-01T05:30:00+05:30,timestamp,,,,,False,False,https://courses.skillindiadigital.gov.in/api/courses/v1/courses/?page_size=100,filtered_catalogue_metadata;provider_label_not_identity_verification;seats_and_certification_unverified;not_point_in_time_complete,catalogue_candidate_only_not_verified_available_training
course-v1:NSDC+WATIGORIYA+2033,Welding Assistant (TIG)-Oriya,NSDC,WATIGORIYA,instructor,2023-03-01T05:30:00+05:30,timestamp,,,,,False,False,https://courses.skillindiadigital.gov.in/api/courses/v1/courses/?page_size=100,filtered_catalogue_metadata;provider_label_not_identity_verification;seats_and_certification_unverified;not_point_in_time_complete,catalogue_candidate_only_not_verified_available_training
course-v1:NSDC+WATIGTAMIL+2033,Welding Assistant (TIG)-Tamil,NSDC,WATIGTAMIL,instructor,2023-03-01T05:30:00+05:30,timestamp,,,,,False,False,https://courses.skillindiadigital.gov.in/api/courses/v1/courses/?page_size=100,filtered_catalogue_metadata;provider_label_not_identity_verification;seats_and_certification_unverified;not_point_in_time_complete,catalogue_candidate_only_not_verified_available_training
course-v1:nsdc+WDD-E+2022,Web Design & Development - English,nsdc,WDD-E,instructor,2023-03-01T05:30:00+05:30,timestamp,,,,,False,False,https://courses.skillindiadigital.gov.in/api/courses/v1/courses/?page_size=100,filtered_catalogue_metadata;provider_label_not_identity_verification;seats_and_certification_unverified;not_point_in_time_complete,catalogue_candidate_only_not_verified_available_training
course-v1:nsdc+wdd-h+2022,Web design development- hindi,nsdc,wdd-h,instructor,2022-01-01T05:30:00+05:30,timestamp,,,,,False,False,https://courses.skillindiadigital.gov.in/api/courses/v1/courses/?page_size=100,filtered_catalogue_metadata;provider_label_not_identity_verification;seats_and_certification_unverified;not_point_in_time_complete,catalogue_candidate_only_not_verified_available_training
course-v1:NSDC+WDD1+2022,Web Designer and Developer,NSDC,WDD1,instructor,2022-01-01T05:30:00+05:30,timestamp,,,,,False,False,https://courses.skillindiadigital.gov.in/api/courses/v1/courses/?page_size=100,filtered_catalogue_metadata;provider_label_not_identity_verification;seats_and_certification_unverified;not_point_in_time_complete,catalogue_candidate_only_not_verified_available_training
course-v1:NSDC+WDDBEN+2033,Web Design & Development - Bengali,NSDC,WDDBEN,instructor,2023-03-01T05:30:00+05:30,timestamp,,,,,False,False,https://courses.skillindiadigital.gov.in/api/courses/v1/courses/?page_size=100,filtered_catalogue_metadata;provider_label_not_identity_verification;seats_and_certification_unverified;not_point_in_time_complete,catalogue_candidate_only_not_verified_available_training
course-v1:NSDC+WDDHIN+2033,Web Design & Development - Hindi,NSDC,WDDHIN,instructor,2023-03-01T05:30:00+05:30,timestamp,,,,,False,False,https://courses.skillindiadigital.gov.in/api/courses/v1/courses/?page_size=100,filtered_catalogue_metadata;provider_label_not_identity_verification;seats_and_certification_unverified;not_point_in_time_complete,catalogue_candidate_only_not_verified_available_training
course-v1:NSDC+WDDKAN+2033,Web Design & Development - Kanada,NSDC,WDDKAN,instructor,2023-03-01T05:30:00+05:30,timestamp,,,,,False,False,https://courses.skillindiadigital.gov.in/api/courses/v1/courses/?page_size=100,filtered_catalogue_metadata;provider_label_not_identity_verification;seats_and_certification_unverified;not_point_in_time_complete,catalogue_candidate_only_not_verified_available_training
course-v1:NSDC+WDDORI+2033,Web Design & Development - Oriya,NSDC,WDDORI,instructor,2023-03-01T05:30:00+05:30,timestamp,,,,,False,False,https://courses.skillindiadigital.gov.in/api/courses/v1/courses/?page_size=100,filtered_catalogue_metadata;provider_label_not_identity_verification;seats_and_certification_unverified;not_point_in_time_complete,catalogue_candidate_only_not_verified_available_training
course-v1:NSDC+WDDTAM+2033,Web Design & Development - Tamil,NSDC,WDDTAM,instructor,2023-03-01T05:30:00+05:30,timestamp,,,,,False,False,https://courses.skillindiadigital.gov.in/api/courses/v1/courses/?page_size=100,filtered_catalogue_metadata;provider_label_not_identity_verification;seats_and_certification_unverified;not_point_in_time_complete,catalogue_candidate_only_not_verified_available_training
course-v1:NSDC+WDDTEL+2033,Web Design & Development - Telugu,NSDC,WDDTEL,instructor,2023-03-01T05:30:00+05:30,timestamp,,,,,False,False,https://courses.skillindiadigital.gov.in/api/courses/v1/courses/?page_size=100,filtered_catalogue_metadata;provider_label_not_identity_verification;seats_and_certification_unverified;not_point_in_time_complete,catalogue_candidate_only_not_verified_available_training
course-v1:NSDC+WT001+2022,Welding Technician,NSDC,WT001,instructor,2022-01-01T05:30:00+05:30,timestamp,,,,,False,False,https://courses.skillindiadigital.gov.in/api/courses/v1/courses/?page_size=100,filtered_catalogue_metadata;provider_label_not_identity_verification;seats_and_certification_unverified;not_point_in_time_complete,catalogue_candidate_only_not_verified_available_training
course-v1:NSDC+WT002+2022,Welding Technician - Hindi,NSDC,WT002,instructor,2022-01-01T05:30:00+05:30,timestamp,,,,,False,False,https://courses.skillindiadigital.gov.in/api/courses/v1/courses/?page_size=100,filtered_catalogue_metadata;provider_label_not_identity_verification;seats_and_certification_unverified;not_point_in_time_complete,catalogue_candidate_only_not_verified_available_training
course-v1:NSDC+WT003KN+NSDCWTKN,Welding Technician - Kanada,NSDC,WT003KN,instructor,2023-03-01T05:30:00+05:30,timestamp,,,,,False,False,https://courses.skillindiadigital.gov.in/api/courses/v1/courses/?page_size=100,filtered_catalogue_metadata;provider_label_not_identity_verification;seats_and_certification_unverified;not_point_in_time_complete,catalogue_candidate_only_not_verified_available_training
course-v1:NSDC+WT004TA+NSDCWTTA,Welding Technician - Tamil,NSDC,WT004TA,instructor,2023-03-01T05:30:00+05:30,timestamp,,,,,False,False,https://courses.skillindiadigital.gov.in/api/courses/v1/courses/?page_size=100,filtered_catalogue_metadata;provider_label_not_identity_verification;seats_and_certification_unverified;not_point_in_time_complete,catalogue_candidate_only_not_verified_available_training
course-v1:NSDC+WT004TE+NSDCWTTE,Welding Technician - Telugu,NSDC,WT004TE,instructor,2023-03-01T05:30:00+05:30,timestamp,,,,,False,False,https://courses.skillindiadigital.gov.in/api/courses/v1/courses/?page_size=100,filtered_catalogue_metadata;provider_label_not_identity_verification;seats_and_certification_unverified;not_point_in_time_complete,catalogue_candidate_only_not_verified_available_training
course-v1:NSDC+WT005BN+2023,Welding Technician - Bengali,NSDC,WT005BN,instructor,2023-03-01T05:30:00+05:30,timestamp,,,,,False,False,https://courses.skillindiadigital.gov.in/api/courses/v1/courses/?page_size=100,filtered_catalogue_metadata;provider_label_not_identity_verification;seats_and_certification_unverified;not_point_in_time_complete,catalogue_candidate_only_not_verified_available_training
course-v1:NSDC+WT006OR+2023,Welding Technician - Oriya,NSDC,WT006OR,instructor,2023-03-01T05:30:00+05:30,timestamp,,,,,False,False,https://courses.skillindiadigital.gov.in/api/courses/v1/courses/?page_size=100,filtered_catalogue_metadata;provider_label_not_identity_verification;seats_and_certification_unverified;not_point_in_time_complete,catalogue_candidate_only_not_verified_available_training
course-v1:NSDC+WTARC002+2022,Welding Assistant (ARC) - Hindi,NSDC,WTARC002,instructor,2022-01-01T05:30:00+05:30,timestamp,,,,,False,False,https://courses.skillindiadigital.gov.in/api/courses/v1/courses/?page_size=100,filtered_catalogue_metadata;provider_label_not_identity_verification;seats_and_certification_unverified;not_point_in_time_complete,catalogue_candidate_only_not_verified_available_training
course-v1:NSDC+WTTIG001+2022,Welding Assistant (TIG),NSDC,WTTIG001,instructor,2022-01-01T05:30:00+05:30,timestamp,,,,,False,False,https://courses.skillindiadigital.gov.in/api/courses/v1/courses/?page_size=100,filtered_catalogue_metadata;provider_label_not_identity_verification;seats_and_certification_unverified;not_point_in_time_complete,catalogue_candidate_only_not_verified_available_training
course-v1:NSDC+WTTIG002+2022,Welding Assistant (TIG) - Hindi,NSDC,WTTIG002,instructor,2022-01-01T05:30:00+05:30,timestamp,,,,,False,False,https://courses.skillindiadigital.gov.in/api/courses/v1/courses/?page_size=100,filtered_catalogue_metadata;provider_label_not_identity_verification;seats_and_certification_unverified;not_point_in_time_complete,catalogue_candidate_only_not_verified_available_training
course-v1:nsdc_india+10355+1734078774,Retail Trainee Associate - Bengali,nsdc_india,10355,instructor,2024-12-13T14:02:58.577000+05:30,timestamp,,,,,False,False,https://courses.skillindiadigital.gov.in/api/courses/v1/courses/?page_size=100,filtered_catalogue_metadata;provider_label_not_identity_verification;seats_and_certification_unverified;not_point_in_time_complete,catalogue_candidate_only_not_verified_available_training
course-v1:nsdc_india+12336+1734666551,नौकरी की तैयारी,nsdc_india,12336,instructor,2024-12-20T09:20:12.082000+05:30,timestamp,,,,,False,False,https://courses.skillindiadigital.gov.in/api/courses/v1/courses/?page_size=100,filtered_catalogue_metadata;provider_label_not_identity_verification;seats_and_certification_unverified;not_point_in_time_complete,catalogue_candidate_only_not_verified_available_training
course-v1:nsdc_india+12559+1706789035,Digital India,nsdc,12559,instructor,2024-01-01T05:30:00+05:30,timestamp,,,,,False,False,https://courses.skillindiadigital.gov.in/api/courses/v1/courses/?page_size=100,filtered_catalogue_metadata;provider_label_not_identity_verification;seats_and_certification_unverified;not_point_in_time_complete,catalogue_candidate_only_not_verified_available_training
course-v1:nsdc_india+13518+1728014488,वित्तीय कौशल (प्रारंभिक),nsdc,13518,instructor,2024-11-19T05:30:00+05:30,timestamp,,,,,False,False,https://courses.skillindiadigital.gov.in/api/courses/v1/courses/?page_size=100,filtered_catalogue_metadata;provider_label_not_identity_verification;seats_and_certification_unverified;not_point_in_time_complete,catalogue_candidate_only_not_verified_available_training
course-v1:nsdc_india+14449+1733134758,Employability Skills,nsdc_india,14449,instructor,2024-12-02T15:49:55.288000+05:30,timestamp,,,,,False,False,https://courses.skillindiadigital.gov.in/api/courses/v1/courses/?page_size=100,filtered_catalogue_metadata;provider_label_not_identity_verification;seats_and_certification_unverified;not_point_in_time_complete,catalogue_candidate_only_not_verified_available_training
course-v1:nsdc_india+14883+1727693336,Entreprenuerial Skills (Intermediate),nsdc,14883,instructor,2024-11-22T05:30:00+05:30,timestamp,,,,,False,False,https://courses.skillindiadigital.gov.in/api/courses/v1/courses/?page_size=100,filtered_catalogue_metadata;provider_label_not_identity_verification;seats_and_certification_unverified;not_point_in_time_complete,catalogue_candidate_only_not_verified_available_training
course-v1:nsdc_india+15465+1734582432,Retail Trainee Associate,nsdc_india,15465,instructor,2024-12-19T10:05:31.527000+05:30,timestamp,,,,,False,False,https://courses.skillindiadigital.gov.in/api/courses/v1/courses/?page_size=100,filtered_catalogue_metadata;provider_label_not_identity_verification;seats_and_certification_unverified;not_point_in_time_complete,catalogue_candidate_only_not_verified_available_training
course-v1:nsdc_india+15528+1730172505,Communication Skills (Basic),nsdc,15528,instructor,2024-11-22T05:30:00+05:30,timestamp,,,,,False,False,https://courses.skillindiadigital.gov.in/api/courses/v1/courses/?page_size=100,filtered_catalogue_metadata;provider_label_not_identity_verification;seats_and_certification_unverified;not_point_in_time_complete,catalogue_candidate_only_not_verified_available_training
course-v1:nsdc_india+16802+1731493657,Kaushal Rath Essential Skills,nsdc_india,16802,instructor,2024-11-14T05:30:00+05:30,timestamp,,,,,False,False,https://courses.skillindiadigital.gov.in/api/courses/v1/courses/?page_size=100,filtered_catalogue_metadata;provider_label_not_identity_verification;seats_and_certification_unverified;not_point_in_time_complete,catalogue_candidate_only_not_verified_available_training
course-v1:nsdc_india+18532+1734079419,Individual Sales Professional,nsdc_india,18532,instructor,2024-12-13T14:13:59.433000+05:30,timestamp,,,,,False,False,https://courses.skillindiadigital.gov.in/api/courses/v1/courses/?page_size=100,filtered_catalogue_metadata;provider_label_not_identity_verification;seats_and_certification_unverified;not_point_in_time_complete,catalogue_candidate_only_not_verified_available_training
course-v1:nsdc_india+20398+1734078489,Retail Trainee associate,nsdc_india,20398,instructor,2024-12-13T13:59:29.324000+05:30,timestamp,,,,,False,False,https://courses.skillindiadigital.gov.in/api/courses/v1/courses/?page_size=100,filtered_catalogue_metadata;provider_label_not_identity_verification;seats_and_certification_unverified;not_point_in_time_complete,catalogue_candidate_only_not_verified_available_training
course-v1:nsdc_india+20904+1720776808,Workplace Communication Skills,nsdc_india,20904,instructor,2024-01-01T05:30:00+05:30,timestamp,,,,,False,False,https://courses.skillindiadigital.gov.in/api/courses/v1/courses/?page_size=100,filtered_catalogue_metadata;provider_label_not_identity_verification;seats_and_certification_unverified;not_point_in_time_complete,catalogue_candidate_only_not_verified_available_training
course-v1:nsdc_india+26083+1734079043,Retail Cashier,nsdc_india,26083,instructor,2024-12-13T14:07:29.887000+05:30,timestamp,,,,,False,False,https://courses.skillindiadigital.gov.in/api/courses/v1/courses/?page_size=100,filtered_catalogue_metadata;provider_label_not_identity_verification;seats_and_certification_unverified;not_point_in_time_complete,catalogue_candidate_only_not_verified_available_training
course-v1:nsdc_india+26494+1728012850,उद्यमिता कौशल (प्रारंभिक),nsdc,26494,instructor,2024-11-06T05:30:00+05:30,timestamp,,,,,False,False,https://courses.skillindiadigital.gov.in/api/courses/v1/courses/?page_size=100,filtered_catalogue_metadata;provider_label_not_identity_verification;seats_and_certification_unverified;not_point_in_time_complete,catalogue_candidate_only_not_verified_available_training
course-v1:nsdc_india+27431+1734066799,Distributor Salesman,nsdc_india,27431,instructor,2024-12-13T10:43:31.753000+05:30,timestamp,,,,,False,False,https://courses.skillindiadigital.gov.in/api/courses/v1/courses/?page_size=100,filtered_catalogue_metadata;provider_label_not_identity_verification;seats_and_certification_unverified;not_point_in_time_complete,catalogue_candidate_only_not_verified_available_training
course-v1:nsdc_india+27543+1734333194,Seller Activation Executive - Gujrati,nsdc_india,27543,instructor,2024-12-16T12:45:12.855000+05:30,timestamp,,,,,False,False,https://courses.skillindiadigital.gov.in/api/courses/v1/courses/?page_size=100,filtered_catalogue_metadata;provider_label_not_identity_verification;seats_and_certification_unverified;not_point_in_time_complete,catalogue_candidate_only_not_verified_available_training
course-v1:nsdc_india+28245+1732601154,रोजगार प्रशिक्षण,nsdc_india,28245,instructor,2024-11-26T11:36:16.075000+05:30,timestamp,,,,,False,False,https://courses.skillindiadigital.gov.in/api/courses/v1/courses/?page_size=100,filtered_catalogue_metadata;provider_label_not_identity_verification;seats_and_certification_unverified;not_point_in_time_complete,catalogue_candidate_only_not_verified_available_training
course-v1:nsdc_india+29066+1734583857,Retail Cashier - Hindi,nsdc_india,29066,instructor,2024-12-19T12:02:43.292000+05:30,timestamp,,,,,False,False,https://courses.skillindiadigital.gov.in/api/courses/v1/courses/?page_size=100,filtered_catalogue_metadata;provider_label_not_identity_verification;seats_and_certification_unverified;not_point_in_time_complete,catalogue_candidate_only_not_verified_available_training
course-v1:nsdc_india+30659+1727670386,Digital Skills (Advanced),nsdc,30659,instructor,2024-11-28T05:30:00+05:30,timestamp,,,,,False,False,https://courses.skillindiadigital.gov.in/api/courses/v1/courses/?page_size=100,filtered_catalogue_metadata;provider_label_not_identity_verification;seats_and_certification_unverified;not_point_in_time_complete,catalogue_candidate_only_not_verified_available_training
course-v1:nsdc_india+30670+1734078191,Retail Sales Associate,nsdc_india,30670,instructor,2024-12-13T13:53:21.735000+05:30,timestamp,,,,,False,False,https://courses.skillindiadigital.gov.in/api/courses/v1/courses/?page_size=100,filtered_catalogue_metadata;provider_label_not_identity_verification;seats_and_certification_unverified;not_point_in_time_complete,catalogue_candidate_only_not_verified_available_training
course-v1:nsdc_india+31038+1734085757,Individual Sales Professional,nsdc_india,31038,instructor,2024-12-13T15:59:35.034000+05:30,timestamp,,,,,False,False,https://courses.skillindiadigital.gov.in/api/courses/v1/courses/?page_size=100,filtered_catalogue_metadata;provider_label_not_identity_verification;seats_and_certification_unverified;not_point_in_time_complete,catalogue_candidate_only_not_verified_available_training
course-v1:nsdc_india+32959+1732091219,रोजगार कौशल,nsdc_india,32959,instructor,2024-11-20T13:57:31.528000+05:30,timestamp,,,,,False,False,https://courses.skillindiadigital.gov.in/api/courses/v1/courses/?page_size=100,filtered_catalogue_metadata;provider_label_not_identity_verification;seats_and_certification_unverified;not_point_in_time_complete,catalogue_candidate_only_not_verified_available_training
course-v1:nsdc_india+33806+1734593707,Seller Activation Executive - English,nsdc_india,33806,instructor,2024-12-19T13:05:27.950000+05:30,timestamp,,,,,False,False,https://courses.skillindiadigital.gov.in/api/courses/v1/courses/?page_size=100,filtered_catalogue_metadata;provider_label_not_identity_verification;seats_and_certification_unverified;not_point_in_time_complete,catalogue_candidate_only_not_verified_available_training
course-v1:nsdc_india+34333+1727701600,Digital Skills (Intermediate),nsdc,34333,instructor,2024-11-22T05:30:00+05:30,timestamp,,,,,False,False,https://courses.skillindiadigital.gov.in/api/courses/v1/courses/?page_size=100,filtered_catalogue_metadata;provider_label_not_identity_verification;seats_and_certification_unverified;not_point_in_time_complete,catalogue_candidate_only_not_verified_available_training
course-v1:nsdc_india+36097+1734075520,Individual Sales Professional,nsdc_india,36097,instructor,2024-12-13T13:17:55.380000+05:30,timestamp,,,,,False,False,https://courses.skillindiadigital.gov.in/api/courses/v1/courses/?page_size=100,filtered_catalogue_metadata;provider_label_not_identity_verification;seats_and_certification_unverified;not_point_in_time_complete,catalogue_candidate_only_not_verified_available_training
course-v1:nsdc_india+40123+1724409100,Financial Skills (Intermediate),nsdc,40123,instructor,2024-11-22T05:30:00+05:30,timestamp,,,,,False,False,https://courses.skillindiadigital.gov.in/api/courses/v1/courses/?page_size=100,filtered_catalogue_metadata;provider_label_not_identity_verification;seats_and_certification_unverified;not_point_in_time_complete,catalogue_candidate_only_not_verified_available_training
course-v1:nsdc_india+41270+1734326211,Retail Sales Associate - Gujrati,nsdc_india,41270,instructor,2024-12-16T11:22:30.043000+05:30,timestamp,,,,,False,False,https://courses.skillindiadigital.gov.in/api/courses/v1/courses/?page_size=100,filtered_catalogue_metadata;provider_label_not_identity_verification;seats_and_certification_unverified;not_point_in_time_complete,catalogue_candidate_only_not_verified_available_training
course-v1:nsdc_india+41305+1734085596,Distributor Salesman,nsdc_india,41305,instructor,2024-12-13T15:56:45.066000+05:30,timestamp,,,,,False,False,https://courses.skillindiadigital.gov.in/api/courses/v1/courses/?page_size=100,filtered_catalogue_metadata;provider_label_not_identity_verification;seats_and_certification_unverified;not_point_in_time_complete,catalogue_candidate_only_not_verified_available_training
course-v1:nsdc_india+41373+1727972603,डिजिटल कौशल (प्रारंभिक),nsdc,41373,instructor,2024-11-06T05:30:00+05:30,timestamp,,,,,False,False,https://courses.skillindiadigital.gov.in/api/courses/v1/courses/?page_size=100,filtered_catalogue_metadata;provider_label_not_identity_verification;seats_and_certification_unverified;not_point_in_time_complete,catalogue_candidate_only_not_verified_available_training
course-v1:nsdc_india+42374+1734093276,Individual Sales Professional,nsdc_india,42374,instructor,2024-12-13T18:04:54.693000+05:30,timestamp,,,,,False,False,https://courses.skillindiadigital.gov.in/api/courses/v1/courses/?page_size=100,filtered_catalogue_metadata;provider_label_not_identity_verification;seats_and_certification_unverified;not_point_in_time_complete,catalogue_candidate_only_not_verified_available_training
course-v1:nsdc_india+44578+1733830459,वित्तीय कौशल - उन्नत,nsdc_india,44578,instructor,2024-12-10T17:04:42.215000+05:30,timestamp,,,,,False,False,https://courses.skillindiadigital.gov.in/api/courses/v1/courses/?page_size=100,filtered_catalogue_metadata;provider_label_not_identity_verification;seats_and_certification_unverified;not_point_in_time_complete,catalogue_candidate_only_not_verified_available_training
course-v1:nsdc_india+44770+1724409823,Financial Skills (Advanced),nsdc,44770,instructor,2024-11-22T05:30:00+05:30,timestamp,,,,,False,False,https://courses.skillindiadigital.gov.in/api/courses/v1/courses/?page_size=100,filtered_catalogue_metadata;provider_label_not_identity_verification;seats_and_certification_unverified;not_point_in_time_complete,catalogue_candidate_only_not_verified_available_training
course-v1:nsdc_india+45226+1732249355,कौशल रथ मूल कौशल,nsdc,45226,instructor,2024-11-22T09:54:44.770000+05:30,timestamp,,,,,False,False,https://courses.skillindiadigital.gov.in/api/courses/v1/courses/?page_size=100,filtered_catalogue_metadata;provider_label_not_identity_verification;seats_and_certification_unverified;not_point_in_time_complete,catalogue_candidate_only_not_verified_available_training
course-v1:nsdc_india+46117+1734092012,Retail Sales Associate - Odia,nsdc_india,46117,instructor,2024-12-13T17:43:51.163000+05:30,timestamp,,,,,False,False,https://courses.skillindiadigital.gov.in/api/courses/v1/courses/?page_size=100,filtered_catalogue_metadata;provider_label_not_identity_verification;seats_and_certification_unverified;not_point_in_time_complete,catalogue_candidate_only_not_verified_available_training
course-v1:nsdc_india+46189+1721988053,Her Startup - Foundational Course,nsdc_india,46189,instructor,2024-01-01T05:30:00+05:30,timestamp,,,,,False,False,https://courses.skillindiadigital.gov.in/api/courses/v1/courses/?page_size=100,filtered_catalogue_metadata;provider_label_not_identity_verification;seats_and_certification_unverified;not_point_in_time_complete,catalogue_candidate_only_not_verified_available_training
course-v1:nsdc_india+46671+1734590514,Distributor Salesman - Hindi,nsdc_india,46671,instructor,2024-12-19T12:16:25.375000+05:30,timestamp,,,,,False,False,https://courses.skillindiadigital.gov.in/api/courses/v1/courses/?page_size=100,filtered_catalogue_metadata;provider_label_not_identity_verification;seats_and_certification_unverified;not_point_in_time_complete,catalogue_candidate_only_not_verified_available_training
course-v1:nsdc_india+46872+1734077450,Seller Activation Executive,nsdc_india,46872,instructor,2024-12-13T13:44:10.581000+05:30,timestamp,,,,,False,False,https://courses.skillindiadigital.gov.in/api/courses/v1/courses/?page_size=100,filtered_catalogue_metadata;provider_label_not_identity_verification;seats_and_certification_unverified;not_point_in_time_complete,catalogue_candidate_only_not_verified_available_training
course-v1:nsdc_india+48168+1733385171,कौशल रथ उन्नत कौशल,nsdc_india,48168,instructor,2024-12-05T15:32:11.417000+05:30,timestamp,,,,,False,False,https://courses.skillindiadigital.gov.in/api/courses/v1/courses/?page_size=100,filtered_catalogue_metadata;provider_label_not_identity_verification;seats_and_certification_unverified;not_point_in_time_complete,catalogue_candidate_only_not_verified_available_training
course-v1:nsdc_india+48310+1731907880,वित्तीय कौशल (माध्यमिक),nsdc,48310,instructor,2024-11-26T05:30:00+05:30,timestamp,,,,,False,False,https://courses.skillindiadigital.gov.in/api/courses/v1/courses/?page_size=100,filtered_catalogue_metadata;provider_label_not_identity_verification;seats_and_certification_unverified;not_point_in_time_complete,catalogue_candidate_only_not_verified_available_training
course-v1:nsdc_india+48471+1734079263,Distributor Salesman,nsdc_india,48471,instructor,2024-12-13T14:11:07.070000+05:30,timestamp,,,,,False,False,https://courses.skillindiadigital.gov.in/api/courses/v1/courses/?page_size=100,filtered_catalogue_metadata;provider_label_not_identity_verification;seats_and_certification_unverified;not_point_in_time_complete,catalogue_candidate_only_not_verified_available_training
course-v1:nsdc_india+48912+1734084573,Retail Sales Associate,nsdc_india,48912,instructor,2024-12-13T15:40:20.349000+05:30,timestamp,,,,,False,False,https://courses.skillindiadigital.gov.in/api/courses/v1/courses/?page_size=100,filtered_catalogue_metadata;provider_label_not_identity_verification;seats_and_certification_unverified;not_point_in_time_complete,catalogue_candidate_only_not_verified_available_training
course-v1:nsdc_india+50182+1732161793,Kaushal Rath Core Skills,nsdc,50182,instructor,2024-11-21T09:33:34.532000+05:30,timestamp,,,,,False,False,https://courses.skillindiadigital.gov.in/api/courses/v1/courses/?page_size=100,filtered_catalogue_metadata;provider_label_not_identity_verification;seats_and_certification_unverified;not_point_in_time_complete,catalogue_candidate_only_not_verified_available_training
course-v1:nsdc_india+50927+1734093139,Distributor Salesman,nsdc_india,50927,instructor,2024-12-13T18:02:31.079000+05:30,timestamp,,,,,False,False,https://courses.skillindiadigital.gov.in/api/courses/v1/courses/?page_size=100,filtered_catalogue_metadata;provider_label_not_identity_verification;seats_and_certification_unverified;not_point_in_time_complete,catalogue_candidate_only_not_verified_available_training
course-v1:nsdc_india+51314+1727158264,HR Leadership Council Connect,nsdc,51314,instructor,2024-01-01T05:30:00+05:30,timestamp,,,,,False,False,https://courses.skillindiadigital.gov.in/api/courses/v1/courses/?page_size=100,filtered_catalogue_metadata;provider_label_not_identity_verification;seats_and_certification_unverified;not_point_in_time_complete,catalogue_candidate_only_not_verified_available_training
course-v1:nsdc_india+53506+1734092434,Retail Cashier - Odia,nsdc_india,53506,instructor,2024-12-13T17:50:44.795000+05:30,timestamp,,,,,False,False,https://courses.skillindiadigital.gov.in/api/courses/v1/courses/?page_size=100,filtered_catalogue_metadata;provider_label_not_identity_verification;seats_and_certification_unverified;not_point_in_time_complete,catalogue_candidate_only_not_verified_available_training
course-v1:nsdc_india+55110+1734085392,Retail Cashier,nsdc_india,55110,instructor,2024-12-13T15:53:20.721000+05:30,timestamp,,,,,False,False,https://courses.skillindiadigital.gov.in/api/courses/v1/courses/?page_size=100,filtered_catalogue_metadata;provider_label_not_identity_verification;seats_and_certification_unverified;not_point_in_time_complete,catalogue_candidate_only_not_verified_available_training
course-v1:nsdc_india+55841+1734331490,Individual Sales Professional - Gujrati,nsdc_india,55841,instructor,2024-12-16T12:15:26.725000+05:30,timestamp,,,,,False,False,https://courses.skillindiadigital.gov.in/api/courses/v1/courses/?page_size=100,filtered_catalogue_metadata;provider_label_not_identity_verification;seats_and_certification_unverified;not_point_in_time_complete,catalogue_candidate_only_not_verified_available_training
course-v1:nsdc_india+56546+1776411628,Assessments,nsdc_india,56546,instructor,2026-04-17T13:10:43.492000+05:30,timestamp,,,,,False,False,https://courses.skillindiadigital.gov.in/api/courses/v1/courses/?page_size=100,filtered_catalogue_metadata;provider_label_not_identity_verification;seats_and_certification_unverified;not_point_in_time_complete,catalogue_candidate_only_not_verified_available_training
course-v1:nsdc_india+59744+1734069484,Retail Cashier,nsdc_india,59744,instructor,2024-12-13T11:28:08.847000+05:30,timestamp,,,,,False,False,https://courses.skillindiadigital.gov.in/api/courses/v1/courses/?page_size=100,filtered_catalogue_metadata;provider_label_not_identity_verification;seats_and_certification_unverified;not_point_in_time_complete,catalogue_candidate_only_not_verified_available_training
course-v1:nsdc_india+59884+1734591490,Retail Sales Associate - Hindi,nsdc_india,59884,instructor,2024-12-19T12:30:11.600000+05:30,timestamp,,,,,False,False,https://courses.skillindiadigital.gov.in/api/courses/v1/courses/?page_size=100,filtered_catalogue_metadata;provider_label_not_identity_verification;seats_and_certification_unverified;not_point_in_time_complete,catalogue_candidate_only_not_verified_available_training
course-v1:nsdc_india+63023+1731907966,डिजिटल कौशल (माध्यमिक),nsdc,63023,instructor,2024-11-26T05:30:00+05:30,timestamp,,,,,False,False,https://courses.skillindiadigital.gov.in/api/courses/v1/courses/?page_size=100,filtered_catalogue_metadata;provider_label_not_identity_verification;seats_and_certification_unverified;not_point_in_time_complete,catalogue_candidate_only_not_verified_available_training
course-v1:nsdc_india+65282+1747215588,Digital Photography,nsdc_india,65282,instructor,2025-05-14T15:10:42.545000+05:30,timestamp,,,,,False,False,https://courses.skillindiadigital.gov.in/api/courses/v1/courses/?page_size=100,filtered_catalogue_metadata;provider_label_not_identity_verification;seats_and_certification_unverified;not_point_in_time_complete,catalogue_candidate_only_not_verified_available_training
course-v1:nsdc_india+65381+1728013414,संचार कौशल (प्रारंभिक),nsdc,65381,instructor,2024-11-19T05:30:00+05:30,timestamp,,,,,False,False,https://courses.skillindiadigital.gov.in/api/courses/v1/courses/?page_size=100,filtered_catalogue_metadata;provider_label_not_identity_verification;seats_and_certification_unverified;not_point_in_time_complete,catalogue_candidate_only_not_verified_available_training
course-v1:nsdc_india+68643+1727240114,HR Leadership Council Connect,nsdc,68643,instructor,2024-01-01T05:30:00+05:30,timestamp,,,,,False,False,https://courses.skillindiadigital.gov.in/api/courses/v1/courses/?page_size=100,filtered_catalogue_metadata;provider_label_not_identity_verification;seats_and_certification_unverified;not_point_in_time_complete,catalogue_candidate_only_not_verified_available_training
course-v1:nsdc_india+70700+1732256981,रोज़गार कौशल,nsdc,70700,instructor,2024-11-22T12:00:47.208000+05:30,timestamp,,,,,False,False,https://courses.skillindiadigital.gov.in/api/courses/v1/courses/?page_size=100,filtered_catalogue_metadata;provider_label_not_identity_verification;seats_and_certification_unverified;not_point_in_time_complete,catalogue_candidate_only_not_verified_available_training
course-v1:nsdc_india+73079+1734330990,Retail Cashier - Gujrati,nsdc_india,73079,instructor,2024-12-16T12:06:43.686000+05:30,timestamp,,,,,False,False,https://courses.skillindiadigital.gov.in/api/courses/v1/courses/?page_size=100,filtered_catalogue_metadata;provider_label_not_identity_verification;seats_and_certification_unverified;not_point_in_time_complete,catalogue_candidate_only_not_verified_available_training
course-v1:nsdc_india+73440+1734085215,Retail Trainee Associate,nsdc_india,73440,instructor,2024-12-13T15:50:23.578000+05:30,timestamp,,,,,False,False,https://courses.skillindiadigital.gov.in/api/courses/v1/courses/?page_size=100,filtered_catalogue_metadata;provider_label_not_identity_verification;seats_and_certification_unverified;not_point_in_time_complete,catalogue_candidate_only_not_verified_available_training
course-v1:nsdc_india+73616+1732519217,Kaushal Rath Advanced Skills,nsdc,73616,instructor,2024-11-25T12:50:32.527000+05:30,timestamp,,,,,False,False,https://courses.skillindiadigital.gov.in/api/courses/v1/courses/?page_size=100,filtered_catalogue_metadata;provider_label_not_identity_verification;seats_and_certification_unverified;not_point_in_time_complete,catalogue_candidate_only_not_verified_available_training
course-v1:nsdc_india+73808+1725333450,Prevention of Sexual Harassment (POSH),nsdc_india,73808,instructor,2024-01-01T05:30:00+05:30,timestamp,,,,,False,False,https://courses.skillindiadigital.gov.in/api/courses/v1/courses/?page_size=100,filtered_catalogue_metadata;provider_label_not_identity_verification;seats_and_certification_unverified;not_point_in_time_complete,catalogue_candidate_only_not_verified_available_training
course-v1:nsdc_india+75132+1721197270,Entrepreneurial Skills (Basic),nsdc_india,75132,instructor,2024-01-01T05:30:00+05:30,timestamp,,,,,False,False,https://courses.skillindiadigital.gov.in/api/courses/v1/courses/?page_size=100,filtered_catalogue_metadata;provider_label_not_identity_verification;seats_and_certification_unverified;not_point_in_time_complete,catalogue_candidate_only_not_verified_available_training
course-v1:nsdc_india+77108+1734092313,Retail Trainee Associate - Odia,nsdc_india,77108,instructor,2024-12-13T17:48:49.278000+05:30,timestamp,,,,,False,False,https://courses.skillindiadigital.gov.in/api/courses/v1/courses/?page_size=100,filtered_catalogue_metadata;provider_label_not_identity_verification;seats_and_certification_unverified;not_point_in_time_complete,catalogue_candidate_only_not_verified_available_training
course-v1:nsdc_india+77398+1731908099,उद्यमिता कौशल (माध्यमिक),nsdc,77398,instructor,2024-11-24T05:30:00+05:30,timestamp,,,,,False,False,https://courses.skillindiadigital.gov.in/api/courses/v1/courses/?page_size=100,filtered_catalogue_metadata;provider_label_not_identity_verification;seats_and_certification_unverified;not_point_in_time_complete,catalogue_candidate_only_not_verified_available_training
course-v1:nsdc_india+77724+1731907811,संचार कौशल (माध्यमिक),nsdc,77724,instructor,2022-11-26T05:30:00+05:30,timestamp,,,,,False,False,https://courses.skillindiadigital.gov.in/api/courses/v1/courses/?page_size=100,filtered_catalogue_metadata;provider_label_not_identity_verification;seats_and_certification_unverified;not_point_in_time_complete,catalogue_candidate_only_not_verified_available_training
course-v1:nsdc_india+78346+1734333716,Seller Activation Executive,nsdc_india,78346,instructor,2024-12-16T12:57:21.649000+05:30,timestamp,,,,,False,False,https://courses.skillindiadigital.gov.in/api/courses/v1/courses/?page_size=100,filtered_catalogue_metadata;provider_label_not_identity_verification;seats_and_certification_unverified;not_point_in_time_complete,catalogue_candidate_only_not_verified_available_training
course-v1:nsdc_india+79220+1734331191,Distributor Salesman - Gujrati,nsdc_india,79220,instructor,2024-12-16T12:10:03.056000+05:30,timestamp,,,,,False,False,https://courses.skillindiadigital.gov.in/api/courses/v1/courses/?page_size=100,filtered_catalogue_metadata;provider_label_not_identity_verification;seats_and_certification_unverified;not_point_in_time_complete,catalogue_candidate_only_not_verified_available_training
course-v1:nsdc_india+80062+1734063322,Retail Sales Associate,nsdc_india,80062,instructor,2024-12-13T09:45:36.866000+05:30,timestamp,,,,,False,False,https://courses.skillindiadigital.gov.in/api/courses/v1/courses/?page_size=100,filtered_catalogue_metadata;provider_label_not_identity_verification;seats_and_certification_unverified;not_point_in_time_complete,catalogue_candidate_only_not_verified_available_training
course-v1:nsdc_india+81453+1712038135,PMKVY 4.0 Implementation Guidelines (For Candidates),nsdc_india,81453,instructor,2024-01-01T05:30:00+05:30,timestamp,,,,,False,False,https://courses.skillindiadigital.gov.in/api/courses/v1/courses/?page_size=100,filtered_catalogue_metadata;provider_label_not_identity_verification;seats_and_certification_unverified;not_point_in_time_complete,catalogue_candidate_only_not_verified_available_training
course-v1:nsdc_india+82016+1718682257,Digital Skills,nsdc_india,82016,instructor,2024-07-01T05:30:00+05:30,timestamp,,,,,False,False,https://courses.skillindiadigital.gov.in/api/courses/v1/courses/?page_size=100,filtered_catalogue_metadata;provider_label_not_identity_verification;seats_and_certification_unverified;not_point_in_time_complete,catalogue_candidate_only_not_verified_available_training
course-v1:nsdc_india+82508+1733810439,डिजिटल कौशल - उन्नत,nsdc_india,82508,instructor,2024-12-10T11:31:35.850000+05:30,timestamp,,,,,False,False,https://courses.skillindiadigital.gov.in/api/courses/v1/courses/?page_size=100,filtered_catalogue_metadata;provider_label_not_identity_verification;seats_and_certification_unverified;not_point_in_time_complete,catalogue_candidate_only_not_verified_available_training
course-v1:nsdc_india+87581+1733209924,Job Readiness,nsdc_india,87581,instructor,2024-12-03T12:42:49.758000+05:30,timestamp,,,,,False,False,https://courses.skillindiadigital.gov.in/api/courses/v1/courses/?page_size=100,filtered_catalogue_metadata;provider_label_not_identity_verification;seats_and_certification_unverified;not_point_in_time_complete,catalogue_candidate_only_not_verified_available_training
course-v1:nsdc_india+87594+1734071468,Retail Trainee Associate,nsdc_india,87594,instructor,2024-12-13T12:01:16.254000+05:30,timestamp,,,,,False,False,https://courses.skillindiadigital.gov.in/api/courses/v1/courses/?page_size=100,filtered_catalogue_metadata;provider_label_not_identity_verification;seats_and_certification_unverified;not_point_in_time_complete,catalogue_candidate_only_not_verified_available_training
course-v1:nsdc_india+88446+1727171317,Communication Skills (Intermediate),nsdc,88446,instructor,2024-11-22T05:30:00+05:30,timestamp,,,,,False,False,https://courses.skillindiadigital.gov.in/api/courses/v1/courses/?page_size=100,filtered_catalogue_metadata;provider_label_not_identity_verification;seats_and_certification_unverified;not_point_in_time_complete,catalogue_candidate_only_not_verified_available_training
course-v1:nsdc_india+88767+1731559569,कौशल रथ प्रारंभिक कौशल,nsdc_india,88767,instructor,2024-11-14T05:30:00+05:30,timestamp,,,,,False,False,https://courses.skillindiadigital.gov.in/api/courses/v1/courses/?page_size=100,filtered_catalogue_metadata;provider_label_not_identity_verification;seats_and_certification_unverified;not_point_in_time_complete,catalogue_candidate_only_not_verified_available_training
course-v1:nsdc_india+88904+1709254795,PMKVY 4.0 Implementation Guidelines,nsdc_india,88904,instructor,2024-01-01T05:30:00+05:30,timestamp,,,,,False,False,https://courses.skillindiadigital.gov.in/api/courses/v1/courses/?page_size=100,filtered_catalogue_metadata;provider_label_not_identity_verification;seats_and_certification_unverified;not_point_in_time_complete,catalogue_candidate_only_not_verified_available_training
course-v1:nsdc_india+90305+1734330538,Retail Trainee Associate - Gujrati,nsdc_india,90305,instructor,2024-12-16T11:59:12.483000+05:30,timestamp,,,,,False,False,https://courses.skillindiadigital.gov.in/api/courses/v1/courses/?page_size=100,filtered_catalogue_metadata;provider_label_not_identity_verification;seats_and_certification_unverified;not_point_in_time_complete,catalogue_candidate_only_not_verified_available_training
course-v1:nsdc_india+91324+1718342985,Financial Skills (Basic),nsdc_india,91324,instructor,2024-01-01T05:30:00+05:30,timestamp,,,,,False,False,https://courses.skillindiadigital.gov.in/api/courses/v1/courses/?page_size=100,filtered_catalogue_metadata;provider_label_not_identity_verification;seats_and_certification_unverified;not_point_in_time_complete,catalogue_candidate_only_not_verified_available_training
course-v1:nsdc_india+92152+1734084268,Seller Activation Executive,nsdc_india,92152,instructor,2024-12-13T15:37:06.648000+05:30,timestamp,,,,,False,False,https://courses.skillindiadigital.gov.in/api/courses/v1/courses/?page_size=100,filtered_catalogue_metadata;provider_label_not_identity_verification;seats_and_certification_unverified;not_point_in_time_complete,catalogue_candidate_only_not_verified_available_training
course-v1:nsdc_india+94908+1734093587,Seller Activation Executive - Odia,nsdc_india,94908,instructor,2024-12-13T18:09:56.977000+05:30,timestamp,,,,,False,False,https://courses.skillindiadigital.gov.in/api/courses/v1/courses/?page_size=100,filtered_catalogue_metadata;provider_label_not_identity_verification;seats_and_certification_unverified;not_point_in_time_complete,catalogue_candidate_only_not_verified_available_training
course-v1:nsdc_india+99565+1711511305,PMKVY 4.0 Implementation Guidelines (For TP&TC),nsdc_india,99565,instructor,2024-01-01T05:30:00+05:30,timestamp,,,,,False,False,https://courses.skillindiadigital.gov.in/api/courses/v1/courses/?page_size=100,filtered_catalogue_metadata;provider_label_not_identity_verification;seats_and_certification_unverified;not_point_in_time_complete,catalogue_candidate_only_not_verified_available_training
course-v1:nsdc_india+99588+1732859797,Entrepreneurial Skills - Advanced,nsdc_india,99588,instructor,2024-11-29T11:28:22.908000+05:30,timestamp,,,,,False,False,https://courses.skillindiadigital.gov.in/api/courses/v1/courses/?page_size=100,filtered_catalogue_metadata;provider_label_not_identity_verification;seats_and_certification_unverified;not_point_in_time_complete,catalogue_candidate_only_not_verified_available_training
course-v1:SymbiosisOpenEducationSociety+10116+1790653902,Digital Marketing and Brand Strategy,SymbiosisOpenEducationSociety,10116,instructor,2026-09-29T09:21:57.830000+05:30,timestamp,,,,,False,False,https://courses.skillindiadigital.gov.in/api/courses/v1/courses/?page_size=100,filtered_catalogue_metadata;provider_label_not_identity_verification;seats_and_certification_unverified;not_point_in_time_complete,catalogue_candidate_only_not_verified_available_training
course-v1:SymbiosisOpenEducationSociety+11890+1744610143,Project Management,SymbiosisOpenEducationSociety,11890,instructor,2025-04-14T11:25:47.219000+05:30,timestamp,,,,,False,False,https://courses.skillindiadigital.gov.in/api/courses/v1/courses/?page_size=100,filtered_catalogue_metadata;provider_label_not_identity_verification;seats_and_certification_unverified;not_point_in_time_complete,catalogue_candidate_only_not_verified_available_training
course-v1:SymbiosisOpenEducationSociety+12046+1790592226,Entrepreneurship Development and Management,SymbiosisOpenEducationSociety,12046,instructor,2026-09-28T16:15:46.880000+05:30,timestamp,,,,,False,False,https://courses.skillindiadigital.gov.in/api/courses/v1/courses/?page_size=100,filtered_catalogue_metadata;provider_label_not_identity_verification;seats_and_certification_unverified;not_point_in_time_complete,catalogue_candidate_only_not_verified_available_training
course-v1:SymbiosisOpenEducationSociety+12661+1744606264,Learn Instructional Design,SymbiosisOpenEducationSociety,12661,instructor,2025-04-14T10:21:18.027000+05:30,timestamp,,,,,False,False,https://courses.skillindiadigital.gov.in/api/courses/v1/courses/?page_size=100,filtered_catalogue_metadata;provider_label_not_identity_verification;seats_and_certification_unverified;not_point_in_time_complete,catalogue_candidate_only_not_verified_available_training
course-v1:SymbiosisOpenEducationSociety+13437+1744707724,Level 1 Life Skills Management based on Indian Knowledge Systems,SymbiosisOpenEducationSociety,13437,instructor,2025-04-15T14:34:08.805000+05:30,timestamp,,,,,False,False,https://courses.skillindiadigital.gov.in/api/courses/v1/courses/?page_size=100,filtered_catalogue_metadata;provider_label_not_identity_verification;seats_and_certification_unverified;not_point_in_time_complete,catalogue_candidate_only_not_verified_available_training
course-v1:SymbiosisOpenEducationSociety+15204+1790654249,Business Analytics,SymbiosisOpenEducationSociety,15204,instructor,2026-09-29T09:27:31.861000+05:30,timestamp,,,,,False,False,https://courses.skillindiadigital.gov.in/api/courses/v1/courses/?page_size=100,filtered_catalogue_metadata;provider_label_not_identity_verification;seats_and_certification_unverified;not_point_in_time_complete,catalogue_candidate_only_not_verified_available_training
course-v1:SymbiosisOpenEducationSociety+18256+1790654177,Supply Chain Management,SymbiosisOpenEducationSociety,18256,instructor,2026-09-29T09:26:40.086000+05:30,timestamp,,,,,False,False,https://courses.skillindiadigital.gov.in/api/courses/v1/courses/?page_size=100,filtered_catalogue_metadata;provider_label_not_identity_verification;seats_and_certification_unverified;not_point_in_time_complete,catalogue_candidate_only_not_verified_available_training
course-v1:SymbiosisOpenEducationSociety+19274+1744706919,Buddha's Teaching and Vipassana meditation,SymbiosisOpenEducationSociety,19274,instructor,2025-04-15T14:31:15.068000+05:30,timestamp,,,,,False,False,https://courses.skillindiadigital.gov.in/api/courses/v1/courses/?page_size=100,filtered_catalogue_metadata;provider_label_not_identity_verification;seats_and_certification_unverified;not_point_in_time_complete,catalogue_candidate_only_not_verified_available_training
course-v1:SymbiosisOpenEducationSociety+21054+1744606188,Insights into Share Trading and Investments,SymbiosisOpenEducationSociety,21054,instructor,2025-04-14T10:19:52.060000+05:30,timestamp,,,,,False,False,https://courses.skillindiadigital.gov.in/api/courses/v1/courses/?page_size=100,filtered_catalogue_metadata;provider_label_not_identity_verification;seats_and_certification_unverified;not_point_in_time_complete,catalogue_candidate_only_not_verified_available_training
course-v1:SymbiosisOpenEducationSociety+23245+1790654271,Industry 4.0,SymbiosisOpenEducationSociety,23245,instructor,2026-09-29T09:27:55.396000+05:30,timestamp,,,,,False,False,https://courses.skillindiadigital.gov.in/api/courses/v1/courses/?page_size=100,filtered_catalogue_metadata;provider_label_not_identity_verification;seats_and_certification_unverified;not_point_in_time_complete,catalogue_candidate_only_not_verified_available_training
course-v1:SymbiosisOpenEducationSociety+23655+1744102245,Algorithms and Programming Concepts,SymbiosisOpenEducationSociety,23655,instructor,2025-04-08T14:21:01.706000+05:30,timestamp,,,,,False,False,https://courses.skillindiadigital.gov.in/api/courses/v1/courses/?page_size=100,filtered_catalogue_metadata;provider_label_not_identity_verification;seats_and_certification_unverified;not_point_in_time_complete,catalogue_candidate_only_not_verified_available_training
course-v1:SymbiosisOpenEducationSociety+24320+1744606003,Beginners Course in Mindfulness and Meditation,SymbiosisOpenEducationSociety,24320,instructor,2025-04-14T10:17:09.466000+05:30,timestamp,,,,,False,False,https://courses.skillindiadigital.gov.in/api/courses/v1/courses/?page_size=100,filtered_catalogue_metadata;provider_label_not_identity_verification;seats_and_certification_unverified;not_point_in_time_complete,catalogue_candidate_only_not_verified_available_training
course-v1:SymbiosisOpenEducationSociety+24910+1790653520,Basic Communication Skills,SymbiosisOpenEducationSociety,24910,instructor,2026-09-29T09:18:45.600000+05:30,timestamp,,,,,False,False,https://courses.skillindiadigital.gov.in/api/courses/v1/courses/?page_size=100,filtered_catalogue_metadata;provider_label_not_identity_verification;seats_and_certification_unverified;not_point_in_time_complete,catalogue_candidate_only_not_verified_available_training
course-v1:SymbiosisOpenEducationSociety+26639+1744622223,Hospital Operations Management,SymbiosisOpenEducationSociety,26639,instructor,2025-04-14T14:49:39.140000+05:30,timestamp,,,,,False,False,https://courses.skillindiadigital.gov.in/api/courses/v1/courses/?page_size=100,filtered_catalogue_metadata;provider_label_not_identity_verification;seats_and_certification_unverified;not_point_in_time_complete,catalogue_candidate_only_not_verified_available_training
course-v1:SymbiosisOpenEducationSociety+28507+1790568795,Blockchain Technology Foundation,SymbiosisOpenEducationSociety,28507,instructor,2026-09-28T09:43:18.879000+05:30,timestamp,,,,,False,False,https://courses.skillindiadigital.gov.in/api/courses/v1/courses/?page_size=100,filtered_catalogue_metadata;provider_label_not_identity_verification;seats_and_certification_unverified;not_point_in_time_complete,catalogue_candidate_only_not_verified_available_training
course-v1:SymbiosisOpenEducationSociety+28944+1790654349,Understanding Disaster Management,SymbiosisOpenEducationSociety,28944,instructor,2026-09-29T09:29:29.097000+05:30,timestamp,,,,,False,False,https://courses.skillindiadigital.gov.in/api/courses/v1/courses/?page_size=100,filtered_catalogue_metadata;provider_label_not_identity_verification;seats_and_certification_unverified;not_point_in_time_complete,catalogue_candidate_only_not_verified_available_training
course-v1:SymbiosisOpenEducationSociety+29586+1790654329,Understanding Counselling Techniques,SymbiosisOpenEducationSociety,29586,instructor,2026-09-29T09:28:54.091000+05:30,timestamp,,,,,False,False,https://courses.skillindiadigital.gov.in/api/courses/v1/courses/?page_size=100,filtered_catalogue_metadata;provider_label_not_identity_verification;seats_and_certification_unverified;not_point_in_time_complete,catalogue_candidate_only_not_verified_available_training
course-v1:SymbiosisOpenEducationSociety+30118+1790592189,Educational Administrative Practices,SymbiosisOpenEducationSociety,30118,instructor,2026-09-28T16:13:20.294000+05:30,timestamp,,,,,False,False,https://courses.skillindiadigital.gov.in/api/courses/v1/courses/?page_size=100,filtered_catalogue_metadata;provider_label_not_identity_verification;seats_and_certification_unverified;not_point_in_time_complete,catalogue_candidate_only_not_verified_available_training
course-v1:SymbiosisOpenEducationSociety+30179+1744110790,FinTech Foundations and Overview,SymbiosisOpenEducationSociety,30179,instructor,2025-04-08T16:57:01.630000+05:30,timestamp,,,,,False,False,https://courses.skillindiadigital.gov.in/api/courses/v1/courses/?page_size=100,filtered_catalogue_metadata;provider_label_not_identity_verification;seats_and_certification_unverified;not_point_in_time_complete,catalogue_candidate_only_not_verified_available_training
course-v1:SymbiosisOpenEducationSociety+31403+1790568650,Human Resource Development Foundation,SymbiosisOpenEducationSociety,31403,instructor,2026-09-28T09:42:10.657000+05:30,timestamp,,,,,False,False,https://courses.skillindiadigital.gov.in/api/courses/v1/courses/?page_size=100,filtered_catalogue_metadata;provider_label_not_identity_verification;seats_and_certification_unverified;not_point_in_time_complete,catalogue_candidate_only_not_verified_available_training
course-v1:SymbiosisOpenEducationSociety+32833+1790654289,ISO 90012015 Quality Management Standard,SymbiosisOpenEducationSociety,32833,instructor,2026-09-29T09:28:17.702000+05:30,timestamp,,,,,False,False,https://courses.skillindiadigital.gov.in/api/courses/v1/courses/?page_size=100,filtered_catalogue_metadata;provider_label_not_identity_verification;seats_and_certification_unverified;not_point_in_time_complete,catalogue_candidate_only_not_verified_available_training
course-v1:SymbiosisOpenEducationSociety+33106+1790568773,Concepts in Supply Chain Management,SymbiosisOpenEducationSociety,33106,instructor,2026-09-28T09:42:57.486000+05:30,timestamp,,,,,False,False,https://courses.skillindiadigital.gov.in/api/courses/v1/courses/?page_size=100,filtered_catalogue_metadata;provider_label_not_identity_verification;seats_and_certification_unverified;not_point_in_time_complete,catalogue_candidate_only_not_verified_available_training
course-v1:SymbiosisOpenEducationSociety+33115+1790398786,Capital Market,SymbiosisOpenEducationSociety,33115,instructor,2026-09-26T10:30:03.074000+05:30,timestamp,,,,,False,False,https://courses.skillindiadigital.gov.in/api/courses/v1/courses/?page_size=100,filtered_catalogue_metadata;provider_label_not_identity_verification;seats_and_certification_unverified;not_point_in_time_complete,catalogue_candidate_only_not_verified_available_training
course-v1:SymbiosisOpenEducationSociety+33341+1790592388,Fundamentals of Project Financial Management,SymbiosisOpenEducationSociety,33341,instructor,2026-09-28T16:16:32.036000+05:30,timestamp,,,,,False,False,https://courses.skillindiadigital.gov.in/api/courses/v1/courses/?page_size=100,filtered_catalogue_metadata;provider_label_not_identity_verification;seats_and_certification_unverified;not_point_in_time_complete,catalogue_candidate_only_not_verified_available_training
course-v1:SymbiosisOpenEducationSociety+35368+1744611816,Investment Analysis and Portfolio Management,SymbiosisOpenEducationSociety,35368,instructor,2025-04-14T11:53:47.781000+05:30,timestamp,,,,,False,False,https://courses.skillindiadigital.gov.in/api/courses/v1/courses/?page_size=100,filtered_catalogue_metadata;provider_label_not_identity_verification;seats_and_certification_unverified;not_point_in_time_complete,catalogue_candidate_only_not_verified_available_training
course-v1:SymbiosisOpenEducationSociety+35883+1790653750,Cloud Computing and its Applications,SymbiosisOpenEducationSociety,35883,instructor,2026-09-29T09:20:32.493000+05:30,timestamp,,,,,False,False,https://courses.skillindiadigital.gov.in/api/courses/v1/courses/?page_size=100,filtered_catalogue_metadata;provider_label_not_identity_verification;seats_and_certification_unverified;not_point_in_time_complete,catalogue_candidate_only_not_verified_available_training
course-v1:SymbiosisOpenEducationSociety+36596+1744611252,Introduction to AI and ML,SymbiosisOpenEducationSociety,36596,instructor,2025-04-14T11:44:27.204000+05:30,timestamp,,,,,False,False,https://courses.skillindiadigital.gov.in/api/courses/v1/courses/?page_size=100,filtered_catalogue_metadata;provider_label_not_identity_verification;seats_and_certification_unverified;not_point_in_time_complete,catalogue_candidate_only_not_verified_available_training
course-v1:SymbiosisOpenEducationSociety+37390+1790653925,Introduction to Big Data Architecture and Ecosystem,SymbiosisOpenEducationSociety,37390,instructor,2026-09-29T09:22:42.098000+05:30,timestamp,,,,,False,False,https://courses.skillindiadigital.gov.in/api/courses/v1/courses/?page_size=100,filtered_catalogue_metadata;provider_label_not_identity_verification;seats_and_certification_unverified;not_point_in_time_complete,catalogue_candidate_only_not_verified_available_training
course-v1:SymbiosisOpenEducationSociety+37400+1744707713,Machine Learning Algorithm using Python,SymbiosisOpenEducationSociety,37400,instructor,2025-04-15T14:31:58.211000+05:30,timestamp,,,,,False,False,https://courses.skillindiadigital.gov.in/api/courses/v1/courses/?page_size=100,filtered_catalogue_metadata;provider_label_not_identity_verification;seats_and_certification_unverified;not_point_in_time_complete,catalogue_candidate_only_not_verified_available_training
course-v1:SymbiosisOpenEducationSociety+37565+1790593584,Lean Six Sigma Essentials,SymbiosisOpenEducationSociety,37565,instructor,2026-09-28T16:36:27.816000+05:30,timestamp,,,,,False,False,https://courses.skillindiadigital.gov.in/api/courses/v1/courses/?page_size=100,filtered_catalogue_metadata;provider_label_not_identity_verification;seats_and_certification_unverified;not_point_in_time_complete,catalogue_candidate_only_not_verified_available_training
course-v1:SymbiosisOpenEducationSociety+39783+1790592528,Strategic Leadership and Governance,SymbiosisOpenEducationSociety,39783,instructor,2026-09-28T16:18:51.376000+05:30,timestamp,,,,,False,False,https://courses.skillindiadigital.gov.in/api/courses/v1/courses/?page_size=100,filtered_catalogue_metadata;provider_label_not_identity_verification;seats_and_certification_unverified;not_point_in_time_complete,catalogue_candidate_only_not_verified_available_training
course-v1:SymbiosisOpenEducationSociety+40306+1744109970,Green Logistics and Supply Chains,SymbiosisOpenEducationSociety,40306,instructor,2025-04-08T16:30:22.427000+05:30,timestamp,,,,,False,False,https://courses.skillindiadigital.gov.in/api/courses/v1/courses/?page_size=100,filtered_catalogue_metadata;provider_label_not_identity_verification;seats_and_certification_unverified;not_point_in_time_complete,catalogue_candidate_only_not_verified_available_training
course-v1:SymbiosisOpenEducationSociety+43993+1790654311,Strategic Human Resource Management,SymbiosisOpenEducationSociety,43993,instructor,2026-09-29T09:28:36.506000+05:30,timestamp,,,,,False,False,https://courses.skillindiadigital.gov.in/api/courses/v1/courses/?page_size=100,filtered_catalogue_metadata;provider_label_not_identity_verification;seats_and_certification_unverified;not_point_in_time_complete,catalogue_candidate_only_not_verified_available_training
course-v1:SymbiosisOpenEducationSociety+45260+1790568784,Business Communication Skills,SymbiosisOpenEducationSociety,45260,instructor,2026-09-28T09:43:08.611000+05:30,timestamp,,,,,False,False,https://courses.skillindiadigital.gov.in/api/courses/v1/courses/?page_size=100,filtered_catalogue_metadata;provider_label_not_identity_verification;seats_and_certification_unverified;not_point_in_time_complete,catalogue_candidate_only_not_verified_available_training
course-v1:SymbiosisOpenEducationSociety+45960+1744707691,Healthcare Insurance and Risk Management,SymbiosisOpenEducationSociety,45960,instructor,2025-04-15T14:31:34.946000+05:30,timestamp,,,,,False,False,https://courses.skillindiadigital.gov.in/api/courses/v1/courses/?page_size=100,filtered_catalogue_metadata;provider_label_not_identity_verification;seats_and_certification_unverified;not_point_in_time_complete,catalogue_candidate_only_not_verified_available_training
course-v1:SymbiosisOpenEducationSociety+47058+1790592544,Sustainable Business Strategy,SymbiosisOpenEducationSociety,47058,instructor,2026-09-28T16:19:08.520000+05:30,timestamp,,,,,False,False,https://courses.skillindiadigital.gov.in/api/courses/v1/courses/?page_size=100,filtered_catalogue_metadata;provider_label_not_identity_verification;seats_and_certification_unverified;not_point_in_time_complete,catalogue_candidate_only_not_verified_available_training
course-v1:SymbiosisOpenEducationSociety+47258+1744103974,Blockchain Technology,SymbiosisOpenEducationSociety,47258,instructor,2025-04-08T14:49:47.184000+05:30,timestamp,,,,,False,False,https://courses.skillindiadigital.gov.in/api/courses/v1/courses/?page_size=100,filtered_catalogue_metadata;provider_label_not_identity_verification;seats_and_certification_unverified;not_point_in_time_complete,catalogue_candidate_only_not_verified_available_training
course-v1:SymbiosisOpenEducationSociety+47764+1790654208,Virtual Workplace Management (VWM),SymbiosisOpenEducationSociety,47764,instructor,2026-09-29T09:27:00.541000+05:30,timestamp,,,,,False,False,https://courses.skillindiadigital.gov.in/api/courses/v1/courses/?page_size=100,filtered_catalogue_metadata;provider_label_not_identity_verification;seats_and_certification_unverified;not_point_in_time_complete,catalogue_candidate_only_not_verified_available_training
course-v1:SymbiosisOpenEducationSociety+47810+1790415305,Rural and Cooperative Banking,SymbiosisOpenEducationSociety,47810,instructor,2026-09-26T15:05:15.724000+05:30,timestamp,,,,,False,False,https://courses.skillindiadigital.gov.in/api/courses/v1/courses/?page_size=100,filtered_catalogue_metadata;provider_label_not_identity_verification;seats_and_certification_unverified;not_point_in_time_complete,catalogue_candidate_only_not_verified_available_training
course-v1:SymbiosisOpenEducationSociety+50421+1744608208,Business Ethics and Values,SymbiosisOpenEducationSociety,50421,instructor,2025-04-14T10:53:35.572000+05:30,timestamp,,,,,False,False,https://courses.skillindiadigital.gov.in/api/courses/v1/courses/?page_size=100,filtered_catalogue_metadata;provider_label_not_identity_verification;seats_and_certification_unverified;not_point_in_time_complete,catalogue_candidate_only_not_verified_available_training
course-v1:SymbiosisOpenEducationSociety+53248+1744105841,Introduction to PySpark,SymbiosisOpenEducationSociety,53248,instructor,2025-04-08T15:21:19.634000+05:30,timestamp,,,,,False,False,https://courses.skillindiadigital.gov.in/api/courses/v1/courses/?page_size=100,filtered_catalogue_metadata;provider_label_not_identity_verification;seats_and_certification_unverified;not_point_in_time_complete,catalogue_candidate_only_not_verified_available_training
course-v1:SymbiosisOpenEducationSociety+53469+1790592356,Forensics Investigation and Audit,SymbiosisOpenEducationSociety,53469,instructor,2026-09-28T16:16:05.506000+05:30,timestamp,,,,,False,False,https://courses.skillindiadigital.gov.in/api/courses/v1/courses/?page_size=100,filtered_catalogue_metadata;provider_label_not_identity_verification;seats_and_certification_unverified;not_point_in_time_complete,catalogue_candidate_only_not_verified_available_training
course-v1:SymbiosisOpenEducationSociety+54481+1744610713,Introduction to DevOPs and Project Management,SymbiosisOpenEducationSociety,54481,instructor,2025-04-14T11:35:17.666000+05:30,timestamp,,,,,False,False,https://courses.skillindiadigital.gov.in/api/courses/v1/courses/?page_size=100,filtered_catalogue_metadata;provider_label_not_identity_verification;seats_and_certification_unverified;not_point_in_time_complete,catalogue_candidate_only_not_verified_available_training
course-v1:SymbiosisOpenEducationSociety+55146+1744609254,Health Care Economics,SymbiosisOpenEducationSociety,55146,instructor,2025-04-14T11:10:58.545000+05:30,timestamp,,,,,False,False,https://courses.skillindiadigital.gov.in/api/courses/v1/courses/?page_size=100,filtered_catalogue_metadata;provider_label_not_identity_verification;seats_and_certification_unverified;not_point_in_time_complete,catalogue_candidate_only_not_verified_available_training
course-v1:SymbiosisOpenEducationSociety+55676+1790654011,Negotiation Skills,SymbiosisOpenEducationSociety,55676,instructor,2026-09-29T09:23:55.011000+05:30,timestamp,,,,,False,False,https://courses.skillindiadigital.gov.in/api/courses/v1/courses/?page_size=100,filtered_catalogue_metadata;provider_label_not_identity_verification;seats_and_certification_unverified;not_point_in_time_complete,catalogue_candidate_only_not_verified_available_training
course-v1:SymbiosisOpenEducationSociety+55809+1790654067,Packaging to Marketing of Food Products (PMFP),SymbiosisOpenEducationSociety,55809,instructor,2026-09-29T09:24:31.364000+05:30,timestamp,,,,,False,False,https://courses.skillindiadigital.gov.in/api/courses/v1/courses/?page_size=100,filtered_catalogue_metadata;provider_label_not_identity_verification;seats_and_certification_unverified;not_point_in_time_complete,catalogue_candidate_only_not_verified_available_training
course-v1:SymbiosisOpenEducationSociety+57896+1744608295,Current Trends in Commerce and Management,SymbiosisOpenEducationSociety,57896,instructor,2025-04-14T10:55:00.434000+05:30,timestamp,,,,,False,False,https://courses.skillindiadigital.gov.in/api/courses/v1/courses/?page_size=100,filtered_catalogue_metadata;provider_label_not_identity_verification;seats_and_certification_unverified;not_point_in_time_complete,catalogue_candidate_only_not_verified_available_training
course-v1:SymbiosisOpenEducationSociety+63357+1790654229,Big Data Analytics,SymbiosisOpenEducationSociety,63357,instructor,2026-09-29T09:27:19.095000+05:30,timestamp,,,,,False,False,https://courses.skillindiadigital.gov.in/api/courses/v1/courses/?page_size=100,filtered_catalogue_metadata;provider_label_not_identity_verification;seats_and_certification_unverified;not_point_in_time_complete,catalogue_candidate_only_not_verified_available_training
course-v1:SymbiosisOpenEducationSociety+68632+1744707884,Level 3 Leadership Principles for Team Building,SymbiosisOpenEducationSociety,68632,instructor,2025-04-15T14:34:48.772000+05:30,timestamp,,,,,False,False,https://courses.skillindiadigital.gov.in/api/courses/v1/courses/?page_size=100,filtered_catalogue_metadata;provider_label_not_identity_verification;seats_and_certification_unverified;not_point_in_time_complete,catalogue_candidate_only_not_verified_available_training
course-v1:SymbiosisOpenEducationSociety+70299+1744606084,Google Suite for Educators,SymbiosisOpenEducationSociety,70299,instructor,2025-04-14T10:18:09.577000+05:30,timestamp,,,,,False,False,https://courses.skillindiadigital.gov.in/api/courses/v1/courses/?page_size=100,filtered_catalogue_metadata;provider_label_not_identity_verification;seats_and_certification_unverified;not_point_in_time_complete,catalogue_candidate_only_not_verified_available_training
course-v1:SymbiosisOpenEducationSociety+71553+1790592483,ISO 90012015 Quality Management Standard,SymbiosisOpenEducationSociety,71553,instructor,2026-09-28T16:18:31.902000+05:30,timestamp,,,,,False,False,https://courses.skillindiadigital.gov.in/api/courses/v1/courses/?page_size=100,filtered_catalogue_metadata;provider_label_not_identity_verification;seats_and_certification_unverified;not_point_in_time_complete,catalogue_candidate_only_not_verified_available_training
course-v1:SymbiosisOpenEducationSociety+72590+1744607052,Database Management System,SymbiosisOpenEducationSociety,72590,instructor,2025-04-14T10:34:16.434000+05:30,timestamp,,,,,False,False,https://courses.skillindiadigital.gov.in/api/courses/v1/courses/?page_size=100,filtered_catalogue_metadata;provider_label_not_identity_verification;seats_and_certification_unverified;not_point_in_time_complete,catalogue_candidate_only_not_verified_available_training
course-v1:SymbiosisOpenEducationSociety+73734+1790654111,Python Programming,SymbiosisOpenEducationSociety,73734,instructor,2026-09-29T09:25:23.032000+05:30,timestamp,,,,,False,False,https://courses.skillindiadigital.gov.in/api/courses/v1/courses/?page_size=100,filtered_catalogue_metadata;provider_label_not_identity_verification;seats_and_certification_unverified;not_point_in_time_complete,catalogue_candidate_only_not_verified_available_training
course-v1:SymbiosisOpenEducationSociety+75023+1744608905,Health Care and Hospital Environment,SymbiosisOpenEducationSociety,75023,instructor,2025-04-14T11:05:11.198000+05:30,timestamp,,,,,False,False,https://courses.skillindiadigital.gov.in/api/courses/v1/courses/?page_size=100,filtered_catalogue_metadata;provider_label_not_identity_verification;seats_and_certification_unverified;not_point_in_time_complete,catalogue_candidate_only_not_verified_available_training
course-v1:SymbiosisOpenEducationSociety+75916+1790654153,Supply Chain and Logistics Management,SymbiosisOpenEducationSociety,75916,instructor,2026-09-29T09:26:08.441000+05:30,timestamp,,,,,False,False,https://courses.skillindiadigital.gov.in/api/courses/v1/courses/?page_size=100,filtered_catalogue_metadata;provider_label_not_identity_verification;seats_and_certification_unverified;not_point_in_time_complete,catalogue_candidate_only_not_verified_available_training
course-v1:SymbiosisOpenEducationSociety+83060+1744707856,Level 2 Leadership Principles for Personal Applications,SymbiosisOpenEducationSociety,83060,instructor,2025-04-15T14:34:27.037000+05:30,timestamp,,,,,False,False,https://courses.skillindiadigital.gov.in/api/courses/v1/courses/?page_size=100,filtered_catalogue_metadata;provider_label_not_identity_verification;seats_and_certification_unverified;not_point_in_time_complete,catalogue_candidate_only_not_verified_available_training
course-v1:SymbiosisOpenEducationSociety+84057+1790654131,Start-up and Venture Creation,SymbiosisOpenEducationSociety,84057,instructor,2026-09-29T09:25:44.668000+05:30,timestamp,,,,,False,False,https://courses.skillindiadigital.gov.in/api/courses/v1/courses/?page_size=100,filtered_catalogue_metadata;provider_label_not_identity_verification;seats_and_certification_unverified;not_point_in_time_complete,catalogue_candidate_only_not_verified_available_training
course-v1:SymbiosisOpenEducationSociety+84082+1790413182,Essential of Research Methodology,SymbiosisOpenEducationSociety,84082,instructor,2026-09-26T14:31:23.630000+05:30,timestamp,,,,,False,False,https://courses.skillindiadigital.gov.in/api/courses/v1/courses/?page_size=100,filtered_catalogue_metadata;provider_label_not_identity_verification;seats_and_certification_unverified;not_point_in_time_complete,catalogue_candidate_only_not_verified_available_training
course-v1:SymbiosisOpenEducationSociety+85610+1790592461,Introduction to Data Science Foundation,SymbiosisOpenEducationSociety,85610,instructor,2026-09-28T16:17:44.506000+05:30,timestamp,,,,,False,False,https://courses.skillindiadigital.gov.in/api/courses/v1/courses/?page_size=100,filtered_catalogue_metadata;provider_label_not_identity_verification;seats_and_certification_unverified;not_point_in_time_complete,catalogue_candidate_only_not_verified_available_training
course-v1:SymbiosisOpenEducationSociety+86746+1744109127,Analytics with Tableau,SymbiosisOpenEducationSociety,86746,instructor,2025-04-08T16:15:44.417000+05:30,timestamp,,,,,False,False,https://courses.skillindiadigital.gov.in/api/courses/v1/courses/?page_size=100,filtered_catalogue_metadata;provider_label_not_identity_verification;seats_and_certification_unverified;not_point_in_time_complete,catalogue_candidate_only_not_verified_available_training
course-v1:SymbiosisOpenEducationSociety+87002+1790592213,Educational Technology,SymbiosisOpenEducationSociety,87002,instructor,2026-09-28T16:13:36.700000+05:30,timestamp,,,,,False,False,https://courses.skillindiadigital.gov.in/api/courses/v1/courses/?page_size=100,filtered_catalogue_metadata;provider_label_not_identity_verification;seats_and_certification_unverified;not_point_in_time_complete,catalogue_candidate_only_not_verified_available_training
course-v1:SymbiosisOpenEducationSociety+87536+1744607681,Object Oriented Programming,SymbiosisOpenEducationSociety,87536,instructor,2025-04-14T10:44:44.808000+05:30,timestamp,,,,,False,False,https://courses.skillindiadigital.gov.in/api/courses/v1/courses/?page_size=100,filtered_catalogue_metadata;provider_label_not_identity_verification;seats_and_certification_unverified;not_point_in_time_complete,catalogue_candidate_only_not_verified_available_training
course-v1:SymbiosisOpenEducationSociety+88096+1790653975,Level 4 Discover Your Inner Genius,SymbiosisOpenEducationSociety,88096,instructor,2026-09-29T09:23:23.386000+05:30,timestamp,,,,,False,False,https://courses.skillindiadigital.gov.in/api/courses/v1/courses/?page_size=100,filtered_catalogue_metadata;provider_label_not_identity_verification;seats_and_certification_unverified;not_point_in_time_complete,catalogue_candidate_only_not_verified_available_training
course-v1:SymbiosisOpenEducationSociety+88384+1744610256,Market Research and Industry Assessment,SymbiosisOpenEducationSociety,88384,instructor,2025-04-14T11:27:40.634000+05:30,timestamp,,,,,False,False,https://courses.skillindiadigital.gov.in/api/courses/v1/courses/?page_size=100,filtered_catalogue_metadata;provider_label_not_identity_verification;seats_and_certification_unverified;not_point_in_time_complete,catalogue_candidate_only_not_verified_available_training
course-v1:SymbiosisOpenEducationSociety+88631+1744610430,Introduction to Data Science,SymbiosisOpenEducationSociety,88631,instructor,2025-04-14T11:30:33.989000+05:30,timestamp,,,,,False,False,https://courses.skillindiadigital.gov.in/api/courses/v1/courses/?page_size=100,filtered_catalogue_metadata;provider_label_not_identity_verification;seats_and_certification_unverified;not_point_in_time_complete,catalogue_candidate_only_not_verified_available_training
course-v1:SymbiosisOpenEducationSociety+88724+1790653872,Cyber and Information Security,SymbiosisOpenEducationSociety,88724,instructor,2026-09-29T09:21:28.971000+05:30,timestamp,,,,,False,False,https://courses.skillindiadigital.gov.in/api/courses/v1/courses/?page_size=100,filtered_catalogue_metadata;provider_label_not_identity_verification;seats_and_certification_unverified;not_point_in_time_complete,catalogue_candidate_only_not_verified_available_training
course-v1:SymbiosisOpenEducationSociety+90224+1744609730,Indian Financial System,SymbiosisOpenEducationSociety,90224,instructor,2025-04-14T11:18:54.222000+05:30,timestamp,,,,,False,False,https://courses.skillindiadigital.gov.in/api/courses/v1/courses/?page_size=100,filtered_catalogue_metadata;provider_label_not_identity_verification;seats_and_certification_unverified;not_point_in_time_complete,catalogue_candidate_only_not_verified_available_training
course-v1:SymbiosisOpenEducationSociety+90830+1790568743,Fintech Disruptive Innovation,SymbiosisOpenEducationSociety,90830,instructor,2026-09-28T09:42:43.038000+05:30,timestamp,,,,,False,False,https://courses.skillindiadigital.gov.in/api/courses/v1/courses/?page_size=100,filtered_catalogue_metadata;provider_label_not_identity_verification;seats_and_certification_unverified;not_point_in_time_complete,catalogue_candidate_only_not_verified_available_training
course-v1:SymbiosisOpenEducationSociety+91261+1790592561,"Web Security, App Security and Mobile Security",SymbiosisOpenEducationSociety,91261,instructor,2026-09-28T16:19:24.214000+05:30,timestamp,,,,,False,False,https://courses.skillindiadigital.gov.in/api/courses/v1/courses/?page_size=100,filtered_catalogue_metadata;provider_label_not_identity_verification;seats_and_certification_unverified;not_point_in_time_complete,catalogue_candidate_only_not_verified_available_training
course-v1:SymbiosisOpenEducationSociety+92177+1790415268,"Basics of Counselling, Techniques and Practices",SymbiosisOpenEducationSociety,92177,instructor,2026-09-26T15:04:59.393000+05:30,timestamp,,,,,False,False,https://courses.skillindiadigital.gov.in/api/courses/v1/courses/?page_size=100,filtered_catalogue_metadata;provider_label_not_identity_verification;seats_and_certification_unverified;not_point_in_time_complete,catalogue_candidate_only_not_verified_available_training
course-v1:SymbiosisOpenEducationSociety+93173+1744606529,Exploring World Heritage,SymbiosisOpenEducationSociety,93173,instructor,2025-04-14T10:25:33.741000+05:30,timestamp,,,,,False,False,https://courses.skillindiadigital.gov.in/api/courses/v1/courses/?page_size=100,filtered_catalogue_metadata;provider_label_not_identity_verification;seats_and_certification_unverified;not_point_in_time_complete,catalogue_candidate_only_not_verified_available_training
course-v1:SymbiosisOpenEducationSociety+93713+1790654099,Product and Brand Management,SymbiosisOpenEducationSociety,93713,instructor,2026-09-29T09:25:02.933000+05:30,timestamp,,,,,False,False,https://courses.skillindiadigital.gov.in/api/courses/v1/courses/?page_size=100,filtered_catalogue_metadata;provider_label_not_identity_verification;seats_and_certification_unverified;not_point_in_time_complete,catalogue_candidate_only_not_verified_available_training
course-v1:SymbiosisOpenEducationSociety+94689+1744605905,Beginners Course in Aromatherapy,SymbiosisOpenEducationSociety,94689,instructor,2025-04-14T10:15:34.649000+05:30,timestamp,,,,,False,False,https://courses.skillindiadigital.gov.in/api/courses/v1/courses/?page_size=100,filtered_catalogue_metadata;provider_label_not_identity_verification;seats_and_certification_unverified;not_point_in_time_complete,catalogue_candidate_only_not_verified_available_training
course-v1:SymbiosisOpenEducationSociety+94933+1790594926,Sales and Distribution Management,SymbiosisOpenEducationSociety,94933,instructor,2026-09-28T16:59:37.188000+05:30,timestamp,,,,,False,False,https://courses.skillindiadigital.gov.in/api/courses/v1/courses/?page_size=100,filtered_catalogue_metadata;provider_label_not_identity_verification;seats_and_certification_unverified;not_point_in_time_complete,catalogue_candidate_only_not_verified_available_training
course-v1:SymbiosisOpenEducationSociety+96650+1744609967,Indian Taxation System,SymbiosisOpenEducationSociety,96650,instructor,2025-04-14T11:23:02.476000+05:30,timestamp,,,,,False,False,https://courses.skillindiadigital.gov.in/api/courses/v1/courses/?page_size=100,filtered_catalogue_metadata;provider_label_not_identity_verification;seats_and_certification_unverified;not_point_in_time_complete,catalogue_candidate_only_not_verified_available_training
course-v1:SymbiosisOpenEducationSociety+98472+1744607832,Auditing and Corporate Governance,SymbiosisOpenEducationSociety,98472,instructor,2025-04-14T10:47:17.544000+05:30,timestamp,,,,,False,False,https://courses.skillindiadigital.gov.in/api/courses/v1/courses/?page_size=100,filtered_catalogue_metadata;provider_label_not_identity_verification;seats_and_certification_unverified;not_point_in_time_complete,catalogue_candidate_only_not_verified_available_training
course-v1:SymbiosisOpenEducationSociety+98844+1744608620,Entrepreneurship Management,SymbiosisOpenEducationSociety,98844,instructor,2025-04-14T11:00:24.625000+05:30,timestamp,,,,,False,False,https://courses.skillindiadigital.gov.in/api/courses/v1/courses/?page_size=100,filtered_catalogue_metadata;provider_label_not_identity_verification;seats_and_certification_unverified;not_point_in_time_complete,catalogue_candidate_only_not_verified_available_training
course-v1:SymbiosisOpenEducationSociety+99667+1790592162,Data Visualization,SymbiosisOpenEducationSociety,99667,instructor,2026-09-28T16:12:53.921000+05:30,timestamp,,,,,False,False,https://courses.skillindiadigital.gov.in/api/courses/v1/courses/?page_size=100,filtered_catalogue_metadata;provider_label_not_identity_verification;seats_and_certification_unverified;not_point_in_time_complete,catalogue_candidate_only_not_verified_available_training
course-v1:TourismAndHospitalitySkillCouncil+29548+1762943614,Guest Service Associate (Housekeeping),TourismAndHospitalitySkillCouncil,29548,instructor,2023-07-01T05:30:00+05:30,timestamp,,,,,False,False,https://courses.skillindiadigital.gov.in/api/courses/v1/courses/?page_size=100,filtered_catalogue_metadata;provider_label_not_identity_verification;seats_and_certification_unverified;not_point_in_time_complete,catalogue_candidate_only_not_verified_available_training
course-v1:TourismAndHospitalitySkillCouncil+33596+1768300289,Commis Chef,TourismAndHospitalitySkillCouncil,33596,instructor,2023-07-01T05:30:00+05:30,timestamp,,,,,False,False,https://courses.skillindiadigital.gov.in/api/courses/v1/courses/?page_size=100,filtered_catalogue_metadata;provider_label_not_identity_verification;seats_and_certification_unverified;not_point_in_time_complete,catalogue_candidate_only_not_verified_available_training
course-v1:TourismAndHospitalitySkillCouncil+46608+1768302270,Counter Sales Executive - Tourism & Hospitality,TourismAndHospitalitySkillCouncil,46608,instructor,2023-07-01T05:30:00+05:30,timestamp,,,,,False,False,https://courses.skillindiadigital.gov.in/api/courses/v1/courses/?page_size=100,filtered_catalogue_metadata;provider_label_not_identity_verification;seats_and_certification_unverified;not_point_in_time_complete,catalogue_candidate_only_not_verified_available_training
course-v1:TourismAndHospitalitySkillCouncil+53474+1768303204,Guest Service Associate (Housekeeping),TourismAndHospitalitySkillCouncil,53474,instructor,2023-07-01T05:30:00+05:30,timestamp,,,,,False,False,https://courses.skillindiadigital.gov.in/api/courses/v1/courses/?page_size=100,filtered_catalogue_metadata;provider_label_not_identity_verification;seats_and_certification_unverified;not_point_in_time_complete,catalogue_candidate_only_not_verified_available_training
course-v1:TourismAndHospitalitySkillCouncil+53499+1762944977,Nature Guide,TourismAndHospitalitySkillCouncil,53499,instructor,2025-11-12T16:26:31.036000+05:30,timestamp,,,,,False,False,https://courses.skillindiadigital.gov.in/api/courses/v1/courses/?page_size=100,filtered_catalogue_metadata;provider_label_not_identity_verification;seats_and_certification_unverified;not_point_in_time_complete,catalogue_candidate_only_not_verified_available_training
course-v1:TourismAndHospitalitySkillCouncil+61463+1768305652,Travel Consultant,TourismAndHospitalitySkillCouncil,61463,instructor,2023-07-01T05:30:00+05:30,timestamp,,,,,False,False,https://courses.skillindiadigital.gov.in/api/courses/v1/courses/?page_size=100,filtered_catalogue_metadata;provider_label_not_identity_verification;seats_and_certification_unverified;not_point_in_time_complete,catalogue_candidate_only_not_verified_available_training
course-v1:TourismAndHospitalitySkillCouncil+61627+1768304739,Guest Service Associate (Front Office),TourismAndHospitalitySkillCouncil,61627,instructor,2023-07-01T05:30:00+05:30,timestamp,,,,,False,False,https://courses.skillindiadigital.gov.in/api/courses/v1/courses/?page_size=100,filtered_catalogue_metadata;provider_label_not_identity_verification;seats_and_certification_unverified;not_point_in_time_complete,catalogue_candidate_only_not_verified_available_training
course-v1:TourismAndHospitalitySkillCouncil+72710+1768372491,Commis new upload,TourismAndHospitalitySkillCouncil,72710,instructor,2026-01-14T12:05:04.985000+05:30,timestamp,,,,,False,False,https://courses.skillindiadigital.gov.in/api/courses/v1/courses/?page_size=100,filtered_catalogue_metadata;provider_label_not_identity_verification;seats_and_certification_unverified;not_point_in_time_complete,catalogue_candidate_only_not_verified_available_training
course-v1:TourismAndHospitalitySkillCouncil+77588+1771133698,Smart Field Facilitator: AI Vision & Live Interpretation for Walk Tours & Nature Guides,TourismAndHospitalitySkillCouncil,77588,instructor,2026-02-15T11:05:58.418000+05:30,timestamp,,,,,False,False,https://courses.skillindiadigital.gov.in/api/courses/v1/courses/?page_size=100,filtered_catalogue_metadata;provider_label_not_identity_verification;seats_and_certification_unverified;not_point_in_time_complete,catalogue_candidate_only_not_verified_available_training
course-v1:TourismAndHospitalitySkillCouncil+84604+1771134959,AI-Smart Waste Controller: Operating Food-Waste AI in Commercial Kitchens,TourismAndHospitalitySkillCouncil,84604,instructor,2026-02-15T11:26:37.644000+05:30,timestamp,,,,,False,False,https://courses.skillindiadigital.gov.in/api/courses/v1/courses/?page_size=100,filtered_catalogue_metadata;provider_label_not_identity_verification;seats_and_certification_unverified;not_point_in_time_complete,catalogue_candidate_only_not_verified_available_training
