state_ut,district,financial_year,trained,pdf_page,source_url,quality_flag
Andhra Pradesh,Anantapur,2021-22,462,1,https://www.msde.gov.in/static/uploads/2024/05/Annexure-2.pdf,training_flow_not_available_jobseekers;historical_district_names
Andhra Pradesh,Chittoor,2021-22,761,1,https://www.msde.gov.in/static/uploads/2024/05/Annexure-2.pdf,training_flow_not_available_jobseekers;historical_district_names
Andhra Pradesh,East Godavari,2021-22,1471,1,https://www.msde.gov.in/static/uploads/2024/05/Annexure-2.pdf,training_flow_not_available_jobseekers;historical_district_names
Andhra Pradesh,Guntur,2021-22,1805,1,https://www.msde.gov.in/static/uploads/2024/05/Annexure-2.pdf,training_flow_not_available_jobseekers;historical_district_names
Andhra Pradesh,Krishna,2021-22,1243,1,https://www.msde.gov.in/static/uploads/2024/05/Annexure-2.pdf,training_flow_not_available_jobseekers;historical_district_names
Andhra Pradesh,Kurnool,2021-22,856,1,https://www.msde.gov.in/static/uploads/2024/05/Annexure-2.pdf,training_flow_not_available_jobseekers;historical_district_names
Andhra Pradesh,Prakasam,2021-22,1142,1,https://www.msde.gov.in/static/uploads/2024/05/Annexure-2.pdf,training_flow_not_available_jobseekers;historical_district_names
Andhra Pradesh,Spsr Nellore,2021-22,1319,1,https://www.msde.gov.in/static/uploads/2024/05/Annexure-2.pdf,training_flow_not_available_jobseekers;historical_district_names
Andhra Pradesh,Srikakulam,2021-22,1077,1,https://www.msde.gov.in/static/uploads/2024/05/Annexure-2.pdf,training_flow_not_available_jobseekers;historical_district_names
Andhra Pradesh,Visakhapatanam,2021-22,1249,1,https://www.msde.gov.in/static/uploads/2024/05/Annexure-2.pdf,training_flow_not_available_jobseekers;historical_district_names
Andhra Pradesh,Vizianagaram,2021-22,522,1,https://www.msde.gov.in/static/uploads/2024/05/Annexure-2.pdf,training_flow_not_available_jobseekers;historical_district_names
Andhra Pradesh,West Godavari,2021-22,684,1,https://www.msde.gov.in/static/uploads/2024/05/Annexure-2.pdf,training_flow_not_available_jobseekers;historical_district_names
Andhra Pradesh,Y.S.R.,2021-22,608,1,https://www.msde.gov.in/static/uploads/2024/05/Annexure-2.pdf,training_flow_not_available_jobseekers;historical_district_names
Arunachal Pradesh,Anjaw,2021-22,120,1,https://www.msde.gov.in/static/uploads/2024/05/Annexure-2.pdf,training_flow_not_available_jobseekers;historical_district_names
Arunachal Pradesh,Changlang,2021-22,661,1,https://www.msde.gov.in/static/uploads/2024/05/Annexure-2.pdf,training_flow_not_available_jobseekers;historical_district_names
Arunachal Pradesh,Dibang Valley,2021-22,120,1,https://www.msde.gov.in/static/uploads/2024/05/Annexure-2.pdf,training_flow_not_available_jobseekers;historical_district_names
Arunachal Pradesh,East Kameng,2021-22,150,1,https://www.msde.gov.in/static/uploads/2024/05/Annexure-2.pdf,training_flow_not_available_jobseekers;historical_district_names
Arunachal Pradesh,East Siang,2021-22,1250,1,https://www.msde.gov.in/static/uploads/2024/05/Annexure-2.pdf,training_flow_not_available_jobseekers;historical_district_names
Arunachal Pradesh,Kamle,2021-22,210,1,https://www.msde.gov.in/static/uploads/2024/05/Annexure-2.pdf,training_flow_not_available_jobseekers;historical_district_names
Arunachal Pradesh,Kra Daadi,2021-22,264,1,https://www.msde.gov.in/static/uploads/2024/05/Annexure-2.pdf,training_flow_not_available_jobseekers;historical_district_names
Arunachal Pradesh,Kurung Kumey,2021-22,30,1,https://www.msde.gov.in/static/uploads/2024/05/Annexure-2.pdf,training_flow_not_available_jobseekers;historical_district_names
Arunachal Pradesh,Lohit,2021-22,1082,1,https://www.msde.gov.in/static/uploads/2024/05/Annexure-2.pdf,training_flow_not_available_jobseekers;historical_district_names
Arunachal Pradesh,Longding,2021-22,270,1,https://www.msde.gov.in/static/uploads/2024/05/Annexure-2.pdf,training_flow_not_available_jobseekers;historical_district_names
Arunachal Pradesh,Lower Dibang Valley,2021-22,211,1,https://www.msde.gov.in/static/uploads/2024/05/Annexure-2.pdf,training_flow_not_available_jobseekers;historical_district_names
Arunachal Pradesh,Lower Siang,2021-22,627,1,https://www.msde.gov.in/static/uploads/2024/05/Annexure-2.pdf,training_flow_not_available_jobseekers;historical_district_names
Arunachal Pradesh,Lower Subansiri,2021-22,340,1,https://www.msde.gov.in/static/uploads/2024/05/Annexure-2.pdf,training_flow_not_available_jobseekers;historical_district_names
Arunachal Pradesh,Namsai,2021-22,270,1,https://www.msde.gov.in/static/uploads/2024/05/Annexure-2.pdf,training_flow_not_available_jobseekers;historical_district_names
Arunachal Pradesh,Papum Pare,2021-22,1166,1,https://www.msde.gov.in/static/uploads/2024/05/Annexure-2.pdf,training_flow_not_available_jobseekers;historical_district_names
Arunachal Pradesh,Siang,2021-22,120,1,https://www.msde.gov.in/static/uploads/2024/05/Annexure-2.pdf,training_flow_not_available_jobseekers;historical_district_names
Arunachal Pradesh,Tawang,2021-22,393,1,https://www.msde.gov.in/static/uploads/2024/05/Annexure-2.pdf,training_flow_not_available_jobseekers;historical_district_names
Arunachal Pradesh,Tirap,2021-22,382,1,https://www.msde.gov.in/static/uploads/2024/05/Annexure-2.pdf,training_flow_not_available_jobseekers;historical_district_names
Arunachal Pradesh,Upper Siang,2021-22,236,1,https://www.msde.gov.in/static/uploads/2024/05/Annexure-2.pdf,training_flow_not_available_jobseekers;historical_district_names
Arunachal Pradesh,Upper Subansiri,2021-22,236,1,https://www.msde.gov.in/static/uploads/2024/05/Annexure-2.pdf,training_flow_not_available_jobseekers;historical_district_names
Arunachal Pradesh,West Kameng,2021-22,420,1,https://www.msde.gov.in/static/uploads/2024/05/Annexure-2.pdf,training_flow_not_available_jobseekers;historical_district_names
Arunachal Pradesh,West Siang,2021-22,326,1,https://www.msde.gov.in/static/uploads/2024/05/Annexure-2.pdf,training_flow_not_available_jobseekers;historical_district_names
Assam,Baksa,2021-22,1996,1,https://www.msde.gov.in/static/uploads/2024/05/Annexure-2.pdf,training_flow_not_available_jobseekers;historical_district_names
Assam,Barpeta,2021-22,2187,1,https://www.msde.gov.in/static/uploads/2024/05/Annexure-2.pdf,training_flow_not_available_jobseekers;historical_district_names
Assam,Biswanath,2021-22,151,1,https://www.msde.gov.in/static/uploads/2024/05/Annexure-2.pdf,training_flow_not_available_jobseekers;historical_district_names
Assam,Bongaigaon,2021-22,460,1,https://www.msde.gov.in/static/uploads/2024/05/Annexure-2.pdf,training_flow_not_available_jobseekers;historical_district_names
Assam,Cachar,2021-22,927,1,https://www.msde.gov.in/static/uploads/2024/05/Annexure-2.pdf,training_flow_not_available_jobseekers;historical_district_names
Assam,Charaideo,2021-22,410,1,https://www.msde.gov.in/static/uploads/2024/05/Annexure-2.pdf,training_flow_not_available_jobseekers;historical_district_names
Assam,Chirang,2021-22,358,1,https://www.msde.gov.in/static/uploads/2024/05/Annexure-2.pdf,training_flow_not_available_jobseekers;historical_district_names
Assam,Darrang,2021-22,733,1,https://www.msde.gov.in/static/uploads/2024/05/Annexure-2.pdf,training_flow_not_available_jobseekers;historical_district_names
Assam,Dhemaji,2021-22,256,1,https://www.msde.gov.in/static/uploads/2024/05/Annexure-2.pdf,training_flow_not_available_jobseekers;historical_district_names
Assam,Dhubri,2021-22,908,1,https://www.msde.gov.in/static/uploads/2024/05/Annexure-2.pdf,training_flow_not_available_jobseekers;historical_district_names
Assam,Dibrugarh,2021-22,1362,1,https://www.msde.gov.in/static/uploads/2024/05/Annexure-2.pdf,training_flow_not_available_jobseekers;historical_district_names
Assam,Dima Hasao,2021-22,150,1,https://www.msde.gov.in/static/uploads/2024/05/Annexure-2.pdf,training_flow_not_available_jobseekers;historical_district_names
Assam,Goalpara,2021-22,701,1,https://www.msde.gov.in/static/uploads/2024/05/Annexure-2.pdf,training_flow_not_available_jobseekers;historical_district_names
Assam,Golaghat,2021-22,180,1,https://www.msde.gov.in/static/uploads/2024/05/Annexure-2.pdf,training_flow_not_available_jobseekers;historical_district_names
Assam,Hailakandi,2021-22,931,2,https://www.msde.gov.in/static/uploads/2024/05/Annexure-2.pdf,training_flow_not_available_jobseekers;historical_district_names
Assam,Hojai,2021-22,199,2,https://www.msde.gov.in/static/uploads/2024/05/Annexure-2.pdf,training_flow_not_available_jobseekers;historical_district_names
Assam,Jorhat,2021-22,125,2,https://www.msde.gov.in/static/uploads/2024/05/Annexure-2.pdf,training_flow_not_available_jobseekers;historical_district_names
Assam,Kamrup,2021-22,2364,2,https://www.msde.gov.in/static/uploads/2024/05/Annexure-2.pdf,training_flow_not_available_jobseekers;historical_district_names
Assam,Kamrup Metro,2021-22,1711,2,https://www.msde.gov.in/static/uploads/2024/05/Annexure-2.pdf,training_flow_not_available_jobseekers;historical_district_names
Assam,Karbi Anglong,2021-22,541,2,https://www.msde.gov.in/static/uploads/2024/05/Annexure-2.pdf,training_flow_not_available_jobseekers;historical_district_names
Assam,Karimganj,2021-22,440,2,https://www.msde.gov.in/static/uploads/2024/05/Annexure-2.pdf,training_flow_not_available_jobseekers;historical_district_names
Assam,Kokrajhar,2021-22,680,2,https://www.msde.gov.in/static/uploads/2024/05/Annexure-2.pdf,training_flow_not_available_jobseekers;historical_district_names
Assam,Lakhimpur,2021-22,777,2,https://www.msde.gov.in/static/uploads/2024/05/Annexure-2.pdf,training_flow_not_available_jobseekers;historical_district_names
Assam,Majuli,2021-22,240,2,https://www.msde.gov.in/static/uploads/2024/05/Annexure-2.pdf,training_flow_not_available_jobseekers;historical_district_names
Assam,Marigaon,2021-22,772,2,https://www.msde.gov.in/static/uploads/2024/05/Annexure-2.pdf,training_flow_not_available_jobseekers;historical_district_names
Assam,Nagaon,2021-22,1107,2,https://www.msde.gov.in/static/uploads/2024/05/Annexure-2.pdf,training_flow_not_available_jobseekers;historical_district_names
Assam,Nalbari,2021-22,1036,2,https://www.msde.gov.in/static/uploads/2024/05/Annexure-2.pdf,training_flow_not_available_jobseekers;historical_district_names
Assam,Sivasagar,2021-22,122,2,https://www.msde.gov.in/static/uploads/2024/05/Annexure-2.pdf,training_flow_not_available_jobseekers;historical_district_names
Assam,Sonitpur,2021-22,568,2,https://www.msde.gov.in/static/uploads/2024/05/Annexure-2.pdf,training_flow_not_available_jobseekers;historical_district_names
Assam,South Salmara Mancachar,2021-22,500,2,https://www.msde.gov.in/static/uploads/2024/05/Annexure-2.pdf,training_flow_not_available_jobseekers;historical_district_names
Assam,Tinsukia,2021-22,204,2,https://www.msde.gov.in/static/uploads/2024/05/Annexure-2.pdf,training_flow_not_available_jobseekers;historical_district_names
Assam,Udalguri,2021-22,1301,2,https://www.msde.gov.in/static/uploads/2024/05/Annexure-2.pdf,training_flow_not_available_jobseekers;historical_district_names
Assam,West Karbi Anglong,2021-22,120,2,https://www.msde.gov.in/static/uploads/2024/05/Annexure-2.pdf,training_flow_not_available_jobseekers;historical_district_names
Bihar,Araria,2021-22,454,2,https://www.msde.gov.in/static/uploads/2024/05/Annexure-2.pdf,training_flow_not_available_jobseekers;historical_district_names
Bihar,Arwal,2021-22,320,2,https://www.msde.gov.in/static/uploads/2024/05/Annexure-2.pdf,training_flow_not_available_jobseekers;historical_district_names
Bihar,Aurangabad,2021-22,1158,2,https://www.msde.gov.in/static/uploads/2024/05/Annexure-2.pdf,training_flow_not_available_jobseekers;historical_district_names
Bihar,Banka,2021-22,2051,2,https://www.msde.gov.in/static/uploads/2024/05/Annexure-2.pdf,training_flow_not_available_jobseekers;historical_district_names
Bihar,Begusarai,2021-22,980,2,https://www.msde.gov.in/static/uploads/2024/05/Annexure-2.pdf,training_flow_not_available_jobseekers;historical_district_names
Bihar,Bhagalpur,2021-22,1498,2,https://www.msde.gov.in/static/uploads/2024/05/Annexure-2.pdf,training_flow_not_available_jobseekers;historical_district_names
Bihar,Bhojpur,2021-22,1171,2,https://www.msde.gov.in/static/uploads/2024/05/Annexure-2.pdf,training_flow_not_available_jobseekers;historical_district_names
Bihar,Buxar,2021-22,1128,2,https://www.msde.gov.in/static/uploads/2024/05/Annexure-2.pdf,training_flow_not_available_jobseekers;historical_district_names
Bihar,Darbhanga,2021-22,1827,2,https://www.msde.gov.in/static/uploads/2024/05/Annexure-2.pdf,training_flow_not_available_jobseekers;historical_district_names
Bihar,Gaya,2021-22,1621,2,https://www.msde.gov.in/static/uploads/2024/05/Annexure-2.pdf,training_flow_not_available_jobseekers;historical_district_names
Bihar,Gopalganj,2021-22,1520,2,https://www.msde.gov.in/static/uploads/2024/05/Annexure-2.pdf,training_flow_not_available_jobseekers;historical_district_names
Bihar,Jamui,2021-22,816,2,https://www.msde.gov.in/static/uploads/2024/05/Annexure-2.pdf,training_flow_not_available_jobseekers;historical_district_names
Bihar,Jehanabad,2021-22,405,2,https://www.msde.gov.in/static/uploads/2024/05/Annexure-2.pdf,training_flow_not_available_jobseekers;historical_district_names
Bihar,Kaimur (Bhabua),2021-22,540,2,https://www.msde.gov.in/static/uploads/2024/05/Annexure-2.pdf,training_flow_not_available_jobseekers;historical_district_names
Bihar,Katihar,2021-22,1650,2,https://www.msde.gov.in/static/uploads/2024/05/Annexure-2.pdf,training_flow_not_available_jobseekers;historical_district_names
Bihar,Khagaria,2021-22,1813,2,https://www.msde.gov.in/static/uploads/2024/05/Annexure-2.pdf,training_flow_not_available_jobseekers;historical_district_names
Bihar,Kishanganj,2021-22,479,2,https://www.msde.gov.in/static/uploads/2024/05/Annexure-2.pdf,training_flow_not_available_jobseekers;historical_district_names
Bihar,Lakhisarai,2021-22,161,2,https://www.msde.gov.in/static/uploads/2024/05/Annexure-2.pdf,training_flow_not_available_jobseekers;historical_district_names
Bihar,Madhepura,2021-22,1271,2,https://www.msde.gov.in/static/uploads/2024/05/Annexure-2.pdf,training_flow_not_available_jobseekers;historical_district_names
Bihar,Madhubani,2021-22,1800,2,https://www.msde.gov.in/static/uploads/2024/05/Annexure-2.pdf,training_flow_not_available_jobseekers;historical_district_names
Bihar,Munger,2021-22,672,2,https://www.msde.gov.in/static/uploads/2024/05/Annexure-2.pdf,training_flow_not_available_jobseekers;historical_district_names
Bihar,Muzaffarpur,2021-22,2726,2,https://www.msde.gov.in/static/uploads/2024/05/Annexure-2.pdf,training_flow_not_available_jobseekers;historical_district_names
Bihar,Nalanda,2021-22,1226,2,https://www.msde.gov.in/static/uploads/2024/05/Annexure-2.pdf,training_flow_not_available_jobseekers;historical_district_names
Bihar,Nawada,2021-22,721,2,https://www.msde.gov.in/static/uploads/2024/05/Annexure-2.pdf,training_flow_not_available_jobseekers;historical_district_names
Bihar,Pashchim Champaran,2021-22,1801,2,https://www.msde.gov.in/static/uploads/2024/05/Annexure-2.pdf,training_flow_not_available_jobseekers;historical_district_names
Bihar,Patna,2021-22,2199,2,https://www.msde.gov.in/static/uploads/2024/05/Annexure-2.pdf,training_flow_not_available_jobseekers;historical_district_names
Bihar,Purbi Champaran,2021-22,2258,2,https://www.msde.gov.in/static/uploads/2024/05/Annexure-2.pdf,training_flow_not_available_jobseekers;historical_district_names
Bihar,Purnia,2021-22,1761,2,https://www.msde.gov.in/static/uploads/2024/05/Annexure-2.pdf,training_flow_not_available_jobseekers;historical_district_names
Bihar,Rohtas,2021-22,1542,2,https://www.msde.gov.in/static/uploads/2024/05/Annexure-2.pdf,training_flow_not_available_jobseekers;historical_district_names
Bihar,Saharsa,2021-22,1563,2,https://www.msde.gov.in/static/uploads/2024/05/Annexure-2.pdf,training_flow_not_available_jobseekers;historical_district_names
Bihar,Samastipur,2021-22,1255,2,https://www.msde.gov.in/static/uploads/2024/05/Annexure-2.pdf,training_flow_not_available_jobseekers;historical_district_names
Bihar,Saran,2021-22,2126,2,https://www.msde.gov.in/static/uploads/2024/05/Annexure-2.pdf,training_flow_not_available_jobseekers;historical_district_names
Bihar,Sheikhpura,2021-22,402,2,https://www.msde.gov.in/static/uploads/2024/05/Annexure-2.pdf,training_flow_not_available_jobseekers;historical_district_names
Bihar,Sheohar,2021-22,449,2,https://www.msde.gov.in/static/uploads/2024/05/Annexure-2.pdf,training_flow_not_available_jobseekers;historical_district_names
Bihar,Sitamarhi,2021-22,810,2,https://www.msde.gov.in/static/uploads/2024/05/Annexure-2.pdf,training_flow_not_available_jobseekers;historical_district_names
Bihar,Siwan,2021-22,1722,2,https://www.msde.gov.in/static/uploads/2024/05/Annexure-2.pdf,training_flow_not_available_jobseekers;historical_district_names
Bihar,Supaul,2021-22,439,3,https://www.msde.gov.in/static/uploads/2024/05/Annexure-2.pdf,training_flow_not_available_jobseekers;historical_district_names
Bihar,Vaishali,2021-22,1158,3,https://www.msde.gov.in/static/uploads/2024/05/Annexure-2.pdf,training_flow_not_available_jobseekers;historical_district_names
Chhattisgarh,Balod,2021-22,69,3,https://www.msde.gov.in/static/uploads/2024/05/Annexure-2.pdf,training_flow_not_available_jobseekers;historical_district_names
Chhattisgarh,Baloda Bazar,2021-22,382,3,https://www.msde.gov.in/static/uploads/2024/05/Annexure-2.pdf,training_flow_not_available_jobseekers;historical_district_names
Chhattisgarh,Balrampur,2021-22,329,3,https://www.msde.gov.in/static/uploads/2024/05/Annexure-2.pdf,training_flow_not_available_jobseekers;historical_district_names
Chhattisgarh,Bastar,2021-22,103,3,https://www.msde.gov.in/static/uploads/2024/05/Annexure-2.pdf,training_flow_not_available_jobseekers;historical_district_names
Chhattisgarh,Bemetara,2021-22,361,3,https://www.msde.gov.in/static/uploads/2024/05/Annexure-2.pdf,training_flow_not_available_jobseekers;historical_district_names
Chhattisgarh,Bijapur,2021-22,22,3,https://www.msde.gov.in/static/uploads/2024/05/Annexure-2.pdf,training_flow_not_available_jobseekers;historical_district_names
Chhattisgarh,Bilaspur,2021-22,397,3,https://www.msde.gov.in/static/uploads/2024/05/Annexure-2.pdf,training_flow_not_available_jobseekers;historical_district_names
Chhattisgarh,Dantewada,2021-22,20,3,https://www.msde.gov.in/static/uploads/2024/05/Annexure-2.pdf,training_flow_not_available_jobseekers;historical_district_names
Chhattisgarh,Dhamtari,2021-22,266,3,https://www.msde.gov.in/static/uploads/2024/05/Annexure-2.pdf,training_flow_not_available_jobseekers;historical_district_names
Chhattisgarh,Durg,2021-22,590,3,https://www.msde.gov.in/static/uploads/2024/05/Annexure-2.pdf,training_flow_not_available_jobseekers;historical_district_names
Chhattisgarh,Gariyaband,2021-22,49,3,https://www.msde.gov.in/static/uploads/2024/05/Annexure-2.pdf,training_flow_not_available_jobseekers;historical_district_names
Chhattisgarh,Janjgir-Champa,2021-22,512,3,https://www.msde.gov.in/static/uploads/2024/05/Annexure-2.pdf,training_flow_not_available_jobseekers;historical_district_names
Chhattisgarh,Jashpur,2021-22,370,3,https://www.msde.gov.in/static/uploads/2024/05/Annexure-2.pdf,training_flow_not_available_jobseekers;historical_district_names
Chhattisgarh,Kabirdham,2021-22,319,3,https://www.msde.gov.in/static/uploads/2024/05/Annexure-2.pdf,training_flow_not_available_jobseekers;historical_district_names
Chhattisgarh,Kanker,2021-22,205,3,https://www.msde.gov.in/static/uploads/2024/05/Annexure-2.pdf,training_flow_not_available_jobseekers;historical_district_names
Chhattisgarh,Kondagaon,2021-22,313,3,https://www.msde.gov.in/static/uploads/2024/05/Annexure-2.pdf,training_flow_not_available_jobseekers;historical_district_names
Chhattisgarh,Korba,2021-22,723,3,https://www.msde.gov.in/static/uploads/2024/05/Annexure-2.pdf,training_flow_not_available_jobseekers;historical_district_names
Chhattisgarh,Korea,2021-22,809,3,https://www.msde.gov.in/static/uploads/2024/05/Annexure-2.pdf,training_flow_not_available_jobseekers;historical_district_names
Chhattisgarh,Mahasamund,2021-22,346,3,https://www.msde.gov.in/static/uploads/2024/05/Annexure-2.pdf,training_flow_not_available_jobseekers;historical_district_names
Chhattisgarh,Mungeli,2021-22,383,3,https://www.msde.gov.in/static/uploads/2024/05/Annexure-2.pdf,training_flow_not_available_jobseekers;historical_district_names
Chhattisgarh,Narayanpur,2021-22,219,3,https://www.msde.gov.in/static/uploads/2024/05/Annexure-2.pdf,training_flow_not_available_jobseekers;historical_district_names
Chhattisgarh,Raigarh,2021-22,717,3,https://www.msde.gov.in/static/uploads/2024/05/Annexure-2.pdf,training_flow_not_available_jobseekers;historical_district_names
Chhattisgarh,Raipur,2021-22,825,3,https://www.msde.gov.in/static/uploads/2024/05/Annexure-2.pdf,training_flow_not_available_jobseekers;historical_district_names
Chhattisgarh,Rajnandgaon,2021-22,440,3,https://www.msde.gov.in/static/uploads/2024/05/Annexure-2.pdf,training_flow_not_available_jobseekers;historical_district_names
Chhattisgarh,Surajpur,2021-22,128,3,https://www.msde.gov.in/static/uploads/2024/05/Annexure-2.pdf,training_flow_not_available_jobseekers;historical_district_names
Chhattisgarh,Surguja,2021-22,598,3,https://www.msde.gov.in/static/uploads/2024/05/Annexure-2.pdf,training_flow_not_available_jobseekers;historical_district_names
Goa,North Goa,2021-22,437,3,https://www.msde.gov.in/static/uploads/2024/05/Annexure-2.pdf,training_flow_not_available_jobseekers;historical_district_names
Goa,South Goa,2021-22,167,3,https://www.msde.gov.in/static/uploads/2024/05/Annexure-2.pdf,training_flow_not_available_jobseekers;historical_district_names
Gujarat,Ahmadabad,2021-22,3610,3,https://www.msde.gov.in/static/uploads/2024/05/Annexure-2.pdf,training_flow_not_available_jobseekers;historical_district_names
Gujarat,Amreli,2021-22,357,3,https://www.msde.gov.in/static/uploads/2024/05/Annexure-2.pdf,training_flow_not_available_jobseekers;historical_district_names
Gujarat,Anand,2021-22,543,3,https://www.msde.gov.in/static/uploads/2024/05/Annexure-2.pdf,training_flow_not_available_jobseekers;historical_district_names
Gujarat,Banas Kantha,2021-22,4386,3,https://www.msde.gov.in/static/uploads/2024/05/Annexure-2.pdf,training_flow_not_available_jobseekers;historical_district_names
Gujarat,Bharuch,2021-22,521,3,https://www.msde.gov.in/static/uploads/2024/05/Annexure-2.pdf,training_flow_not_available_jobseekers;historical_district_names
Gujarat,Bhavnagar,2021-22,561,3,https://www.msde.gov.in/static/uploads/2024/05/Annexure-2.pdf,training_flow_not_available_jobseekers;historical_district_names
Gujarat,Botad,2021-22,405,3,https://www.msde.gov.in/static/uploads/2024/05/Annexure-2.pdf,training_flow_not_available_jobseekers;historical_district_names
Gujarat,Chhotaudepur,2021-22,200,3,https://www.msde.gov.in/static/uploads/2024/05/Annexure-2.pdf,training_flow_not_available_jobseekers;historical_district_names
Gujarat,Dang,2021-22,281,3,https://www.msde.gov.in/static/uploads/2024/05/Annexure-2.pdf,training_flow_not_available_jobseekers;historical_district_names
Gujarat,Devbhumi Dwarka,2021-22,304,3,https://www.msde.gov.in/static/uploads/2024/05/Annexure-2.pdf,training_flow_not_available_jobseekers;historical_district_names
Gujarat,Dohad,2021-22,173,3,https://www.msde.gov.in/static/uploads/2024/05/Annexure-2.pdf,training_flow_not_available_jobseekers;historical_district_names
Gujarat,Gandhinagar,2021-22,1721,3,https://www.msde.gov.in/static/uploads/2024/05/Annexure-2.pdf,training_flow_not_available_jobseekers;historical_district_names
Gujarat,Gir Somnath,2021-22,385,3,https://www.msde.gov.in/static/uploads/2024/05/Annexure-2.pdf,training_flow_not_available_jobseekers;historical_district_names
Gujarat,Jamnagar,2021-22,1393,3,https://www.msde.gov.in/static/uploads/2024/05/Annexure-2.pdf,training_flow_not_available_jobseekers;historical_district_names
Gujarat,Junagadh,2021-22,766,3,https://www.msde.gov.in/static/uploads/2024/05/Annexure-2.pdf,training_flow_not_available_jobseekers;historical_district_names
Gujarat,Kachchh,2021-22,1544,3,https://www.msde.gov.in/static/uploads/2024/05/Annexure-2.pdf,training_flow_not_available_jobseekers;historical_district_names
Gujarat,Kheda,2021-22,574,3,https://www.msde.gov.in/static/uploads/2024/05/Annexure-2.pdf,training_flow_not_available_jobseekers;historical_district_names
Gujarat,Mahesana,2021-22,2566,3,https://www.msde.gov.in/static/uploads/2024/05/Annexure-2.pdf,training_flow_not_available_jobseekers;historical_district_names
Gujarat,Mahisagar,2021-22,260,3,https://www.msde.gov.in/static/uploads/2024/05/Annexure-2.pdf,training_flow_not_available_jobseekers;historical_district_names
Gujarat,Morbi,2021-22,320,3,https://www.msde.gov.in/static/uploads/2024/05/Annexure-2.pdf,training_flow_not_available_jobseekers;historical_district_names
Gujarat,Narmada,2021-22,314,3,https://www.msde.gov.in/static/uploads/2024/05/Annexure-2.pdf,training_flow_not_available_jobseekers;historical_district_names
Gujarat,Navsari,2021-22,348,3,https://www.msde.gov.in/static/uploads/2024/05/Annexure-2.pdf,training_flow_not_available_jobseekers;historical_district_names
Gujarat,Panch Mahals,2021-22,279,4,https://www.msde.gov.in/static/uploads/2024/05/Annexure-2.pdf,training_flow_not_available_jobseekers;historical_district_names
Gujarat,Patan,2021-22,1080,4,https://www.msde.gov.in/static/uploads/2024/05/Annexure-2.pdf,training_flow_not_available_jobseekers;historical_district_names
Gujarat,Porbandar,2021-22,180,4,https://www.msde.gov.in/static/uploads/2024/05/Annexure-2.pdf,training_flow_not_available_jobseekers;historical_district_names
Gujarat,Rajkot,2021-22,808,4,https://www.msde.gov.in/static/uploads/2024/05/Annexure-2.pdf,training_flow_not_available_jobseekers;historical_district_names
Gujarat,Sabar Kantha,2021-22,445,4,https://www.msde.gov.in/static/uploads/2024/05/Annexure-2.pdf,training_flow_not_available_jobseekers;historical_district_names
Gujarat,Surat,2021-22,8018,4,https://www.msde.gov.in/static/uploads/2024/05/Annexure-2.pdf,training_flow_not_available_jobseekers;historical_district_names
Gujarat,Surendranagar,2021-22,200,4,https://www.msde.gov.in/static/uploads/2024/05/Annexure-2.pdf,training_flow_not_available_jobseekers;historical_district_names
Gujarat,Tapi,2021-22,387,4,https://www.msde.gov.in/static/uploads/2024/05/Annexure-2.pdf,training_flow_not_available_jobseekers;historical_district_names
Gujarat,Vadodara,2021-22,1529,4,https://www.msde.gov.in/static/uploads/2024/05/Annexure-2.pdf,training_flow_not_available_jobseekers;historical_district_names
Gujarat,Valsad,2021-22,543,4,https://www.msde.gov.in/static/uploads/2024/05/Annexure-2.pdf,training_flow_not_available_jobseekers;historical_district_names
Haryana,Ambala,2021-22,669,4,https://www.msde.gov.in/static/uploads/2024/05/Annexure-2.pdf,training_flow_not_available_jobseekers;historical_district_names
Haryana,Bhiwani,2021-22,450,4,https://www.msde.gov.in/static/uploads/2024/05/Annexure-2.pdf,training_flow_not_available_jobseekers;historical_district_names
Haryana,Charki Dadri,2021-22,154,4,https://www.msde.gov.in/static/uploads/2024/05/Annexure-2.pdf,training_flow_not_available_jobseekers;historical_district_names
Haryana,Faridabad,2021-22,3047,4,https://www.msde.gov.in/static/uploads/2024/05/Annexure-2.pdf,training_flow_not_available_jobseekers;historical_district_names
Haryana,Fatehabad,2021-22,64,4,https://www.msde.gov.in/static/uploads/2024/05/Annexure-2.pdf,training_flow_not_available_jobseekers;historical_district_names
Haryana,Gurugram,2021-22,3821,4,https://www.msde.gov.in/static/uploads/2024/05/Annexure-2.pdf,training_flow_not_available_jobseekers;historical_district_names
Haryana,Hisar,2021-22,812,4,https://www.msde.gov.in/static/uploads/2024/05/Annexure-2.pdf,training_flow_not_available_jobseekers;historical_district_names
Haryana,Jhajjar,2021-22,272,4,https://www.msde.gov.in/static/uploads/2024/05/Annexure-2.pdf,training_flow_not_available_jobseekers;historical_district_names
Haryana,Jind,2021-22,491,4,https://www.msde.gov.in/static/uploads/2024/05/Annexure-2.pdf,training_flow_not_available_jobseekers;historical_district_names
Haryana,Kaithal,2021-22,904,4,https://www.msde.gov.in/static/uploads/2024/05/Annexure-2.pdf,training_flow_not_available_jobseekers;historical_district_names
Haryana,Karnal,2021-22,580,4,https://www.msde.gov.in/static/uploads/2024/05/Annexure-2.pdf,training_flow_not_available_jobseekers;historical_district_names
Haryana,Kurukshetra,2021-22,563,4,https://www.msde.gov.in/static/uploads/2024/05/Annexure-2.pdf,training_flow_not_available_jobseekers;historical_district_names
Haryana,Mahendragarh,2021-22,1321,4,https://www.msde.gov.in/static/uploads/2024/05/Annexure-2.pdf,training_flow_not_available_jobseekers;historical_district_names
Haryana,Nuh,2021-22,360,4,https://www.msde.gov.in/static/uploads/2024/05/Annexure-2.pdf,training_flow_not_available_jobseekers;historical_district_names
Haryana,Palwal,2021-22,48,4,https://www.msde.gov.in/static/uploads/2024/05/Annexure-2.pdf,training_flow_not_available_jobseekers;historical_district_names
Haryana,Panchkula,2021-22,415,4,https://www.msde.gov.in/static/uploads/2024/05/Annexure-2.pdf,training_flow_not_available_jobseekers;historical_district_names
Haryana,Panipat,2021-22,698,4,https://www.msde.gov.in/static/uploads/2024/05/Annexure-2.pdf,training_flow_not_available_jobseekers;historical_district_names
Haryana,Rewari,2021-22,819,4,https://www.msde.gov.in/static/uploads/2024/05/Annexure-2.pdf,training_flow_not_available_jobseekers;historical_district_names
Haryana,Rohtak,2021-22,746,4,https://www.msde.gov.in/static/uploads/2024/05/Annexure-2.pdf,training_flow_not_available_jobseekers;historical_district_names
Haryana,Sirsa,2021-22,466,4,https://www.msde.gov.in/static/uploads/2024/05/Annexure-2.pdf,training_flow_not_available_jobseekers;historical_district_names
Haryana,Sonipat,2021-22,620,4,https://www.msde.gov.in/static/uploads/2024/05/Annexure-2.pdf,training_flow_not_available_jobseekers;historical_district_names
Haryana,Yamunanagar,2021-22,841,4,https://www.msde.gov.in/static/uploads/2024/05/Annexure-2.pdf,training_flow_not_available_jobseekers;historical_district_names
Himachal Pradesh,Bilaspur,2021-22,346,4,https://www.msde.gov.in/static/uploads/2024/05/Annexure-2.pdf,training_flow_not_available_jobseekers;historical_district_names
Himachal Pradesh,Chamba,2021-22,788,4,https://www.msde.gov.in/static/uploads/2024/05/Annexure-2.pdf,training_flow_not_available_jobseekers;historical_district_names
Himachal Pradesh,Hamirpur,2021-22,980,4,https://www.msde.gov.in/static/uploads/2024/05/Annexure-2.pdf,training_flow_not_available_jobseekers;historical_district_names
Himachal Pradesh,Kangra,2021-22,1287,4,https://www.msde.gov.in/static/uploads/2024/05/Annexure-2.pdf,training_flow_not_available_jobseekers;historical_district_names
Himachal Pradesh,Kinnaur,2021-22,460,4,https://www.msde.gov.in/static/uploads/2024/05/Annexure-2.pdf,training_flow_not_available_jobseekers;historical_district_names
Himachal Pradesh,Kullu,2021-22,720,4,https://www.msde.gov.in/static/uploads/2024/05/Annexure-2.pdf,training_flow_not_available_jobseekers;historical_district_names
Himachal Pradesh,Mandi,2021-22,970,4,https://www.msde.gov.in/static/uploads/2024/05/Annexure-2.pdf,training_flow_not_available_jobseekers;historical_district_names
Himachal Pradesh,Shimla,2021-22,545,4,https://www.msde.gov.in/static/uploads/2024/05/Annexure-2.pdf,training_flow_not_available_jobseekers;historical_district_names
Himachal Pradesh,Sirmaur,2021-22,1026,4,https://www.msde.gov.in/static/uploads/2024/05/Annexure-2.pdf,training_flow_not_available_jobseekers;historical_district_names
Himachal Pradesh,Solan,2021-22,1042,4,https://www.msde.gov.in/static/uploads/2024/05/Annexure-2.pdf,training_flow_not_available_jobseekers;historical_district_names
Himachal Pradesh,Una,2021-22,560,4,https://www.msde.gov.in/static/uploads/2024/05/Annexure-2.pdf,training_flow_not_available_jobseekers;historical_district_names
Jharkhand,Bokaro,2021-22,1660,4,https://www.msde.gov.in/static/uploads/2024/05/Annexure-2.pdf,training_flow_not_available_jobseekers;historical_district_names
Jharkhand,Chatra,2021-22,520,4,https://www.msde.gov.in/static/uploads/2024/05/Annexure-2.pdf,training_flow_not_available_jobseekers;historical_district_names
Jharkhand,Deoghar,2021-22,674,4,https://www.msde.gov.in/static/uploads/2024/05/Annexure-2.pdf,training_flow_not_available_jobseekers;historical_district_names
Jharkhand,Dhanbad,2021-22,2808,4,https://www.msde.gov.in/static/uploads/2024/05/Annexure-2.pdf,training_flow_not_available_jobseekers;historical_district_names
Jharkhand,Dumka,2021-22,1969,4,https://www.msde.gov.in/static/uploads/2024/05/Annexure-2.pdf,training_flow_not_available_jobseekers;historical_district_names
Jharkhand,East Singhbum,2021-22,2020,4,https://www.msde.gov.in/static/uploads/2024/05/Annexure-2.pdf,training_flow_not_available_jobseekers;historical_district_names
Jharkhand,Garhwa,2021-22,1710,4,https://www.msde.gov.in/static/uploads/2024/05/Annexure-2.pdf,training_flow_not_available_jobseekers;historical_district_names
Jharkhand,Giridih,2021-22,984,4,https://www.msde.gov.in/static/uploads/2024/05/Annexure-2.pdf,training_flow_not_available_jobseekers;historical_district_names
Jharkhand,Godda,2021-22,1665,4,https://www.msde.gov.in/static/uploads/2024/05/Annexure-2.pdf,training_flow_not_available_jobseekers;historical_district_names
Jharkhand,Gumla,2021-22,386,4,https://www.msde.gov.in/static/uploads/2024/05/Annexure-2.pdf,training_flow_not_available_jobseekers;historical_district_names
Jharkhand,Hazaribagh,2021-22,3619,4,https://www.msde.gov.in/static/uploads/2024/05/Annexure-2.pdf,training_flow_not_available_jobseekers;historical_district_names
Jharkhand,Jamtara,2021-22,285,5,https://www.msde.gov.in/static/uploads/2024/05/Annexure-2.pdf,training_flow_not_available_jobseekers;historical_district_names
Jharkhand,Khunti,2021-22,637,5,https://www.msde.gov.in/static/uploads/2024/05/Annexure-2.pdf,training_flow_not_available_jobseekers;historical_district_names
Jharkhand,Koderma,2021-22,1289,5,https://www.msde.gov.in/static/uploads/2024/05/Annexure-2.pdf,training_flow_not_available_jobseekers;historical_district_names
Jharkhand,Latehar,2021-22,262,5,https://www.msde.gov.in/static/uploads/2024/05/Annexure-2.pdf,training_flow_not_available_jobseekers;historical_district_names
Jharkhand,Lohardaga,2021-22,572,5,https://www.msde.gov.in/static/uploads/2024/05/Annexure-2.pdf,training_flow_not_available_jobseekers;historical_district_names
Jharkhand,Pakur,2021-22,689,5,https://www.msde.gov.in/static/uploads/2024/05/Annexure-2.pdf,training_flow_not_available_jobseekers;historical_district_names
Jharkhand,Palamu,2021-22,2251,5,https://www.msde.gov.in/static/uploads/2024/05/Annexure-2.pdf,training_flow_not_available_jobseekers;historical_district_names
Jharkhand,Ramgarh,2021-22,2827,5,https://www.msde.gov.in/static/uploads/2024/05/Annexure-2.pdf,training_flow_not_available_jobseekers;historical_district_names
Jharkhand,Ranchi,2021-22,4471,5,https://www.msde.gov.in/static/uploads/2024/05/Annexure-2.pdf,training_flow_not_available_jobseekers;historical_district_names
Jharkhand,Sahebganj,2021-22,515,5,https://www.msde.gov.in/static/uploads/2024/05/Annexure-2.pdf,training_flow_not_available_jobseekers;historical_district_names
Jharkhand,Saraikela Kharsawan,2021-22,910,5,https://www.msde.gov.in/static/uploads/2024/05/Annexure-2.pdf,training_flow_not_available_jobseekers;historical_district_names
Jharkhand,Simdega,2021-22,360,5,https://www.msde.gov.in/static/uploads/2024/05/Annexure-2.pdf,training_flow_not_available_jobseekers;historical_district_names
Jharkhand,West Singhbhum,2021-22,1030,5,https://www.msde.gov.in/static/uploads/2024/05/Annexure-2.pdf,training_flow_not_available_jobseekers;historical_district_names
Karnataka,Bagalkote,2021-22,383,5,https://www.msde.gov.in/static/uploads/2024/05/Annexure-2.pdf,training_flow_not_available_jobseekers;historical_district_names
Karnataka,Ballari,2021-22,1440,5,https://www.msde.gov.in/static/uploads/2024/05/Annexure-2.pdf,training_flow_not_available_jobseekers;historical_district_names
Karnataka,Belagavi,2021-22,1038,5,https://www.msde.gov.in/static/uploads/2024/05/Annexure-2.pdf,training_flow_not_available_jobseekers;historical_district_names
Karnataka,Bengaluru Rural,2021-22,2703,5,https://www.msde.gov.in/static/uploads/2024/05/Annexure-2.pdf,training_flow_not_available_jobseekers;historical_district_names
Karnataka,Bengaluru Urban,2021-22,4090,5,https://www.msde.gov.in/static/uploads/2024/05/Annexure-2.pdf,training_flow_not_available_jobseekers;historical_district_names
Karnataka,Bidar,2021-22,518,5,https://www.msde.gov.in/static/uploads/2024/05/Annexure-2.pdf,training_flow_not_available_jobseekers;historical_district_names
Karnataka,Chamarajanagara,2021-22,610,5,https://www.msde.gov.in/static/uploads/2024/05/Annexure-2.pdf,training_flow_not_available_jobseekers;historical_district_names
Karnataka,Chikkaballapura,2021-22,403,5,https://www.msde.gov.in/static/uploads/2024/05/Annexure-2.pdf,training_flow_not_available_jobseekers;historical_district_names
Karnataka,Chikkamagaluru,2021-22,487,5,https://www.msde.gov.in/static/uploads/2024/05/Annexure-2.pdf,training_flow_not_available_jobseekers;historical_district_names
Karnataka,Chitradurga,2021-22,434,5,https://www.msde.gov.in/static/uploads/2024/05/Annexure-2.pdf,training_flow_not_available_jobseekers;historical_district_names
Karnataka,Dakshina Kannada,2021-22,457,5,https://www.msde.gov.in/static/uploads/2024/05/Annexure-2.pdf,training_flow_not_available_jobseekers;historical_district_names
Karnataka,Davangere,2021-22,548,5,https://www.msde.gov.in/static/uploads/2024/05/Annexure-2.pdf,training_flow_not_available_jobseekers;historical_district_names
Karnataka,Dharwad,2021-22,1697,5,https://www.msde.gov.in/static/uploads/2024/05/Annexure-2.pdf,training_flow_not_available_jobseekers;historical_district_names
Karnataka,Gadag,2021-22,666,5,https://www.msde.gov.in/static/uploads/2024/05/Annexure-2.pdf,training_flow_not_available_jobseekers;historical_district_names
Karnataka,Hassan,2021-22,225,5,https://www.msde.gov.in/static/uploads/2024/05/Annexure-2.pdf,training_flow_not_available_jobseekers;historical_district_names
Karnataka,Haveri,2021-22,443,5,https://www.msde.gov.in/static/uploads/2024/05/Annexure-2.pdf,training_flow_not_available_jobseekers;historical_district_names
Karnataka,Kalaburagi,2021-22,512,5,https://www.msde.gov.in/static/uploads/2024/05/Annexure-2.pdf,training_flow_not_available_jobseekers;historical_district_names
Karnataka,Kodagu,2021-22,307,5,https://www.msde.gov.in/static/uploads/2024/05/Annexure-2.pdf,training_flow_not_available_jobseekers;historical_district_names
Karnataka,Kolar,2021-22,399,5,https://www.msde.gov.in/static/uploads/2024/05/Annexure-2.pdf,training_flow_not_available_jobseekers;historical_district_names
Karnataka,Koppal,2021-22,480,5,https://www.msde.gov.in/static/uploads/2024/05/Annexure-2.pdf,training_flow_not_available_jobseekers;historical_district_names
Karnataka,Mandya,2021-22,715,5,https://www.msde.gov.in/static/uploads/2024/05/Annexure-2.pdf,training_flow_not_available_jobseekers;historical_district_names
Karnataka,Mysuru,2021-22,535,5,https://www.msde.gov.in/static/uploads/2024/05/Annexure-2.pdf,training_flow_not_available_jobseekers;historical_district_names
Karnataka,Raichur,2021-22,497,5,https://www.msde.gov.in/static/uploads/2024/05/Annexure-2.pdf,training_flow_not_available_jobseekers;historical_district_names
Karnataka,Ramanagara,2021-22,453,5,https://www.msde.gov.in/static/uploads/2024/05/Annexure-2.pdf,training_flow_not_available_jobseekers;historical_district_names
Karnataka,Shivamogga,2021-22,514,5,https://www.msde.gov.in/static/uploads/2024/05/Annexure-2.pdf,training_flow_not_available_jobseekers;historical_district_names
Karnataka,Tumakuru,2021-22,635,5,https://www.msde.gov.in/static/uploads/2024/05/Annexure-2.pdf,training_flow_not_available_jobseekers;historical_district_names
Karnataka,Udupi,2021-22,700,5,https://www.msde.gov.in/static/uploads/2024/05/Annexure-2.pdf,training_flow_not_available_jobseekers;historical_district_names
Karnataka,Uttara Kannada,2021-22,341,5,https://www.msde.gov.in/static/uploads/2024/05/Annexure-2.pdf,training_flow_not_available_jobseekers;historical_district_names
Karnataka,Vijayapura,2021-22,644,5,https://www.msde.gov.in/static/uploads/2024/05/Annexure-2.pdf,training_flow_not_available_jobseekers;historical_district_names
Karnataka,Yadgir,2021-22,279,5,https://www.msde.gov.in/static/uploads/2024/05/Annexure-2.pdf,training_flow_not_available_jobseekers;historical_district_names
Kerala,Alappuzha,2021-22,697,5,https://www.msde.gov.in/static/uploads/2024/05/Annexure-2.pdf,training_flow_not_available_jobseekers;historical_district_names
Kerala,Ernakulam,2021-22,1521,5,https://www.msde.gov.in/static/uploads/2024/05/Annexure-2.pdf,training_flow_not_available_jobseekers;historical_district_names
Kerala,Idukki,2021-22,204,5,https://www.msde.gov.in/static/uploads/2024/05/Annexure-2.pdf,training_flow_not_available_jobseekers;historical_district_names
Kerala,Kannur,2021-22,941,5,https://www.msde.gov.in/static/uploads/2024/05/Annexure-2.pdf,training_flow_not_available_jobseekers;historical_district_names
Kerala,Kasaragod,2021-22,693,5,https://www.msde.gov.in/static/uploads/2024/05/Annexure-2.pdf,training_flow_not_available_jobseekers;historical_district_names
Kerala,Kollam,2021-22,979,5,https://www.msde.gov.in/static/uploads/2024/05/Annexure-2.pdf,training_flow_not_available_jobseekers;historical_district_names
Kerala,Kottayam,2021-22,764,5,https://www.msde.gov.in/static/uploads/2024/05/Annexure-2.pdf,training_flow_not_available_jobseekers;historical_district_names
Kerala,Kozhikode,2021-22,1235,5,https://www.msde.gov.in/static/uploads/2024/05/Annexure-2.pdf,training_flow_not_available_jobseekers;historical_district_names
Kerala,Malappuram,2021-22,1190,5,https://www.msde.gov.in/static/uploads/2024/05/Annexure-2.pdf,training_flow_not_available_jobseekers;historical_district_names
Kerala,Palakkad,2021-22,624,5,https://www.msde.gov.in/static/uploads/2024/05/Annexure-2.pdf,training_flow_not_available_jobseekers;historical_district_names
Kerala,Pathanamthitta,2021-22,708,5,https://www.msde.gov.in/static/uploads/2024/05/Annexure-2.pdf,training_flow_not_available_jobseekers;historical_district_names
Kerala,Thiruvananthapuram,2021-22,1439,6,https://www.msde.gov.in/static/uploads/2024/05/Annexure-2.pdf,training_flow_not_available_jobseekers;historical_district_names
Kerala,Thrissur,2021-22,1152,6,https://www.msde.gov.in/static/uploads/2024/05/Annexure-2.pdf,training_flow_not_available_jobseekers;historical_district_names
Kerala,Wayanad,2021-22,821,6,https://www.msde.gov.in/static/uploads/2024/05/Annexure-2.pdf,training_flow_not_available_jobseekers;historical_district_names
Madhya Pradesh,Agar Malwa,2021-22,410,6,https://www.msde.gov.in/static/uploads/2024/05/Annexure-2.pdf,training_flow_not_available_jobseekers;historical_district_names
Madhya Pradesh,Alirajpur,2021-22,1277,6,https://www.msde.gov.in/static/uploads/2024/05/Annexure-2.pdf,training_flow_not_available_jobseekers;historical_district_names
Madhya Pradesh,Anuppur,2021-22,326,6,https://www.msde.gov.in/static/uploads/2024/05/Annexure-2.pdf,training_flow_not_available_jobseekers;historical_district_names
Madhya Pradesh,Ashoknagar,2021-22,655,6,https://www.msde.gov.in/static/uploads/2024/05/Annexure-2.pdf,training_flow_not_available_jobseekers;historical_district_names
Madhya Pradesh,Balaghat,2021-22,2036,6,https://www.msde.gov.in/static/uploads/2024/05/Annexure-2.pdf,training_flow_not_available_jobseekers;historical_district_names
Madhya Pradesh,Barwani,2021-22,725,6,https://www.msde.gov.in/static/uploads/2024/05/Annexure-2.pdf,training_flow_not_available_jobseekers;historical_district_names
Madhya Pradesh,Betul,2021-22,1426,6,https://www.msde.gov.in/static/uploads/2024/05/Annexure-2.pdf,training_flow_not_available_jobseekers;historical_district_names
Madhya Pradesh,Bhind,2021-22,331,6,https://www.msde.gov.in/static/uploads/2024/05/Annexure-2.pdf,training_flow_not_available_jobseekers;historical_district_names
Madhya Pradesh,Bhopal,2021-22,2720,6,https://www.msde.gov.in/static/uploads/2024/05/Annexure-2.pdf,training_flow_not_available_jobseekers;historical_district_names
Madhya Pradesh,Burhanpur,2021-22,772,6,https://www.msde.gov.in/static/uploads/2024/05/Annexure-2.pdf,training_flow_not_available_jobseekers;historical_district_names
Madhya Pradesh,Chhatarpur,2021-22,898,6,https://www.msde.gov.in/static/uploads/2024/05/Annexure-2.pdf,training_flow_not_available_jobseekers;historical_district_names
Madhya Pradesh,Chhindwara,2021-22,2089,6,https://www.msde.gov.in/static/uploads/2024/05/Annexure-2.pdf,training_flow_not_available_jobseekers;historical_district_names
Madhya Pradesh,Damoh,2021-22,180,6,https://www.msde.gov.in/static/uploads/2024/05/Annexure-2.pdf,training_flow_not_available_jobseekers;historical_district_names
Madhya Pradesh,Datia,2021-22,751,6,https://www.msde.gov.in/static/uploads/2024/05/Annexure-2.pdf,training_flow_not_available_jobseekers;historical_district_names
Madhya Pradesh,Dewas,2021-22,655,6,https://www.msde.gov.in/static/uploads/2024/05/Annexure-2.pdf,training_flow_not_available_jobseekers;historical_district_names
Madhya Pradesh,Dhar,2021-22,750,6,https://www.msde.gov.in/static/uploads/2024/05/Annexure-2.pdf,training_flow_not_available_jobseekers;historical_district_names
Madhya Pradesh,Dindori,2021-22,757,6,https://www.msde.gov.in/static/uploads/2024/05/Annexure-2.pdf,training_flow_not_available_jobseekers;historical_district_names
Madhya Pradesh,East Nimar,2021-22,131,6,https://www.msde.gov.in/static/uploads/2024/05/Annexure-2.pdf,training_flow_not_available_jobseekers;historical_district_names
Madhya Pradesh,Guna,2021-22,840,6,https://www.msde.gov.in/static/uploads/2024/05/Annexure-2.pdf,training_flow_not_available_jobseekers;historical_district_names
Madhya Pradesh,Gwalior,2021-22,1720,6,https://www.msde.gov.in/static/uploads/2024/05/Annexure-2.pdf,training_flow_not_available_jobseekers;historical_district_names
Madhya Pradesh,Harda,2021-22,296,6,https://www.msde.gov.in/static/uploads/2024/05/Annexure-2.pdf,training_flow_not_available_jobseekers;historical_district_names
Madhya Pradesh,Hoshangabad,2021-22,329,6,https://www.msde.gov.in/static/uploads/2024/05/Annexure-2.pdf,training_flow_not_available_jobseekers;historical_district_names
Madhya Pradesh,Indore,2021-22,862,6,https://www.msde.gov.in/static/uploads/2024/05/Annexure-2.pdf,training_flow_not_available_jobseekers;historical_district_names
Madhya Pradesh,Jabalpur,2021-22,1519,6,https://www.msde.gov.in/static/uploads/2024/05/Annexure-2.pdf,training_flow_not_available_jobseekers;historical_district_names
Madhya Pradesh,Jhabua,2021-22,1782,6,https://www.msde.gov.in/static/uploads/2024/05/Annexure-2.pdf,training_flow_not_available_jobseekers;historical_district_names
Madhya Pradesh,Katni,2021-22,743,6,https://www.msde.gov.in/static/uploads/2024/05/Annexure-2.pdf,training_flow_not_available_jobseekers;historical_district_names
Madhya Pradesh,Khargone,2021-22,1992,6,https://www.msde.gov.in/static/uploads/2024/05/Annexure-2.pdf,training_flow_not_available_jobseekers;historical_district_names
Madhya Pradesh,Mandla,2021-22,880,6,https://www.msde.gov.in/static/uploads/2024/05/Annexure-2.pdf,training_flow_not_available_jobseekers;historical_district_names
Madhya Pradesh,Mandsaur,2021-22,518,6,https://www.msde.gov.in/static/uploads/2024/05/Annexure-2.pdf,training_flow_not_available_jobseekers;historical_district_names
Madhya Pradesh,Morena,2021-22,492,6,https://www.msde.gov.in/static/uploads/2024/05/Annexure-2.pdf,training_flow_not_available_jobseekers;historical_district_names
Madhya Pradesh,Narsinghpur,2021-22,358,6,https://www.msde.gov.in/static/uploads/2024/05/Annexure-2.pdf,training_flow_not_available_jobseekers;historical_district_names
Madhya Pradesh,Neemuch,2021-22,240,6,https://www.msde.gov.in/static/uploads/2024/05/Annexure-2.pdf,training_flow_not_available_jobseekers;historical_district_names
Madhya Pradesh,Panna,2021-22,1037,6,https://www.msde.gov.in/static/uploads/2024/05/Annexure-2.pdf,training_flow_not_available_jobseekers;historical_district_names
Madhya Pradesh,Raisen,2021-22,771,6,https://www.msde.gov.in/static/uploads/2024/05/Annexure-2.pdf,training_flow_not_available_jobseekers;historical_district_names
Madhya Pradesh,Rajgarh,2021-22,696,6,https://www.msde.gov.in/static/uploads/2024/05/Annexure-2.pdf,training_flow_not_available_jobseekers;historical_district_names
Madhya Pradesh,Ratlam,2021-22,559,6,https://www.msde.gov.in/static/uploads/2024/05/Annexure-2.pdf,training_flow_not_available_jobseekers;historical_district_names
Madhya Pradesh,Rewa,2021-22,1119,6,https://www.msde.gov.in/static/uploads/2024/05/Annexure-2.pdf,training_flow_not_available_jobseekers;historical_district_names
Madhya Pradesh,Sagar,2021-22,1628,6,https://www.msde.gov.in/static/uploads/2024/05/Annexure-2.pdf,training_flow_not_available_jobseekers;historical_district_names
Madhya Pradesh,Satna,2021-22,1244,6,https://www.msde.gov.in/static/uploads/2024/05/Annexure-2.pdf,training_flow_not_available_jobseekers;historical_district_names
Madhya Pradesh,Sehore,2021-22,311,6,https://www.msde.gov.in/static/uploads/2024/05/Annexure-2.pdf,training_flow_not_available_jobseekers;historical_district_names
Madhya Pradesh,Seoni,2021-22,1588,6,https://www.msde.gov.in/static/uploads/2024/05/Annexure-2.pdf,training_flow_not_available_jobseekers;historical_district_names
Madhya Pradesh,Shahdol,2021-22,1405,6,https://www.msde.gov.in/static/uploads/2024/05/Annexure-2.pdf,training_flow_not_available_jobseekers;historical_district_names
Madhya Pradesh,Shajapur,2021-22,376,6,https://www.msde.gov.in/static/uploads/2024/05/Annexure-2.pdf,training_flow_not_available_jobseekers;historical_district_names
Madhya Pradesh,Sheopur,2021-22,494,6,https://www.msde.gov.in/static/uploads/2024/05/Annexure-2.pdf,training_flow_not_available_jobseekers;historical_district_names
Madhya Pradesh,Shivpuri,2021-22,931,6,https://www.msde.gov.in/static/uploads/2024/05/Annexure-2.pdf,training_flow_not_available_jobseekers;historical_district_names
Madhya Pradesh,Sidhi,2021-22,698,6,https://www.msde.gov.in/static/uploads/2024/05/Annexure-2.pdf,training_flow_not_available_jobseekers;historical_district_names
Madhya Pradesh,Singrauli,2021-22,948,6,https://www.msde.gov.in/static/uploads/2024/05/Annexure-2.pdf,training_flow_not_available_jobseekers;historical_district_names
Madhya Pradesh,Tikamgarh,2021-22,930,6,https://www.msde.gov.in/static/uploads/2024/05/Annexure-2.pdf,training_flow_not_available_jobseekers;historical_district_names
Madhya Pradesh,Ujjain,2021-22,1097,6,https://www.msde.gov.in/static/uploads/2024/05/Annexure-2.pdf,training_flow_not_available_jobseekers;historical_district_names
Madhya Pradesh,Umaria,2021-22,285,6,https://www.msde.gov.in/static/uploads/2024/05/Annexure-2.pdf,training_flow_not_available_jobseekers;historical_district_names
Madhya Pradesh,Vidisha,2021-22,1052,6,https://www.msde.gov.in/static/uploads/2024/05/Annexure-2.pdf,training_flow_not_available_jobseekers;historical_district_names
Maharashtra,Ahmednagar,2021-22,1562,6,https://www.msde.gov.in/static/uploads/2024/05/Annexure-2.pdf,training_flow_not_available_jobseekers;historical_district_names
Maharashtra,Akola,2021-22,860,7,https://www.msde.gov.in/static/uploads/2024/05/Annexure-2.pdf,training_flow_not_available_jobseekers;historical_district_names
Maharashtra,Amravati,2021-22,686,7,https://www.msde.gov.in/static/uploads/2024/05/Annexure-2.pdf,training_flow_not_available_jobseekers;historical_district_names
Maharashtra,Aurangabad,2021-22,1378,7,https://www.msde.gov.in/static/uploads/2024/05/Annexure-2.pdf,training_flow_not_available_jobseekers;historical_district_names
Maharashtra,Beed,2021-22,605,7,https://www.msde.gov.in/static/uploads/2024/05/Annexure-2.pdf,training_flow_not_available_jobseekers;historical_district_names
Maharashtra,Bhandara,2021-22,823,7,https://www.msde.gov.in/static/uploads/2024/05/Annexure-2.pdf,training_flow_not_available_jobseekers;historical_district_names
Maharashtra,Buldhana,2021-22,787,7,https://www.msde.gov.in/static/uploads/2024/05/Annexure-2.pdf,training_flow_not_available_jobseekers;historical_district_names
Maharashtra,Chandrapur,2021-22,456,7,https://www.msde.gov.in/static/uploads/2024/05/Annexure-2.pdf,training_flow_not_available_jobseekers;historical_district_names
Maharashtra,Dhule,2021-22,519,7,https://www.msde.gov.in/static/uploads/2024/05/Annexure-2.pdf,training_flow_not_available_jobseekers;historical_district_names
Maharashtra,Gadchiroli,2021-22,2511,7,https://www.msde.gov.in/static/uploads/2024/05/Annexure-2.pdf,training_flow_not_available_jobseekers;historical_district_names
Maharashtra,Gondia,2021-22,715,7,https://www.msde.gov.in/static/uploads/2024/05/Annexure-2.pdf,training_flow_not_available_jobseekers;historical_district_names
Maharashtra,Hingoli,2021-22,593,7,https://www.msde.gov.in/static/uploads/2024/05/Annexure-2.pdf,training_flow_not_available_jobseekers;historical_district_names
Maharashtra,Jalgaon,2021-22,1447,7,https://www.msde.gov.in/static/uploads/2024/05/Annexure-2.pdf,training_flow_not_available_jobseekers;historical_district_names
Maharashtra,Jalna,2021-22,452,7,https://www.msde.gov.in/static/uploads/2024/05/Annexure-2.pdf,training_flow_not_available_jobseekers;historical_district_names
Maharashtra,Kolhapur,2021-22,930,7,https://www.msde.gov.in/static/uploads/2024/05/Annexure-2.pdf,training_flow_not_available_jobseekers;historical_district_names
Maharashtra,Latur,2021-22,612,7,https://www.msde.gov.in/static/uploads/2024/05/Annexure-2.pdf,training_flow_not_available_jobseekers;historical_district_names
Maharashtra,Mumbai,2021-22,2388,7,https://www.msde.gov.in/static/uploads/2024/05/Annexure-2.pdf,training_flow_not_available_jobseekers;historical_district_names
Maharashtra,Mumbai Suburban,2021-22,1426,7,https://www.msde.gov.in/static/uploads/2024/05/Annexure-2.pdf,training_flow_not_available_jobseekers;historical_district_names
Maharashtra,Nagpur,2021-22,1740,7,https://www.msde.gov.in/static/uploads/2024/05/Annexure-2.pdf,training_flow_not_available_jobseekers;historical_district_names
Maharashtra,Nanded,2021-22,762,7,https://www.msde.gov.in/static/uploads/2024/05/Annexure-2.pdf,training_flow_not_available_jobseekers;historical_district_names
Maharashtra,Nandurbar,2021-22,598,7,https://www.msde.gov.in/static/uploads/2024/05/Annexure-2.pdf,training_flow_not_available_jobseekers;historical_district_names
Maharashtra,Nashik,2021-22,1744,7,https://www.msde.gov.in/static/uploads/2024/05/Annexure-2.pdf,training_flow_not_available_jobseekers;historical_district_names
Maharashtra,Osmanabad,2021-22,575,7,https://www.msde.gov.in/static/uploads/2024/05/Annexure-2.pdf,training_flow_not_available_jobseekers;historical_district_names
Maharashtra,Palghar,2021-22,651,7,https://www.msde.gov.in/static/uploads/2024/05/Annexure-2.pdf,training_flow_not_available_jobseekers;historical_district_names
Maharashtra,Parbhani,2021-22,797,7,https://www.msde.gov.in/static/uploads/2024/05/Annexure-2.pdf,training_flow_not_available_jobseekers;historical_district_names
Maharashtra,Pune,2021-22,4206,7,https://www.msde.gov.in/static/uploads/2024/05/Annexure-2.pdf,training_flow_not_available_jobseekers;historical_district_names
Maharashtra,Raigad,2021-22,543,7,https://www.msde.gov.in/static/uploads/2024/05/Annexure-2.pdf,training_flow_not_available_jobseekers;historical_district_names
Maharashtra,Ratnagiri,2021-22,352,7,https://www.msde.gov.in/static/uploads/2024/05/Annexure-2.pdf,training_flow_not_available_jobseekers;historical_district_names
Maharashtra,Sangli,2021-22,909,7,https://www.msde.gov.in/static/uploads/2024/05/Annexure-2.pdf,training_flow_not_available_jobseekers;historical_district_names
Maharashtra,Satara,2021-22,946,7,https://www.msde.gov.in/static/uploads/2024/05/Annexure-2.pdf,training_flow_not_available_jobseekers;historical_district_names
Maharashtra,Sindhudurg,2021-22,89,7,https://www.msde.gov.in/static/uploads/2024/05/Annexure-2.pdf,training_flow_not_available_jobseekers;historical_district_names
Maharashtra,Solapur,2021-22,1014,7,https://www.msde.gov.in/static/uploads/2024/05/Annexure-2.pdf,training_flow_not_available_jobseekers;historical_district_names
Maharashtra,Thane,2021-22,2324,7,https://www.msde.gov.in/static/uploads/2024/05/Annexure-2.pdf,training_flow_not_available_jobseekers;historical_district_names
Maharashtra,Wardha,2021-22,1613,7,https://www.msde.gov.in/static/uploads/2024/05/Annexure-2.pdf,training_flow_not_available_jobseekers;historical_district_names
Maharashtra,Washim,2021-22,669,7,https://www.msde.gov.in/static/uploads/2024/05/Annexure-2.pdf,training_flow_not_available_jobseekers;historical_district_names
Maharashtra,Yavatmal,2021-22,1582,7,https://www.msde.gov.in/static/uploads/2024/05/Annexure-2.pdf,training_flow_not_available_jobseekers;historical_district_names
Manipur,Bishnupur,2021-22,758,7,https://www.msde.gov.in/static/uploads/2024/05/Annexure-2.pdf,training_flow_not_available_jobseekers;historical_district_names
Manipur,Chandel,2021-22,325,7,https://www.msde.gov.in/static/uploads/2024/05/Annexure-2.pdf,training_flow_not_available_jobseekers;historical_district_names
Manipur,Churachandpur,2021-22,805,7,https://www.msde.gov.in/static/uploads/2024/05/Annexure-2.pdf,training_flow_not_available_jobseekers;historical_district_names
Manipur,Imphal East,2021-22,501,7,https://www.msde.gov.in/static/uploads/2024/05/Annexure-2.pdf,training_flow_not_available_jobseekers;historical_district_names
Manipur,Imphal West,2021-22,599,7,https://www.msde.gov.in/static/uploads/2024/05/Annexure-2.pdf,training_flow_not_available_jobseekers;historical_district_names
Manipur,Jiribam,2021-22,468,7,https://www.msde.gov.in/static/uploads/2024/05/Annexure-2.pdf,training_flow_not_available_jobseekers;historical_district_names
Manipur,Kakching,2021-22,487,7,https://www.msde.gov.in/static/uploads/2024/05/Annexure-2.pdf,training_flow_not_available_jobseekers;historical_district_names
Manipur,Kamjong,2021-22,320,7,https://www.msde.gov.in/static/uploads/2024/05/Annexure-2.pdf,training_flow_not_available_jobseekers;historical_district_names
Manipur,Kangpokpi,2021-22,150,7,https://www.msde.gov.in/static/uploads/2024/05/Annexure-2.pdf,training_flow_not_available_jobseekers;historical_district_names
Manipur,Noney,2021-22,317,7,https://www.msde.gov.in/static/uploads/2024/05/Annexure-2.pdf,training_flow_not_available_jobseekers;historical_district_names
Manipur,Pherzawl,2021-22,120,7,https://www.msde.gov.in/static/uploads/2024/05/Annexure-2.pdf,training_flow_not_available_jobseekers;historical_district_names
Manipur,Senapati,2021-22,162,7,https://www.msde.gov.in/static/uploads/2024/05/Annexure-2.pdf,training_flow_not_available_jobseekers;historical_district_names
Manipur,Tamenglong,2021-22,145,7,https://www.msde.gov.in/static/uploads/2024/05/Annexure-2.pdf,training_flow_not_available_jobseekers;historical_district_names
Manipur,Tengnoupal,2021-22,266,7,https://www.msde.gov.in/static/uploads/2024/05/Annexure-2.pdf,training_flow_not_available_jobseekers;historical_district_names
Manipur,Thoubal,2021-22,670,7,https://www.msde.gov.in/static/uploads/2024/05/Annexure-2.pdf,training_flow_not_available_jobseekers;historical_district_names
Manipur,Ukhrul,2021-22,331,7,https://www.msde.gov.in/static/uploads/2024/05/Annexure-2.pdf,training_flow_not_available_jobseekers;historical_district_names
Meghalaya,East Garo Hills,2021-22,260,7,https://www.msde.gov.in/static/uploads/2024/05/Annexure-2.pdf,training_flow_not_available_jobseekers;historical_district_names
Meghalaya,East Jaintia Hills,2021-22,410,7,https://www.msde.gov.in/static/uploads/2024/05/Annexure-2.pdf,training_flow_not_available_jobseekers;historical_district_names
Meghalaya,East Khasi Hills,2021-22,351,7,https://www.msde.gov.in/static/uploads/2024/05/Annexure-2.pdf,training_flow_not_available_jobseekers;historical_district_names
Meghalaya,North Garo Hills,2021-22,300,7,https://www.msde.gov.in/static/uploads/2024/05/Annexure-2.pdf,training_flow_not_available_jobseekers;historical_district_names
Meghalaya,Ri Bhoi,2021-22,592,8,https://www.msde.gov.in/static/uploads/2024/05/Annexure-2.pdf,training_flow_not_available_jobseekers;historical_district_names
Meghalaya,South Garo Hills,2021-22,200,8,https://www.msde.gov.in/static/uploads/2024/05/Annexure-2.pdf,training_flow_not_available_jobseekers;historical_district_names
Meghalaya,South West Khasi Hills,2021-22,230,8,https://www.msde.gov.in/static/uploads/2024/05/Annexure-2.pdf,training_flow_not_available_jobseekers;historical_district_names
Meghalaya,West Garo Hills,2021-22,620,8,https://www.msde.gov.in/static/uploads/2024/05/Annexure-2.pdf,training_flow_not_available_jobseekers;historical_district_names
Meghalaya,West Jaintia Hills,2021-22,103,8,https://www.msde.gov.in/static/uploads/2024/05/Annexure-2.pdf,training_flow_not_available_jobseekers;historical_district_names
Meghalaya,West Khasi Hills,2021-22,340,8,https://www.msde.gov.in/static/uploads/2024/05/Annexure-2.pdf,training_flow_not_available_jobseekers;historical_district_names
Mizoram,Aizawl,2021-22,2802,8,https://www.msde.gov.in/static/uploads/2024/05/Annexure-2.pdf,training_flow_not_available_jobseekers;historical_district_names
Mizoram,Champhai,2021-22,911,8,https://www.msde.gov.in/static/uploads/2024/05/Annexure-2.pdf,training_flow_not_available_jobseekers;historical_district_names
Mizoram,Kolasib,2021-22,545,8,https://www.msde.gov.in/static/uploads/2024/05/Annexure-2.pdf,training_flow_not_available_jobseekers;historical_district_names
Mizoram,Lawngtlai,2021-22,20,8,https://www.msde.gov.in/static/uploads/2024/05/Annexure-2.pdf,training_flow_not_available_jobseekers;historical_district_names
Mizoram,Lunglei,2021-22,40,8,https://www.msde.gov.in/static/uploads/2024/05/Annexure-2.pdf,training_flow_not_available_jobseekers;historical_district_names
Mizoram,Mamit,2021-22,120,8,https://www.msde.gov.in/static/uploads/2024/05/Annexure-2.pdf,training_flow_not_available_jobseekers;historical_district_names
Mizoram,Saiha,2021-22,180,8,https://www.msde.gov.in/static/uploads/2024/05/Annexure-2.pdf,training_flow_not_available_jobseekers;historical_district_names
Mizoram,Serchhip,2021-22,124,8,https://www.msde.gov.in/static/uploads/2024/05/Annexure-2.pdf,training_flow_not_available_jobseekers;historical_district_names
Nagaland,Dimapur,2021-22,3725,8,https://www.msde.gov.in/static/uploads/2024/05/Annexure-2.pdf,training_flow_not_available_jobseekers;historical_district_names
Nagaland,Kohima,2021-22,31,8,https://www.msde.gov.in/static/uploads/2024/05/Annexure-2.pdf,training_flow_not_available_jobseekers;historical_district_names
Nagaland,Mokokchung,2021-22,74,8,https://www.msde.gov.in/static/uploads/2024/05/Annexure-2.pdf,training_flow_not_available_jobseekers;historical_district_names
Nagaland,Mon,2021-22,234,8,https://www.msde.gov.in/static/uploads/2024/05/Annexure-2.pdf,training_flow_not_available_jobseekers;historical_district_names
Nagaland,Tuensang,2021-22,120,8,https://www.msde.gov.in/static/uploads/2024/05/Annexure-2.pdf,training_flow_not_available_jobseekers;historical_district_names
Odisha,Anugul,2021-22,124,8,https://www.msde.gov.in/static/uploads/2024/05/Annexure-2.pdf,training_flow_not_available_jobseekers;historical_district_names
Odisha,Balangir,2021-22,770,8,https://www.msde.gov.in/static/uploads/2024/05/Annexure-2.pdf,training_flow_not_available_jobseekers;historical_district_names
Odisha,Baleshwar,2021-22,986,8,https://www.msde.gov.in/static/uploads/2024/05/Annexure-2.pdf,training_flow_not_available_jobseekers;historical_district_names
Odisha,Bargarh,2021-22,359,8,https://www.msde.gov.in/static/uploads/2024/05/Annexure-2.pdf,training_flow_not_available_jobseekers;historical_district_names
Odisha,Bhadrak,2021-22,474,8,https://www.msde.gov.in/static/uploads/2024/05/Annexure-2.pdf,training_flow_not_available_jobseekers;historical_district_names
Odisha,Boudh,2021-22,451,8,https://www.msde.gov.in/static/uploads/2024/05/Annexure-2.pdf,training_flow_not_available_jobseekers;historical_district_names
Odisha,Cuttack,2021-22,768,8,https://www.msde.gov.in/static/uploads/2024/05/Annexure-2.pdf,training_flow_not_available_jobseekers;historical_district_names
Odisha,Deogarh,2021-22,156,8,https://www.msde.gov.in/static/uploads/2024/05/Annexure-2.pdf,training_flow_not_available_jobseekers;historical_district_names
Odisha,Dhenkanal,2021-22,246,8,https://www.msde.gov.in/static/uploads/2024/05/Annexure-2.pdf,training_flow_not_available_jobseekers;historical_district_names
Odisha,Gajapati,2021-22,420,8,https://www.msde.gov.in/static/uploads/2024/05/Annexure-2.pdf,training_flow_not_available_jobseekers;historical_district_names
Odisha,Ganjam,2021-22,1414,8,https://www.msde.gov.in/static/uploads/2024/05/Annexure-2.pdf,training_flow_not_available_jobseekers;historical_district_names
Odisha,Jagatsinghapur,2021-22,236,8,https://www.msde.gov.in/static/uploads/2024/05/Annexure-2.pdf,training_flow_not_available_jobseekers;historical_district_names
Odisha,Jajapur,2021-22,364,8,https://www.msde.gov.in/static/uploads/2024/05/Annexure-2.pdf,training_flow_not_available_jobseekers;historical_district_names
Odisha,Jharsuguda,2021-22,1,8,https://www.msde.gov.in/static/uploads/2024/05/Annexure-2.pdf,training_flow_not_available_jobseekers;historical_district_names
Odisha,Kalahandi,2021-22,446,8,https://www.msde.gov.in/static/uploads/2024/05/Annexure-2.pdf,training_flow_not_available_jobseekers;historical_district_names
Odisha,Kandhamal,2021-22,374,8,https://www.msde.gov.in/static/uploads/2024/05/Annexure-2.pdf,training_flow_not_available_jobseekers;historical_district_names
Odisha,Kendrapara,2021-22,288,8,https://www.msde.gov.in/static/uploads/2024/05/Annexure-2.pdf,training_flow_not_available_jobseekers;historical_district_names
Odisha,Kendujhar,2021-22,134,8,https://www.msde.gov.in/static/uploads/2024/05/Annexure-2.pdf,training_flow_not_available_jobseekers;historical_district_names
Odisha,Khordha,2021-22,523,8,https://www.msde.gov.in/static/uploads/2024/05/Annexure-2.pdf,training_flow_not_available_jobseekers;historical_district_names
Odisha,Koraput,2021-22,668,8,https://www.msde.gov.in/static/uploads/2024/05/Annexure-2.pdf,training_flow_not_available_jobseekers;historical_district_names
Odisha,Malkangiri,2021-22,109,8,https://www.msde.gov.in/static/uploads/2024/05/Annexure-2.pdf,training_flow_not_available_jobseekers;historical_district_names
Odisha,Mayurbhanj,2021-22,271,8,https://www.msde.gov.in/static/uploads/2024/05/Annexure-2.pdf,training_flow_not_available_jobseekers;historical_district_names
Odisha,Nabarangpur,2021-22,421,8,https://www.msde.gov.in/static/uploads/2024/05/Annexure-2.pdf,training_flow_not_available_jobseekers;historical_district_names
Odisha,Nayagarh,2021-22,462,8,https://www.msde.gov.in/static/uploads/2024/05/Annexure-2.pdf,training_flow_not_available_jobseekers;historical_district_names
Odisha,Nuapada,2021-22,504,8,https://www.msde.gov.in/static/uploads/2024/05/Annexure-2.pdf,training_flow_not_available_jobseekers;historical_district_names
Odisha,Puri,2021-22,395,8,https://www.msde.gov.in/static/uploads/2024/05/Annexure-2.pdf,training_flow_not_available_jobseekers;historical_district_names
Odisha,Rayagada,2021-22,501,8,https://www.msde.gov.in/static/uploads/2024/05/Annexure-2.pdf,training_flow_not_available_jobseekers;historical_district_names
Odisha,Sambalpur,2021-22,119,8,https://www.msde.gov.in/static/uploads/2024/05/Annexure-2.pdf,training_flow_not_available_jobseekers;historical_district_names
Odisha,Sonepur,2021-22,103,8,https://www.msde.gov.in/static/uploads/2024/05/Annexure-2.pdf,training_flow_not_available_jobseekers;historical_district_names
Odisha,Sundargarh,2021-22,558,9,https://www.msde.gov.in/static/uploads/2024/05/Annexure-2.pdf,training_flow_not_available_jobseekers;historical_district_names
Punjab,Amritsar,2021-22,851,9,https://www.msde.gov.in/static/uploads/2024/05/Annexure-2.pdf,training_flow_not_available_jobseekers;historical_district_names
Punjab,Barnala,2021-22,482,9,https://www.msde.gov.in/static/uploads/2024/05/Annexure-2.pdf,training_flow_not_available_jobseekers;historical_district_names
Punjab,Bathinda,2021-22,525,9,https://www.msde.gov.in/static/uploads/2024/05/Annexure-2.pdf,training_flow_not_available_jobseekers;historical_district_names
Punjab,Faridkot,2021-22,629,9,https://www.msde.gov.in/static/uploads/2024/05/Annexure-2.pdf,training_flow_not_available_jobseekers;historical_district_names
Punjab,Fatehgarh Sahib,2021-22,468,9,https://www.msde.gov.in/static/uploads/2024/05/Annexure-2.pdf,training_flow_not_available_jobseekers;historical_district_names
Punjab,Fazilka,2021-22,558,9,https://www.msde.gov.in/static/uploads/2024/05/Annexure-2.pdf,training_flow_not_available_jobseekers;historical_district_names
Punjab,Firozepur,2021-22,291,9,https://www.msde.gov.in/static/uploads/2024/05/Annexure-2.pdf,training_flow_not_available_jobseekers;historical_district_names
Punjab,Gurdaspur,2021-22,441,9,https://www.msde.gov.in/static/uploads/2024/05/Annexure-2.pdf,training_flow_not_available_jobseekers;historical_district_names
Punjab,Hoshiarpur,2021-22,1548,9,https://www.msde.gov.in/static/uploads/2024/05/Annexure-2.pdf,training_flow_not_available_jobseekers;historical_district_names
Punjab,Jalandhar,2021-22,2624,9,https://www.msde.gov.in/static/uploads/2024/05/Annexure-2.pdf,training_flow_not_available_jobseekers;historical_district_names
Punjab,Kapurthala,2021-22,704,9,https://www.msde.gov.in/static/uploads/2024/05/Annexure-2.pdf,training_flow_not_available_jobseekers;historical_district_names
Punjab,Ludhiana,2021-22,1204,9,https://www.msde.gov.in/static/uploads/2024/05/Annexure-2.pdf,training_flow_not_available_jobseekers;historical_district_names
Punjab,Mansa,2021-22,853,9,https://www.msde.gov.in/static/uploads/2024/05/Annexure-2.pdf,training_flow_not_available_jobseekers;historical_district_names
Punjab,Moga,2021-22,505,9,https://www.msde.gov.in/static/uploads/2024/05/Annexure-2.pdf,training_flow_not_available_jobseekers;historical_district_names
Punjab,Pathankot,2021-22,769,9,https://www.msde.gov.in/static/uploads/2024/05/Annexure-2.pdf,training_flow_not_available_jobseekers;historical_district_names
Punjab,Patiala,2021-22,675,9,https://www.msde.gov.in/static/uploads/2024/05/Annexure-2.pdf,training_flow_not_available_jobseekers;historical_district_names
Punjab,Rupnagar,2021-22,383,9,https://www.msde.gov.in/static/uploads/2024/05/Annexure-2.pdf,training_flow_not_available_jobseekers;historical_district_names
Punjab,S.A.S Nagar,2021-22,3175,9,https://www.msde.gov.in/static/uploads/2024/05/Annexure-2.pdf,training_flow_not_available_jobseekers;historical_district_names
Punjab,Sangrur,2021-22,528,9,https://www.msde.gov.in/static/uploads/2024/05/Annexure-2.pdf,training_flow_not_available_jobseekers;historical_district_names
Punjab,Shahid Bhagat Singh Nagar,2021-22,717,9,https://www.msde.gov.in/static/uploads/2024/05/Annexure-2.pdf,training_flow_not_available_jobseekers;historical_district_names
Punjab,Sri Muktsar Sahib,2021-22,350,9,https://www.msde.gov.in/static/uploads/2024/05/Annexure-2.pdf,training_flow_not_available_jobseekers;historical_district_names
Punjab,Tarn Taran,2021-22,259,9,https://www.msde.gov.in/static/uploads/2024/05/Annexure-2.pdf,training_flow_not_available_jobseekers;historical_district_names
Rajasthan,Ajmer,2021-22,906,9,https://www.msde.gov.in/static/uploads/2024/05/Annexure-2.pdf,training_flow_not_available_jobseekers;historical_district_names
Rajasthan,Alwar,2021-22,1357,9,https://www.msde.gov.in/static/uploads/2024/05/Annexure-2.pdf,training_flow_not_available_jobseekers;historical_district_names
Rajasthan,Banswara,2021-22,1314,9,https://www.msde.gov.in/static/uploads/2024/05/Annexure-2.pdf,training_flow_not_available_jobseekers;historical_district_names
Rajasthan,Baran,2021-22,479,9,https://www.msde.gov.in/static/uploads/2024/05/Annexure-2.pdf,training_flow_not_available_jobseekers;historical_district_names
Rajasthan,Barmer,2021-22,1341,9,https://www.msde.gov.in/static/uploads/2024/05/Annexure-2.pdf,training_flow_not_available_jobseekers;historical_district_names
Rajasthan,Bharatpur,2021-22,1512,9,https://www.msde.gov.in/static/uploads/2024/05/Annexure-2.pdf,training_flow_not_available_jobseekers;historical_district_names
Rajasthan,Bhilwara,2021-22,2376,9,https://www.msde.gov.in/static/uploads/2024/05/Annexure-2.pdf,training_flow_not_available_jobseekers;historical_district_names
Rajasthan,Bikaner,2021-22,690,9,https://www.msde.gov.in/static/uploads/2024/05/Annexure-2.pdf,training_flow_not_available_jobseekers;historical_district_names
Rajasthan,Bundi,2021-22,459,9,https://www.msde.gov.in/static/uploads/2024/05/Annexure-2.pdf,training_flow_not_available_jobseekers;historical_district_names
Rajasthan,Chittorgarh,2021-22,1024,9,https://www.msde.gov.in/static/uploads/2024/05/Annexure-2.pdf,training_flow_not_available_jobseekers;historical_district_names
Rajasthan,Churu,2021-22,1029,9,https://www.msde.gov.in/static/uploads/2024/05/Annexure-2.pdf,training_flow_not_available_jobseekers;historical_district_names
Rajasthan,Dausa,2021-22,766,9,https://www.msde.gov.in/static/uploads/2024/05/Annexure-2.pdf,training_flow_not_available_jobseekers;historical_district_names
Rajasthan,Dholpur,2021-22,353,9,https://www.msde.gov.in/static/uploads/2024/05/Annexure-2.pdf,training_flow_not_available_jobseekers;historical_district_names
Rajasthan,Dungarpur,2021-22,395,9,https://www.msde.gov.in/static/uploads/2024/05/Annexure-2.pdf,training_flow_not_available_jobseekers;historical_district_names
Rajasthan,Ganganagar,2021-22,257,9,https://www.msde.gov.in/static/uploads/2024/05/Annexure-2.pdf,training_flow_not_available_jobseekers;historical_district_names
Rajasthan,Hanumangarh,2021-22,924,9,https://www.msde.gov.in/static/uploads/2024/05/Annexure-2.pdf,training_flow_not_available_jobseekers;historical_district_names
Rajasthan,Jaipur,2021-22,6026,9,https://www.msde.gov.in/static/uploads/2024/05/Annexure-2.pdf,training_flow_not_available_jobseekers;historical_district_names
Rajasthan,Jaisalmer,2021-22,320,9,https://www.msde.gov.in/static/uploads/2024/05/Annexure-2.pdf,training_flow_not_available_jobseekers;historical_district_names
Rajasthan,Jalore,2021-22,578,9,https://www.msde.gov.in/static/uploads/2024/05/Annexure-2.pdf,training_flow_not_available_jobseekers;historical_district_names
Rajasthan,Jhalawar,2021-22,735,9,https://www.msde.gov.in/static/uploads/2024/05/Annexure-2.pdf,training_flow_not_available_jobseekers;historical_district_names
Rajasthan,Jhunjhunu,2021-22,2288,9,https://www.msde.gov.in/static/uploads/2024/05/Annexure-2.pdf,training_flow_not_available_jobseekers;historical_district_names
Rajasthan,Jodhpur,2021-22,1383,9,https://www.msde.gov.in/static/uploads/2024/05/Annexure-2.pdf,training_flow_not_available_jobseekers;historical_district_names
Rajasthan,Karauli,2021-22,774,9,https://www.msde.gov.in/static/uploads/2024/05/Annexure-2.pdf,training_flow_not_available_jobseekers;historical_district_names
Rajasthan,Kota,2021-22,787,9,https://www.msde.gov.in/static/uploads/2024/05/Annexure-2.pdf,training_flow_not_available_jobseekers;historical_district_names
Rajasthan,Nagaur,2021-22,2057,9,https://www.msde.gov.in/static/uploads/2024/05/Annexure-2.pdf,training_flow_not_available_jobseekers;historical_district_names
Rajasthan,Pali,2021-22,1921,9,https://www.msde.gov.in/static/uploads/2024/05/Annexure-2.pdf,training_flow_not_available_jobseekers;historical_district_names
Rajasthan,Pratapgarh,2021-22,290,9,https://www.msde.gov.in/static/uploads/2024/05/Annexure-2.pdf,training_flow_not_available_jobseekers;historical_district_names
Rajasthan,Rajsamand,2021-22,554,9,https://www.msde.gov.in/static/uploads/2024/05/Annexure-2.pdf,training_flow_not_available_jobseekers;historical_district_names
Rajasthan,Sawai Madhopur,2021-22,83,9,https://www.msde.gov.in/static/uploads/2024/05/Annexure-2.pdf,training_flow_not_available_jobseekers;historical_district_names
Rajasthan,Sikar,2021-22,1972,9,https://www.msde.gov.in/static/uploads/2024/05/Annexure-2.pdf,training_flow_not_available_jobseekers;historical_district_names
Rajasthan,Sirohi,2021-22,1597,9,https://www.msde.gov.in/static/uploads/2024/05/Annexure-2.pdf,training_flow_not_available_jobseekers;historical_district_names
Rajasthan,Tonk,2021-22,580,9,https://www.msde.gov.in/static/uploads/2024/05/Annexure-2.pdf,training_flow_not_available_jobseekers;historical_district_names
Rajasthan,Udaipur,2021-22,857,10,https://www.msde.gov.in/static/uploads/2024/05/Annexure-2.pdf,training_flow_not_available_jobseekers;historical_district_names
Sikkim,East District,2021-22,572,10,https://www.msde.gov.in/static/uploads/2024/05/Annexure-2.pdf,training_flow_not_available_jobseekers;historical_district_names
Sikkim,North District,2021-22,91,10,https://www.msde.gov.in/static/uploads/2024/05/Annexure-2.pdf,training_flow_not_available_jobseekers;historical_district_names
Sikkim,South District,2021-22,150,10,https://www.msde.gov.in/static/uploads/2024/05/Annexure-2.pdf,training_flow_not_available_jobseekers;historical_district_names
Sikkim,West District,2021-22,509,10,https://www.msde.gov.in/static/uploads/2024/05/Annexure-2.pdf,training_flow_not_available_jobseekers;historical_district_names
Tamil Nadu,Ariyalur,2021-22,805,10,https://www.msde.gov.in/static/uploads/2024/05/Annexure-2.pdf,training_flow_not_available_jobseekers;historical_district_names
Tamil Nadu,Chengalpattu,2021-22,1,10,https://www.msde.gov.in/static/uploads/2024/05/Annexure-2.pdf,training_flow_not_available_jobseekers;historical_district_names
Tamil Nadu,Chennai,2021-22,3591,10,https://www.msde.gov.in/static/uploads/2024/05/Annexure-2.pdf,training_flow_not_available_jobseekers;historical_district_names
Tamil Nadu,Coimbatore,2021-22,1628,10,https://www.msde.gov.in/static/uploads/2024/05/Annexure-2.pdf,training_flow_not_available_jobseekers;historical_district_names
Tamil Nadu,Cuddalore,2021-22,1141,10,https://www.msde.gov.in/static/uploads/2024/05/Annexure-2.pdf,training_flow_not_available_jobseekers;historical_district_names
Tamil Nadu,Dharmapuri,2021-22,271,10,https://www.msde.gov.in/static/uploads/2024/05/Annexure-2.pdf,training_flow_not_available_jobseekers;historical_district_names
Tamil Nadu,Dindigul,2021-22,1451,10,https://www.msde.gov.in/static/uploads/2024/05/Annexure-2.pdf,training_flow_not_available_jobseekers;historical_district_names
Tamil Nadu,Erode,2021-22,1065,10,https://www.msde.gov.in/static/uploads/2024/05/Annexure-2.pdf,training_flow_not_available_jobseekers;historical_district_names
Tamil Nadu,Kanchipuram,2021-22,2634,10,https://www.msde.gov.in/static/uploads/2024/05/Annexure-2.pdf,training_flow_not_available_jobseekers;historical_district_names
Tamil Nadu,Kanniyakumari,2021-22,21,10,https://www.msde.gov.in/static/uploads/2024/05/Annexure-2.pdf,training_flow_not_available_jobseekers;historical_district_names
Tamil Nadu,Karur,2021-22,670,10,https://www.msde.gov.in/static/uploads/2024/05/Annexure-2.pdf,training_flow_not_available_jobseekers;historical_district_names
Tamil Nadu,Krishnagiri,2021-22,270,10,https://www.msde.gov.in/static/uploads/2024/05/Annexure-2.pdf,training_flow_not_available_jobseekers;historical_district_names
Tamil Nadu,Madurai,2021-22,524,10,https://www.msde.gov.in/static/uploads/2024/05/Annexure-2.pdf,training_flow_not_available_jobseekers;historical_district_names
Tamil Nadu,Nagapattinam,2021-22,297,10,https://www.msde.gov.in/static/uploads/2024/05/Annexure-2.pdf,training_flow_not_available_jobseekers;historical_district_names
Tamil Nadu,Namakkal,2021-22,674,10,https://www.msde.gov.in/static/uploads/2024/05/Annexure-2.pdf,training_flow_not_available_jobseekers;historical_district_names
Tamil Nadu,Perambalur,2021-22,376,10,https://www.msde.gov.in/static/uploads/2024/05/Annexure-2.pdf,training_flow_not_available_jobseekers;historical_district_names
Tamil Nadu,Pudukkottai,2021-22,100,10,https://www.msde.gov.in/static/uploads/2024/05/Annexure-2.pdf,training_flow_not_available_jobseekers;historical_district_names
Tamil Nadu,Ramanathapuram,2021-22,1015,10,https://www.msde.gov.in/static/uploads/2024/05/Annexure-2.pdf,training_flow_not_available_jobseekers;historical_district_names
Tamil Nadu,Ranipet,2021-22,59,10,https://www.msde.gov.in/static/uploads/2024/05/Annexure-2.pdf,training_flow_not_available_jobseekers;historical_district_names
Tamil Nadu,Salem,2021-22,490,10,https://www.msde.gov.in/static/uploads/2024/05/Annexure-2.pdf,training_flow_not_available_jobseekers;historical_district_names
Tamil Nadu,Sivaganga,2021-22,941,10,https://www.msde.gov.in/static/uploads/2024/05/Annexure-2.pdf,training_flow_not_available_jobseekers;historical_district_names
Tamil Nadu,Thanjavur,2021-22,714,10,https://www.msde.gov.in/static/uploads/2024/05/Annexure-2.pdf,training_flow_not_available_jobseekers;historical_district_names
Tamil Nadu,The Nilgiris,2021-22,543,10,https://www.msde.gov.in/static/uploads/2024/05/Annexure-2.pdf,training_flow_not_available_jobseekers;historical_district_names
Tamil Nadu,Theni,2021-22,73,10,https://www.msde.gov.in/static/uploads/2024/05/Annexure-2.pdf,training_flow_not_available_jobseekers;historical_district_names
Tamil Nadu,Thiruvallur,2021-22,3013,10,https://www.msde.gov.in/static/uploads/2024/05/Annexure-2.pdf,training_flow_not_available_jobseekers;historical_district_names
Tamil Nadu,Thiruvarur,2021-22,881,10,https://www.msde.gov.in/static/uploads/2024/05/Annexure-2.pdf,training_flow_not_available_jobseekers;historical_district_names
Tamil Nadu,Tiruchirappalli,2021-22,675,10,https://www.msde.gov.in/static/uploads/2024/05/Annexure-2.pdf,training_flow_not_available_jobseekers;historical_district_names
Tamil Nadu,Tirunelveli,2021-22,326,10,https://www.msde.gov.in/static/uploads/2024/05/Annexure-2.pdf,training_flow_not_available_jobseekers;historical_district_names
Tamil Nadu,Tirupathur,2021-22,270,10,https://www.msde.gov.in/static/uploads/2024/05/Annexure-2.pdf,training_flow_not_available_jobseekers;historical_district_names
Tamil Nadu,Tiruppur,2021-22,393,10,https://www.msde.gov.in/static/uploads/2024/05/Annexure-2.pdf,training_flow_not_available_jobseekers;historical_district_names
Tamil Nadu,Tiruvannamalai,2021-22,948,10,https://www.msde.gov.in/static/uploads/2024/05/Annexure-2.pdf,training_flow_not_available_jobseekers;historical_district_names
Tamil Nadu,Tuticorin,2021-22,214,10,https://www.msde.gov.in/static/uploads/2024/05/Annexure-2.pdf,training_flow_not_available_jobseekers;historical_district_names
Tamil Nadu,Vellore,2021-22,1745,10,https://www.msde.gov.in/static/uploads/2024/05/Annexure-2.pdf,training_flow_not_available_jobseekers;historical_district_names
Tamil Nadu,Villupuram,2021-22,856,10,https://www.msde.gov.in/static/uploads/2024/05/Annexure-2.pdf,training_flow_not_available_jobseekers;historical_district_names
Tamil Nadu,Virudhunagar,2021-22,382,10,https://www.msde.gov.in/static/uploads/2024/05/Annexure-2.pdf,training_flow_not_available_jobseekers;historical_district_names
Telangana,Adilabad,2021-22,345,10,https://www.msde.gov.in/static/uploads/2024/05/Annexure-2.pdf,training_flow_not_available_jobseekers;historical_district_names
Telangana,Bhadradri Kothagudem,2021-22,181,10,https://www.msde.gov.in/static/uploads/2024/05/Annexure-2.pdf,training_flow_not_available_jobseekers;historical_district_names
Telangana,Hanumakonda,2021-22,241,10,https://www.msde.gov.in/static/uploads/2024/05/Annexure-2.pdf,training_flow_not_available_jobseekers;historical_district_names
Telangana,Hyderabad,2021-22,1799,10,https://www.msde.gov.in/static/uploads/2024/05/Annexure-2.pdf,training_flow_not_available_jobseekers;historical_district_names
Telangana,Jagitial,2021-22,419,10,https://www.msde.gov.in/static/uploads/2024/05/Annexure-2.pdf,training_flow_not_available_jobseekers;historical_district_names
Telangana,Jangoan,2021-22,551,10,https://www.msde.gov.in/static/uploads/2024/05/Annexure-2.pdf,training_flow_not_available_jobseekers;historical_district_names
Telangana,Jayashankar Bhupalapally,2021-22,150,10,https://www.msde.gov.in/static/uploads/2024/05/Annexure-2.pdf,training_flow_not_available_jobseekers;historical_district_names
Telangana,Jogulamba Gadwal,2021-22,370,10,https://www.msde.gov.in/static/uploads/2024/05/Annexure-2.pdf,training_flow_not_available_jobseekers;historical_district_names
Telangana,Kamareddy,2021-22,51,10,https://www.msde.gov.in/static/uploads/2024/05/Annexure-2.pdf,training_flow_not_available_jobseekers;historical_district_names
Telangana,Karimnagar,2021-22,642,10,https://www.msde.gov.in/static/uploads/2024/05/Annexure-2.pdf,training_flow_not_available_jobseekers;historical_district_names
Telangana,Khammam,2021-22,398,10,https://www.msde.gov.in/static/uploads/2024/05/Annexure-2.pdf,training_flow_not_available_jobseekers;historical_district_names
Telangana,Kumuram Bheem Asifabad,2021-22,516,10,https://www.msde.gov.in/static/uploads/2024/05/Annexure-2.pdf,training_flow_not_available_jobseekers;historical_district_names
Telangana,Mahabubabad,2021-22,120,10,https://www.msde.gov.in/static/uploads/2024/05/Annexure-2.pdf,training_flow_not_available_jobseekers;historical_district_names
Telangana,Mahabubnagar,2021-22,281,10,https://www.msde.gov.in/static/uploads/2024/05/Annexure-2.pdf,training_flow_not_available_jobseekers;historical_district_names
Telangana,Mancherial,2021-22,400,11,https://www.msde.gov.in/static/uploads/2024/05/Annexure-2.pdf,training_flow_not_available_jobseekers;historical_district_names
Telangana,Medak,2021-22,610,11,https://www.msde.gov.in/static/uploads/2024/05/Annexure-2.pdf,training_flow_not_available_jobseekers;historical_district_names
Telangana,Medchal Malkajgiri,2021-22,62,11,https://www.msde.gov.in/static/uploads/2024/05/Annexure-2.pdf,training_flow_not_available_jobseekers;historical_district_names
Telangana,Nagarkurnool,2021-22,450,11,https://www.msde.gov.in/static/uploads/2024/05/Annexure-2.pdf,training_flow_not_available_jobseekers;historical_district_names
Telangana,Nalgonda,2021-22,620,11,https://www.msde.gov.in/static/uploads/2024/05/Annexure-2.pdf,training_flow_not_available_jobseekers;historical_district_names
Telangana,Nirmal,2021-22,534,11,https://www.msde.gov.in/static/uploads/2024/05/Annexure-2.pdf,training_flow_not_available_jobseekers;historical_district_names
Telangana,Nizamabad,2021-22,518,11,https://www.msde.gov.in/static/uploads/2024/05/Annexure-2.pdf,training_flow_not_available_jobseekers;historical_district_names
Telangana,Peddapalli,2021-22,460,11,https://www.msde.gov.in/static/uploads/2024/05/Annexure-2.pdf,training_flow_not_available_jobseekers;historical_district_names
Telangana,Rajanna Sircilla,2021-22,522,11,https://www.msde.gov.in/static/uploads/2024/05/Annexure-2.pdf,training_flow_not_available_jobseekers;historical_district_names
Telangana,Ranga Reddy,2021-22,1057,11,https://www.msde.gov.in/static/uploads/2024/05/Annexure-2.pdf,training_flow_not_available_jobseekers;historical_district_names
Telangana,Sangareddy,2021-22,222,11,https://www.msde.gov.in/static/uploads/2024/05/Annexure-2.pdf,training_flow_not_available_jobseekers;historical_district_names
Telangana,Siddipet,2021-22,143,11,https://www.msde.gov.in/static/uploads/2024/05/Annexure-2.pdf,training_flow_not_available_jobseekers;historical_district_names
Telangana,Suryapet,2021-22,478,11,https://www.msde.gov.in/static/uploads/2024/05/Annexure-2.pdf,training_flow_not_available_jobseekers;historical_district_names
Telangana,Vikarabad,2021-22,180,11,https://www.msde.gov.in/static/uploads/2024/05/Annexure-2.pdf,training_flow_not_available_jobseekers;historical_district_names
Telangana,Wanaparthy,2021-22,260,11,https://www.msde.gov.in/static/uploads/2024/05/Annexure-2.pdf,training_flow_not_available_jobseekers;historical_district_names
Telangana,Warangal,2021-22,207,11,https://www.msde.gov.in/static/uploads/2024/05/Annexure-2.pdf,training_flow_not_available_jobseekers;historical_district_names
Telangana,Yadadri Bhuvanagiri,2021-22,320,11,https://www.msde.gov.in/static/uploads/2024/05/Annexure-2.pdf,training_flow_not_available_jobseekers;historical_district_names
Tripura,Dhalai,2021-22,360,11,https://www.msde.gov.in/static/uploads/2024/05/Annexure-2.pdf,training_flow_not_available_jobseekers;historical_district_names
Tripura,Gomati,2021-22,381,11,https://www.msde.gov.in/static/uploads/2024/05/Annexure-2.pdf,training_flow_not_available_jobseekers;historical_district_names
Tripura,Khowai,2021-22,220,11,https://www.msde.gov.in/static/uploads/2024/05/Annexure-2.pdf,training_flow_not_available_jobseekers;historical_district_names
Tripura,North Tripura,2021-22,483,11,https://www.msde.gov.in/static/uploads/2024/05/Annexure-2.pdf,training_flow_not_available_jobseekers;historical_district_names
Tripura,Sepahijala,2021-22,330,11,https://www.msde.gov.in/static/uploads/2024/05/Annexure-2.pdf,training_flow_not_available_jobseekers;historical_district_names
Tripura,South Tripura,2021-22,499,11,https://www.msde.gov.in/static/uploads/2024/05/Annexure-2.pdf,training_flow_not_available_jobseekers;historical_district_names
Tripura,Unakoti,2021-22,703,11,https://www.msde.gov.in/static/uploads/2024/05/Annexure-2.pdf,training_flow_not_available_jobseekers;historical_district_names
Tripura,West Tripura,2021-22,1514,11,https://www.msde.gov.in/static/uploads/2024/05/Annexure-2.pdf,training_flow_not_available_jobseekers;historical_district_names
Uttar Pradesh,Agra,2021-22,2178,11,https://www.msde.gov.in/static/uploads/2024/05/Annexure-2.pdf,training_flow_not_available_jobseekers;historical_district_names
Uttar Pradesh,Aligarh,2021-22,653,11,https://www.msde.gov.in/static/uploads/2024/05/Annexure-2.pdf,training_flow_not_available_jobseekers;historical_district_names
Uttar Pradesh,Ambedkar Nagar,2021-22,1025,11,https://www.msde.gov.in/static/uploads/2024/05/Annexure-2.pdf,training_flow_not_available_jobseekers;historical_district_names
Uttar Pradesh,Amethi,2021-22,801,11,https://www.msde.gov.in/static/uploads/2024/05/Annexure-2.pdf,training_flow_not_available_jobseekers;historical_district_names
Uttar Pradesh,Amroha,2021-22,572,11,https://www.msde.gov.in/static/uploads/2024/05/Annexure-2.pdf,training_flow_not_available_jobseekers;historical_district_names
Uttar Pradesh,Auraiya,2021-22,420,11,https://www.msde.gov.in/static/uploads/2024/05/Annexure-2.pdf,training_flow_not_available_jobseekers;historical_district_names
Uttar Pradesh,Ayodhya,2021-22,584,11,https://www.msde.gov.in/static/uploads/2024/05/Annexure-2.pdf,training_flow_not_available_jobseekers;historical_district_names
Uttar Pradesh,Azamgarh,2021-22,1350,11,https://www.msde.gov.in/static/uploads/2024/05/Annexure-2.pdf,training_flow_not_available_jobseekers;historical_district_names
Uttar Pradesh,Baghpat,2021-22,302,11,https://www.msde.gov.in/static/uploads/2024/05/Annexure-2.pdf,training_flow_not_available_jobseekers;historical_district_names
Uttar Pradesh,Bahraich,2021-22,1265,11,https://www.msde.gov.in/static/uploads/2024/05/Annexure-2.pdf,training_flow_not_available_jobseekers;historical_district_names
Uttar Pradesh,Ballia,2021-22,1110,11,https://www.msde.gov.in/static/uploads/2024/05/Annexure-2.pdf,training_flow_not_available_jobseekers;historical_district_names
Uttar Pradesh,Balrampur,2021-22,701,11,https://www.msde.gov.in/static/uploads/2024/05/Annexure-2.pdf,training_flow_not_available_jobseekers;historical_district_names
Uttar Pradesh,Banda,2021-22,881,11,https://www.msde.gov.in/static/uploads/2024/05/Annexure-2.pdf,training_flow_not_available_jobseekers;historical_district_names
Uttar Pradesh,Barabanki,2021-22,88,11,https://www.msde.gov.in/static/uploads/2024/05/Annexure-2.pdf,training_flow_not_available_jobseekers;historical_district_names
Uttar Pradesh,Bareilly,2021-22,655,11,https://www.msde.gov.in/static/uploads/2024/05/Annexure-2.pdf,training_flow_not_available_jobseekers;historical_district_names
Uttar Pradesh,Basti,2021-22,857,11,https://www.msde.gov.in/static/uploads/2024/05/Annexure-2.pdf,training_flow_not_available_jobseekers;historical_district_names
Uttar Pradesh,Bhadohi,2021-22,120,11,https://www.msde.gov.in/static/uploads/2024/05/Annexure-2.pdf,training_flow_not_available_jobseekers;historical_district_names
Uttar Pradesh,Bijnor,2021-22,664,11,https://www.msde.gov.in/static/uploads/2024/05/Annexure-2.pdf,training_flow_not_available_jobseekers;historical_district_names
Uttar Pradesh,Budaun,2021-22,585,11,https://www.msde.gov.in/static/uploads/2024/05/Annexure-2.pdf,training_flow_not_available_jobseekers;historical_district_names
Uttar Pradesh,Bulandshahr,2021-22,377,11,https://www.msde.gov.in/static/uploads/2024/05/Annexure-2.pdf,training_flow_not_available_jobseekers;historical_district_names
Uttar Pradesh,Chandauli,2021-22,985,11,https://www.msde.gov.in/static/uploads/2024/05/Annexure-2.pdf,training_flow_not_available_jobseekers;historical_district_names
Uttar Pradesh,Chitrakoot,2021-22,320,11,https://www.msde.gov.in/static/uploads/2024/05/Annexure-2.pdf,training_flow_not_available_jobseekers;historical_district_names
Uttar Pradesh,Deoria,2021-22,1407,11,https://www.msde.gov.in/static/uploads/2024/05/Annexure-2.pdf,training_flow_not_available_jobseekers;historical_district_names
Uttar Pradesh,Etah,2021-22,426,11,https://www.msde.gov.in/static/uploads/2024/05/Annexure-2.pdf,training_flow_not_available_jobseekers;historical_district_names
Uttar Pradesh,Etawah,2021-22,869,11,https://www.msde.gov.in/static/uploads/2024/05/Annexure-2.pdf,training_flow_not_available_jobseekers;historical_district_names
Uttar Pradesh,Farrukhabad,2021-22,507,11,https://www.msde.gov.in/static/uploads/2024/05/Annexure-2.pdf,training_flow_not_available_jobseekers;historical_district_names
Uttar Pradesh,Fatehpur,2021-22,776,11,https://www.msde.gov.in/static/uploads/2024/05/Annexure-2.pdf,training_flow_not_available_jobseekers;historical_district_names
Uttar Pradesh,Firozabad,2021-22,443,11,https://www.msde.gov.in/static/uploads/2024/05/Annexure-2.pdf,training_flow_not_available_jobseekers;historical_district_names
Uttar Pradesh,Gautam Buddha Nagar,2021-22,4237,11,https://www.msde.gov.in/static/uploads/2024/05/Annexure-2.pdf,training_flow_not_available_jobseekers;historical_district_names
Uttar Pradesh,Ghaziabad,2021-22,1391,12,https://www.msde.gov.in/static/uploads/2024/05/Annexure-2.pdf,training_flow_not_available_jobseekers;historical_district_names
Uttar Pradesh,Ghazipur,2021-22,1411,12,https://www.msde.gov.in/static/uploads/2024/05/Annexure-2.pdf,training_flow_not_available_jobseekers;historical_district_names
Uttar Pradesh,Gonda,2021-22,1202,12,https://www.msde.gov.in/static/uploads/2024/05/Annexure-2.pdf,training_flow_not_available_jobseekers;historical_district_names
Uttar Pradesh,Gorakhpur,2021-22,1203,12,https://www.msde.gov.in/static/uploads/2024/05/Annexure-2.pdf,training_flow_not_available_jobseekers;historical_district_names
Uttar Pradesh,Hamirpur,2021-22,395,12,https://www.msde.gov.in/static/uploads/2024/05/Annexure-2.pdf,training_flow_not_available_jobseekers;historical_district_names
Uttar Pradesh,Hapur,2021-22,585,12,https://www.msde.gov.in/static/uploads/2024/05/Annexure-2.pdf,training_flow_not_available_jobseekers;historical_district_names
Uttar Pradesh,Hardoi,2021-22,1018,12,https://www.msde.gov.in/static/uploads/2024/05/Annexure-2.pdf,training_flow_not_available_jobseekers;historical_district_names
Uttar Pradesh,Hathras,2021-22,591,12,https://www.msde.gov.in/static/uploads/2024/05/Annexure-2.pdf,training_flow_not_available_jobseekers;historical_district_names
Uttar Pradesh,Jalaun,2021-22,760,12,https://www.msde.gov.in/static/uploads/2024/05/Annexure-2.pdf,training_flow_not_available_jobseekers;historical_district_names
Uttar Pradesh,Jaunpur,2021-22,1627,12,https://www.msde.gov.in/static/uploads/2024/05/Annexure-2.pdf,training_flow_not_available_jobseekers;historical_district_names
Uttar Pradesh,Jhansi,2021-22,451,12,https://www.msde.gov.in/static/uploads/2024/05/Annexure-2.pdf,training_flow_not_available_jobseekers;historical_district_names
Uttar Pradesh,Kannauj,2021-22,679,12,https://www.msde.gov.in/static/uploads/2024/05/Annexure-2.pdf,training_flow_not_available_jobseekers;historical_district_names
Uttar Pradesh,Kanpur Dehat,2021-22,515,12,https://www.msde.gov.in/static/uploads/2024/05/Annexure-2.pdf,training_flow_not_available_jobseekers;historical_district_names
Uttar Pradesh,Kanpur Nagar,2021-22,773,12,https://www.msde.gov.in/static/uploads/2024/05/Annexure-2.pdf,training_flow_not_available_jobseekers;historical_district_names
Uttar Pradesh,Kasganj,2021-22,280,12,https://www.msde.gov.in/static/uploads/2024/05/Annexure-2.pdf,training_flow_not_available_jobseekers;historical_district_names
Uttar Pradesh,Kaushambi,2021-22,1380,12,https://www.msde.gov.in/static/uploads/2024/05/Annexure-2.pdf,training_flow_not_available_jobseekers;historical_district_names
Uttar Pradesh,Kheri,2021-22,1529,12,https://www.msde.gov.in/static/uploads/2024/05/Annexure-2.pdf,training_flow_not_available_jobseekers;historical_district_names
Uttar Pradesh,Kushi Nagar,2021-22,1328,12,https://www.msde.gov.in/static/uploads/2024/05/Annexure-2.pdf,training_flow_not_available_jobseekers;historical_district_names
Uttar Pradesh,Lalitpur,2021-22,637,12,https://www.msde.gov.in/static/uploads/2024/05/Annexure-2.pdf,training_flow_not_available_jobseekers;historical_district_names
Uttar Pradesh,Lucknow,2021-22,1890,12,https://www.msde.gov.in/static/uploads/2024/05/Annexure-2.pdf,training_flow_not_available_jobseekers;historical_district_names
Uttar Pradesh,Maharajganj,2021-22,1641,12,https://www.msde.gov.in/static/uploads/2024/05/Annexure-2.pdf,training_flow_not_available_jobseekers;historical_district_names
Uttar Pradesh,Mahoba,2021-22,180,12,https://www.msde.gov.in/static/uploads/2024/05/Annexure-2.pdf,training_flow_not_available_jobseekers;historical_district_names
Uttar Pradesh,Mainpuri,2021-22,439,12,https://www.msde.gov.in/static/uploads/2024/05/Annexure-2.pdf,training_flow_not_available_jobseekers;historical_district_names
Uttar Pradesh,Mathura,2021-22,138,12,https://www.msde.gov.in/static/uploads/2024/05/Annexure-2.pdf,training_flow_not_available_jobseekers;historical_district_names
Uttar Pradesh,Mau,2021-22,910,12,https://www.msde.gov.in/static/uploads/2024/05/Annexure-2.pdf,training_flow_not_available_jobseekers;historical_district_names
Uttar Pradesh,Meerut,2021-22,910,12,https://www.msde.gov.in/static/uploads/2024/05/Annexure-2.pdf,training_flow_not_available_jobseekers;historical_district_names
Uttar Pradesh,Mirzapur,2021-22,302,12,https://www.msde.gov.in/static/uploads/2024/05/Annexure-2.pdf,training_flow_not_available_jobseekers;historical_district_names
Uttar Pradesh,Moradabad,2021-22,2222,12,https://www.msde.gov.in/static/uploads/2024/05/Annexure-2.pdf,training_flow_not_available_jobseekers;historical_district_names
Uttar Pradesh,Muzaffarnagar,2021-22,786,12,https://www.msde.gov.in/static/uploads/2024/05/Annexure-2.pdf,training_flow_not_available_jobseekers;historical_district_names
Uttar Pradesh,Pilibhit,2021-22,998,12,https://www.msde.gov.in/static/uploads/2024/05/Annexure-2.pdf,training_flow_not_available_jobseekers;historical_district_names
Uttar Pradesh,Pratapgarh,2021-22,607,12,https://www.msde.gov.in/static/uploads/2024/05/Annexure-2.pdf,training_flow_not_available_jobseekers;historical_district_names
Uttar Pradesh,Prayagraj,2021-22,2560,12,https://www.msde.gov.in/static/uploads/2024/05/Annexure-2.pdf,training_flow_not_available_jobseekers;historical_district_names
Uttar Pradesh,Rae Bareli,2021-22,852,12,https://www.msde.gov.in/static/uploads/2024/05/Annexure-2.pdf,training_flow_not_available_jobseekers;historical_district_names
Uttar Pradesh,Rampur,2021-22,419,12,https://www.msde.gov.in/static/uploads/2024/05/Annexure-2.pdf,training_flow_not_available_jobseekers;historical_district_names
Uttar Pradesh,Saharanpur,2021-22,1274,12,https://www.msde.gov.in/static/uploads/2024/05/Annexure-2.pdf,training_flow_not_available_jobseekers;historical_district_names
Uttar Pradesh,Sambhal,2021-22,215,12,https://www.msde.gov.in/static/uploads/2024/05/Annexure-2.pdf,training_flow_not_available_jobseekers;historical_district_names
Uttar Pradesh,Sant Kabeer Nagar,2021-22,230,12,https://www.msde.gov.in/static/uploads/2024/05/Annexure-2.pdf,training_flow_not_available_jobseekers;historical_district_names
Uttar Pradesh,Shahjahanpur,2021-22,695,12,https://www.msde.gov.in/static/uploads/2024/05/Annexure-2.pdf,training_flow_not_available_jobseekers;historical_district_names
Uttar Pradesh,Shamli,2021-22,361,12,https://www.msde.gov.in/static/uploads/2024/05/Annexure-2.pdf,training_flow_not_available_jobseekers;historical_district_names
Uttar Pradesh,Shravasti,2021-22,363,12,https://www.msde.gov.in/static/uploads/2024/05/Annexure-2.pdf,training_flow_not_available_jobseekers;historical_district_names
Uttar Pradesh,Siddharth Nagar,2021-22,1774,12,https://www.msde.gov.in/static/uploads/2024/05/Annexure-2.pdf,training_flow_not_available_jobseekers;historical_district_names
Uttar Pradesh,Sitapur,2021-22,563,12,https://www.msde.gov.in/static/uploads/2024/05/Annexure-2.pdf,training_flow_not_available_jobseekers;historical_district_names
Uttar Pradesh,Sonbhadra,2021-22,444,12,https://www.msde.gov.in/static/uploads/2024/05/Annexure-2.pdf,training_flow_not_available_jobseekers;historical_district_names
Uttar Pradesh,Sultanpur,2021-22,823,12,https://www.msde.gov.in/static/uploads/2024/05/Annexure-2.pdf,training_flow_not_available_jobseekers;historical_district_names
Uttar Pradesh,Unnao,2021-22,1288,12,https://www.msde.gov.in/static/uploads/2024/05/Annexure-2.pdf,training_flow_not_available_jobseekers;historical_district_names
Uttar Pradesh,Varanasi,2021-22,3115,12,https://www.msde.gov.in/static/uploads/2024/05/Annexure-2.pdf,training_flow_not_available_jobseekers;historical_district_names
Uttarakhand,Almora,2021-22,274,12,https://www.msde.gov.in/static/uploads/2024/05/Annexure-2.pdf,training_flow_not_available_jobseekers;historical_district_names
Uttarakhand,Bageshwar,2021-22,182,12,https://www.msde.gov.in/static/uploads/2024/05/Annexure-2.pdf,training_flow_not_available_jobseekers;historical_district_names
Uttarakhand,Chamoli,2021-22,610,12,https://www.msde.gov.in/static/uploads/2024/05/Annexure-2.pdf,training_flow_not_available_jobseekers;historical_district_names
Uttarakhand,Champawat,2021-22,223,12,https://www.msde.gov.in/static/uploads/2024/05/Annexure-2.pdf,training_flow_not_available_jobseekers;historical_district_names
Uttarakhand,Dehradun,2021-22,1470,12,https://www.msde.gov.in/static/uploads/2024/05/Annexure-2.pdf,training_flow_not_available_jobseekers;historical_district_names
Uttarakhand,Haridwar,2021-22,2856,12,https://www.msde.gov.in/static/uploads/2024/05/Annexure-2.pdf,training_flow_not_available_jobseekers;historical_district_names
Uttarakhand,Nainital,2021-22,938,12,https://www.msde.gov.in/static/uploads/2024/05/Annexure-2.pdf,training_flow_not_available_jobseekers;historical_district_names
Uttarakhand,Pauri Garhwal,2021-22,798,12,https://www.msde.gov.in/static/uploads/2024/05/Annexure-2.pdf,training_flow_not_available_jobseekers;historical_district_names
Uttarakhand,Pithoragarh,2021-22,168,12,https://www.msde.gov.in/static/uploads/2024/05/Annexure-2.pdf,training_flow_not_available_jobseekers;historical_district_names
Uttarakhand,Rudra Prayag,2021-22,86,13,https://www.msde.gov.in/static/uploads/2024/05/Annexure-2.pdf,training_flow_not_available_jobseekers;historical_district_names
Uttarakhand,Tehri Garhwal,2021-22,233,13,https://www.msde.gov.in/static/uploads/2024/05/Annexure-2.pdf,training_flow_not_available_jobseekers;historical_district_names
Uttarakhand,Udam Singh Nagar,2021-22,2521,13,https://www.msde.gov.in/static/uploads/2024/05/Annexure-2.pdf,training_flow_not_available_jobseekers;historical_district_names
Uttarakhand,Uttar Kashi,2021-22,163,13,https://www.msde.gov.in/static/uploads/2024/05/Annexure-2.pdf,training_flow_not_available_jobseekers;historical_district_names
West Bengal,24 Paraganas North,2021-22,2964,13,https://www.msde.gov.in/static/uploads/2024/05/Annexure-2.pdf,training_flow_not_available_jobseekers;historical_district_names
West Bengal,24 Paraganas South,2021-22,2182,13,https://www.msde.gov.in/static/uploads/2024/05/Annexure-2.pdf,training_flow_not_available_jobseekers;historical_district_names
West Bengal,Alipurduar,2021-22,875,13,https://www.msde.gov.in/static/uploads/2024/05/Annexure-2.pdf,training_flow_not_available_jobseekers;historical_district_names
West Bengal,Bankura,2021-22,683,13,https://www.msde.gov.in/static/uploads/2024/05/Annexure-2.pdf,training_flow_not_available_jobseekers;historical_district_names
West Bengal,Birbhum,2021-22,1344,13,https://www.msde.gov.in/static/uploads/2024/05/Annexure-2.pdf,training_flow_not_available_jobseekers;historical_district_names
West Bengal,Coochbehar,2021-22,756,13,https://www.msde.gov.in/static/uploads/2024/05/Annexure-2.pdf,training_flow_not_available_jobseekers;historical_district_names
West Bengal,Darjeeling,2021-22,1182,13,https://www.msde.gov.in/static/uploads/2024/05/Annexure-2.pdf,training_flow_not_available_jobseekers;historical_district_names
West Bengal,Dinajpur Dakshin,2021-22,597,13,https://www.msde.gov.in/static/uploads/2024/05/Annexure-2.pdf,training_flow_not_available_jobseekers;historical_district_names
West Bengal,Dinajpur Uttar,2021-22,815,13,https://www.msde.gov.in/static/uploads/2024/05/Annexure-2.pdf,training_flow_not_available_jobseekers;historical_district_names
West Bengal,Hooghly,2021-22,2781,13,https://www.msde.gov.in/static/uploads/2024/05/Annexure-2.pdf,training_flow_not_available_jobseekers;historical_district_names
West Bengal,Howrah,2021-22,1594,13,https://www.msde.gov.in/static/uploads/2024/05/Annexure-2.pdf,training_flow_not_available_jobseekers;historical_district_names
West Bengal,Jalpaiguri,2021-22,393,13,https://www.msde.gov.in/static/uploads/2024/05/Annexure-2.pdf,training_flow_not_available_jobseekers;historical_district_names
West Bengal,Jhargram,2021-22,31,13,https://www.msde.gov.in/static/uploads/2024/05/Annexure-2.pdf,training_flow_not_available_jobseekers;historical_district_names
West Bengal,Kalimpong,2021-22,125,13,https://www.msde.gov.in/static/uploads/2024/05/Annexure-2.pdf,training_flow_not_available_jobseekers;historical_district_names
West Bengal,Kolkata,2021-22,3828,13,https://www.msde.gov.in/static/uploads/2024/05/Annexure-2.pdf,training_flow_not_available_jobseekers;historical_district_names
West Bengal,Maldah,2021-22,1655,13,https://www.msde.gov.in/static/uploads/2024/05/Annexure-2.pdf,training_flow_not_available_jobseekers;historical_district_names
West Bengal,Medinipur East,2021-22,2179,13,https://www.msde.gov.in/static/uploads/2024/05/Annexure-2.pdf,training_flow_not_available_jobseekers;historical_district_names
West Bengal,Medinipur West,2021-22,1156,13,https://www.msde.gov.in/static/uploads/2024/05/Annexure-2.pdf,training_flow_not_available_jobseekers;historical_district_names
West Bengal,Murshidabad,2021-22,1004,13,https://www.msde.gov.in/static/uploads/2024/05/Annexure-2.pdf,training_flow_not_available_jobseekers;historical_district_names
West Bengal,Nadia,2021-22,1400,13,https://www.msde.gov.in/static/uploads/2024/05/Annexure-2.pdf,training_flow_not_available_jobseekers;historical_district_names
West Bengal,Paschim Bardhaman,2021-22,1257,13,https://www.msde.gov.in/static/uploads/2024/05/Annexure-2.pdf,training_flow_not_available_jobseekers;historical_district_names
West Bengal,Purba Bardhaman,2021-22,2119,13,https://www.msde.gov.in/static/uploads/2024/05/Annexure-2.pdf,training_flow_not_available_jobseekers;historical_district_names
West Bengal,Purulia,2021-22,486,13,https://www.msde.gov.in/static/uploads/2024/05/Annexure-2.pdf,training_flow_not_available_jobseekers;historical_district_names
Andaman And Nicobar Islands,North And Middle Andaman,2021-22,17,13,https://www.msde.gov.in/static/uploads/2024/05/Annexure-2.pdf,training_flow_not_available_jobseekers;historical_district_names
Andaman And Nicobar Islands,South Andamans,2021-22,596,13,https://www.msde.gov.in/static/uploads/2024/05/Annexure-2.pdf,training_flow_not_available_jobseekers;historical_district_names
Chandigarh,Chandigarh,2021-22,893,13,https://www.msde.gov.in/static/uploads/2024/05/Annexure-2.pdf,training_flow_not_available_jobseekers;historical_district_names
Dadra And Nagar Haveli And Daman And Diu,Dadra And Nagar Haveli,2021-22,132,13,https://www.msde.gov.in/static/uploads/2024/05/Annexure-2.pdf,training_flow_not_available_jobseekers;historical_district_names
Dadra And Nagar Haveli And Daman And Diu,Daman,2021-22,120,13,https://www.msde.gov.in/static/uploads/2024/05/Annexure-2.pdf,training_flow_not_available_jobseekers;historical_district_names
Delhi,Central,2021-22,64,13,https://www.msde.gov.in/static/uploads/2024/05/Annexure-2.pdf,training_flow_not_available_jobseekers;historical_district_names
Delhi,East,2021-22,1668,13,https://www.msde.gov.in/static/uploads/2024/05/Annexure-2.pdf,training_flow_not_available_jobseekers;historical_district_names
Delhi,New Delhi,2021-22,5291,13,https://www.msde.gov.in/static/uploads/2024/05/Annexure-2.pdf,training_flow_not_available_jobseekers;historical_district_names
Delhi,North,2021-22,740,13,https://www.msde.gov.in/static/uploads/2024/05/Annexure-2.pdf,training_flow_not_available_jobseekers;historical_district_names
Delhi,North East,2021-22,1267,13,https://www.msde.gov.in/static/uploads/2024/05/Annexure-2.pdf,training_flow_not_available_jobseekers;historical_district_names
Delhi,North West,2021-22,4269,13,https://www.msde.gov.in/static/uploads/2024/05/Annexure-2.pdf,training_flow_not_available_jobseekers;historical_district_names
Delhi,Shahdara,2021-22,550,13,https://www.msde.gov.in/static/uploads/2024/05/Annexure-2.pdf,training_flow_not_available_jobseekers;historical_district_names
Delhi,South,2021-22,1477,13,https://www.msde.gov.in/static/uploads/2024/05/Annexure-2.pdf,training_flow_not_available_jobseekers;historical_district_names
Delhi,South East,2021-22,957,13,https://www.msde.gov.in/static/uploads/2024/05/Annexure-2.pdf,training_flow_not_available_jobseekers;historical_district_names
Delhi,South West,2021-22,2676,13,https://www.msde.gov.in/static/uploads/2024/05/Annexure-2.pdf,training_flow_not_available_jobseekers;historical_district_names
Delhi,West,2021-22,1006,13,https://www.msde.gov.in/static/uploads/2024/05/Annexure-2.pdf,training_flow_not_available_jobseekers;historical_district_names
Jammu And Kashmir,Anantnag,2021-22,1428,13,https://www.msde.gov.in/static/uploads/2024/05/Annexure-2.pdf,training_flow_not_available_jobseekers;historical_district_names
Jammu And Kashmir,Bandipora,2021-22,1952,13,https://www.msde.gov.in/static/uploads/2024/05/Annexure-2.pdf,training_flow_not_available_jobseekers;historical_district_names
Jammu And Kashmir,Baramulla,2021-22,2238,13,https://www.msde.gov.in/static/uploads/2024/05/Annexure-2.pdf,training_flow_not_available_jobseekers;historical_district_names
Jammu And Kashmir,Budgam,2021-22,3310,13,https://www.msde.gov.in/static/uploads/2024/05/Annexure-2.pdf,training_flow_not_available_jobseekers;historical_district_names
Jammu And Kashmir,Doda,2021-22,219,13,https://www.msde.gov.in/static/uploads/2024/05/Annexure-2.pdf,training_flow_not_available_jobseekers;historical_district_names
Jammu And Kashmir,Ganderbal,2021-22,1625,14,https://www.msde.gov.in/static/uploads/2024/05/Annexure-2.pdf,training_flow_not_available_jobseekers;historical_district_names
Jammu And Kashmir,Jammu,2021-22,1005,14,https://www.msde.gov.in/static/uploads/2024/05/Annexure-2.pdf,training_flow_not_available_jobseekers;historical_district_names
Jammu And Kashmir,Kathua,2021-22,1098,14,https://www.msde.gov.in/static/uploads/2024/05/Annexure-2.pdf,training_flow_not_available_jobseekers;historical_district_names
Jammu And Kashmir,Kishtwar,2021-22,240,14,https://www.msde.gov.in/static/uploads/2024/05/Annexure-2.pdf,training_flow_not_available_jobseekers;historical_district_names
Jammu And Kashmir,Kulgam,2021-22,977,14,https://www.msde.gov.in/static/uploads/2024/05/Annexure-2.pdf,training_flow_not_available_jobseekers;historical_district_names
Jammu And Kashmir,Kupwara,2021-22,1102,14,https://www.msde.gov.in/static/uploads/2024/05/Annexure-2.pdf,training_flow_not_available_jobseekers;historical_district_names
Jammu And Kashmir,Poonch,2021-22,555,14,https://www.msde.gov.in/static/uploads/2024/05/Annexure-2.pdf,training_flow_not_available_jobseekers;historical_district_names
Jammu And Kashmir,Pulwama,2021-22,1164,14,https://www.msde.gov.in/static/uploads/2024/05/Annexure-2.pdf,training_flow_not_available_jobseekers;historical_district_names
Jammu And Kashmir,Rajouri,2021-22,473,14,https://www.msde.gov.in/static/uploads/2024/05/Annexure-2.pdf,training_flow_not_available_jobseekers;historical_district_names
Jammu And Kashmir,Ramban,2021-22,287,14,https://www.msde.gov.in/static/uploads/2024/05/Annexure-2.pdf,training_flow_not_available_jobseekers;historical_district_names
Jammu And Kashmir,Reasi,2021-22,295,14,https://www.msde.gov.in/static/uploads/2024/05/Annexure-2.pdf,training_flow_not_available_jobseekers;historical_district_names
Jammu And Kashmir,Samba,2021-22,115,14,https://www.msde.gov.in/static/uploads/2024/05/Annexure-2.pdf,training_flow_not_available_jobseekers;historical_district_names
Jammu And Kashmir,Shopian,2021-22,280,14,https://www.msde.gov.in/static/uploads/2024/05/Annexure-2.pdf,training_flow_not_available_jobseekers;historical_district_names
Jammu And Kashmir,Srinagar,2021-22,2463,14,https://www.msde.gov.in/static/uploads/2024/05/Annexure-2.pdf,training_flow_not_available_jobseekers;historical_district_names
Jammu And Kashmir,Udhampur,2021-22,513,14,https://www.msde.gov.in/static/uploads/2024/05/Annexure-2.pdf,training_flow_not_available_jobseekers;historical_district_names
Ladakh,Kargil,2021-22,452,14,https://www.msde.gov.in/static/uploads/2024/05/Annexure-2.pdf,training_flow_not_available_jobseekers;historical_district_names
Ladakh,Leh Ladakh,2021-22,279,14,https://www.msde.gov.in/static/uploads/2024/05/Annexure-2.pdf,training_flow_not_available_jobseekers;historical_district_names
Lakshadweep,Lakshadweep District,2021-22,120,14,https://www.msde.gov.in/static/uploads/2024/05/Annexure-2.pdf,training_flow_not_available_jobseekers;historical_district_names
Puducherry,Karaikal,2021-22,365,14,https://www.msde.gov.in/static/uploads/2024/05/Annexure-2.pdf,training_flow_not_available_jobseekers;historical_district_names
Puducherry,Mahe,2021-22,120,14,https://www.msde.gov.in/static/uploads/2024/05/Annexure-2.pdf,training_flow_not_available_jobseekers;historical_district_names
Puducherry,Pondicherry,2021-22,981,14,https://www.msde.gov.in/static/uploads/2024/05/Annexure-2.pdf,training_flow_not_available_jobseekers;historical_district_names
Puducherry,Yanam,2021-22,156,14,https://www.msde.gov.in/static/uploads/2024/05/Annexure-2.pdf,training_flow_not_available_jobseekers;historical_district_names
