academic_year,state_ut,geography_level,education_level,male_pass_out,female_pass_out,total_pass_out,unit,table,pdf_page,source_url,quality_flag
2022-23,Andhra Pradesh,state_ut,Ph.D.,482,508,990,persons_reported_passed_out,33,181,https://aishe.gov.in/document-category/aishe-final-reports/,reported_education_flow_not_available_workforce;missing_sex_cells_remain_null
2022-23,Andhra Pradesh,state_ut,Post Graduate,28959,30252,59211,persons_reported_passed_out,33,181,https://aishe.gov.in/document-category/aishe-final-reports/,reported_education_flow_not_available_workforce;missing_sex_cells_remain_null
2022-23,Arunachal Pradesh,state_ut,Ph.D.,76,51,127,persons_reported_passed_out,33,181,https://aishe.gov.in/document-category/aishe-final-reports/,reported_education_flow_not_available_workforce;missing_sex_cells_remain_null
2022-23,Arunachal Pradesh,state_ut,Post Graduate,1563,1080,2643,persons_reported_passed_out,33,181,https://aishe.gov.in/document-category/aishe-final-reports/,reported_education_flow_not_available_workforce;missing_sex_cells_remain_null
2022-23,Assam,state_ut,Ph.D.,281,292,573,persons_reported_passed_out,33,181,https://aishe.gov.in/document-category/aishe-final-reports/,reported_education_flow_not_available_workforce;missing_sex_cells_remain_null
2022-23,Assam,state_ut,M.Phil.,10,26,36,persons_reported_passed_out,33,181,https://aishe.gov.in/document-category/aishe-final-reports/,reported_education_flow_not_available_workforce;missing_sex_cells_remain_null
2022-23,Assam,state_ut,Post Graduate,6864,10919,17783,persons_reported_passed_out,33,181,https://aishe.gov.in/document-category/aishe-final-reports/,reported_education_flow_not_available_workforce;missing_sex_cells_remain_null
2022-23,Bihar,state_ut,Ph.D.,648,305,953,persons_reported_passed_out,33,181,https://aishe.gov.in/document-category/aishe-final-reports/,reported_education_flow_not_available_workforce;missing_sex_cells_remain_null
2022-23,Bihar,state_ut,Post Graduate,21886,19680,41566,persons_reported_passed_out,33,181,https://aishe.gov.in/document-category/aishe-final-reports/,reported_education_flow_not_available_workforce;missing_sex_cells_remain_null
2022-23,Chandigarh,state_ut,Ph.D.,220,298,518,persons_reported_passed_out,33,181,https://aishe.gov.in/document-category/aishe-final-reports/,reported_education_flow_not_available_workforce;missing_sex_cells_remain_null
2022-23,Chandigarh,state_ut,Post Graduate,2328,4481,6809,persons_reported_passed_out,33,181,https://aishe.gov.in/document-category/aishe-final-reports/,reported_education_flow_not_available_workforce;missing_sex_cells_remain_null
2022-23,Chhattisgarh,state_ut,Ph.D.,112,150,262,persons_reported_passed_out,33,181,https://aishe.gov.in/document-category/aishe-final-reports/,reported_education_flow_not_available_workforce;missing_sex_cells_remain_null
2022-23,Chhattisgarh,state_ut,M.Phil.,3,7,10,persons_reported_passed_out,33,181,https://aishe.gov.in/document-category/aishe-final-reports/,reported_education_flow_not_available_workforce;missing_sex_cells_remain_null
2022-23,Chhattisgarh,state_ut,Post Graduate,29750,43282,73032,persons_reported_passed_out,33,181,https://aishe.gov.in/document-category/aishe-final-reports/,reported_education_flow_not_available_workforce;missing_sex_cells_remain_null
2022-23,Delhi,state_ut,Ph.D.,1462,1226,2688,persons_reported_passed_out,33,181,https://aishe.gov.in/document-category/aishe-final-reports/,reported_education_flow_not_available_workforce;missing_sex_cells_remain_null
2022-23,Delhi,state_ut,M.Phil.,183,203,386,persons_reported_passed_out,33,181,https://aishe.gov.in/document-category/aishe-final-reports/,reported_education_flow_not_available_workforce;missing_sex_cells_remain_null
2022-23,Delhi,state_ut,Post Graduate,51323,75259,126582,persons_reported_passed_out,33,181,https://aishe.gov.in/document-category/aishe-final-reports/,reported_education_flow_not_available_workforce;missing_sex_cells_remain_null
2022-23,Goa,state_ut,Ph.D.,56,39,95,persons_reported_passed_out,33,181,https://aishe.gov.in/document-category/aishe-final-reports/,reported_education_flow_not_available_workforce;missing_sex_cells_remain_null
2022-23,Goa,state_ut,M.Phil.,5,,5,persons_reported_passed_out,33,181,https://aishe.gov.in/document-category/aishe-final-reports/,reported_education_flow_not_available_workforce;missing_sex_cells_remain_null
2022-23,Goa,state_ut,Post Graduate,1067,1676,2743,persons_reported_passed_out,33,181,https://aishe.gov.in/document-category/aishe-final-reports/,reported_education_flow_not_available_workforce;missing_sex_cells_remain_null
2022-23,Gujarat,state_ut,Ph.D.,766,573,1339,persons_reported_passed_out,33,181,https://aishe.gov.in/document-category/aishe-final-reports/,reported_education_flow_not_available_workforce;missing_sex_cells_remain_null
2022-23,Gujarat,state_ut,M.Phil.,19,15,34,persons_reported_passed_out,33,181,https://aishe.gov.in/document-category/aishe-final-reports/,reported_education_flow_not_available_workforce;missing_sex_cells_remain_null
2022-23,Gujarat,state_ut,Post Graduate,36118,45624,81742,persons_reported_passed_out,33,181,https://aishe.gov.in/document-category/aishe-final-reports/,reported_education_flow_not_available_workforce;missing_sex_cells_remain_null
2022-23,Haryana,state_ut,Ph.D.,316,446,762,persons_reported_passed_out,33,181,https://aishe.gov.in/document-category/aishe-final-reports/,reported_education_flow_not_available_workforce;missing_sex_cells_remain_null
2022-23,Haryana,state_ut,M.Phil.,,18,18,persons_reported_passed_out,33,181,https://aishe.gov.in/document-category/aishe-final-reports/,reported_education_flow_not_available_workforce;missing_sex_cells_remain_null
2022-23,Haryana,state_ut,Post Graduate,13434,27739,41173,persons_reported_passed_out,33,181,https://aishe.gov.in/document-category/aishe-final-reports/,reported_education_flow_not_available_workforce;missing_sex_cells_remain_null
2022-23,Himachal Pradesh,state_ut,Ph.D.,126,166,292,persons_reported_passed_out,33,181,https://aishe.gov.in/document-category/aishe-final-reports/,reported_education_flow_not_available_workforce;missing_sex_cells_remain_null
2022-23,Himachal Pradesh,state_ut,Post Graduate,4502,6647,11149,persons_reported_passed_out,33,181,https://aishe.gov.in/document-category/aishe-final-reports/,reported_education_flow_not_available_workforce;missing_sex_cells_remain_null
2022-23,Jammu and Kashmir,state_ut,Ph.D.,342,365,707,persons_reported_passed_out,33,181,https://aishe.gov.in/document-category/aishe-final-reports/,reported_education_flow_not_available_workforce;missing_sex_cells_remain_null
2022-23,Jammu and Kashmir,state_ut,Post Graduate,4197,7679,11876,persons_reported_passed_out,33,181,https://aishe.gov.in/document-category/aishe-final-reports/,reported_education_flow_not_available_workforce;missing_sex_cells_remain_null
2022-23,Jharkhand,state_ut,Ph.D.,317,213,530,persons_reported_passed_out,33,181,https://aishe.gov.in/document-category/aishe-final-reports/,reported_education_flow_not_available_workforce;missing_sex_cells_remain_null
2022-23,Jharkhand,state_ut,M.Phil.,5,32,37,persons_reported_passed_out,33,181,https://aishe.gov.in/document-category/aishe-final-reports/,reported_education_flow_not_available_workforce;missing_sex_cells_remain_null
2022-23,Jharkhand,state_ut,Post Graduate,14524,21144,35668,persons_reported_passed_out,33,181,https://aishe.gov.in/document-category/aishe-final-reports/,reported_education_flow_not_available_workforce;missing_sex_cells_remain_null
2022-23,Karnataka,state_ut,Ph.D.,821,600,1421,persons_reported_passed_out,33,181,https://aishe.gov.in/document-category/aishe-final-reports/,reported_education_flow_not_available_workforce;missing_sex_cells_remain_null
2022-23,Karnataka,state_ut,M.Phil.,24,92,116,persons_reported_passed_out,33,181,https://aishe.gov.in/document-category/aishe-final-reports/,reported_education_flow_not_available_workforce;missing_sex_cells_remain_null
2022-23,Karnataka,state_ut,Post Graduate,41535,57139,98674,persons_reported_passed_out,33,181,https://aishe.gov.in/document-category/aishe-final-reports/,reported_education_flow_not_available_workforce;missing_sex_cells_remain_null
2022-23,Kerala,state_ut,Ph.D.,355,633,988,persons_reported_passed_out,33,181,https://aishe.gov.in/document-category/aishe-final-reports/,reported_education_flow_not_available_workforce;missing_sex_cells_remain_null
2022-23,Kerala,state_ut,M.Phil.,3,9,12,persons_reported_passed_out,33,181,https://aishe.gov.in/document-category/aishe-final-reports/,reported_education_flow_not_available_workforce;missing_sex_cells_remain_null
2022-23,Kerala,state_ut,Post Graduate,16162,33676,49838,persons_reported_passed_out,33,181,https://aishe.gov.in/document-category/aishe-final-reports/,reported_education_flow_not_available_workforce;missing_sex_cells_remain_null
2022-23,Ladakh,state_ut,Ph.D.,6,,6,persons_reported_passed_out,33,181,https://aishe.gov.in/document-category/aishe-final-reports/,reported_education_flow_not_available_workforce;missing_sex_cells_remain_null
2022-23,Ladakh,state_ut,Post Graduate,49,140,189,persons_reported_passed_out,33,181,https://aishe.gov.in/document-category/aishe-final-reports/,reported_education_flow_not_available_workforce;missing_sex_cells_remain_null
2022-23,Madhya Pradesh,state_ut,Ph.D.,763,783,1546,persons_reported_passed_out,33,181,https://aishe.gov.in/document-category/aishe-final-reports/,reported_education_flow_not_available_workforce;missing_sex_cells_remain_null
2022-23,Madhya Pradesh,state_ut,M.Phil.,,8,8,persons_reported_passed_out,33,181,https://aishe.gov.in/document-category/aishe-final-reports/,reported_education_flow_not_available_workforce;missing_sex_cells_remain_null
2022-23,Madhya Pradesh,state_ut,Post Graduate,72700,91741,164441,persons_reported_passed_out,33,181,https://aishe.gov.in/document-category/aishe-final-reports/,reported_education_flow_not_available_workforce;missing_sex_cells_remain_null
2022-23,Maharashtra,state_ut,Ph.D.,1381,1016,2397,persons_reported_passed_out,33,181,https://aishe.gov.in/document-category/aishe-final-reports/,reported_education_flow_not_available_workforce;missing_sex_cells_remain_null
2022-23,Maharashtra,state_ut,M.Phil.,19,17,36,persons_reported_passed_out,33,181,https://aishe.gov.in/document-category/aishe-final-reports/,reported_education_flow_not_available_workforce;missing_sex_cells_remain_null
2022-23,Maharashtra,state_ut,Post Graduate,102292,105015,207307,persons_reported_passed_out,33,181,https://aishe.gov.in/document-category/aishe-final-reports/,reported_education_flow_not_available_workforce;missing_sex_cells_remain_null
2022-23,Manipur,state_ut,Ph.D.,111,70,181,persons_reported_passed_out,33,181,https://aishe.gov.in/document-category/aishe-final-reports/,reported_education_flow_not_available_workforce;missing_sex_cells_remain_null
2022-23,Manipur,state_ut,M.Phil.,,6,6,persons_reported_passed_out,33,181,https://aishe.gov.in/document-category/aishe-final-reports/,reported_education_flow_not_available_workforce;missing_sex_cells_remain_null
2022-23,Manipur,state_ut,Post Graduate,1339,1885,3224,persons_reported_passed_out,33,181,https://aishe.gov.in/document-category/aishe-final-reports/,reported_education_flow_not_available_workforce;missing_sex_cells_remain_null
2022-23,Meghalaya,state_ut,Ph.D.,37,22,59,persons_reported_passed_out,33,181,https://aishe.gov.in/document-category/aishe-final-reports/,reported_education_flow_not_available_workforce;missing_sex_cells_remain_null
2022-23,Meghalaya,state_ut,Post Graduate,1638,2310,3948,persons_reported_passed_out,33,181,https://aishe.gov.in/document-category/aishe-final-reports/,reported_education_flow_not_available_workforce;missing_sex_cells_remain_null
2022-23,Mizoram,state_ut,Ph.D.,65,35,100,persons_reported_passed_out,33,181,https://aishe.gov.in/document-category/aishe-final-reports/,reported_education_flow_not_available_workforce;missing_sex_cells_remain_null
2022-23,Mizoram,state_ut,Post Graduate,470,672,1142,persons_reported_passed_out,33,181,https://aishe.gov.in/document-category/aishe-final-reports/,reported_education_flow_not_available_workforce;missing_sex_cells_remain_null
2022-23,Nagaland,state_ut,Ph.D.,68,62,130,persons_reported_passed_out,33,181,https://aishe.gov.in/document-category/aishe-final-reports/,reported_education_flow_not_available_workforce;missing_sex_cells_remain_null
2022-23,Nagaland,state_ut,Post Graduate,923,1372,2295,persons_reported_passed_out,33,181,https://aishe.gov.in/document-category/aishe-final-reports/,reported_education_flow_not_available_workforce;missing_sex_cells_remain_null
2022-23,Odisha,state_ut,Ph.D.,306,153,459,persons_reported_passed_out,33,181,https://aishe.gov.in/document-category/aishe-final-reports/,reported_education_flow_not_available_workforce;missing_sex_cells_remain_null
2022-23,Odisha,state_ut,M.Phil.,2,17,19,persons_reported_passed_out,33,181,https://aishe.gov.in/document-category/aishe-final-reports/,reported_education_flow_not_available_workforce;missing_sex_cells_remain_null
2022-23,Odisha,state_ut,Post Graduate,20471,23308,43779,persons_reported_passed_out,33,181,https://aishe.gov.in/document-category/aishe-final-reports/,reported_education_flow_not_available_workforce;missing_sex_cells_remain_null
2022-23,Puducherry,state_ut,Ph.D.,13,10,23,persons_reported_passed_out,33,181,https://aishe.gov.in/document-category/aishe-final-reports/,reported_education_flow_not_available_workforce;missing_sex_cells_remain_null
2022-23,Puducherry,state_ut,Post Graduate,2925,3831,6756,persons_reported_passed_out,33,181,https://aishe.gov.in/document-category/aishe-final-reports/,reported_education_flow_not_available_workforce;missing_sex_cells_remain_null
2022-23,Punjab,state_ut,Ph.D.,575,609,1184,persons_reported_passed_out,33,181,https://aishe.gov.in/document-category/aishe-final-reports/,reported_education_flow_not_available_workforce;missing_sex_cells_remain_null
2022-23,Punjab,state_ut,M.Phil.,2,9,11,persons_reported_passed_out,33,181,https://aishe.gov.in/document-category/aishe-final-reports/,reported_education_flow_not_available_workforce;missing_sex_cells_remain_null
2022-23,Punjab,state_ut,Post Graduate,15310,24082,39392,persons_reported_passed_out,33,181,https://aishe.gov.in/document-category/aishe-final-reports/,reported_education_flow_not_available_workforce;missing_sex_cells_remain_null
2022-23,Rajasthan,state_ut,Ph.D.,1100,1027,2127,persons_reported_passed_out,33,181,https://aishe.gov.in/document-category/aishe-final-reports/,reported_education_flow_not_available_workforce;missing_sex_cells_remain_null
2022-23,Rajasthan,state_ut,M.Phil.,,10,10,persons_reported_passed_out,33,181,https://aishe.gov.in/document-category/aishe-final-reports/,reported_education_flow_not_available_workforce;missing_sex_cells_remain_null
2022-23,Rajasthan,state_ut,Post Graduate,41606,62011,103617,persons_reported_passed_out,33,181,https://aishe.gov.in/document-category/aishe-final-reports/,reported_education_flow_not_available_workforce;missing_sex_cells_remain_null
2022-23,Sikkim,state_ut,Ph.D.,29,27,56,persons_reported_passed_out,33,181,https://aishe.gov.in/document-category/aishe-final-reports/,reported_education_flow_not_available_workforce;missing_sex_cells_remain_null
2022-23,Sikkim,state_ut,M.Phil.,3,2,5,persons_reported_passed_out,33,181,https://aishe.gov.in/document-category/aishe-final-reports/,reported_education_flow_not_available_workforce;missing_sex_cells_remain_null
2022-23,Sikkim,state_ut,Post Graduate,829,909,1738,persons_reported_passed_out,33,181,https://aishe.gov.in/document-category/aishe-final-reports/,reported_education_flow_not_available_workforce;missing_sex_cells_remain_null
2022-23,Tamil Nadu,state_ut,Ph.D.,1657,1889,3546,persons_reported_passed_out,33,181,https://aishe.gov.in/document-category/aishe-final-reports/,reported_education_flow_not_available_workforce;missing_sex_cells_remain_null
2022-23,Tamil Nadu,state_ut,M.Phil.,481,2053,2534,persons_reported_passed_out,33,181,https://aishe.gov.in/document-category/aishe-final-reports/,reported_education_flow_not_available_workforce;missing_sex_cells_remain_null
2022-23,Tamil Nadu,state_ut,Post Graduate,63587,102591,166178,persons_reported_passed_out,33,181,https://aishe.gov.in/document-category/aishe-final-reports/,reported_education_flow_not_available_workforce;missing_sex_cells_remain_null
2022-23,Telangana,state_ut,Ph.D.,250,175,425,persons_reported_passed_out,33,181,https://aishe.gov.in/document-category/aishe-final-reports/,reported_education_flow_not_available_workforce;missing_sex_cells_remain_null
2022-23,Telangana,state_ut,M.Phil.,8,18,26,persons_reported_passed_out,33,181,https://aishe.gov.in/document-category/aishe-final-reports/,reported_education_flow_not_available_workforce;missing_sex_cells_remain_null
2022-23,Telangana,state_ut,Post Graduate,27590,37163,64753,persons_reported_passed_out,33,181,https://aishe.gov.in/document-category/aishe-final-reports/,reported_education_flow_not_available_workforce;missing_sex_cells_remain_null
2022-23,D & N Haveli and Daman & Diu,state_ut,Post Graduate,112,181,293,persons_reported_passed_out,33,181,https://aishe.gov.in/document-category/aishe-final-reports/,reported_education_flow_not_available_workforce;missing_sex_cells_remain_null
2022-23,Tripura,state_ut,Ph.D.,59,32,91,persons_reported_passed_out,33,181,https://aishe.gov.in/document-category/aishe-final-reports/,reported_education_flow_not_available_workforce;missing_sex_cells_remain_null
2022-23,Tripura,state_ut,M.Phil.,1,4,5,persons_reported_passed_out,33,181,https://aishe.gov.in/document-category/aishe-final-reports/,reported_education_flow_not_available_workforce;missing_sex_cells_remain_null
2022-23,Tripura,state_ut,Post Graduate,956,1105,2061,persons_reported_passed_out,33,181,https://aishe.gov.in/document-category/aishe-final-reports/,reported_education_flow_not_available_workforce;missing_sex_cells_remain_null
2022-23,Uttar Pradesh,state_ut,Ph.D.,2259,1662,3921,persons_reported_passed_out,33,181,https://aishe.gov.in/document-category/aishe-final-reports/,reported_education_flow_not_available_workforce;missing_sex_cells_remain_null
2022-23,Uttar Pradesh,state_ut,M.Phil.,10,53,63,persons_reported_passed_out,33,181,https://aishe.gov.in/document-category/aishe-final-reports/,reported_education_flow_not_available_workforce;missing_sex_cells_remain_null
2022-23,Uttar Pradesh,state_ut,Post Graduate,133990,164132,298122,persons_reported_passed_out,33,181,https://aishe.gov.in/document-category/aishe-final-reports/,reported_education_flow_not_available_workforce;missing_sex_cells_remain_null
2022-23,Uttarakhand,state_ut,Ph.D.,522,320,842,persons_reported_passed_out,33,181,https://aishe.gov.in/document-category/aishe-final-reports/,reported_education_flow_not_available_workforce;missing_sex_cells_remain_null
2022-23,Uttarakhand,state_ut,Post Graduate,14191,19339,33530,persons_reported_passed_out,33,181,https://aishe.gov.in/document-category/aishe-final-reports/,reported_education_flow_not_available_workforce;missing_sex_cells_remain_null
2022-23,West Bengal,state_ut,Ph.D.,1232,813,2045,persons_reported_passed_out,33,181,https://aishe.gov.in/document-category/aishe-final-reports/,reported_education_flow_not_available_workforce;missing_sex_cells_remain_null
2022-23,West Bengal,state_ut,M.Phil.,45,27,72,persons_reported_passed_out,33,181,https://aishe.gov.in/document-category/aishe-final-reports/,reported_education_flow_not_available_workforce;missing_sex_cells_remain_null
2022-23,West Bengal,state_ut,Post Graduate,28050,44603,72653,persons_reported_passed_out,33,181,https://aishe.gov.in/document-category/aishe-final-reports/,reported_education_flow_not_available_workforce;missing_sex_cells_remain_null
2022-23,A & N Islands,state_ut,Under Graduate,128,137,265,persons_reported_passed_out,33,182,https://aishe.gov.in/document-category/aishe-final-reports/,reported_education_flow_not_available_workforce;missing_sex_cells_remain_null
2022-23,A & N Islands,state_ut,Diploma,14,46,60,persons_reported_passed_out,33,182,https://aishe.gov.in/document-category/aishe-final-reports/,reported_education_flow_not_available_workforce;missing_sex_cells_remain_null
2022-23,Andhra Pradesh,state_ut,Under Graduate,160158,165419,325577,persons_reported_passed_out,33,182,https://aishe.gov.in/document-category/aishe-final-reports/,reported_education_flow_not_available_workforce;missing_sex_cells_remain_null
2022-23,Andhra Pradesh,state_ut,PG Diploma,249,109,358,persons_reported_passed_out,33,182,https://aishe.gov.in/document-category/aishe-final-reports/,reported_education_flow_not_available_workforce;missing_sex_cells_remain_null
2022-23,Andhra Pradesh,state_ut,Diploma,16087,14265,30352,persons_reported_passed_out,33,182,https://aishe.gov.in/document-category/aishe-final-reports/,reported_education_flow_not_available_workforce;missing_sex_cells_remain_null
2022-23,Arunachal Pradesh,state_ut,Under Graduate,4984,4302,9286,persons_reported_passed_out,33,182,https://aishe.gov.in/document-category/aishe-final-reports/,reported_education_flow_not_available_workforce;missing_sex_cells_remain_null
2022-23,Arunachal Pradesh,state_ut,PG Diploma,45,4,49,persons_reported_passed_out,33,182,https://aishe.gov.in/document-category/aishe-final-reports/,reported_education_flow_not_available_workforce;missing_sex_cells_remain_null
2022-23,Arunachal Pradesh,state_ut,Diploma,475,517,992,persons_reported_passed_out,33,182,https://aishe.gov.in/document-category/aishe-final-reports/,reported_education_flow_not_available_workforce;missing_sex_cells_remain_null
2022-23,Assam,state_ut,Under Graduate,46857,56412,103269,persons_reported_passed_out,33,182,https://aishe.gov.in/document-category/aishe-final-reports/,reported_education_flow_not_available_workforce;missing_sex_cells_remain_null
2022-23,Assam,state_ut,PG Diploma,266,329,595,persons_reported_passed_out,33,182,https://aishe.gov.in/document-category/aishe-final-reports/,reported_education_flow_not_available_workforce;missing_sex_cells_remain_null
2022-23,Assam,state_ut,Diploma,4645,5387,10032,persons_reported_passed_out,33,182,https://aishe.gov.in/document-category/aishe-final-reports/,reported_education_flow_not_available_workforce;missing_sex_cells_remain_null
2022-23,Bihar,state_ut,Under Graduate,258724,239283,498007,persons_reported_passed_out,33,182,https://aishe.gov.in/document-category/aishe-final-reports/,reported_education_flow_not_available_workforce;missing_sex_cells_remain_null
2022-23,Bihar,state_ut,PG Diploma,457,272,729,persons_reported_passed_out,33,182,https://aishe.gov.in/document-category/aishe-final-reports/,reported_education_flow_not_available_workforce;missing_sex_cells_remain_null
2022-23,Bihar,state_ut,Diploma,20379,20120,40499,persons_reported_passed_out,33,182,https://aishe.gov.in/document-category/aishe-final-reports/,reported_education_flow_not_available_workforce;missing_sex_cells_remain_null
2022-23,Chandigarh,state_ut,Under Graduate,7406,8482,15888,persons_reported_passed_out,33,182,https://aishe.gov.in/document-category/aishe-final-reports/,reported_education_flow_not_available_workforce;missing_sex_cells_remain_null
2022-23,Chandigarh,state_ut,PG Diploma,224,366,590,persons_reported_passed_out,33,182,https://aishe.gov.in/document-category/aishe-final-reports/,reported_education_flow_not_available_workforce;missing_sex_cells_remain_null
2022-23,Chandigarh,state_ut,Diploma,599,456,1055,persons_reported_passed_out,33,182,https://aishe.gov.in/document-category/aishe-final-reports/,reported_education_flow_not_available_workforce;missing_sex_cells_remain_null
2022-23,Chhattisgarh,state_ut,Under Graduate,94793,110356,205149,persons_reported_passed_out,33,182,https://aishe.gov.in/document-category/aishe-final-reports/,reported_education_flow_not_available_workforce;missing_sex_cells_remain_null
2022-23,Chhattisgarh,state_ut,PG Diploma,5341,6487,11828,persons_reported_passed_out,33,182,https://aishe.gov.in/document-category/aishe-final-reports/,reported_education_flow_not_available_workforce;missing_sex_cells_remain_null
2022-23,Chhattisgarh,state_ut,Diploma,9520,8161,17681,persons_reported_passed_out,33,182,https://aishe.gov.in/document-category/aishe-final-reports/,reported_education_flow_not_available_workforce;missing_sex_cells_remain_null
2022-23,Delhi,state_ut,Under Graduate,143982,128417,272399,persons_reported_passed_out,33,182,https://aishe.gov.in/document-category/aishe-final-reports/,reported_education_flow_not_available_workforce;missing_sex_cells_remain_null
2022-23,Delhi,state_ut,PG Diploma,15607,22242,37849,persons_reported_passed_out,33,182,https://aishe.gov.in/document-category/aishe-final-reports/,reported_education_flow_not_available_workforce;missing_sex_cells_remain_null
2022-23,Delhi,state_ut,Diploma,6261,14800,21061,persons_reported_passed_out,33,182,https://aishe.gov.in/document-category/aishe-final-reports/,reported_education_flow_not_available_workforce;missing_sex_cells_remain_null
2022-23,Goa,state_ut,Under Graduate,4872,5521,10393,persons_reported_passed_out,33,182,https://aishe.gov.in/document-category/aishe-final-reports/,reported_education_flow_not_available_workforce;missing_sex_cells_remain_null
2022-23,Goa,state_ut,PG Diploma,97,50,147,persons_reported_passed_out,33,182,https://aishe.gov.in/document-category/aishe-final-reports/,reported_education_flow_not_available_workforce;missing_sex_cells_remain_null
2022-23,Goa,state_ut,Diploma,1671,495,2166,persons_reported_passed_out,33,182,https://aishe.gov.in/document-category/aishe-final-reports/,reported_education_flow_not_available_workforce;missing_sex_cells_remain_null
2022-23,Gujarat,state_ut,Under Graduate,163294,141932,305226,persons_reported_passed_out,33,182,https://aishe.gov.in/document-category/aishe-final-reports/,reported_education_flow_not_available_workforce;missing_sex_cells_remain_null
2022-23,Gujarat,state_ut,PG Diploma,1948,2305,4253,persons_reported_passed_out,33,182,https://aishe.gov.in/document-category/aishe-final-reports/,reported_education_flow_not_available_workforce;missing_sex_cells_remain_null
2022-23,Gujarat,state_ut,Diploma,23226,16263,39489,persons_reported_passed_out,33,182,https://aishe.gov.in/document-category/aishe-final-reports/,reported_education_flow_not_available_workforce;missing_sex_cells_remain_null
2022-23,Haryana,state_ut,Under Graduate,60878,98815,159693,persons_reported_passed_out,33,182,https://aishe.gov.in/document-category/aishe-final-reports/,reported_education_flow_not_available_workforce;missing_sex_cells_remain_null
2022-23,Haryana,state_ut,PG Diploma,625,792,1417,persons_reported_passed_out,33,182,https://aishe.gov.in/document-category/aishe-final-reports/,reported_education_flow_not_available_workforce;missing_sex_cells_remain_null
2022-23,Haryana,state_ut,Diploma,14260,8516,22776,persons_reported_passed_out,33,182,https://aishe.gov.in/document-category/aishe-final-reports/,reported_education_flow_not_available_workforce;missing_sex_cells_remain_null
2022-23,Himachal Pradesh,state_ut,Under Graduate,22244,33253,55497,persons_reported_passed_out,33,182,https://aishe.gov.in/document-category/aishe-final-reports/,reported_education_flow_not_available_workforce;missing_sex_cells_remain_null
2022-23,Himachal Pradesh,state_ut,PG Diploma,301,485,786,persons_reported_passed_out,33,182,https://aishe.gov.in/document-category/aishe-final-reports/,reported_education_flow_not_available_workforce;missing_sex_cells_remain_null
2022-23,Himachal Pradesh,state_ut,Diploma,2553,2512,5065,persons_reported_passed_out,33,182,https://aishe.gov.in/document-category/aishe-final-reports/,reported_education_flow_not_available_workforce;missing_sex_cells_remain_null
2022-23,Jammu and Kashmir,state_ut,Under Graduate,16737,24977,41714,persons_reported_passed_out,33,182,https://aishe.gov.in/document-category/aishe-final-reports/,reported_education_flow_not_available_workforce;missing_sex_cells_remain_null
2022-23,Jammu and Kashmir,state_ut,PG Diploma,73,71,144,persons_reported_passed_out,33,182,https://aishe.gov.in/document-category/aishe-final-reports/,reported_education_flow_not_available_workforce;missing_sex_cells_remain_null
2022-23,Jammu and Kashmir,state_ut,Diploma,2497,3332,5829,persons_reported_passed_out,33,182,https://aishe.gov.in/document-category/aishe-final-reports/,reported_education_flow_not_available_workforce;missing_sex_cells_remain_null
2022-23,Jharkhand,state_ut,Under Graduate,75003,79321,154324,persons_reported_passed_out,33,182,https://aishe.gov.in/document-category/aishe-final-reports/,reported_education_flow_not_available_workforce;missing_sex_cells_remain_null
2022-23,Jharkhand,state_ut,PG Diploma,532,251,783,persons_reported_passed_out,33,182,https://aishe.gov.in/document-category/aishe-final-reports/,reported_education_flow_not_available_workforce;missing_sex_cells_remain_null
2022-23,Jharkhand,state_ut,Diploma,11853,8340,20193,persons_reported_passed_out,33,182,https://aishe.gov.in/document-category/aishe-final-reports/,reported_education_flow_not_available_workforce;missing_sex_cells_remain_null
2022-23,Karnataka,state_ut,Under Graduate,206469,228633,435102,persons_reported_passed_out,33,182,https://aishe.gov.in/document-category/aishe-final-reports/,reported_education_flow_not_available_workforce;missing_sex_cells_remain_null
2022-23,Karnataka,state_ut,PG Diploma,2111,1635,3746,persons_reported_passed_out,33,182,https://aishe.gov.in/document-category/aishe-final-reports/,reported_education_flow_not_available_workforce;missing_sex_cells_remain_null
2022-23,Karnataka,state_ut,Diploma,28994,25377,54371,persons_reported_passed_out,33,182,https://aishe.gov.in/document-category/aishe-final-reports/,reported_education_flow_not_available_workforce;missing_sex_cells_remain_null
2022-23,Kerala,state_ut,Under Graduate,64708,114222,178930,persons_reported_passed_out,33,182,https://aishe.gov.in/document-category/aishe-final-reports/,reported_education_flow_not_available_workforce;missing_sex_cells_remain_null
2022-23,Kerala,state_ut,PG Diploma,335,747,1082,persons_reported_passed_out,33,182,https://aishe.gov.in/document-category/aishe-final-reports/,reported_education_flow_not_available_workforce;missing_sex_cells_remain_null
2022-23,Kerala,state_ut,Diploma,8703,12518,21221,persons_reported_passed_out,33,182,https://aishe.gov.in/document-category/aishe-final-reports/,reported_education_flow_not_available_workforce;missing_sex_cells_remain_null
2022-23,Ladakh,state_ut,Under Graduate,126,237,363,persons_reported_passed_out,33,182,https://aishe.gov.in/document-category/aishe-final-reports/,reported_education_flow_not_available_workforce;missing_sex_cells_remain_null
2022-23,Ladakh,state_ut,Diploma,78,118,196,persons_reported_passed_out,33,182,https://aishe.gov.in/document-category/aishe-final-reports/,reported_education_flow_not_available_workforce;missing_sex_cells_remain_null
2022-23,Lakshadweep,state_ut,Under Graduate,27,121,148,persons_reported_passed_out,33,182,https://aishe.gov.in/document-category/aishe-final-reports/,reported_education_flow_not_available_workforce;missing_sex_cells_remain_null
2022-23,Lakshadweep,state_ut,Diploma,3,17,20,persons_reported_passed_out,33,182,https://aishe.gov.in/document-category/aishe-final-reports/,reported_education_flow_not_available_workforce;missing_sex_cells_remain_null
2022-23,Madhya Pradesh,state_ut,Under Graduate,254313,244221,498534,persons_reported_passed_out,33,182,https://aishe.gov.in/document-category/aishe-final-reports/,reported_education_flow_not_available_workforce;missing_sex_cells_remain_null
2022-23,Madhya Pradesh,state_ut,PG Diploma,17568,17984,35552,persons_reported_passed_out,33,182,https://aishe.gov.in/document-category/aishe-final-reports/,reported_education_flow_not_available_workforce;missing_sex_cells_remain_null
2022-23,Madhya Pradesh,state_ut,Diploma,43000,28612,71612,persons_reported_passed_out,33,182,https://aishe.gov.in/document-category/aishe-final-reports/,reported_education_flow_not_available_workforce;missing_sex_cells_remain_null
2022-23,Maharashtra,state_ut,Under Graduate,462153,382979,845132,persons_reported_passed_out,33,182,https://aishe.gov.in/document-category/aishe-final-reports/,reported_education_flow_not_available_workforce;missing_sex_cells_remain_null
2022-23,Maharashtra,state_ut,PG Diploma,9458,7484,16942,persons_reported_passed_out,33,182,https://aishe.gov.in/document-category/aishe-final-reports/,reported_education_flow_not_available_workforce;missing_sex_cells_remain_null
2022-23,Maharashtra,state_ut,Diploma,69132,57270,126402,persons_reported_passed_out,33,182,https://aishe.gov.in/document-category/aishe-final-reports/,reported_education_flow_not_available_workforce;missing_sex_cells_remain_null
2022-23,Manipur,state_ut,Under Graduate,11578,12115,23693,persons_reported_passed_out,33,182,https://aishe.gov.in/document-category/aishe-final-reports/,reported_education_flow_not_available_workforce;missing_sex_cells_remain_null
2022-23,Manipur,state_ut,PG Diploma,324,363,687,persons_reported_passed_out,33,182,https://aishe.gov.in/document-category/aishe-final-reports/,reported_education_flow_not_available_workforce;missing_sex_cells_remain_null
2022-23,Manipur,state_ut,Diploma,452,914,1366,persons_reported_passed_out,33,182,https://aishe.gov.in/document-category/aishe-final-reports/,reported_education_flow_not_available_workforce;missing_sex_cells_remain_null
2022-23,Meghalaya,state_ut,Under Graduate,6759,9417,16176,persons_reported_passed_out,33,182,https://aishe.gov.in/document-category/aishe-final-reports/,reported_education_flow_not_available_workforce;missing_sex_cells_remain_null
2022-23,Meghalaya,state_ut,PG Diploma,24,51,75,persons_reported_passed_out,33,182,https://aishe.gov.in/document-category/aishe-final-reports/,reported_education_flow_not_available_workforce;missing_sex_cells_remain_null
2022-23,Meghalaya,state_ut,Diploma,288,598,886,persons_reported_passed_out,33,182,https://aishe.gov.in/document-category/aishe-final-reports/,reported_education_flow_not_available_workforce;missing_sex_cells_remain_null
2022-23,Mizoram,state_ut,Under Graduate,2622,2561,5183,persons_reported_passed_out,33,182,https://aishe.gov.in/document-category/aishe-final-reports/,reported_education_flow_not_available_workforce;missing_sex_cells_remain_null
2022-23,Mizoram,state_ut,Diploma,2149,2664,4813,persons_reported_passed_out,33,182,https://aishe.gov.in/document-category/aishe-final-reports/,reported_education_flow_not_available_workforce;missing_sex_cells_remain_null
2022-23,Nagaland,state_ut,Under Graduate,4458,5535,9993,persons_reported_passed_out,33,182,https://aishe.gov.in/document-category/aishe-final-reports/,reported_education_flow_not_available_workforce;missing_sex_cells_remain_null
2022-23,Nagaland,state_ut,Diploma,265,497,762,persons_reported_passed_out,33,182,https://aishe.gov.in/document-category/aishe-final-reports/,reported_education_flow_not_available_workforce;missing_sex_cells_remain_null
2022-23,Odisha,state_ut,Under Graduate,86957,89579,176536,persons_reported_passed_out,33,182,https://aishe.gov.in/document-category/aishe-final-reports/,reported_education_flow_not_available_workforce;missing_sex_cells_remain_null
2022-23,Odisha,state_ut,PG Diploma,671,398,1069,persons_reported_passed_out,33,182,https://aishe.gov.in/document-category/aishe-final-reports/,reported_education_flow_not_available_workforce;missing_sex_cells_remain_null
2022-23,Odisha,state_ut,Diploma,23135,12262,35397,persons_reported_passed_out,33,182,https://aishe.gov.in/document-category/aishe-final-reports/,reported_education_flow_not_available_workforce;missing_sex_cells_remain_null
2022-23,Puducherry,state_ut,Under Graduate,5924,7743,13667,persons_reported_passed_out,33,182,https://aishe.gov.in/document-category/aishe-final-reports/,reported_education_flow_not_available_workforce;missing_sex_cells_remain_null
2022-23,Puducherry,state_ut,PG Diploma,12,6,18,persons_reported_passed_out,33,182,https://aishe.gov.in/document-category/aishe-final-reports/,reported_education_flow_not_available_workforce;missing_sex_cells_remain_null
2022-23,Puducherry,state_ut,Diploma,666,354,1020,persons_reported_passed_out,33,182,https://aishe.gov.in/document-category/aishe-final-reports/,reported_education_flow_not_available_workforce;missing_sex_cells_remain_null
2022-23,Punjab,state_ut,Under Graduate,67843,79530,147373,persons_reported_passed_out,33,182,https://aishe.gov.in/document-category/aishe-final-reports/,reported_education_flow_not_available_workforce;missing_sex_cells_remain_null
2022-23,Punjab,state_ut,PG Diploma,1622,2159,3781,persons_reported_passed_out,33,182,https://aishe.gov.in/document-category/aishe-final-reports/,reported_education_flow_not_available_workforce;missing_sex_cells_remain_null
2022-23,Punjab,state_ut,Diploma,11506,13019,24525,persons_reported_passed_out,33,182,https://aishe.gov.in/document-category/aishe-final-reports/,reported_education_flow_not_available_workforce;missing_sex_cells_remain_null
2022-23,Rajasthan,state_ut,Under Graduate,275005,286051,561056,persons_reported_passed_out,33,182,https://aishe.gov.in/document-category/aishe-final-reports/,reported_education_flow_not_available_workforce;missing_sex_cells_remain_null
2022-23,Rajasthan,state_ut,PG Diploma,3283,2188,5471,persons_reported_passed_out,33,182,https://aishe.gov.in/document-category/aishe-final-reports/,reported_education_flow_not_available_workforce;missing_sex_cells_remain_null
2022-23,Rajasthan,state_ut,Diploma,21823,13255,35078,persons_reported_passed_out,33,182,https://aishe.gov.in/document-category/aishe-final-reports/,reported_education_flow_not_available_workforce;missing_sex_cells_remain_null
2022-23,Sikkim,state_ut,Under Graduate,2752,2843,5595,persons_reported_passed_out,33,182,https://aishe.gov.in/document-category/aishe-final-reports/,reported_education_flow_not_available_workforce;missing_sex_cells_remain_null
2022-23,Sikkim,state_ut,Diploma,261,266,527,persons_reported_passed_out,33,182,https://aishe.gov.in/document-category/aishe-final-reports/,reported_education_flow_not_available_workforce;missing_sex_cells_remain_null
2022-23,Tamil Nadu,state_ut,Under Graduate,271690,346845,618535,persons_reported_passed_out,33,182,https://aishe.gov.in/document-category/aishe-final-reports/,reported_education_flow_not_available_workforce;missing_sex_cells_remain_null
2022-23,Tamil Nadu,state_ut,PG Diploma,1236,1238,2474,persons_reported_passed_out,33,182,https://aishe.gov.in/document-category/aishe-final-reports/,reported_education_flow_not_available_workforce;missing_sex_cells_remain_null
2022-23,Tamil Nadu,state_ut,Diploma,40715,13292,54007,persons_reported_passed_out,33,182,https://aishe.gov.in/document-category/aishe-final-reports/,reported_education_flow_not_available_workforce;missing_sex_cells_remain_null
2022-23,Telangana,state_ut,Under Graduate,111119,134634,245753,persons_reported_passed_out,33,182,https://aishe.gov.in/document-category/aishe-final-reports/,reported_education_flow_not_available_workforce;missing_sex_cells_remain_null
2022-23,Telangana,state_ut,PG Diploma,861,904,1765,persons_reported_passed_out,33,182,https://aishe.gov.in/document-category/aishe-final-reports/,reported_education_flow_not_available_workforce;missing_sex_cells_remain_null
2022-23,Telangana,state_ut,Diploma,11080,9815,20895,persons_reported_passed_out,33,182,https://aishe.gov.in/document-category/aishe-final-reports/,reported_education_flow_not_available_workforce;missing_sex_cells_remain_null
2022-23,D & N Haveli and Daman & Diu,state_ut,Under Graduate,883,1200,2083,persons_reported_passed_out,33,182,https://aishe.gov.in/document-category/aishe-final-reports/,reported_education_flow_not_available_workforce;missing_sex_cells_remain_null
2022-23,D & N Haveli and Daman & Diu,state_ut,PG Diploma,1,1,2,persons_reported_passed_out,33,182,https://aishe.gov.in/document-category/aishe-final-reports/,reported_education_flow_not_available_workforce;missing_sex_cells_remain_null
2022-23,D & N Haveli and Daman & Diu,state_ut,Diploma,239,53,292,persons_reported_passed_out,33,182,https://aishe.gov.in/document-category/aishe-final-reports/,reported_education_flow_not_available_workforce;missing_sex_cells_remain_null
2022-23,Tripura,state_ut,Under Graduate,9658,9955,19613,persons_reported_passed_out,33,182,https://aishe.gov.in/document-category/aishe-final-reports/,reported_education_flow_not_available_workforce;missing_sex_cells_remain_null
2022-23,Tripura,state_ut,PG Diploma,1,7,8,persons_reported_passed_out,33,182,https://aishe.gov.in/document-category/aishe-final-reports/,reported_education_flow_not_available_workforce;missing_sex_cells_remain_null
2022-23,Tripura,state_ut,Diploma,774,781,1555,persons_reported_passed_out,33,182,https://aishe.gov.in/document-category/aishe-final-reports/,reported_education_flow_not_available_workforce;missing_sex_cells_remain_null
2022-23,Uttar Pradesh,state_ut,Under Graduate,714052,726729,1440781,persons_reported_passed_out,33,182,https://aishe.gov.in/document-category/aishe-final-reports/,reported_education_flow_not_available_workforce;missing_sex_cells_remain_null
2022-23,Uttar Pradesh,state_ut,PG Diploma,6772,5162,11934,persons_reported_passed_out,33,182,https://aishe.gov.in/document-category/aishe-final-reports/,reported_education_flow_not_available_workforce;missing_sex_cells_remain_null
2022-23,Uttar Pradesh,state_ut,Diploma,65740,34501,100241,persons_reported_passed_out,33,182,https://aishe.gov.in/document-category/aishe-final-reports/,reported_education_flow_not_available_workforce;missing_sex_cells_remain_null
2022-23,Uttarakhand,state_ut,Under Graduate,41842,47271,89113,persons_reported_passed_out,33,182,https://aishe.gov.in/document-category/aishe-final-reports/,reported_education_flow_not_available_workforce;missing_sex_cells_remain_null
2022-23,Uttarakhand,state_ut,PG Diploma,176,181,357,persons_reported_passed_out,33,182,https://aishe.gov.in/document-category/aishe-final-reports/,reported_education_flow_not_available_workforce;missing_sex_cells_remain_null
2022-23,Uttarakhand,state_ut,Diploma,6449,2419,8868,persons_reported_passed_out,33,182,https://aishe.gov.in/document-category/aishe-final-reports/,reported_education_flow_not_available_workforce;missing_sex_cells_remain_null
2022-23,West Bengal,state_ut,Under Graduate,202997,221348,424345,persons_reported_passed_out,33,182,https://aishe.gov.in/document-category/aishe-final-reports/,reported_education_flow_not_available_workforce;missing_sex_cells_remain_null
2022-23,West Bengal,state_ut,PG Diploma,749,336,1085,persons_reported_passed_out,33,182,https://aishe.gov.in/document-category/aishe-final-reports/,reported_education_flow_not_available_workforce;missing_sex_cells_remain_null
2022-23,West Bengal,state_ut,Diploma,34520,22987,57507,persons_reported_passed_out,33,182,https://aishe.gov.in/document-category/aishe-final-reports/,reported_education_flow_not_available_workforce;missing_sex_cells_remain_null
2022-23,A & N Islands,state_ut,Integrated,12,12,24,persons_reported_passed_out,33,183,https://aishe.gov.in/document-category/aishe-final-reports/,reported_education_flow_not_available_workforce;missing_sex_cells_remain_null
2022-23,Andhra Pradesh,state_ut,Certificate,46,22,68,persons_reported_passed_out,33,183,https://aishe.gov.in/document-category/aishe-final-reports/,reported_education_flow_not_available_workforce;missing_sex_cells_remain_null
2022-23,Andhra Pradesh,state_ut,Integrated,1466,1146,2612,persons_reported_passed_out,33,183,https://aishe.gov.in/document-category/aishe-final-reports/,reported_education_flow_not_available_workforce;missing_sex_cells_remain_null
2022-23,Arunachal Pradesh,state_ut,Certificate,134,66,200,persons_reported_passed_out,33,183,https://aishe.gov.in/document-category/aishe-final-reports/,reported_education_flow_not_available_workforce;missing_sex_cells_remain_null
2022-23,Arunachal Pradesh,state_ut,Integrated,212,112,324,persons_reported_passed_out,33,183,https://aishe.gov.in/document-category/aishe-final-reports/,reported_education_flow_not_available_workforce;missing_sex_cells_remain_null
2022-23,Assam,state_ut,Certificate,3570,3968,7538,persons_reported_passed_out,33,183,https://aishe.gov.in/document-category/aishe-final-reports/,reported_education_flow_not_available_workforce;missing_sex_cells_remain_null
2022-23,Assam,state_ut,Integrated,458,523,981,persons_reported_passed_out,33,183,https://aishe.gov.in/document-category/aishe-final-reports/,reported_education_flow_not_available_workforce;missing_sex_cells_remain_null
2022-23,Bihar,state_ut,Certificate,1047,919,1966,persons_reported_passed_out,33,183,https://aishe.gov.in/document-category/aishe-final-reports/,reported_education_flow_not_available_workforce;missing_sex_cells_remain_null
2022-23,Bihar,state_ut,Integrated,674,406,1080,persons_reported_passed_out,33,183,https://aishe.gov.in/document-category/aishe-final-reports/,reported_education_flow_not_available_workforce;missing_sex_cells_remain_null
2022-23,Chandigarh,state_ut,Certificate,113,126,239,persons_reported_passed_out,33,183,https://aishe.gov.in/document-category/aishe-final-reports/,reported_education_flow_not_available_workforce;missing_sex_cells_remain_null
2022-23,Chandigarh,state_ut,Integrated,197,206,403,persons_reported_passed_out,33,183,https://aishe.gov.in/document-category/aishe-final-reports/,reported_education_flow_not_available_workforce;missing_sex_cells_remain_null
2022-23,Chhattisgarh,state_ut,Certificate,150,257,407,persons_reported_passed_out,33,183,https://aishe.gov.in/document-category/aishe-final-reports/,reported_education_flow_not_available_workforce;missing_sex_cells_remain_null
2022-23,Chhattisgarh,state_ut,Integrated,360,344,704,persons_reported_passed_out,33,183,https://aishe.gov.in/document-category/aishe-final-reports/,reported_education_flow_not_available_workforce;missing_sex_cells_remain_null
2022-23,Delhi,state_ut,Certificate,290,420,710,persons_reported_passed_out,33,183,https://aishe.gov.in/document-category/aishe-final-reports/,reported_education_flow_not_available_workforce;missing_sex_cells_remain_null
2022-23,Delhi,state_ut,Integrated,801,612,1413,persons_reported_passed_out,33,183,https://aishe.gov.in/document-category/aishe-final-reports/,reported_education_flow_not_available_workforce;missing_sex_cells_remain_null
2022-23,Goa,state_ut,Certificate,55,13,68,persons_reported_passed_out,33,183,https://aishe.gov.in/document-category/aishe-final-reports/,reported_education_flow_not_available_workforce;missing_sex_cells_remain_null
2022-23,Goa,state_ut,Integrated,338,212,550,persons_reported_passed_out,33,183,https://aishe.gov.in/document-category/aishe-final-reports/,reported_education_flow_not_available_workforce;missing_sex_cells_remain_null
2022-23,Gujarat,state_ut,Certificate,1884,1668,3552,persons_reported_passed_out,33,183,https://aishe.gov.in/document-category/aishe-final-reports/,reported_education_flow_not_available_workforce;missing_sex_cells_remain_null
2022-23,Gujarat,state_ut,Integrated,1563,1478,3041,persons_reported_passed_out,33,183,https://aishe.gov.in/document-category/aishe-final-reports/,reported_education_flow_not_available_workforce;missing_sex_cells_remain_null
2022-23,Haryana,state_ut,Certificate,279,627,906,persons_reported_passed_out,33,183,https://aishe.gov.in/document-category/aishe-final-reports/,reported_education_flow_not_available_workforce;missing_sex_cells_remain_null
2022-23,Haryana,state_ut,Integrated,1574,1529,3103,persons_reported_passed_out,33,183,https://aishe.gov.in/document-category/aishe-final-reports/,reported_education_flow_not_available_workforce;missing_sex_cells_remain_null
2022-23,Himachal Pradesh,state_ut,Certificate,56,32,88,persons_reported_passed_out,33,183,https://aishe.gov.in/document-category/aishe-final-reports/,reported_education_flow_not_available_workforce;missing_sex_cells_remain_null
2022-23,Himachal Pradesh,state_ut,Integrated,274,179,453,persons_reported_passed_out,33,183,https://aishe.gov.in/document-category/aishe-final-reports/,reported_education_flow_not_available_workforce;missing_sex_cells_remain_null
2022-23,Jammu and Kashmir,state_ut,Certificate,130,229,359,persons_reported_passed_out,33,183,https://aishe.gov.in/document-category/aishe-final-reports/,reported_education_flow_not_available_workforce;missing_sex_cells_remain_null
2022-23,Jammu and Kashmir,state_ut,Integrated,572,590,1162,persons_reported_passed_out,33,183,https://aishe.gov.in/document-category/aishe-final-reports/,reported_education_flow_not_available_workforce;missing_sex_cells_remain_null
2022-23,Jharkhand,state_ut,Certificate,430,278,708,persons_reported_passed_out,33,183,https://aishe.gov.in/document-category/aishe-final-reports/,reported_education_flow_not_available_workforce;missing_sex_cells_remain_null
2022-23,Jharkhand,state_ut,Integrated,442,258,700,persons_reported_passed_out,33,183,https://aishe.gov.in/document-category/aishe-final-reports/,reported_education_flow_not_available_workforce;missing_sex_cells_remain_null
2022-23,Karnataka,state_ut,Certificate,543,400,943,persons_reported_passed_out,33,183,https://aishe.gov.in/document-category/aishe-final-reports/,reported_education_flow_not_available_workforce;missing_sex_cells_remain_null
2022-23,Karnataka,state_ut,Integrated,834,789,1623,persons_reported_passed_out,33,183,https://aishe.gov.in/document-category/aishe-final-reports/,reported_education_flow_not_available_workforce;missing_sex_cells_remain_null
2022-23,Kerala,state_ut,Certificate,1041,516,1557,persons_reported_passed_out,33,183,https://aishe.gov.in/document-category/aishe-final-reports/,reported_education_flow_not_available_workforce;missing_sex_cells_remain_null
2022-23,Kerala,state_ut,Integrated,594,967,1561,persons_reported_passed_out,33,183,https://aishe.gov.in/document-category/aishe-final-reports/,reported_education_flow_not_available_workforce;missing_sex_cells_remain_null
2022-23,Madhya Pradesh,state_ut,Certificate,1354,672,2026,persons_reported_passed_out,33,183,https://aishe.gov.in/document-category/aishe-final-reports/,reported_education_flow_not_available_workforce;missing_sex_cells_remain_null
2022-23,Madhya Pradesh,state_ut,Integrated,2981,2942,5923,persons_reported_passed_out,33,183,https://aishe.gov.in/document-category/aishe-final-reports/,reported_education_flow_not_available_workforce;missing_sex_cells_remain_null
2022-23,Maharashtra,state_ut,Certificate,5747,3856,9603,persons_reported_passed_out,33,183,https://aishe.gov.in/document-category/aishe-final-reports/,reported_education_flow_not_available_workforce;missing_sex_cells_remain_null
2022-23,Maharashtra,state_ut,Integrated,2174,1700,3874,persons_reported_passed_out,33,183,https://aishe.gov.in/document-category/aishe-final-reports/,reported_education_flow_not_available_workforce;missing_sex_cells_remain_null
2022-23,Manipur,state_ut,Certificate,115,65,180,persons_reported_passed_out,33,183,https://aishe.gov.in/document-category/aishe-final-reports/,reported_education_flow_not_available_workforce;missing_sex_cells_remain_null
2022-23,Meghalaya,state_ut,Certificate,23,46,69,persons_reported_passed_out,33,183,https://aishe.gov.in/document-category/aishe-final-reports/,reported_education_flow_not_available_workforce;missing_sex_cells_remain_null
2022-23,Meghalaya,state_ut,Integrated,3,11,14,persons_reported_passed_out,33,183,https://aishe.gov.in/document-category/aishe-final-reports/,reported_education_flow_not_available_workforce;missing_sex_cells_remain_null
2022-23,Mizoram,state_ut,Certificate,1,1,2,persons_reported_passed_out,33,183,https://aishe.gov.in/document-category/aishe-final-reports/,reported_education_flow_not_available_workforce;missing_sex_cells_remain_null
2022-23,Mizoram,state_ut,Integrated,10,5,15,persons_reported_passed_out,33,183,https://aishe.gov.in/document-category/aishe-final-reports/,reported_education_flow_not_available_workforce;missing_sex_cells_remain_null
2022-23,Nagaland,state_ut,Certificate,739,772,1511,persons_reported_passed_out,33,183,https://aishe.gov.in/document-category/aishe-final-reports/,reported_education_flow_not_available_workforce;missing_sex_cells_remain_null
2022-23,Odisha,state_ut,Certificate,201,371,572,persons_reported_passed_out,33,183,https://aishe.gov.in/document-category/aishe-final-reports/,reported_education_flow_not_available_workforce;missing_sex_cells_remain_null
2022-23,Odisha,state_ut,Integrated,1121,1049,2170,persons_reported_passed_out,33,183,https://aishe.gov.in/document-category/aishe-final-reports/,reported_education_flow_not_available_workforce;missing_sex_cells_remain_null
2022-23,Puducherry,state_ut,Certificate,3,1,4,persons_reported_passed_out,33,183,https://aishe.gov.in/document-category/aishe-final-reports/,reported_education_flow_not_available_workforce;missing_sex_cells_remain_null
2022-23,Puducherry,state_ut,Integrated,16,128,144,persons_reported_passed_out,33,183,https://aishe.gov.in/document-category/aishe-final-reports/,reported_education_flow_not_available_workforce;missing_sex_cells_remain_null
2022-23,Punjab,state_ut,Certificate,324,516,840,persons_reported_passed_out,33,183,https://aishe.gov.in/document-category/aishe-final-reports/,reported_education_flow_not_available_workforce;missing_sex_cells_remain_null
2022-23,Punjab,state_ut,Integrated,1350,1858,3208,persons_reported_passed_out,33,183,https://aishe.gov.in/document-category/aishe-final-reports/,reported_education_flow_not_available_workforce;missing_sex_cells_remain_null
2022-23,Rajasthan,state_ut,Certificate,545,852,1397,persons_reported_passed_out,33,183,https://aishe.gov.in/document-category/aishe-final-reports/,reported_education_flow_not_available_workforce;missing_sex_cells_remain_null
2022-23,Rajasthan,state_ut,Integrated,14353,15098,29451,persons_reported_passed_out,33,183,https://aishe.gov.in/document-category/aishe-final-reports/,reported_education_flow_not_available_workforce;missing_sex_cells_remain_null
2022-23,Sikkim,state_ut,Integrated,16,39,55,persons_reported_passed_out,33,183,https://aishe.gov.in/document-category/aishe-final-reports/,reported_education_flow_not_available_workforce;missing_sex_cells_remain_null
2022-23,Tamil Nadu,state_ut,Certificate,1082,2970,4052,persons_reported_passed_out,33,183,https://aishe.gov.in/document-category/aishe-final-reports/,reported_education_flow_not_available_workforce;missing_sex_cells_remain_null
2022-23,Tamil Nadu,state_ut,Integrated,1543,2034,3577,persons_reported_passed_out,33,183,https://aishe.gov.in/document-category/aishe-final-reports/,reported_education_flow_not_available_workforce;missing_sex_cells_remain_null
2022-23,Telangana,state_ut,Certificate,1450,296,1746,persons_reported_passed_out,33,183,https://aishe.gov.in/document-category/aishe-final-reports/,reported_education_flow_not_available_workforce;missing_sex_cells_remain_null
2022-23,Telangana,state_ut,Integrated,676,531,1207,persons_reported_passed_out,33,183,https://aishe.gov.in/document-category/aishe-final-reports/,reported_education_flow_not_available_workforce;missing_sex_cells_remain_null
2022-23,D & N Haveli and Daman & Diu,state_ut,Integrated,3,1,4,persons_reported_passed_out,33,183,https://aishe.gov.in/document-category/aishe-final-reports/,reported_education_flow_not_available_workforce;missing_sex_cells_remain_null
2022-23,Tripura,state_ut,Certificate,16,17,33,persons_reported_passed_out,33,183,https://aishe.gov.in/document-category/aishe-final-reports/,reported_education_flow_not_available_workforce;missing_sex_cells_remain_null
2022-23,Tripura,state_ut,Integrated,172,124,296,persons_reported_passed_out,33,183,https://aishe.gov.in/document-category/aishe-final-reports/,reported_education_flow_not_available_workforce;missing_sex_cells_remain_null
2022-23,Uttar Pradesh,state_ut,Certificate,3195,3053,6248,persons_reported_passed_out,33,183,https://aishe.gov.in/document-category/aishe-final-reports/,reported_education_flow_not_available_workforce;missing_sex_cells_remain_null
2022-23,Uttar Pradesh,state_ut,Integrated,5735,3785,9520,persons_reported_passed_out,33,183,https://aishe.gov.in/document-category/aishe-final-reports/,reported_education_flow_not_available_workforce;missing_sex_cells_remain_null
2022-23,Uttarakhand,state_ut,Certificate,153,57,210,persons_reported_passed_out,33,183,https://aishe.gov.in/document-category/aishe-final-reports/,reported_education_flow_not_available_workforce;missing_sex_cells_remain_null
2022-23,Uttarakhand,state_ut,Integrated,434,225,659,persons_reported_passed_out,33,183,https://aishe.gov.in/document-category/aishe-final-reports/,reported_education_flow_not_available_workforce;missing_sex_cells_remain_null
2022-23,West Bengal,state_ut,Certificate,3075,2032,5107,persons_reported_passed_out,33,183,https://aishe.gov.in/document-category/aishe-final-reports/,reported_education_flow_not_available_workforce;missing_sex_cells_remain_null
2022-23,West Bengal,state_ut,Integrated,2088,1206,3294,persons_reported_passed_out,33,183,https://aishe.gov.in/document-category/aishe-final-reports/,reported_education_flow_not_available_workforce;missing_sex_cells_remain_null
2023-24,Andhra Pradesh,state_ut,Ph.D.,451,335,786,persons_reported_passed_out,33,188,https://aishe.gov.in/document-category/aishe-final-reports/,reported_education_flow_not_available_workforce;missing_sex_cells_remain_null
2023-24,Andhra Pradesh,state_ut,Post Graduate,32555,34751,67306,persons_reported_passed_out,33,188,https://aishe.gov.in/document-category/aishe-final-reports/,reported_education_flow_not_available_workforce;missing_sex_cells_remain_null
2023-24,Arunachal Pradesh,state_ut,Ph.D.,33,16,49,persons_reported_passed_out,33,188,https://aishe.gov.in/document-category/aishe-final-reports/,reported_education_flow_not_available_workforce;missing_sex_cells_remain_null
2023-24,Arunachal Pradesh,state_ut,Post Graduate,1259,1070,2329,persons_reported_passed_out,33,188,https://aishe.gov.in/document-category/aishe-final-reports/,reported_education_flow_not_available_workforce;missing_sex_cells_remain_null
2023-24,Assam,state_ut,Ph.D.,537,514,1051,persons_reported_passed_out,33,188,https://aishe.gov.in/document-category/aishe-final-reports/,reported_education_flow_not_available_workforce;missing_sex_cells_remain_null
2023-24,Assam,state_ut,M.Phil.,7,8,15,persons_reported_passed_out,33,188,https://aishe.gov.in/document-category/aishe-final-reports/,reported_education_flow_not_available_workforce;missing_sex_cells_remain_null
2023-24,Assam,state_ut,Post Graduate,7193,11042,18235,persons_reported_passed_out,33,188,https://aishe.gov.in/document-category/aishe-final-reports/,reported_education_flow_not_available_workforce;missing_sex_cells_remain_null
2023-24,Bihar,state_ut,Ph.D.,600,587,1187,persons_reported_passed_out,33,188,https://aishe.gov.in/document-category/aishe-final-reports/,reported_education_flow_not_available_workforce;missing_sex_cells_remain_null
2023-24,Bihar,state_ut,Post Graduate,22600,25185,47785,persons_reported_passed_out,33,188,https://aishe.gov.in/document-category/aishe-final-reports/,reported_education_flow_not_available_workforce;missing_sex_cells_remain_null
2023-24,Chandigarh,state_ut,Ph.D.,289,290,579,persons_reported_passed_out,33,188,https://aishe.gov.in/document-category/aishe-final-reports/,reported_education_flow_not_available_workforce;missing_sex_cells_remain_null
2023-24,Chandigarh,state_ut,Post Graduate,1851,3947,5798,persons_reported_passed_out,33,188,https://aishe.gov.in/document-category/aishe-final-reports/,reported_education_flow_not_available_workforce;missing_sex_cells_remain_null
2023-24,Chhattisgarh,state_ut,Ph.D.,226,214,440,persons_reported_passed_out,33,188,https://aishe.gov.in/document-category/aishe-final-reports/,reported_education_flow_not_available_workforce;missing_sex_cells_remain_null
2023-24,Chhattisgarh,state_ut,M.Phil.,3,7,10,persons_reported_passed_out,33,188,https://aishe.gov.in/document-category/aishe-final-reports/,reported_education_flow_not_available_workforce;missing_sex_cells_remain_null
2023-24,Chhattisgarh,state_ut,Post Graduate,22102,33466,55568,persons_reported_passed_out,33,188,https://aishe.gov.in/document-category/aishe-final-reports/,reported_education_flow_not_available_workforce;missing_sex_cells_remain_null
2023-24,Delhi,state_ut,Ph.D.,1968,1853,3821,persons_reported_passed_out,33,188,https://aishe.gov.in/document-category/aishe-final-reports/,reported_education_flow_not_available_workforce;missing_sex_cells_remain_null
2023-24,Delhi,state_ut,M.Phil.,14,33,47,persons_reported_passed_out,33,188,https://aishe.gov.in/document-category/aishe-final-reports/,reported_education_flow_not_available_workforce;missing_sex_cells_remain_null
2023-24,Delhi,state_ut,Post Graduate,57506,87840,145346,persons_reported_passed_out,33,188,https://aishe.gov.in/document-category/aishe-final-reports/,reported_education_flow_not_available_workforce;missing_sex_cells_remain_null
2023-24,Goa,state_ut,Ph.D.,58,46,104,persons_reported_passed_out,33,188,https://aishe.gov.in/document-category/aishe-final-reports/,reported_education_flow_not_available_workforce;missing_sex_cells_remain_null
2023-24,Goa,state_ut,M.Phil.,3,4,7,persons_reported_passed_out,33,188,https://aishe.gov.in/document-category/aishe-final-reports/,reported_education_flow_not_available_workforce;missing_sex_cells_remain_null
2023-24,Goa,state_ut,Post Graduate,973,1669,2642,persons_reported_passed_out,33,188,https://aishe.gov.in/document-category/aishe-final-reports/,reported_education_flow_not_available_workforce;missing_sex_cells_remain_null
2023-24,Gujarat,state_ut,Ph.D.,891,658,1549,persons_reported_passed_out,33,188,https://aishe.gov.in/document-category/aishe-final-reports/,reported_education_flow_not_available_workforce;missing_sex_cells_remain_null
2023-24,Gujarat,state_ut,M.Phil.,9,7,16,persons_reported_passed_out,33,188,https://aishe.gov.in/document-category/aishe-final-reports/,reported_education_flow_not_available_workforce;missing_sex_cells_remain_null
2023-24,Gujarat,state_ut,Post Graduate,38490,51348,89838,persons_reported_passed_out,33,188,https://aishe.gov.in/document-category/aishe-final-reports/,reported_education_flow_not_available_workforce;missing_sex_cells_remain_null
2023-24,Haryana,state_ut,Ph.D.,548,851,1399,persons_reported_passed_out,33,188,https://aishe.gov.in/document-category/aishe-final-reports/,reported_education_flow_not_available_workforce;missing_sex_cells_remain_null
2023-24,Haryana,state_ut,M.Phil.,6,21,27,persons_reported_passed_out,33,188,https://aishe.gov.in/document-category/aishe-final-reports/,reported_education_flow_not_available_workforce;missing_sex_cells_remain_null
2023-24,Haryana,state_ut,Post Graduate,15029,31671,46700,persons_reported_passed_out,33,188,https://aishe.gov.in/document-category/aishe-final-reports/,reported_education_flow_not_available_workforce;missing_sex_cells_remain_null
2023-24,Himachal Pradesh,state_ut,Ph.D.,232,213,445,persons_reported_passed_out,33,188,https://aishe.gov.in/document-category/aishe-final-reports/,reported_education_flow_not_available_workforce;missing_sex_cells_remain_null
2023-24,Himachal Pradesh,state_ut,Post Graduate,4814,7272,12086,persons_reported_passed_out,33,188,https://aishe.gov.in/document-category/aishe-final-reports/,reported_education_flow_not_available_workforce;missing_sex_cells_remain_null
2023-24,Jammu and Kashmir,state_ut,Ph.D.,390,343,733,persons_reported_passed_out,33,188,https://aishe.gov.in/document-category/aishe-final-reports/,reported_education_flow_not_available_workforce;missing_sex_cells_remain_null
2023-24,Jammu and Kashmir,state_ut,Post Graduate,3951,7842,11793,persons_reported_passed_out,33,188,https://aishe.gov.in/document-category/aishe-final-reports/,reported_education_flow_not_available_workforce;missing_sex_cells_remain_null
2023-24,Jharkhand,state_ut,Ph.D.,411,193,604,persons_reported_passed_out,33,188,https://aishe.gov.in/document-category/aishe-final-reports/,reported_education_flow_not_available_workforce;missing_sex_cells_remain_null
2023-24,Jharkhand,state_ut,M.Phil.,4,32,36,persons_reported_passed_out,33,188,https://aishe.gov.in/document-category/aishe-final-reports/,reported_education_flow_not_available_workforce;missing_sex_cells_remain_null
2023-24,Jharkhand,state_ut,Post Graduate,14889,21765,36654,persons_reported_passed_out,33,188,https://aishe.gov.in/document-category/aishe-final-reports/,reported_education_flow_not_available_workforce;missing_sex_cells_remain_null
2023-24,Karnataka,state_ut,Ph.D.,1024,985,2009,persons_reported_passed_out,33,188,https://aishe.gov.in/document-category/aishe-final-reports/,reported_education_flow_not_available_workforce;missing_sex_cells_remain_null
2023-24,Karnataka,state_ut,M.Phil.,25,108,133,persons_reported_passed_out,33,188,https://aishe.gov.in/document-category/aishe-final-reports/,reported_education_flow_not_available_workforce;missing_sex_cells_remain_null
2023-24,Karnataka,state_ut,Post Graduate,42741,55258,97999,persons_reported_passed_out,33,188,https://aishe.gov.in/document-category/aishe-final-reports/,reported_education_flow_not_available_workforce;missing_sex_cells_remain_null
2023-24,Kerala,state_ut,Ph.D.,446,707,1153,persons_reported_passed_out,33,188,https://aishe.gov.in/document-category/aishe-final-reports/,reported_education_flow_not_available_workforce;missing_sex_cells_remain_null
2023-24,Kerala,state_ut,M.Phil.,,1,1,persons_reported_passed_out,33,188,https://aishe.gov.in/document-category/aishe-final-reports/,reported_education_flow_not_available_workforce;missing_sex_cells_remain_null
2023-24,Kerala,state_ut,Post Graduate,11825,35796,47621,persons_reported_passed_out,33,188,https://aishe.gov.in/document-category/aishe-final-reports/,reported_education_flow_not_available_workforce;missing_sex_cells_remain_null
2023-24,Ladakh,state_ut,Post Graduate,43,91,134,persons_reported_passed_out,33,188,https://aishe.gov.in/document-category/aishe-final-reports/,reported_education_flow_not_available_workforce;missing_sex_cells_remain_null
2023-24,Madhya Pradesh,state_ut,Ph.D.,985,780,1765,persons_reported_passed_out,33,188,https://aishe.gov.in/document-category/aishe-final-reports/,reported_education_flow_not_available_workforce;missing_sex_cells_remain_null
2023-24,Madhya Pradesh,state_ut,M.Phil.,,8,8,persons_reported_passed_out,33,188,https://aishe.gov.in/document-category/aishe-final-reports/,reported_education_flow_not_available_workforce;missing_sex_cells_remain_null
2023-24,Madhya Pradesh,state_ut,Post Graduate,72248,93741,165989,persons_reported_passed_out,33,188,https://aishe.gov.in/document-category/aishe-final-reports/,reported_education_flow_not_available_workforce;missing_sex_cells_remain_null
2023-24,Maharashtra,state_ut,Ph.D.,1325,1005,2330,persons_reported_passed_out,33,188,https://aishe.gov.in/document-category/aishe-final-reports/,reported_education_flow_not_available_workforce;missing_sex_cells_remain_null
2023-24,Maharashtra,state_ut,M.Phil.,2,5,7,persons_reported_passed_out,33,188,https://aishe.gov.in/document-category/aishe-final-reports/,reported_education_flow_not_available_workforce;missing_sex_cells_remain_null
2023-24,Maharashtra,state_ut,Post Graduate,99379,109906,209285,persons_reported_passed_out,33,188,https://aishe.gov.in/document-category/aishe-final-reports/,reported_education_flow_not_available_workforce;missing_sex_cells_remain_null
2023-24,Manipur,state_ut,Ph.D.,145,182,327,persons_reported_passed_out,33,188,https://aishe.gov.in/document-category/aishe-final-reports/,reported_education_flow_not_available_workforce;missing_sex_cells_remain_null
2023-24,Manipur,state_ut,M.Phil.,2,4,6,persons_reported_passed_out,33,188,https://aishe.gov.in/document-category/aishe-final-reports/,reported_education_flow_not_available_workforce;missing_sex_cells_remain_null
2023-24,Manipur,state_ut,Post Graduate,1388,1716,3104,persons_reported_passed_out,33,188,https://aishe.gov.in/document-category/aishe-final-reports/,reported_education_flow_not_available_workforce;missing_sex_cells_remain_null
2023-24,Meghalaya,state_ut,Ph.D.,24,16,40,persons_reported_passed_out,33,188,https://aishe.gov.in/document-category/aishe-final-reports/,reported_education_flow_not_available_workforce;missing_sex_cells_remain_null
2023-24,Meghalaya,state_ut,Post Graduate,1730,2709,4439,persons_reported_passed_out,33,188,https://aishe.gov.in/document-category/aishe-final-reports/,reported_education_flow_not_available_workforce;missing_sex_cells_remain_null
2023-24,Mizoram,state_ut,Ph.D.,81,81,162,persons_reported_passed_out,33,188,https://aishe.gov.in/document-category/aishe-final-reports/,reported_education_flow_not_available_workforce;missing_sex_cells_remain_null
2023-24,Mizoram,state_ut,Post Graduate,501,662,1163,persons_reported_passed_out,33,188,https://aishe.gov.in/document-category/aishe-final-reports/,reported_education_flow_not_available_workforce;missing_sex_cells_remain_null
2023-24,Nagaland,state_ut,Ph.D.,61,81,142,persons_reported_passed_out,33,188,https://aishe.gov.in/document-category/aishe-final-reports/,reported_education_flow_not_available_workforce;missing_sex_cells_remain_null
2023-24,Nagaland,state_ut,Post Graduate,884,1348,2232,persons_reported_passed_out,33,188,https://aishe.gov.in/document-category/aishe-final-reports/,reported_education_flow_not_available_workforce;missing_sex_cells_remain_null
2023-24,Odisha,state_ut,Ph.D.,396,313,709,persons_reported_passed_out,33,188,https://aishe.gov.in/document-category/aishe-final-reports/,reported_education_flow_not_available_workforce;missing_sex_cells_remain_null
2023-24,Odisha,state_ut,M.Phil.,11,18,29,persons_reported_passed_out,33,188,https://aishe.gov.in/document-category/aishe-final-reports/,reported_education_flow_not_available_workforce;missing_sex_cells_remain_null
2023-24,Odisha,state_ut,Post Graduate,20437,22865,43302,persons_reported_passed_out,33,188,https://aishe.gov.in/document-category/aishe-final-reports/,reported_education_flow_not_available_workforce;missing_sex_cells_remain_null
2023-24,Puducherry,state_ut,Ph.D.,41,17,58,persons_reported_passed_out,33,188,https://aishe.gov.in/document-category/aishe-final-reports/,reported_education_flow_not_available_workforce;missing_sex_cells_remain_null
2023-24,Puducherry,state_ut,Post Graduate,3869,5280,9149,persons_reported_passed_out,33,188,https://aishe.gov.in/document-category/aishe-final-reports/,reported_education_flow_not_available_workforce;missing_sex_cells_remain_null
2023-24,Punjab,state_ut,Ph.D.,679,686,1365,persons_reported_passed_out,33,188,https://aishe.gov.in/document-category/aishe-final-reports/,reported_education_flow_not_available_workforce;missing_sex_cells_remain_null
2023-24,Punjab,state_ut,M.Phil.,,4,4,persons_reported_passed_out,33,188,https://aishe.gov.in/document-category/aishe-final-reports/,reported_education_flow_not_available_workforce;missing_sex_cells_remain_null
2023-24,Punjab,state_ut,Post Graduate,17550,25271,42821,persons_reported_passed_out,33,188,https://aishe.gov.in/document-category/aishe-final-reports/,reported_education_flow_not_available_workforce;missing_sex_cells_remain_null
2023-24,Rajasthan,state_ut,Ph.D.,1285,1544,2829,persons_reported_passed_out,33,188,https://aishe.gov.in/document-category/aishe-final-reports/,reported_education_flow_not_available_workforce;missing_sex_cells_remain_null
2023-24,Rajasthan,state_ut,M.Phil.,,20,20,persons_reported_passed_out,33,188,https://aishe.gov.in/document-category/aishe-final-reports/,reported_education_flow_not_available_workforce;missing_sex_cells_remain_null
2023-24,Rajasthan,state_ut,Post Graduate,46109,66012,112121,persons_reported_passed_out,33,188,https://aishe.gov.in/document-category/aishe-final-reports/,reported_education_flow_not_available_workforce;missing_sex_cells_remain_null
2023-24,Sikkim,state_ut,Ph.D.,36,26,62,persons_reported_passed_out,33,188,https://aishe.gov.in/document-category/aishe-final-reports/,reported_education_flow_not_available_workforce;missing_sex_cells_remain_null
2023-24,Sikkim,state_ut,Post Graduate,639,856,1495,persons_reported_passed_out,33,188,https://aishe.gov.in/document-category/aishe-final-reports/,reported_education_flow_not_available_workforce;missing_sex_cells_remain_null
2023-24,Tamil Nadu,state_ut,Ph.D.,1255,1524,2779,persons_reported_passed_out,33,188,https://aishe.gov.in/document-category/aishe-final-reports/,reported_education_flow_not_available_workforce;missing_sex_cells_remain_null
2023-24,Tamil Nadu,state_ut,M.Phil.,66,232,298,persons_reported_passed_out,33,188,https://aishe.gov.in/document-category/aishe-final-reports/,reported_education_flow_not_available_workforce;missing_sex_cells_remain_null
2023-24,Tamil Nadu,state_ut,Post Graduate,71436,107499,178935,persons_reported_passed_out,33,188,https://aishe.gov.in/document-category/aishe-final-reports/,reported_education_flow_not_available_workforce;missing_sex_cells_remain_null
2023-24,Telangana,state_ut,Ph.D.,1239,689,1928,persons_reported_passed_out,33,188,https://aishe.gov.in/document-category/aishe-final-reports/,reported_education_flow_not_available_workforce;missing_sex_cells_remain_null
2023-24,Telangana,state_ut,M.Phil.,9,19,28,persons_reported_passed_out,33,188,https://aishe.gov.in/document-category/aishe-final-reports/,reported_education_flow_not_available_workforce;missing_sex_cells_remain_null
2023-24,Telangana,state_ut,Post Graduate,27981,38426,66407,persons_reported_passed_out,33,188,https://aishe.gov.in/document-category/aishe-final-reports/,reported_education_flow_not_available_workforce;missing_sex_cells_remain_null
2023-24,D & N Haveli and Daman & Diu,state_ut,Post Graduate,80,244,324,persons_reported_passed_out,33,188,https://aishe.gov.in/document-category/aishe-final-reports/,reported_education_flow_not_available_workforce;missing_sex_cells_remain_null
2023-24,Tripura,state_ut,Ph.D.,37,19,56,persons_reported_passed_out,33,188,https://aishe.gov.in/document-category/aishe-final-reports/,reported_education_flow_not_available_workforce;missing_sex_cells_remain_null
2023-24,Tripura,state_ut,Post Graduate,1134,1328,2462,persons_reported_passed_out,33,188,https://aishe.gov.in/document-category/aishe-final-reports/,reported_education_flow_not_available_workforce;missing_sex_cells_remain_null
2023-24,Uttar Pradesh,state_ut,Ph.D.,2640,1896,4536,persons_reported_passed_out,33,188,https://aishe.gov.in/document-category/aishe-final-reports/,reported_education_flow_not_available_workforce;missing_sex_cells_remain_null
2023-24,Uttar Pradesh,state_ut,M.Phil.,6,27,33,persons_reported_passed_out,33,188,https://aishe.gov.in/document-category/aishe-final-reports/,reported_education_flow_not_available_workforce;missing_sex_cells_remain_null
2023-24,Uttar Pradesh,state_ut,Post Graduate,128575,176448,305023,persons_reported_passed_out,33,188,https://aishe.gov.in/document-category/aishe-final-reports/,reported_education_flow_not_available_workforce;missing_sex_cells_remain_null
2023-24,Uttarakhand,state_ut,Ph.D.,237,267,504,persons_reported_passed_out,33,188,https://aishe.gov.in/document-category/aishe-final-reports/,reported_education_flow_not_available_workforce;missing_sex_cells_remain_null
2023-24,Uttarakhand,state_ut,Post Graduate,11989,16169,28158,persons_reported_passed_out,33,188,https://aishe.gov.in/document-category/aishe-final-reports/,reported_education_flow_not_available_workforce;missing_sex_cells_remain_null
2023-24,West Bengal,state_ut,Ph.D.,1290,810,2100,persons_reported_passed_out,33,188,https://aishe.gov.in/document-category/aishe-final-reports/,reported_education_flow_not_available_workforce;missing_sex_cells_remain_null
2023-24,West Bengal,state_ut,M.Phil.,68,39,107,persons_reported_passed_out,33,188,https://aishe.gov.in/document-category/aishe-final-reports/,reported_education_flow_not_available_workforce;missing_sex_cells_remain_null
2023-24,West Bengal,state_ut,Post Graduate,20336,31176,51512,persons_reported_passed_out,33,188,https://aishe.gov.in/document-category/aishe-final-reports/,reported_education_flow_not_available_workforce;missing_sex_cells_remain_null
2023-24,A & N Islands,state_ut,Under Graduate,132,148,280,persons_reported_passed_out,33,189,https://aishe.gov.in/document-category/aishe-final-reports/,reported_education_flow_not_available_workforce;missing_sex_cells_remain_null
2023-24,A & N Islands,state_ut,Diploma,69,95,164,persons_reported_passed_out,33,189,https://aishe.gov.in/document-category/aishe-final-reports/,reported_education_flow_not_available_workforce;missing_sex_cells_remain_null
2023-24,Andhra Pradesh,state_ut,Under Graduate,160821,166839,327660,persons_reported_passed_out,33,189,https://aishe.gov.in/document-category/aishe-final-reports/,reported_education_flow_not_available_workforce;missing_sex_cells_remain_null
2023-24,Andhra Pradesh,state_ut,PG Diploma,194,89,283,persons_reported_passed_out,33,189,https://aishe.gov.in/document-category/aishe-final-reports/,reported_education_flow_not_available_workforce;missing_sex_cells_remain_null
2023-24,Andhra Pradesh,state_ut,Diploma,16905,14719,31624,persons_reported_passed_out,33,189,https://aishe.gov.in/document-category/aishe-final-reports/,reported_education_flow_not_available_workforce;missing_sex_cells_remain_null
2023-24,Arunachal Pradesh,state_ut,Under Graduate,5091,4867,9958,persons_reported_passed_out,33,189,https://aishe.gov.in/document-category/aishe-final-reports/,reported_education_flow_not_available_workforce;missing_sex_cells_remain_null
2023-24,Arunachal Pradesh,state_ut,PG Diploma,19,3,22,persons_reported_passed_out,33,189,https://aishe.gov.in/document-category/aishe-final-reports/,reported_education_flow_not_available_workforce;missing_sex_cells_remain_null
2023-24,Arunachal Pradesh,state_ut,Diploma,358,548,906,persons_reported_passed_out,33,189,https://aishe.gov.in/document-category/aishe-final-reports/,reported_education_flow_not_available_workforce;missing_sex_cells_remain_null
2023-24,Assam,state_ut,Under Graduate,47160,57377,104537,persons_reported_passed_out,33,189,https://aishe.gov.in/document-category/aishe-final-reports/,reported_education_flow_not_available_workforce;missing_sex_cells_remain_null
2023-24,Assam,state_ut,PG Diploma,233,339,572,persons_reported_passed_out,33,189,https://aishe.gov.in/document-category/aishe-final-reports/,reported_education_flow_not_available_workforce;missing_sex_cells_remain_null
2023-24,Assam,state_ut,Diploma,4600,5379,9979,persons_reported_passed_out,33,189,https://aishe.gov.in/document-category/aishe-final-reports/,reported_education_flow_not_available_workforce;missing_sex_cells_remain_null
2023-24,Bihar,state_ut,Under Graduate,286145,267796,553941,persons_reported_passed_out,33,189,https://aishe.gov.in/document-category/aishe-final-reports/,reported_education_flow_not_available_workforce;missing_sex_cells_remain_null
2023-24,Bihar,state_ut,PG Diploma,514,291,805,persons_reported_passed_out,33,189,https://aishe.gov.in/document-category/aishe-final-reports/,reported_education_flow_not_available_workforce;missing_sex_cells_remain_null
2023-24,Bihar,state_ut,Diploma,21432,21325,42757,persons_reported_passed_out,33,189,https://aishe.gov.in/document-category/aishe-final-reports/,reported_education_flow_not_available_workforce;missing_sex_cells_remain_null
2023-24,Chandigarh,state_ut,Under Graduate,6554,8208,14762,persons_reported_passed_out,33,189,https://aishe.gov.in/document-category/aishe-final-reports/,reported_education_flow_not_available_workforce;missing_sex_cells_remain_null
2023-24,Chandigarh,state_ut,PG Diploma,283,363,646,persons_reported_passed_out,33,189,https://aishe.gov.in/document-category/aishe-final-reports/,reported_education_flow_not_available_workforce;missing_sex_cells_remain_null
2023-24,Chandigarh,state_ut,Diploma,674,600,1274,persons_reported_passed_out,33,189,https://aishe.gov.in/document-category/aishe-final-reports/,reported_education_flow_not_available_workforce;missing_sex_cells_remain_null
2023-24,Chhattisgarh,state_ut,Under Graduate,66389,87176,153565,persons_reported_passed_out,33,189,https://aishe.gov.in/document-category/aishe-final-reports/,reported_education_flow_not_available_workforce;missing_sex_cells_remain_null
2023-24,Chhattisgarh,state_ut,PG Diploma,4221,5832,10053,persons_reported_passed_out,33,189,https://aishe.gov.in/document-category/aishe-final-reports/,reported_education_flow_not_available_workforce;missing_sex_cells_remain_null
2023-24,Chhattisgarh,state_ut,Diploma,8945,8896,17841,persons_reported_passed_out,33,189,https://aishe.gov.in/document-category/aishe-final-reports/,reported_education_flow_not_available_workforce;missing_sex_cells_remain_null
2023-24,Delhi,state_ut,Under Graduate,167660,152689,320349,persons_reported_passed_out,33,189,https://aishe.gov.in/document-category/aishe-final-reports/,reported_education_flow_not_available_workforce;missing_sex_cells_remain_null
2023-24,Delhi,state_ut,PG Diploma,15077,18440,33517,persons_reported_passed_out,33,189,https://aishe.gov.in/document-category/aishe-final-reports/,reported_education_flow_not_available_workforce;missing_sex_cells_remain_null
2023-24,Delhi,state_ut,Diploma,6448,18018,24466,persons_reported_passed_out,33,189,https://aishe.gov.in/document-category/aishe-final-reports/,reported_education_flow_not_available_workforce;missing_sex_cells_remain_null
2023-24,Goa,state_ut,Under Graduate,4667,5187,9854,persons_reported_passed_out,33,189,https://aishe.gov.in/document-category/aishe-final-reports/,reported_education_flow_not_available_workforce;missing_sex_cells_remain_null
2023-24,Goa,state_ut,PG Diploma,36,68,104,persons_reported_passed_out,33,189,https://aishe.gov.in/document-category/aishe-final-reports/,reported_education_flow_not_available_workforce;missing_sex_cells_remain_null
2023-24,Goa,state_ut,Diploma,1127,573,1700,persons_reported_passed_out,33,189,https://aishe.gov.in/document-category/aishe-final-reports/,reported_education_flow_not_available_workforce;missing_sex_cells_remain_null
2023-24,Gujarat,state_ut,Under Graduate,159851,145675,305526,persons_reported_passed_out,33,189,https://aishe.gov.in/document-category/aishe-final-reports/,reported_education_flow_not_available_workforce;missing_sex_cells_remain_null
2023-24,Gujarat,state_ut,PG Diploma,2483,2639,5122,persons_reported_passed_out,33,189,https://aishe.gov.in/document-category/aishe-final-reports/,reported_education_flow_not_available_workforce;missing_sex_cells_remain_null
2023-24,Gujarat,state_ut,Diploma,25700,18910,44610,persons_reported_passed_out,33,189,https://aishe.gov.in/document-category/aishe-final-reports/,reported_education_flow_not_available_workforce;missing_sex_cells_remain_null
2023-24,Haryana,state_ut,Under Graduate,65103,101894,166997,persons_reported_passed_out,33,189,https://aishe.gov.in/document-category/aishe-final-reports/,reported_education_flow_not_available_workforce;missing_sex_cells_remain_null
2023-24,Haryana,state_ut,PG Diploma,796,1007,1803,persons_reported_passed_out,33,189,https://aishe.gov.in/document-category/aishe-final-reports/,reported_education_flow_not_available_workforce;missing_sex_cells_remain_null
2023-24,Haryana,state_ut,Diploma,15581,10094,25675,persons_reported_passed_out,33,189,https://aishe.gov.in/document-category/aishe-final-reports/,reported_education_flow_not_available_workforce;missing_sex_cells_remain_null
2023-24,Himachal Pradesh,state_ut,Under Graduate,18966,29737,48703,persons_reported_passed_out,33,189,https://aishe.gov.in/document-category/aishe-final-reports/,reported_education_flow_not_available_workforce;missing_sex_cells_remain_null
2023-24,Himachal Pradesh,state_ut,PG Diploma,299,418,717,persons_reported_passed_out,33,189,https://aishe.gov.in/document-category/aishe-final-reports/,reported_education_flow_not_available_workforce;missing_sex_cells_remain_null
2023-24,Himachal Pradesh,state_ut,Diploma,2456,2509,4965,persons_reported_passed_out,33,189,https://aishe.gov.in/document-category/aishe-final-reports/,reported_education_flow_not_available_workforce;missing_sex_cells_remain_null
2023-24,Jammu and Kashmir,state_ut,Under Graduate,15972,22103,38075,persons_reported_passed_out,33,189,https://aishe.gov.in/document-category/aishe-final-reports/,reported_education_flow_not_available_workforce;missing_sex_cells_remain_null
2023-24,Jammu and Kashmir,state_ut,PG Diploma,92,96,188,persons_reported_passed_out,33,189,https://aishe.gov.in/document-category/aishe-final-reports/,reported_education_flow_not_available_workforce;missing_sex_cells_remain_null
2023-24,Jammu and Kashmir,state_ut,Diploma,3250,4348,7598,persons_reported_passed_out,33,189,https://aishe.gov.in/document-category/aishe-final-reports/,reported_education_flow_not_available_workforce;missing_sex_cells_remain_null
2023-24,Jharkhand,state_ut,Under Graduate,76859,80372,157231,persons_reported_passed_out,33,189,https://aishe.gov.in/document-category/aishe-final-reports/,reported_education_flow_not_available_workforce;missing_sex_cells_remain_null
2023-24,Jharkhand,state_ut,PG Diploma,747,415,1162,persons_reported_passed_out,33,189,https://aishe.gov.in/document-category/aishe-final-reports/,reported_education_flow_not_available_workforce;missing_sex_cells_remain_null
2023-24,Jharkhand,state_ut,Diploma,13454,9788,23242,persons_reported_passed_out,33,189,https://aishe.gov.in/document-category/aishe-final-reports/,reported_education_flow_not_available_workforce;missing_sex_cells_remain_null
2023-24,Karnataka,state_ut,Under Graduate,209542,236279,445821,persons_reported_passed_out,33,189,https://aishe.gov.in/document-category/aishe-final-reports/,reported_education_flow_not_available_workforce;missing_sex_cells_remain_null
2023-24,Karnataka,state_ut,PG Diploma,1687,1519,3206,persons_reported_passed_out,33,189,https://aishe.gov.in/document-category/aishe-final-reports/,reported_education_flow_not_available_workforce;missing_sex_cells_remain_null
2023-24,Karnataka,state_ut,Diploma,29957,26005,55962,persons_reported_passed_out,33,189,https://aishe.gov.in/document-category/aishe-final-reports/,reported_education_flow_not_available_workforce;missing_sex_cells_remain_null
2023-24,Kerala,state_ut,Under Graduate,63066,112375,175441,persons_reported_passed_out,33,189,https://aishe.gov.in/document-category/aishe-final-reports/,reported_education_flow_not_available_workforce;missing_sex_cells_remain_null
2023-24,Kerala,state_ut,PG Diploma,418,836,1254,persons_reported_passed_out,33,189,https://aishe.gov.in/document-category/aishe-final-reports/,reported_education_flow_not_available_workforce;missing_sex_cells_remain_null
2023-24,Kerala,state_ut,Diploma,10192,13448,23640,persons_reported_passed_out,33,189,https://aishe.gov.in/document-category/aishe-final-reports/,reported_education_flow_not_available_workforce;missing_sex_cells_remain_null
2023-24,Ladakh,state_ut,Under Graduate,186,315,501,persons_reported_passed_out,33,189,https://aishe.gov.in/document-category/aishe-final-reports/,reported_education_flow_not_available_workforce;missing_sex_cells_remain_null
2023-24,Ladakh,state_ut,Diploma,121,242,363,persons_reported_passed_out,33,189,https://aishe.gov.in/document-category/aishe-final-reports/,reported_education_flow_not_available_workforce;missing_sex_cells_remain_null
2023-24,Lakshadweep,state_ut,Under Graduate,30,144,174,persons_reported_passed_out,33,189,https://aishe.gov.in/document-category/aishe-final-reports/,reported_education_flow_not_available_workforce;missing_sex_cells_remain_null
2023-24,Lakshadweep,state_ut,Diploma,3,17,20,persons_reported_passed_out,33,189,https://aishe.gov.in/document-category/aishe-final-reports/,reported_education_flow_not_available_workforce;missing_sex_cells_remain_null
2023-24,Madhya Pradesh,state_ut,Under Graduate,243768,242429,486197,persons_reported_passed_out,33,189,https://aishe.gov.in/document-category/aishe-final-reports/,reported_education_flow_not_available_workforce;missing_sex_cells_remain_null
2023-24,Madhya Pradesh,state_ut,PG Diploma,14218,18063,32281,persons_reported_passed_out,33,189,https://aishe.gov.in/document-category/aishe-final-reports/,reported_education_flow_not_available_workforce;missing_sex_cells_remain_null
2023-24,Madhya Pradesh,state_ut,Diploma,44576,33198,77774,persons_reported_passed_out,33,189,https://aishe.gov.in/document-category/aishe-final-reports/,reported_education_flow_not_available_workforce;missing_sex_cells_remain_null
2023-24,Maharashtra,state_ut,Under Graduate,372465,330333,702798,persons_reported_passed_out,33,189,https://aishe.gov.in/document-category/aishe-final-reports/,reported_education_flow_not_available_workforce;missing_sex_cells_remain_null
2023-24,Maharashtra,state_ut,PG Diploma,7571,5833,13404,persons_reported_passed_out,33,189,https://aishe.gov.in/document-category/aishe-final-reports/,reported_education_flow_not_available_workforce;missing_sex_cells_remain_null
2023-24,Maharashtra,state_ut,Diploma,62486,57871,120357,persons_reported_passed_out,33,189,https://aishe.gov.in/document-category/aishe-final-reports/,reported_education_flow_not_available_workforce;missing_sex_cells_remain_null
2023-24,Manipur,state_ut,Under Graduate,11871,12450,24321,persons_reported_passed_out,33,189,https://aishe.gov.in/document-category/aishe-final-reports/,reported_education_flow_not_available_workforce;missing_sex_cells_remain_null
2023-24,Manipur,state_ut,PG Diploma,212,251,463,persons_reported_passed_out,33,189,https://aishe.gov.in/document-category/aishe-final-reports/,reported_education_flow_not_available_workforce;missing_sex_cells_remain_null
2023-24,Manipur,state_ut,Diploma,572,1073,1645,persons_reported_passed_out,33,189,https://aishe.gov.in/document-category/aishe-final-reports/,reported_education_flow_not_available_workforce;missing_sex_cells_remain_null
2023-24,Meghalaya,state_ut,Under Graduate,6486,9005,15491,persons_reported_passed_out,33,189,https://aishe.gov.in/document-category/aishe-final-reports/,reported_education_flow_not_available_workforce;missing_sex_cells_remain_null
2023-24,Meghalaya,state_ut,PG Diploma,27,21,48,persons_reported_passed_out,33,189,https://aishe.gov.in/document-category/aishe-final-reports/,reported_education_flow_not_available_workforce;missing_sex_cells_remain_null
2023-24,Meghalaya,state_ut,Diploma,239,585,824,persons_reported_passed_out,33,189,https://aishe.gov.in/document-category/aishe-final-reports/,reported_education_flow_not_available_workforce;missing_sex_cells_remain_null
2023-24,Mizoram,state_ut,Under Graduate,2830,3064,5894,persons_reported_passed_out,33,189,https://aishe.gov.in/document-category/aishe-final-reports/,reported_education_flow_not_available_workforce;missing_sex_cells_remain_null
2023-24,Mizoram,state_ut,Diploma,3037,4145,7182,persons_reported_passed_out,33,189,https://aishe.gov.in/document-category/aishe-final-reports/,reported_education_flow_not_available_workforce;missing_sex_cells_remain_null
2023-24,Nagaland,state_ut,Under Graduate,4373,5566,9939,persons_reported_passed_out,33,189,https://aishe.gov.in/document-category/aishe-final-reports/,reported_education_flow_not_available_workforce;missing_sex_cells_remain_null
2023-24,Nagaland,state_ut,PG Diploma,,9,9,persons_reported_passed_out,33,189,https://aishe.gov.in/document-category/aishe-final-reports/,reported_education_flow_not_available_workforce;missing_sex_cells_remain_null
2023-24,Nagaland,state_ut,Diploma,191,393,584,persons_reported_passed_out,33,189,https://aishe.gov.in/document-category/aishe-final-reports/,reported_education_flow_not_available_workforce;missing_sex_cells_remain_null
2023-24,Odisha,state_ut,Under Graduate,90999,95209,186208,persons_reported_passed_out,33,189,https://aishe.gov.in/document-category/aishe-final-reports/,reported_education_flow_not_available_workforce;missing_sex_cells_remain_null
2023-24,Odisha,state_ut,PG Diploma,497,320,817,persons_reported_passed_out,33,189,https://aishe.gov.in/document-category/aishe-final-reports/,reported_education_flow_not_available_workforce;missing_sex_cells_remain_null
2023-24,Odisha,state_ut,Diploma,24920,13136,38056,persons_reported_passed_out,33,189,https://aishe.gov.in/document-category/aishe-final-reports/,reported_education_flow_not_available_workforce;missing_sex_cells_remain_null
2023-24,Puducherry,state_ut,Under Graduate,5579,8265,13844,persons_reported_passed_out,33,189,https://aishe.gov.in/document-category/aishe-final-reports/,reported_education_flow_not_available_workforce;missing_sex_cells_remain_null
2023-24,Puducherry,state_ut,PG Diploma,12,6,18,persons_reported_passed_out,33,189,https://aishe.gov.in/document-category/aishe-final-reports/,reported_education_flow_not_available_workforce;missing_sex_cells_remain_null
2023-24,Puducherry,state_ut,Diploma,370,293,663,persons_reported_passed_out,33,189,https://aishe.gov.in/document-category/aishe-final-reports/,reported_education_flow_not_available_workforce;missing_sex_cells_remain_null
2023-24,Punjab,state_ut,Under Graduate,65063,75647,140710,persons_reported_passed_out,33,189,https://aishe.gov.in/document-category/aishe-final-reports/,reported_education_flow_not_available_workforce;missing_sex_cells_remain_null
2023-24,Punjab,state_ut,PG Diploma,1621,2004,3625,persons_reported_passed_out,33,189,https://aishe.gov.in/document-category/aishe-final-reports/,reported_education_flow_not_available_workforce;missing_sex_cells_remain_null
2023-24,Punjab,state_ut,Diploma,9392,15101,24493,persons_reported_passed_out,33,189,https://aishe.gov.in/document-category/aishe-final-reports/,reported_education_flow_not_available_workforce;missing_sex_cells_remain_null
2023-24,Rajasthan,state_ut,Under Graduate,262513,285027,547540,persons_reported_passed_out,33,189,https://aishe.gov.in/document-category/aishe-final-reports/,reported_education_flow_not_available_workforce;missing_sex_cells_remain_null
2023-24,Rajasthan,state_ut,PG Diploma,4391,2479,6870,persons_reported_passed_out,33,189,https://aishe.gov.in/document-category/aishe-final-reports/,reported_education_flow_not_available_workforce;missing_sex_cells_remain_null
2023-24,Rajasthan,state_ut,Diploma,31683,19620,51303,persons_reported_passed_out,33,189,https://aishe.gov.in/document-category/aishe-final-reports/,reported_education_flow_not_available_workforce;missing_sex_cells_remain_null
2023-24,Sikkim,state_ut,Under Graduate,2727,2870,5597,persons_reported_passed_out,33,189,https://aishe.gov.in/document-category/aishe-final-reports/,reported_education_flow_not_available_workforce;missing_sex_cells_remain_null
2023-24,Sikkim,state_ut,PG Diploma,3,4,7,persons_reported_passed_out,33,189,https://aishe.gov.in/document-category/aishe-final-reports/,reported_education_flow_not_available_workforce;missing_sex_cells_remain_null
2023-24,Sikkim,state_ut,Diploma,270,325,595,persons_reported_passed_out,33,189,https://aishe.gov.in/document-category/aishe-final-reports/,reported_education_flow_not_available_workforce;missing_sex_cells_remain_null
2023-24,Tamil Nadu,state_ut,Under Graduate,279620,340009,619629,persons_reported_passed_out,33,189,https://aishe.gov.in/document-category/aishe-final-reports/,reported_education_flow_not_available_workforce;missing_sex_cells_remain_null
2023-24,Tamil Nadu,state_ut,PG Diploma,1066,1227,2293,persons_reported_passed_out,33,189,https://aishe.gov.in/document-category/aishe-final-reports/,reported_education_flow_not_available_workforce;missing_sex_cells_remain_null
2023-24,Tamil Nadu,state_ut,Diploma,30143,13670,43813,persons_reported_passed_out,33,189,https://aishe.gov.in/document-category/aishe-final-reports/,reported_education_flow_not_available_workforce;missing_sex_cells_remain_null
2023-24,Telangana,state_ut,Under Graduate,116487,132743,249230,persons_reported_passed_out,33,189,https://aishe.gov.in/document-category/aishe-final-reports/,reported_education_flow_not_available_workforce;missing_sex_cells_remain_null
2023-24,Telangana,state_ut,PG Diploma,2381,2252,4633,persons_reported_passed_out,33,189,https://aishe.gov.in/document-category/aishe-final-reports/,reported_education_flow_not_available_workforce;missing_sex_cells_remain_null
2023-24,Telangana,state_ut,Diploma,11008,10035,21043,persons_reported_passed_out,33,189,https://aishe.gov.in/document-category/aishe-final-reports/,reported_education_flow_not_available_workforce;missing_sex_cells_remain_null
2023-24,D & N Haveli and Daman & Diu,state_ut,Under Graduate,905,1163,2068,persons_reported_passed_out,33,189,https://aishe.gov.in/document-category/aishe-final-reports/,reported_education_flow_not_available_workforce;missing_sex_cells_remain_null
2023-24,D & N Haveli and Daman & Diu,state_ut,PG Diploma,4,2,6,persons_reported_passed_out,33,189,https://aishe.gov.in/document-category/aishe-final-reports/,reported_education_flow_not_available_workforce;missing_sex_cells_remain_null
2023-24,D & N Haveli and Daman & Diu,state_ut,Diploma,211,68,279,persons_reported_passed_out,33,189,https://aishe.gov.in/document-category/aishe-final-reports/,reported_education_flow_not_available_workforce;missing_sex_cells_remain_null
2023-24,Tripura,state_ut,Under Graduate,9712,10498,20210,persons_reported_passed_out,33,189,https://aishe.gov.in/document-category/aishe-final-reports/,reported_education_flow_not_available_workforce;missing_sex_cells_remain_null
2023-24,Tripura,state_ut,PG Diploma,5,13,18,persons_reported_passed_out,33,189,https://aishe.gov.in/document-category/aishe-final-reports/,reported_education_flow_not_available_workforce;missing_sex_cells_remain_null
2023-24,Tripura,state_ut,Diploma,815,845,1660,persons_reported_passed_out,33,189,https://aishe.gov.in/document-category/aishe-final-reports/,reported_education_flow_not_available_workforce;missing_sex_cells_remain_null
2023-24,Uttar Pradesh,state_ut,Under Graduate,728749,748376,1477125,persons_reported_passed_out,33,189,https://aishe.gov.in/document-category/aishe-final-reports/,reported_education_flow_not_available_workforce;missing_sex_cells_remain_null
2023-24,Uttar Pradesh,state_ut,PG Diploma,4225,3146,7371,persons_reported_passed_out,33,189,https://aishe.gov.in/document-category/aishe-final-reports/,reported_education_flow_not_available_workforce;missing_sex_cells_remain_null
2023-24,Uttar Pradesh,state_ut,Diploma,81580,54170,135750,persons_reported_passed_out,33,189,https://aishe.gov.in/document-category/aishe-final-reports/,reported_education_flow_not_available_workforce;missing_sex_cells_remain_null
2023-24,Uttarakhand,state_ut,Under Graduate,40749,46206,86955,persons_reported_passed_out,33,189,https://aishe.gov.in/document-category/aishe-final-reports/,reported_education_flow_not_available_workforce;missing_sex_cells_remain_null
2023-24,Uttarakhand,state_ut,PG Diploma,138,173,311,persons_reported_passed_out,33,189,https://aishe.gov.in/document-category/aishe-final-reports/,reported_education_flow_not_available_workforce;missing_sex_cells_remain_null
2023-24,Uttarakhand,state_ut,Diploma,6959,2753,9712,persons_reported_passed_out,33,189,https://aishe.gov.in/document-category/aishe-final-reports/,reported_education_flow_not_available_workforce;missing_sex_cells_remain_null
2023-24,West Bengal,state_ut,Under Graduate,166384,182040,348424,persons_reported_passed_out,33,189,https://aishe.gov.in/document-category/aishe-final-reports/,reported_education_flow_not_available_workforce;missing_sex_cells_remain_null
2023-24,West Bengal,state_ut,PG Diploma,888,469,1357,persons_reported_passed_out,33,189,https://aishe.gov.in/document-category/aishe-final-reports/,reported_education_flow_not_available_workforce;missing_sex_cells_remain_null
2023-24,West Bengal,state_ut,Diploma,33898,22733,56631,persons_reported_passed_out,33,189,https://aishe.gov.in/document-category/aishe-final-reports/,reported_education_flow_not_available_workforce;missing_sex_cells_remain_null
2023-24,A & N Islands,state_ut,Integrated,12,12,24,persons_reported_passed_out,33,190,https://aishe.gov.in/document-category/aishe-final-reports/,reported_education_flow_not_available_workforce;missing_sex_cells_remain_null
2023-24,Andhra Pradesh,state_ut,Certificate,89,13,102,persons_reported_passed_out,33,190,https://aishe.gov.in/document-category/aishe-final-reports/,reported_education_flow_not_available_workforce;missing_sex_cells_remain_null
2023-24,Andhra Pradesh,state_ut,Integrated,1118,578,1696,persons_reported_passed_out,33,190,https://aishe.gov.in/document-category/aishe-final-reports/,reported_education_flow_not_available_workforce;missing_sex_cells_remain_null
2023-24,Arunachal Pradesh,state_ut,Certificate,139,58,197,persons_reported_passed_out,33,190,https://aishe.gov.in/document-category/aishe-final-reports/,reported_education_flow_not_available_workforce;missing_sex_cells_remain_null
2023-24,Arunachal Pradesh,state_ut,Integrated,141,118,259,persons_reported_passed_out,33,190,https://aishe.gov.in/document-category/aishe-final-reports/,reported_education_flow_not_available_workforce;missing_sex_cells_remain_null
2023-24,Assam,state_ut,Certificate,4239,6461,10700,persons_reported_passed_out,33,190,https://aishe.gov.in/document-category/aishe-final-reports/,reported_education_flow_not_available_workforce;missing_sex_cells_remain_null
2023-24,Assam,state_ut,Integrated,351,450,801,persons_reported_passed_out,33,190,https://aishe.gov.in/document-category/aishe-final-reports/,reported_education_flow_not_available_workforce;missing_sex_cells_remain_null
2023-24,Bihar,state_ut,Certificate,439,577,1016,persons_reported_passed_out,33,190,https://aishe.gov.in/document-category/aishe-final-reports/,reported_education_flow_not_available_workforce;missing_sex_cells_remain_null
2023-24,Bihar,state_ut,Integrated,388,224,612,persons_reported_passed_out,33,190,https://aishe.gov.in/document-category/aishe-final-reports/,reported_education_flow_not_available_workforce;missing_sex_cells_remain_null
2023-24,Chandigarh,state_ut,Certificate,105,155,260,persons_reported_passed_out,33,190,https://aishe.gov.in/document-category/aishe-final-reports/,reported_education_flow_not_available_workforce;missing_sex_cells_remain_null
2023-24,Chandigarh,state_ut,Integrated,139,212,351,persons_reported_passed_out,33,190,https://aishe.gov.in/document-category/aishe-final-reports/,reported_education_flow_not_available_workforce;missing_sex_cells_remain_null
2023-24,Chhattisgarh,state_ut,Certificate,172,338,510,persons_reported_passed_out,33,190,https://aishe.gov.in/document-category/aishe-final-reports/,reported_education_flow_not_available_workforce;missing_sex_cells_remain_null
2023-24,Chhattisgarh,state_ut,Integrated,378,411,789,persons_reported_passed_out,33,190,https://aishe.gov.in/document-category/aishe-final-reports/,reported_education_flow_not_available_workforce;missing_sex_cells_remain_null
2023-24,Delhi,state_ut,Certificate,312,431,743,persons_reported_passed_out,33,190,https://aishe.gov.in/document-category/aishe-final-reports/,reported_education_flow_not_available_workforce;missing_sex_cells_remain_null
2023-24,Delhi,state_ut,Integrated,966,621,1587,persons_reported_passed_out,33,190,https://aishe.gov.in/document-category/aishe-final-reports/,reported_education_flow_not_available_workforce;missing_sex_cells_remain_null
2023-24,Goa,state_ut,Certificate,184,12,196,persons_reported_passed_out,33,190,https://aishe.gov.in/document-category/aishe-final-reports/,reported_education_flow_not_available_workforce;missing_sex_cells_remain_null
2023-24,Goa,state_ut,Integrated,317,246,563,persons_reported_passed_out,33,190,https://aishe.gov.in/document-category/aishe-final-reports/,reported_education_flow_not_available_workforce;missing_sex_cells_remain_null
2023-24,Gujarat,state_ut,Certificate,4044,4530,8574,persons_reported_passed_out,33,190,https://aishe.gov.in/document-category/aishe-final-reports/,reported_education_flow_not_available_workforce;missing_sex_cells_remain_null
2023-24,Gujarat,state_ut,Integrated,1980,1527,3507,persons_reported_passed_out,33,190,https://aishe.gov.in/document-category/aishe-final-reports/,reported_education_flow_not_available_workforce;missing_sex_cells_remain_null
2023-24,Haryana,state_ut,Certificate,360,568,928,persons_reported_passed_out,33,190,https://aishe.gov.in/document-category/aishe-final-reports/,reported_education_flow_not_available_workforce;missing_sex_cells_remain_null
2023-24,Haryana,state_ut,Integrated,1905,1999,3904,persons_reported_passed_out,33,190,https://aishe.gov.in/document-category/aishe-final-reports/,reported_education_flow_not_available_workforce;missing_sex_cells_remain_null
2023-24,Himachal Pradesh,state_ut,Certificate,34,16,50,persons_reported_passed_out,33,190,https://aishe.gov.in/document-category/aishe-final-reports/,reported_education_flow_not_available_workforce;missing_sex_cells_remain_null
2023-24,Himachal Pradesh,state_ut,Integrated,284,185,469,persons_reported_passed_out,33,190,https://aishe.gov.in/document-category/aishe-final-reports/,reported_education_flow_not_available_workforce;missing_sex_cells_remain_null
2023-24,Jammu and Kashmir,state_ut,Certificate,54,215,269,persons_reported_passed_out,33,190,https://aishe.gov.in/document-category/aishe-final-reports/,reported_education_flow_not_available_workforce;missing_sex_cells_remain_null
2023-24,Jammu and Kashmir,state_ut,Integrated,744,1106,1850,persons_reported_passed_out,33,190,https://aishe.gov.in/document-category/aishe-final-reports/,reported_education_flow_not_available_workforce;missing_sex_cells_remain_null
2023-24,Jharkhand,state_ut,Certificate,593,298,891,persons_reported_passed_out,33,190,https://aishe.gov.in/document-category/aishe-final-reports/,reported_education_flow_not_available_workforce;missing_sex_cells_remain_null
2023-24,Jharkhand,state_ut,Integrated,448,298,746,persons_reported_passed_out,33,190,https://aishe.gov.in/document-category/aishe-final-reports/,reported_education_flow_not_available_workforce;missing_sex_cells_remain_null
2023-24,Karnataka,state_ut,Certificate,447,468,915,persons_reported_passed_out,33,190,https://aishe.gov.in/document-category/aishe-final-reports/,reported_education_flow_not_available_workforce;missing_sex_cells_remain_null
2023-24,Karnataka,state_ut,Integrated,1188,1266,2454,persons_reported_passed_out,33,190,https://aishe.gov.in/document-category/aishe-final-reports/,reported_education_flow_not_available_workforce;missing_sex_cells_remain_null
2023-24,Kerala,state_ut,Certificate,991,614,1605,persons_reported_passed_out,33,190,https://aishe.gov.in/document-category/aishe-final-reports/,reported_education_flow_not_available_workforce;missing_sex_cells_remain_null
2023-24,Kerala,state_ut,Integrated,655,1250,1905,persons_reported_passed_out,33,190,https://aishe.gov.in/document-category/aishe-final-reports/,reported_education_flow_not_available_workforce;missing_sex_cells_remain_null
2023-24,Ladakh,state_ut,Certificate,45,22,67,persons_reported_passed_out,33,190,https://aishe.gov.in/document-category/aishe-final-reports/,reported_education_flow_not_available_workforce;missing_sex_cells_remain_null
2023-24,Madhya Pradesh,state_ut,Certificate,1386,629,2015,persons_reported_passed_out,33,190,https://aishe.gov.in/document-category/aishe-final-reports/,reported_education_flow_not_available_workforce;missing_sex_cells_remain_null
2023-24,Madhya Pradesh,state_ut,Integrated,3516,3279,6795,persons_reported_passed_out,33,190,https://aishe.gov.in/document-category/aishe-final-reports/,reported_education_flow_not_available_workforce;missing_sex_cells_remain_null
2023-24,Maharashtra,state_ut,Certificate,5972,4234,10206,persons_reported_passed_out,33,190,https://aishe.gov.in/document-category/aishe-final-reports/,reported_education_flow_not_available_workforce;missing_sex_cells_remain_null
2023-24,Maharashtra,state_ut,Integrated,1887,1873,3760,persons_reported_passed_out,33,190,https://aishe.gov.in/document-category/aishe-final-reports/,reported_education_flow_not_available_workforce;missing_sex_cells_remain_null
2023-24,Manipur,state_ut,Certificate,26,18,44,persons_reported_passed_out,33,190,https://aishe.gov.in/document-category/aishe-final-reports/,reported_education_flow_not_available_workforce;missing_sex_cells_remain_null
2023-24,Manipur,state_ut,Integrated,6,19,25,persons_reported_passed_out,33,190,https://aishe.gov.in/document-category/aishe-final-reports/,reported_education_flow_not_available_workforce;missing_sex_cells_remain_null
2023-24,Meghalaya,state_ut,Certificate,22,28,50,persons_reported_passed_out,33,190,https://aishe.gov.in/document-category/aishe-final-reports/,reported_education_flow_not_available_workforce;missing_sex_cells_remain_null
2023-24,Meghalaya,state_ut,Integrated,19,38,57,persons_reported_passed_out,33,190,https://aishe.gov.in/document-category/aishe-final-reports/,reported_education_flow_not_available_workforce;missing_sex_cells_remain_null
2023-24,Mizoram,state_ut,Certificate,114,97,211,persons_reported_passed_out,33,190,https://aishe.gov.in/document-category/aishe-final-reports/,reported_education_flow_not_available_workforce;missing_sex_cells_remain_null
2023-24,Mizoram,state_ut,Integrated,4,2,6,persons_reported_passed_out,33,190,https://aishe.gov.in/document-category/aishe-final-reports/,reported_education_flow_not_available_workforce;missing_sex_cells_remain_null
2023-24,Nagaland,state_ut,Certificate,224,258,482,persons_reported_passed_out,33,190,https://aishe.gov.in/document-category/aishe-final-reports/,reported_education_flow_not_available_workforce;missing_sex_cells_remain_null
2023-24,Odisha,state_ut,Certificate,204,393,597,persons_reported_passed_out,33,190,https://aishe.gov.in/document-category/aishe-final-reports/,reported_education_flow_not_available_workforce;missing_sex_cells_remain_null
2023-24,Odisha,state_ut,Integrated,1182,1198,2380,persons_reported_passed_out,33,190,https://aishe.gov.in/document-category/aishe-final-reports/,reported_education_flow_not_available_workforce;missing_sex_cells_remain_null
2023-24,Puducherry,state_ut,Integrated,59,157,216,persons_reported_passed_out,33,190,https://aishe.gov.in/document-category/aishe-final-reports/,reported_education_flow_not_available_workforce;missing_sex_cells_remain_null
2023-24,Punjab,state_ut,Certificate,1170,2319,3489,persons_reported_passed_out,33,190,https://aishe.gov.in/document-category/aishe-final-reports/,reported_education_flow_not_available_workforce;missing_sex_cells_remain_null
2023-24,Punjab,state_ut,Integrated,1475,2057,3532,persons_reported_passed_out,33,190,https://aishe.gov.in/document-category/aishe-final-reports/,reported_education_flow_not_available_workforce;missing_sex_cells_remain_null
2023-24,Rajasthan,state_ut,Certificate,769,947,1716,persons_reported_passed_out,33,190,https://aishe.gov.in/document-category/aishe-final-reports/,reported_education_flow_not_available_workforce;missing_sex_cells_remain_null
2023-24,Rajasthan,state_ut,Integrated,18265,19344,37609,persons_reported_passed_out,33,190,https://aishe.gov.in/document-category/aishe-final-reports/,reported_education_flow_not_available_workforce;missing_sex_cells_remain_null
2023-24,Sikkim,state_ut,Certificate,37,6,43,persons_reported_passed_out,33,190,https://aishe.gov.in/document-category/aishe-final-reports/,reported_education_flow_not_available_workforce;missing_sex_cells_remain_null
2023-24,Sikkim,state_ut,Integrated,25,44,69,persons_reported_passed_out,33,190,https://aishe.gov.in/document-category/aishe-final-reports/,reported_education_flow_not_available_workforce;missing_sex_cells_remain_null
2023-24,Tamil Nadu,state_ut,Certificate,9096,12794,21890,persons_reported_passed_out,33,190,https://aishe.gov.in/document-category/aishe-final-reports/,reported_education_flow_not_available_workforce;missing_sex_cells_remain_null
2023-24,Tamil Nadu,state_ut,Integrated,2174,2224,4398,persons_reported_passed_out,33,190,https://aishe.gov.in/document-category/aishe-final-reports/,reported_education_flow_not_available_workforce;missing_sex_cells_remain_null
2023-24,Telangana,state_ut,Certificate,1367,513,1880,persons_reported_passed_out,33,190,https://aishe.gov.in/document-category/aishe-final-reports/,reported_education_flow_not_available_workforce;missing_sex_cells_remain_null
2023-24,Telangana,state_ut,Integrated,777,525,1302,persons_reported_passed_out,33,190,https://aishe.gov.in/document-category/aishe-final-reports/,reported_education_flow_not_available_workforce;missing_sex_cells_remain_null
2023-24,D & N Haveli and Daman & Diu,state_ut,Integrated,2,9,11,persons_reported_passed_out,33,190,https://aishe.gov.in/document-category/aishe-final-reports/,reported_education_flow_not_available_workforce;missing_sex_cells_remain_null
2023-24,Tripura,state_ut,Certificate,16,61,77,persons_reported_passed_out,33,190,https://aishe.gov.in/document-category/aishe-final-reports/,reported_education_flow_not_available_workforce;missing_sex_cells_remain_null
2023-24,Tripura,state_ut,Integrated,119,94,213,persons_reported_passed_out,33,190,https://aishe.gov.in/document-category/aishe-final-reports/,reported_education_flow_not_available_workforce;missing_sex_cells_remain_null
2023-24,Uttar Pradesh,state_ut,Certificate,4121,4321,8442,persons_reported_passed_out,33,190,https://aishe.gov.in/document-category/aishe-final-reports/,reported_education_flow_not_available_workforce;missing_sex_cells_remain_null
2023-24,Uttar Pradesh,state_ut,Integrated,6394,4422,10816,persons_reported_passed_out,33,190,https://aishe.gov.in/document-category/aishe-final-reports/,reported_education_flow_not_available_workforce;missing_sex_cells_remain_null
2023-24,Uttarakhand,state_ut,Certificate,138,37,175,persons_reported_passed_out,33,190,https://aishe.gov.in/document-category/aishe-final-reports/,reported_education_flow_not_available_workforce;missing_sex_cells_remain_null
2023-24,Uttarakhand,state_ut,Integrated,836,452,1288,persons_reported_passed_out,33,190,https://aishe.gov.in/document-category/aishe-final-reports/,reported_education_flow_not_available_workforce;missing_sex_cells_remain_null
2023-24,West Bengal,state_ut,Certificate,3207,2488,5695,persons_reported_passed_out,33,190,https://aishe.gov.in/document-category/aishe-final-reports/,reported_education_flow_not_available_workforce;missing_sex_cells_remain_null
2023-24,West Bengal,state_ut,Integrated,1805,1434,3239,persons_reported_passed_out,33,190,https://aishe.gov.in/document-category/aishe-final-reports/,reported_education_flow_not_available_workforce;missing_sex_cells_remain_null
