source_serial,title,qualification_code,sector,nsqf_level,maximum_hours,minimum_hours,version,originally_approved,valid_till,validity_status,status_as_of,awarding_body,proposed_occupation,qualification_type,adopted_qualification,training_delivery_hours_json,source_url,quality_flag,nsqf_level_label,maximum_hours_label,minimum_hours_label,originally_approved_label,valid_till_label
30,Field Technician Computing And Peripherals,2021/EHW/ESSC/04794,Electronics & HW,4.0,510,510,,2021-12-30,2026-12-30,within_listed_validity,2026-10-02,Electronics Sector Skills Council Of India (ESSCI),After Sales Service,Multi-Skill Qualification,N.A.,"{""Theory"":""126"",""Practical"":""174"",""EmployabilitySkills"":""60"",""OJT_Mandatory"":""150""}",https://nqr.gov.in/qualifications-search,publisher_listed_validity;version_and_hours_missing_where_unparseable;not_training_capacity,Level 4,510 Hours,510 Hours,30 Dec 2021,30 Dec 2026
31,Wiring Harness Assembly Operator,2021/EHW/ESSC/04792,Electronics & HW,3.0,390,390,,2021-12-30,2027-01-27,within_listed_validity,2026-10-02,Electronics Sector Skills Council Of India (ESSCI),Production-EMS,"Heritage/Traditional Qualification,Multi-Skill Qualification",N.A.,"{""Theory"":""120"",""Practical"":""150"",""EmployabilitySkills"":""30"",""OJT_Mandatory"":""90""}",https://nqr.gov.in/qualifications-search,publisher_listed_validity;version_and_hours_missing_where_unparseable;not_training_capacity,Level 3,390 Hours,390 Hours,30 Dec 2021,27 Jan 2027
32,Motor & Controller Repairing Technician,2021/EHW/ESSC/04790,Electronics & HW,4.0,450,450,,2021-12-30,2026-12-30,within_listed_validity,2026-10-02,Electronics Sector Skills Council Of India (ESSCI),After Sale Support-EM&B,"Future Skills Qualification,Multi-Skill Qualification",N.A.,"{""Theory"":""96"",""Practical"":""144"",""EmployabilitySkills"":""60"",""OJT_Mandatory"":""150""}",https://nqr.gov.in/qualifications-search,publisher_listed_validity;version_and_hours_missing_where_unparseable;not_training_capacity,Level 4,450 Hours,450 Hours,30 Dec 2021,30 Dec 2026
33,Battery System Repair Technician,2021/EHW/ESSC/04789,Electronics & HW,4.0,450,450,,2021-12-30,2026-12-30,within_listed_validity,2026-10-02,Electronics Sector Skills Council Of India (ESSCI),After Sale Support-EM&B,"Future Skills Qualification,Multi-Skill Qualification",N.A.,"{""Theory"":""90"",""Practical"":""150"",""EmployabilitySkills"":""60"",""OJT_Mandatory"":""150""}",https://nqr.gov.in/qualifications-search,publisher_listed_validity;version_and_hours_missing_where_unparseable;not_training_capacity,Level 4,450 Hours,450 Hours,30 Dec 2021,30 Dec 2026
34,Motor and Controller Design Engineer,2021/EHW/ESSC/04788,Electronics & HW,5.0,600,600,,2021-12-30,2026-12-30,within_listed_validity,2026-10-02,Electronics Sector Skills Council Of India (ESSCI),Product Design & Development-EM&B,"Future Skills Qualification,General Qualification",N.A.,"{""Theory"":""144"",""Practical"":""216"",""EmployabilitySkills"":""90"",""OJT_Mandatory"":""150""}",https://nqr.gov.in/qualifications-search,publisher_listed_validity;version_and_hours_missing_where_unparseable;not_training_capacity,Level 5,600 Hours,600 Hours,30 Dec 2021,30 Dec 2026
35,Battery System Design Engineer,2021/EHW/ESSC/04787,Electronics & HW,5.0,600,600,,2021-12-30,2026-12-30,within_listed_validity,2026-10-02,Electronics Sector Skills Council Of India (ESSCI),Product Design & Development-EM&B,"Future Skills Qualification,Multi-Skill Qualification",N.A.,"{""Theory"":""144"",""Practical"":""216"",""EmployabilitySkills"":""90"",""OJT_Mandatory"":""150""}",https://nqr.gov.in/qualifications-search,publisher_listed_validity;version_and_hours_missing_where_unparseable;not_training_capacity,Level 5,600 Hours,600 Hours,30 Dec 2021,30 Dec 2026
36,Electronic Hardware Assembly Operator,2021/EHW/ESSC/04786,Electronics & HW,4.0,450,450,,2021-12-30,2026-12-30,within_listed_validity,2026-10-02,Electronics Sector Skills Council Of India (ESSCI),After Sales Support-EM&B,"Future Skills Qualification,Multi-Skill Qualification",N.A.,"{""Theory"":""90"",""Practical"":""150"",""EmployabilitySkills"":""60"",""OJT_Mandatory"":""150""}",https://nqr.gov.in/qualifications-search,publisher_listed_validity;version_and_hours_missing_where_unparseable;not_training_capacity,Level 4,450 Hours,450 Hours,30 Dec 2021,30 Dec 2026
37,Battery System Assembly Operator,2021/EHW/ESSC/04785,Electronics & HW,4.0,450,450,,2021-12-30,2026-12-30,within_listed_validity,2026-10-02,Electronics Sector Skills Council Of India (ESSCI),Assembly-EM&B,"Future Skills Qualification,Multi-Skill Qualification",N.A.,"{""Theory"":""96"",""Practical"":""144"",""EmployabilitySkills"":""60"",""OJT_Mandatory"":""150""}",https://nqr.gov.in/qualifications-search,publisher_listed_validity;version_and_hours_missing_where_unparseable;not_training_capacity,Level 4,450 Hours,450 Hours,30 Dec 2021,30 Dec 2026
52,Digital Cable Technician – Access,2022/EHW/ESSC/05138,Electronics & HW,4.0,600,600,,2022-01-27,2027-01-27,within_listed_validity,2026-10-02,Electronics Sector Skills Council Of India (ESSCI),After Sales Service,Multi-Skill Qualification,N.A.,"{""Theory"":""156"",""Practical"":""236"",""EmployabilitySkills"":""60"",""OJT_Mandatory"":""150""}",https://nqr.gov.in/qualifications-search,publisher_listed_validity;version_and_hours_missing_where_unparseable;not_training_capacity,Level 4,600 Hours,600 Hours,27 Jan 2022,27 Jan 2027
136,In-Store Demonstrator,2022/EHW/ESSC/05381,Electronics & HW,3.0,450,450,,2022-02-24,2027-02-24,within_listed_validity,2026-10-02,Electronics Sector Skills Council Of India (ESSCI),Pre sales service,"Heritage/Traditional Qualification,Multi-Skill Qualification",N.A.,"{""Theory"":""90"",""Practical"":""120"",""EmployabilitySkills"":""30"",""OJT_Mandatory"":""210""}",https://nqr.gov.in/qualifications-search,publisher_listed_validity;version_and_hours_missing_where_unparseable;not_training_capacity,Level 3,450 Hours,450 Hours,24 Feb 2022,24 Feb 2027
170,O Level ‘IT’,2022/ITES/NIELIT/05878,IT-ITeS,4.0,540,540,,2022-05-26,2027-05-26,within_listed_validity,2026-10-02,National Institute of Electronics and Information Technology (NIELIT),i. User Interface (UI) Designer ii. Web Designer iii. Web Publication Assistant iv. Office Automation Assistant v. IoT Application Integrator,"Future Skills Qualification,General Qualification",N.A.,"{""Theory"":""192"",""Practical"":""288"",""EmployabilitySkills"":""0"",""OJT_Mandatory"":""0""}",https://nqr.gov.in/qualifications-search,publisher_listed_validity;version_and_hours_missing_where_unparseable;not_training_capacity,Level 4,540 Hours,540 Hours,26 May 2022,26 May 2027
171,A Level (IT),2022/ITES/NIELIT/05879,IT-ITeS,5.0,1620,1620,,2022-05-26,2027-05-26,within_listed_validity,2026-10-02,National Institute of Electronics and Information Technology (NIELIT),i. Freelancer (self-employed) ii. Full Stack Developer iii. Data Scientist/ Data Analyst iv. IoT Architect v. IoT Developer vi. Business Intelligence Analyst vii. Information Security Analyst viii. Training Faculty,Future Skills Qualification,N.A.,"{""Theory"":""480"",""Practical"":""720"",""EmployabilitySkills"":""0"",""OJT_Mandatory"":""420""}",https://nqr.gov.in/qualifications-search,publisher_listed_validity;version_and_hours_missing_where_unparseable;not_training_capacity,Level 5,1620 Hours,1620 Hours,26 May 2022,26 May 2027
658,AI Ethics Specialist,QG-06-IT-01274-2023-V1-MSU,IT-ITeS,6.0,720,720,,2023-11-01,2026-10-31,within_listed_validity,2026-10-02,Medhavi Skill University,Artificial Intelligence,Future Skills Qualification,N.A.,"{""Theory"":""180"",""Practical"":""290"",""EmployabilitySkills"":""90"",""OJT_Mandatory"":""160""}",https://nqr.gov.in/qualifications-search,publisher_listed_validity;version_and_hours_missing_where_unparseable;not_training_capacity,Level 6,720 Hours,720 Hours,01 Nov 2023,31 Oct 2026
691,Application Development - Android,QG-04-IT-01257-2023-V2-HART,IT-ITeS,4.0,390,390,,2020-06-25,2026-11-01,within_listed_validity,2026-10-02,Haryana State Electronics Development Corporation Limited (HARTRON),Mobile application Development,General Qualification,N.A.,"{""Theory"":""95"",""Practical"":""205"",""EmployabilitySkills"":""60"",""OJT_Mandatory"":""30""}",https://nqr.gov.in/qualifications-search,publisher_listed_validity;version_and_hours_missing_where_unparseable;not_training_capacity,Level 4,390 Hours,390 Hours,25 Jun 2020,01 Nov 2026
763,Cyber Security for Cloud Infrastructure,NG-05-IT-01428-2023-V1-NIELIT & Version 1,IT-ITeS,5.0,120,120,,2023-11-30,2026-11-30,within_listed_validity,2026-10-02,National Institute of Electronics and Information Technology (NIELIT),"Cyber Security, Cloud Management",Future Skills Qualification,N.A.,"{""Theory"":""60"",""Practical"":""60"",""EmployabilitySkills"":""0"",""OJT_Mandatory"":""0""}",https://nqr.gov.in/qualifications-search,publisher_listed_validity;version_and_hours_missing_where_unparseable;not_training_capacity,Level 5,120 Hours,120 Hours,30 Nov 2023,30 Nov 2026
766,Vulnerability Assessment and Penetration Testing and IAM Essentials,NG-05-IT-01429-2023-V1-NIELIT,IT-ITeS,5.0,90,90,,2023-11-30,2026-11-30,within_listed_validity,2026-10-02,National Institute of Electronics and Information Technology (NIELIT),Cyber Security,General Qualification,N.A.,"{""Theory"":""40"",""Practical"":""50"",""EmployabilitySkills"":""0"",""OJT_Mandatory"":""0""}",https://nqr.gov.in/qualifications-search,publisher_listed_validity;version_and_hours_missing_where_unparseable;not_training_capacity,Level 5,90 Hours,90 Hours,30 Nov 2023,30 Nov 2026
767,IT Professional Skills,NG-05-IT-01432-2023-V1-NIELIT & Version 1,IT-ITeS,5.0,60,60,,2023-11-30,2026-11-30,within_listed_validity,2026-10-02,National Institute of Electronics and Information Technology (NIELIT),...,National Occupational Standard,N.A.,"{""Theory"":""40"",""Practical"":""20"",""EmployabilitySkills"":""00"",""OJT_Mandatory"":""00""}",https://nqr.gov.in/qualifications-search,publisher_listed_validity;version_and_hours_missing_where_unparseable;not_training_capacity,Level 5,60 Hours,60 Hours,30 Nov 2023,30 Nov 2026
768,New Technologies Introduction,NG-05-IT-01430-2023-V1-NIELIT & Version 1,IT-ITeS,5.0,60,60,,2023-11-30,2026-11-30,within_listed_validity,2026-10-02,National Institute of Electronics and Information Technology (NIELIT),"AI Development, IT Operation","Future Skills Qualification,OEM Qualification,Upskilling Qualification",N.A.,"{""Theory"":""30"",""Practical"":""30"",""EmployabilitySkills"":""0"",""OJT_Mandatory"":""0""}",https://nqr.gov.in/qualifications-search,publisher_listed_validity;version_and_hours_missing_where_unparseable;not_training_capacity,Level 5,60 Hours,60 Hours,30 Nov 2023,30 Nov 2026
769,Risk Control and Internal Audit – IT,NG-05-IT-01431-2023-V1-NIELIT & Version 1,IT-ITeS,5.0,60,60,,2024-11-30,2026-11-30,within_listed_validity,2026-10-02,National Institute of Electronics and Information Technology (NIELIT),"IT Operation, IT Support","General Qualification,OEM Qualification",N.A.,"{""Theory"":""30"",""Practical"":""30"",""EmployabilitySkills"":""0"",""OJT_Mandatory"":""0""}",https://nqr.gov.in/qualifications-search,publisher_listed_validity;version_and_hours_missing_where_unparseable;not_training_capacity,Level 5,60 Hours,60 Hours,30 Nov 2024,30 Nov 2026
770,Essentials of Big Data,NG-05-IT-01427-2023-V1-NIELIT & Version 1,IT-ITeS,5.0,90,90,,2023-11-30,2026-11-30,within_listed_validity,2026-10-02,National Institute of Electronics and Information Technology (NIELIT),Data Analytics,Future Skills Qualification,N.A.,"{""Theory"":""40"",""Practical"":""50"",""EmployabilitySkills"":""0"",""OJT_Mandatory"":""0""}",https://nqr.gov.in/qualifications-search,publisher_listed_validity;version_and_hours_missing_where_unparseable;not_training_capacity,Level 5,90 Hours,90 Hours,30 Nov 2023,30 Nov 2026
771,Essentials of Data Warehousing,NG-05-IT-01426-2023-V1-NIELIT and Version 1,IT-ITeS,5.0,90,90,,2023-11-30,2026-11-30,within_listed_validity,2026-10-02,National Institute of Electronics and Information Technology (NIELIT),Data Analytics,Future Skills Qualification,N.A.,"{""Theory"":""40"",""Practical"":""50"",""EmployabilitySkills"":""0"",""OJT_Mandatory"":""0""}",https://nqr.gov.in/qualifications-search,publisher_listed_validity;version_and_hours_missing_where_unparseable;not_training_capacity,Level 5,90 Hours,90 Hours,30 Nov 2023,30 Nov 2026
772,Google Cloud Platform (GCP) Essentials,NG-05-IT-01423-2023-V1-NIELIT & Version 1,IT-ITeS,5.0,90,90,,2023-11-30,2026-11-30,within_listed_validity,2026-10-02,National Institute of Electronics and Information Technology (NIELIT),Cloud Management,Future Skills Qualification,N.A.,"{""Theory"":""40"",""Practical"":""50"",""EmployabilitySkills"":""0"",""OJT_Mandatory"":""0""}",https://nqr.gov.in/qualifications-search,publisher_listed_validity;version_and_hours_missing_where_unparseable;not_training_capacity,Level 5,90 Hours,90 Hours,30 Nov 2023,30 Nov 2026
773,Informatica Cloud Essentials,NG-05-IT-01424-2023-V1-NIELIT & Version 1,IT-ITeS,5.0,90,90,,2023-11-30,2026-11-30,within_listed_validity,2026-10-02,National Institute of Electronics and Information Technology (NIELIT),Cloud Management,Future Skills Qualification,N.A.,"{""Theory"":""40"",""Practical"":""50"",""EmployabilitySkills"":""0"",""OJT_Mandatory"":""0""}",https://nqr.gov.in/qualifications-search,publisher_listed_validity;version_and_hours_missing_where_unparseable;not_training_capacity,Level 5,90 Hours,90 Hours,30 Nov 2023,30 Nov 2026
774,Cloud Computing with AWS and Azure,NG-05-IT-01422-2023-V1-NIELIT & Version 1,IT-ITeS,5.0,120,120,,2023-11-30,2026-11-30,within_listed_validity,2026-10-02,National Institute of Electronics and Information Technology (NIELIT),...,Future Skills Qualification,N.A.,"{""Theory"":""60"",""Practical"":""60"",""EmployabilitySkills"":""00"",""OJT_Mandatory"":""00""}",https://nqr.gov.in/qualifications-search,publisher_listed_validity;version_and_hours_missing_where_unparseable;not_training_capacity,Level 5,120 Hours,120 Hours,30 Nov 2023,30 Nov 2026
775,Data Analysis with Python and SQL,NG-05-IT-01425-2023-V1-NIELIT & Version 1,IT-ITeS,5.0,120,120,,2023-11-30,2026-11-30,within_listed_validity,2026-10-02,National Institute of Electronics and Information Technology (NIELIT),Data Analytics,Future Skills Qualification,N.A.,"{""Theory"":""60"",""Practical"":""60"",""EmployabilitySkills"":""0"",""OJT_Mandatory"":""0""}",https://nqr.gov.in/qualifications-search,publisher_listed_validity;version_and_hours_missing_where_unparseable;not_training_capacity,Level 5,120 Hours,120 Hours,30 Nov 2023,30 Nov 2026
778,Introduction to Electric Vehicles,NM-04-AU-01302-2023-V1-IACE,Automotive,4.0,30,30,,2023-11-01,2026-10-30,within_listed_validity,2026-10-02,International Automobile Centre of Excellence (iACE),N/A,Micro Credentials,N.A.,"{""Theory"":""15"",""Practical"":""15"",""EmployabilitySkills"":""00"",""OJT_Mandatory"":""00""}",https://nqr.gov.in/qualifications-search,publisher_listed_validity;version_and_hours_missing_where_unparseable;not_training_capacity,Level 4,30 Hours,30 Hours,01 Nov 2023,30 Oct 2026
779,JUNIOR SUPERVISOR - Registered Vehicle Scrapping Facility (RVSF),QG-4.5-AU-01260-2023-V1-IACE,Automotive,4.5,510,510,,2023-11-01,2026-10-30,within_listed_validity,2026-10-02,International Automobile Centre of Excellence (iACE),Junior Supervisor - Registered vehicle Scrapping Facility,Future Skills Qualification,N.A.,"{""Theory"":""135"",""Practical"":""210"",""EmployabilitySkills"":""60"",""OJT_Mandatory"":""105""}",https://nqr.gov.in/qualifications-search,publisher_listed_validity;version_and_hours_missing_where_unparseable;not_training_capacity,Level 4.5,510 Hours,510 Hours,01 Nov 2023,30 Oct 2026
780,Technician - Registered Vehicle Scrapping Facility (RVSF),QG-4.5-AU-01261-2023-V1-IACE,Automotive,4.0,420,420,,2024-01-31,2027-01-30,within_listed_validity,2026-10-02,International Automobile Centre of Excellence (iACE),Technician - Registered Vehicle Scrapping Facility,Future Skills Qualification,N.A.,"{""Theory"":""120"",""Practical"":""165"",""EmployabilitySkills"":""30"",""OJT_Mandatory"":""105""}",https://nqr.gov.in/qualifications-search,publisher_listed_validity;version_and_hours_missing_where_unparseable;not_training_capacity,Level 4,420 Hours,420 Hours,31 Jan 2024,30 Jan 2027
785,PCB NPI – Fabrication and Verification Specialist,QG-05-AG-01265-2023-V1-CUTM,Electronics & HW,5.0,540,540,,2023-11-01,2026-10-31,within_listed_validity,2026-10-02,Centurion University of Technology and Management (CUTM),PCB Fabrication and Verification,General Qualification,N.A.,"{""Theory"":""150"",""Practical"":""300"",""EmployabilitySkills"":""60"",""OJT_Mandatory"":""30""}",https://nqr.gov.in/qualifications-search,publisher_listed_validity;version_and_hours_missing_where_unparseable;not_training_capacity,Level 5,540 Hours,540 Hours,01 Nov 2023,31 Oct 2026
792,Programming with Python,NG-04-IT-01294-2023-V1-HART,IT-ITeS,4.0,120,120,,2023-11-01,2026-11-01,within_listed_validity,2026-10-02,Haryana State Electronics Development Corporation Limited (HARTRON),Python Programmer,National Occupational Standard,N.A.,"{""Theory"":""40"",""Practical"":""80"",""EmployabilitySkills"":""0"",""OJT_Mandatory"":""0""}",https://nqr.gov.in/qualifications-search,publisher_listed_validity;version_and_hours_missing_where_unparseable;not_training_capacity,Level 4,120 Hours,120 Hours,01 Nov 2023,01 Nov 2026
817,JUNIOR TYRE SPECIALIST,QG-4.5-AU-00630-2023-V1-IACE,Automotive,4.5,450,450,,2024-03-08,2027-03-07,within_listed_validity,2026-10-02,International Automobile Centre of Excellence (iACE),Junior Tyre Specialist,General Qualification,N.A.,"{""Theory"":""150"",""Practical"":""180"",""EmployabilitySkills"":""0"",""OJT_Mandatory"":""120""}",https://nqr.gov.in/qualifications-search,publisher_listed_validity;version_and_hours_missing_where_unparseable;not_training_capacity,Level 4.5,450 Hours,450 Hours,08 Mar 2024,07 Mar 2027
821,Data Engineering with Analytics and Visualization,NG-05-IT-01718-2023-V1-HCL,IT-ITeS,5.0,210,210,,2024-01-31,2027-06-30,within_listed_validity,2026-10-02,HCL Technologies,...,Multi-Skill Qualification,N.A.,"{""Theory"":""80"",""Practical"":""130"",""EmployabilitySkills"":""00"",""OJT_Mandatory"":""00""}",https://nqr.gov.in/qualifications-search,publisher_listed_validity;version_and_hours_missing_where_unparseable;not_training_capacity,Level 5,210 Hours,210 Hours,31 Jan 2024,30 Jun 2027
822,Full Stack Java Development with AI,NG-05-IT-01717-2023-V1-HCL,IT-ITeS,5.0,210,210,,2024-01-31,2027-01-30,within_listed_validity,2026-10-02,HCL Technologies,Java Developer,Multi-Skill Qualification,N.A.,"{""Theory"":""72"",""Practical"":""108"",""EmployabilitySkills"":""00"",""OJT_Mandatory"":""30""}",https://nqr.gov.in/qualifications-search,publisher_listed_validity;version_and_hours_missing_where_unparseable;not_training_capacity,Level 5,210 Hours,210 Hours,31 Jan 2024,30 Jan 2027
823,Java Web Development with AI,NG-4.5-IT-01716-2023-V1-HCL,IT-ITeS,4.5,210,210,,2024-01-31,2027-01-30,within_listed_validity,2026-10-02,HCL Technologies,Java Web Developer,Multi-Skill Qualification,N.A.,"{""Theory"":""72"",""Practical"":""108"",""EmployabilitySkills"":""00"",""OJT_Mandatory"":""30""}",https://nqr.gov.in/qualifications-search,publisher_listed_validity;version_and_hours_missing_where_unparseable;not_training_capacity,Level 4.5,210 Hours,210 Hours,31 Jan 2024,30 Jan 2027
870,Python developer,NG-04-IT-02099-2024-V1-NASSCOM,IT-ITeS,4.0,64,64,,2024-01-31,2027-01-31,within_listed_validity,2026-10-02,IT-ITeS Sector Skills Council NASSCOM (SSC NASSCOM),Artificial Intelligence and Big Data Analytics,"Future Skills Qualification,OEM Qualification",N.A.,"{""Theory"":""31"",""Practical"":""33"",""EmployabilitySkills"":""0"",""OJT_Mandatory"":""0""}",https://nqr.gov.in/qualifications-search,publisher_listed_validity;version_and_hours_missing_where_unparseable;not_training_capacity,Level 4,64 Hours,64 Hours,31 Jan 2024,31 Jan 2027
891,Biomedical Equipment Maintenance Assistant,QG-03-EH-01966-2024-V1-NIELIT,Electronics & HW,3.0,300,300,,2024-01-31,2027-01-31,within_listed_validity,2026-10-02,National Institute of Electronics and Information Technology (NIELIT),Electronics Equipment Services,General Qualification,N.A.,"{""Theory"":""90"",""Practical"":""120"",""EmployabilitySkills"":""30"",""OJT_Mandatory"":""60""}",https://nqr.gov.in/qualifications-search,publisher_listed_validity;version_and_hours_missing_where_unparseable;not_training_capacity,Level 3,300 Hours,300 Hours,31 Jan 2024,31 Jan 2027
908,Assistant Robotics Technician (Introduction),QG-03-EH-01992-2024-V1-TSSC,Electronics & HW,3.0,420,420,,2024-01-31,2027-01-31,within_listed_validity,2026-10-02,Electronics Sector Skills Council Of India (ESSCI),After Sales Service - I & A,Future Skills Qualification,N.A.,"{""Theory"":""90"",""Practical"":""180"",""EmployabilitySkills"":""60"",""OJT_Mandatory"":""90""}",https://nqr.gov.in/qualifications-search,publisher_listed_validity;version_and_hours_missing_where_unparseable;not_training_capacity,Level 3,420 Hours,420 Hours,31 Jan 2024,31 Jan 2027
909,Industrial safety for semiconductor manufacturing - Electrical,NG-05-EH-02093-2024-V1-ESSC,Electronics & HW,5.0,60,60,,2024-01-31,2027-01-31,within_listed_validity,2026-10-02,Electronics Sector Skills Council Of India (ESSCI),Safety,Future Skills Qualification,N.A.,"{""Theory"":""30"",""Practical"":""30"",""EmployabilitySkills"":""00"",""OJT_Mandatory"":""00""}",https://nqr.gov.in/qualifications-search,publisher_listed_validity;version_and_hours_missing_where_unparseable;not_training_capacity,Level 5,60 Hours,60 Hours,31 Jan 2024,31 Jan 2027
910,Industrial safety for semiconductor manufacturing - Hazchem,NG-05-EH-02094-2024-V1-ESSC,Electronics & HW,5.0,60,60,,2024-01-31,2027-01-31,within_listed_validity,2026-10-02,Electronics Sector Skills Council Of India (ESSCI),Safety,Future Skills Qualification,N.A.,"{""Theory"":""30"",""Practical"":""30"",""EmployabilitySkills"":""00"",""OJT_Mandatory"":""00""}",https://nqr.gov.in/qualifications-search,publisher_listed_validity;version_and_hours_missing_where_unparseable;not_training_capacity,Level 5,60 Hours,60 Hours,31 Jan 2024,31 Jan 2027
911,Junior Engineer Drone (R & D),QG-5.5-EH-01991-2024-V1-TSSC,Electronics & HW,5.5,540,540,,2024-01-31,2027-01-31,within_listed_validity,2026-10-02,Electronics Sector Skills Council Of India (ESSCI),Product Design & Development – EM & B,Future Skills Qualification,N.A.,"{""Theory"":""90"",""Practical"":""270"",""EmployabilitySkills"":""60"",""OJT_Mandatory"":""120""}",https://nqr.gov.in/qualifications-search,publisher_listed_validity;version_and_hours_missing_where_unparseable;not_training_capacity,Level 5.5,540 Hours,540 Hours,31 Jan 2024,31 Jan 2027
920,Cloud essentials,NG-03-IT-02100-2024-V1-NASSCOM,IT-ITeS,3.0,30,30,,2024-01-31,2027-01-31,within_listed_validity,2026-10-02,IT-ITeS Sector Skills Council NASSCOM (SSC NASSCOM),N/A,"Future Skills Qualification,OEM Qualification",N.A.,"{""Theory"":""20"",""Practical"":""10"",""EmployabilitySkills"":""00"",""OJT_Mandatory"":""00""}",https://nqr.gov.in/qualifications-search,publisher_listed_validity;version_and_hours_missing_where_unparseable;not_training_capacity,Level 3,30 Hours,30 Hours,31 Jan 2024,31 Jan 2027
921,Machining and Assembly Technician,QG-3.5-AU-01360-2023-V1-ASDC,Automotive,3.5,1200,1200,,2023-11-30,2026-11-30,within_listed_validity,2026-10-02,Automotive Skills Development Council (ASDC),Production,OEM Qualification,N.A.,"{""Theory"":""216"",""Practical"":""432"",""EmployabilitySkills"":""120"",""OJT_Mandatory"":""432""}",https://nqr.gov.in/qualifications-search,publisher_listed_validity;version_and_hours_missing_where_unparseable;not_training_capacity,Level 3.5,1200 Hours,1200 Hours,30 Nov 2023,30 Nov 2026
922,Fabrication and Service Technician,QG-04-AU-01361-2023-V1-ASDC,Automotive,4.0,1200,1200,,2023-11-30,2026-11-30,within_listed_validity,2026-10-02,Automotive Skills Development Council (ASDC),Production,OEM Qualification,N.A.,"{""Theory"":""216"",""Practical"":""432"",""EmployabilitySkills"":""120"",""OJT_Mandatory"":""432""}",https://nqr.gov.in/qualifications-search,publisher_listed_validity;version_and_hours_missing_where_unparseable;not_training_capacity,Level 4,1200 Hours,1200 Hours,30 Nov 2023,30 Nov 2026
923,Manufacturing and Mechatronics Lead Technician,QG-4.5-AU-01362-2023-V1-ASDC,Automotive,4.5,1200,1200,,2023-11-30,2026-11-30,within_listed_validity,2026-10-02,Automotive Skills Development Council (ASDC),Production,OEM Qualification,N.A.,"{""Theory"":""216"",""Practical"":""432"",""EmployabilitySkills"":""120"",""OJT_Mandatory"":""432""}",https://nqr.gov.in/qualifications-search,publisher_listed_validity;version_and_hours_missing_where_unparseable;not_training_capacity,Level 4.5,1200 Hours,1200 Hours,30 Nov 2023,30 Nov 2026
925,Advanced Course in Data Analysis (Manufacturing),NG-5.5-AU-02228-2024-V1-ASDC,Automotive,5.5,60,60,,2024-03-15,2027-03-15,within_listed_validity,2026-10-02,Automotive Skills Development Council (ASDC),Production Engineering,Future Skills Qualification,N.A.,"{""Theory"":""15"",""Practical"":""45"",""EmployabilitySkills"":""00"",""OJT_Mandatory"":""00""}",https://nqr.gov.in/qualifications-search,publisher_listed_validity;version_and_hours_missing_where_unparseable;not_training_capacity,Level 5.5,60 Hours,60 Hours,15 Mar 2024,15 Mar 2027
926,Foundation course in Data Analysis (Manufacturing),NG-5.5-AU-02227-2024-V1-ASDC,Automotive,5.5,60,60,,2024-03-15,2027-03-15,within_listed_validity,2026-10-02,Automotive Skills Development Council (ASDC),Production Engineering,Future Skills Qualification,N.A.,"{""Theory"":""15"",""Practical"":""45"",""EmployabilitySkills"":""00"",""OJT_Mandatory"":""00""}",https://nqr.gov.in/qualifications-search,publisher_listed_validity;version_and_hours_missing_where_unparseable;not_training_capacity,Level 5.5,60 Hours,60 Hours,15 Mar 2024,15 Mar 2027
927,Foundation course in Flex Fuel Engine Design,NG-5.5-AU-02233-2024-V1-ASDC,Automotive,5.5,60,60,,2024-03-15,2027-03-15,within_listed_validity,2026-10-02,Automotive Skills Development Council (ASDC),Automotive Product Designing,Future Skills Qualification,N.A.,"{""Theory"":""15"",""Practical"":""45"",""EmployabilitySkills"":""00"",""OJT_Mandatory"":""00""}",https://nqr.gov.in/qualifications-search,publisher_listed_validity;version_and_hours_missing_where_unparseable;not_training_capacity,Level 5.5,60 Hours,60 Hours,15 Mar 2024,15 Mar 2027
928,Fundamentals of Automotive Functional Safety Design,NG-5.5-AU-02234-2024-V1-ASDC,Automotive,5.5,60,60,,2024-03-15,2027-03-15,within_listed_validity,2026-10-02,Automotive Skills Development Council (ASDC),Automotive Product Designing,Future Skills Qualification,N.A.,"{""Theory"":""15"",""Practical"":""45"",""EmployabilitySkills"":""00"",""OJT_Mandatory"":""00""}",https://nqr.gov.in/qualifications-search,publisher_listed_validity;version_and_hours_missing_where_unparseable;not_training_capacity,Level 5.5,60 Hours,60 Hours,15 Mar 2024,15 Mar 2027
929,Fundamentals of Connected Vehicle (V2X) Technology,NG-5.5-AU-02225-2024-V1-ASDC,Automotive,5.5,60,60,,2024-03-15,2027-03-15,within_listed_validity,2026-10-02,Automotive Skills Development Council (ASDC),Automotive Product Designing,Future Skills Qualification,N.A.,"{""Theory"":""15"",""Practical"":""45"",""EmployabilitySkills"":""00"",""OJT_Mandatory"":""00""}",https://nqr.gov.in/qualifications-search,publisher_listed_validity;version_and_hours_missing_where_unparseable;not_training_capacity,Level 5.5,60 Hours,60 Hours,15 Mar 2024,15 Mar 2027
930,Fundamentals of Electric Vehicle Battery Pack Design,NG-5.5-AU-02231-2024-V1-ASDC,Automotive,5.5,60,60,,2024-03-15,2027-03-15,within_listed_validity,2026-10-02,Automotive Skills Development Council (ASDC),Automotive Product Designing,Future Skills Qualification,N.A.,"{""Theory"":""15"",""Practical"":""45"",""EmployabilitySkills"":""00"",""OJT_Mandatory"":""00""}",https://nqr.gov.in/qualifications-search,publisher_listed_validity;version_and_hours_missing_where_unparseable;not_training_capacity,Level 5.5,60 Hours,60 Hours,15 Mar 2024,15 Mar 2027
931,Fundamentals of Electric Vehicle Powertrain Design,NG-5.5-AU-02232-2024-V1-ASDC,Automotive,5.5,60,60,,2024-03-15,2027-03-15,within_listed_validity,2026-10-02,Automotive Skills Development Council (ASDC),Automotive Product Designing,Future Skills Qualification,N.A.,"{""Theory"":""15"",""Practical"":""45"",""EmployabilitySkills"":""00"",""OJT_Mandatory"":""00""}",https://nqr.gov.in/qualifications-search,publisher_listed_validity;version_and_hours_missing_where_unparseable;not_training_capacity,Level 5.5,60 Hours,60 Hours,15 Mar 2024,15 Mar 2027
932,Fundamentals of Low Cost Automation in Manufacturing Process,NG-5.5-AU-02226-2024-V1-ASDC,Automotive,5.5,60,60,,2024-03-15,2027-03-15,within_listed_validity,2026-10-02,Automotive Skills Development Council (ASDC),Production Engineering,Future Skills Qualification,N.A.,"{""Theory"":""15"",""Practical"":""45"",""EmployabilitySkills"":""00"",""OJT_Mandatory"":""00""}",https://nqr.gov.in/qualifications-search,publisher_listed_validity;version_and_hours_missing_where_unparseable;not_training_capacity,Level 5.5,60 Hours,60 Hours,15 Mar 2024,15 Mar 2027
933,IIOT Application in Cyber Security (Manufacturing),NG-5.5-AU-02230-2024-V1-ASDC,Automotive,5.5,60,60,,2024-03-15,2027-03-15,within_listed_validity,2026-10-02,Automotive Skills Development Council (ASDC),Production Engineering,Future Skills Qualification,N.A.,"{""Theory"":""15"",""Practical"":""45"",""EmployabilitySkills"":""00"",""OJT_Mandatory"":""00""}",https://nqr.gov.in/qualifications-search,publisher_listed_validity;version_and_hours_missing_where_unparseable;not_training_capacity,Level 5.5,60 Hours,60 Hours,15 Mar 2024,15 Mar 2027
934,IIOT Application in Predictive Maintenance (Manufacturing),NG-5.5-AU-02229-2024-V1-ASDC,Automotive,5.5,60,60,,2024-03-15,2027-03-15,within_listed_validity,2026-10-02,Automotive Skills Development Council (ASDC),Production Engineering,Future Skills Qualification,N.A.,"{""Theory"":""15"",""Practical"":""45"",""EmployabilitySkills"":""00"",""OJT_Mandatory"":""00""}",https://nqr.gov.in/qualifications-search,publisher_listed_validity;version_and_hours_missing_where_unparseable;not_training_capacity,Level 5.5,60 Hours,60 Hours,15 Mar 2024,15 Mar 2027
1023,PROCESS DESIGNER – AUTOMATION,QG-5.5-EH-02388-2024-V1-MSME,Electronics & HW,5.5,600,600,,2024-04-30,2027-04-30,within_listed_validity,2026-10-02,"MSME Technology Centre, Ministry of Micro Small And Medium Enterprises, New Delhi",N/A,Cross Sectoral Qualification,N.A.,"{""Theory"":""120"",""Practical"":""360"",""EmployabilitySkills"":""60"",""OJT_Mandatory"":""60""}",https://nqr.gov.in/qualifications-search,publisher_listed_validity;version_and_hours_missing_where_unparseable;not_training_capacity,Level 5.5,600 Hours,600 Hours,30 Apr 2024,30 Apr 2027
1040,JR. TECHNICIAN-AUTOMOBILE ASSEMBLY & SERVICE,QG-04-AU-02390-2024-V1-MSME,Automotive,4.0,2400,2400,,2024-04-30,2027-04-30,within_listed_validity,2026-10-02,"MSME Technology Centre, Ministry of Micro Small And Medium Enterprises, New Delhi",Automotive Services,General Qualification,N.A.,"{""Theory"":""480"",""Practical"":""600"",""EmployabilitySkills"":""120"",""OJT_Mandatory"":""1200""}",https://nqr.gov.in/qualifications-search,publisher_listed_validity;version_and_hours_missing_where_unparseable;not_training_capacity,Level 4,2400 Hours,2400 Hours,30 Apr 2024,30 Apr 2027
1043,CISCO Certified Network Associate,QG-04-EH-02389-2024-V1-MSME,Electronics & HW,4.0,480,480,,2024-04-30,2027-04-30,within_listed_validity,2026-10-02,"MSME Technology Centre, Ministry of Micro Small And Medium Enterprises, New Delhi",Computer Networking,Cross Sectoral Qualification,N.A.,"{""Theory"":""90"",""Practical"":""300"",""EmployabilitySkills"":""30"",""OJT_Mandatory"":""60""}",https://nqr.gov.in/qualifications-search,publisher_listed_validity;version_and_hours_missing_where_unparseable;not_training_capacity,Level 4,480 Hours,480 Hours,30 Apr 2024,30 Apr 2027
1045,Jr. Embedded Developer,QG-4.5-EH-02386-2024-V1-MSME,Electronics & HW,4.5,600,600,,2024-04-30,2027-04-30,within_listed_validity,2026-10-02,"MSME Technology Centre, Ministry of Micro Small And Medium Enterprises, New Delhi",Embedded Development,Cross Sectoral Qualification,N.A.,"{""Theory"":""120"",""Practical"":""420"",""EmployabilitySkills"":""60"",""OJT_Mandatory"":""00""}",https://nqr.gov.in/qualifications-search,publisher_listed_validity;version_and_hours_missing_where_unparseable;not_training_capacity,Level 4.5,600 Hours,600 Hours,30 Apr 2024,30 Apr 2027
1047,Jr. Technician (COMPUTER HARDWARE & NETWORK),QG-03-EH-02380-2024-V1-MSME,Electronics & HW,3.0,390,390,,2024-04-30,2027-04-30,within_listed_validity,2026-10-02,"MSME Technology Centre, Ministry of Micro Small And Medium Enterprises, New Delhi",Hardware and Networking,Cross Sectoral Qualification,N.A.,"{""Theory"":""120"",""Practical"":""180"",""EmployabilitySkills"":""30"",""OJT_Mandatory"":""60""}",https://nqr.gov.in/qualifications-search,publisher_listed_validity;version_and_hours_missing_where_unparseable;not_training_capacity,Level 3,390 Hours,390 Hours,30 Apr 2024,30 Apr 2027
1048,Jr. TECHNICIAN (PCB FABRICATION),QG-03-EH-02381-2024-V1-MSME,Electronics & HW,3.0,600,600,,2024-04-30,2027-04-30,within_listed_validity,2026-10-02,"MSME Technology Centre, Ministry of Micro Small And Medium Enterprises, New Delhi",Manufacturing,Cross Sectoral Qualification,N.A.,"{""Theory"":""130"",""Practical"":""380"",""EmployabilitySkills"":""30"",""OJT_Mandatory"":""60""}",https://nqr.gov.in/qualifications-search,publisher_listed_validity;version_and_hours_missing_where_unparseable;not_training_capacity,Level 3,600 Hours,600 Hours,30 Apr 2024,30 Apr 2027
1049,JR. TECHNICIAN (ELECTRONICS EQUIPMENT),QG-03-EH-02382-2024-V1-MSME,Electronics & HW,3.0,600,600,,2024-04-30,2027-04-30,within_listed_validity,2026-10-02,"MSME Technology Centre, Ministry of Micro Small And Medium Enterprises, New Delhi",Repair and Maintenance,Cross Sectoral Qualification,N.A.,"{""Theory"":""180"",""Practical"":""330"",""EmployabilitySkills"":""30"",""OJT_Mandatory"":""60""}",https://nqr.gov.in/qualifications-search,publisher_listed_validity;version_and_hours_missing_where_unparseable;not_training_capacity,Level 3,600 Hours,600 Hours,30 Apr 2024,30 Apr 2027
1050,Technician - Audio Video Systems,QG-04-EH-02383-2024-V1-MSME,Electronics & HW,4.0,510,510,,2024-04-30,2027-04-30,within_listed_validity,2026-10-02,"MSME Technology Centre, Ministry of Micro Small And Medium Enterprises, New Delhi",Electronics Servicing,Cross Sectoral Qualification,N.A.,"{""Theory"":""150"",""Practical"":""120"",""EmployabilitySkills"":""30"",""OJT_Mandatory"":""210""}",https://nqr.gov.in/qualifications-search,publisher_listed_validity;version_and_hours_missing_where_unparseable;not_training_capacity,Level 4,510 Hours,510 Hours,30 Apr 2024,30 Apr 2027
1052,Technician - Computer Hardware & Network Management,QG-04-EH-02385-2024-V1-MSME,Electronics & HW,4.0,600,600,,2024-04-30,2027-04-30,within_listed_validity,2026-10-02,"MSME Technology Centre, Ministry of Micro Small And Medium Enterprises, New Delhi",Computer Networking,Cross Sectoral Qualification,N.A.,"{""Theory"":""90"",""Practical"":""270"",""EmployabilitySkills"":""30"",""OJT_Mandatory"":""60""}",https://nqr.gov.in/qualifications-search,publisher_listed_validity;version_and_hours_missing_where_unparseable;not_training_capacity,Level 4,600 Hours,600 Hours,30 Apr 2024,30 Apr 2027
1055,Technician - Hand Held Products,QG-04-EH-02384-2024-V1-MSME,Electronics & HW,4.0,510,510,,2024-04-30,2027-04-30,within_listed_validity,2026-10-02,"MSME Technology Centre, Ministry of Micro Small And Medium Enterprises, New Delhi",Electronics Servicing,Cross Sectoral Qualification,N.A.,"{""Theory"":""150"",""Practical"":""120"",""EmployabilitySkills"":""30"",""OJT_Mandatory"":""210""}",https://nqr.gov.in/qualifications-search,publisher_listed_validity;version_and_hours_missing_where_unparseable;not_training_capacity,Level 4,510 Hours,510 Hours,30 Apr 2024,30 Apr 2027
1056,Technician - Room Air Conditioner & Home Appliances,QG-04-EH-02387-2024-V1-MSME,Electronics & HW,4.0,600,600,,2024-04-30,2027-04-30,within_listed_validity,2026-10-02,"MSME Technology Centre, Ministry of Micro Small And Medium Enterprises, New Delhi",Electronics Servicing,Cross Sectoral Qualification,N.A.,"{""Theory"":""150"",""Practical"":""210"",""EmployabilitySkills"":""30"",""OJT_Mandatory"":""210""}",https://nqr.gov.in/qualifications-search,publisher_listed_validity;version_and_hours_missing_where_unparseable;not_training_capacity,Level 4,600 Hours,600 Hours,30 Apr 2024,30 Apr 2027
1114,FULL-STACK DEVELOPER,QG-4.5-IT-02395-2024-V1-MSME,IT-ITeS,4.5,600,600,,2024-04-30,2027-04-30,within_listed_validity,2026-10-02,"MSME Technology Centre, Ministry of Micro Small And Medium Enterprises, New Delhi",Software Developer,"Cross Sectoral Qualification,General Qualification",N.A.,"{""Theory"":""60"",""Practical"":""450"",""EmployabilitySkills"":""30"",""OJT_Mandatory"":""60""}",https://nqr.gov.in/qualifications-search,publisher_listed_validity;version_and_hours_missing_where_unparseable;not_training_capacity,Level 4.5,600 Hours,600 Hours,30 Apr 2024,30 Apr 2027
1116,Jr. Designer – UI UX,QG-04-IT-02396-2024-V1-MSME,IT-ITeS,4.0,390,390,,2024-04-30,2027-04-30,within_listed_validity,2026-10-02,"MSME Technology Centre, Ministry of Micro Small And Medium Enterprises, New Delhi",Web Designing,"Cross Sectoral Qualification,General Qualification",N.A.,"{""Theory"":""120"",""Practical"":""240"",""EmployabilitySkills"":""30"",""OJT_Mandatory"":""0""}",https://nqr.gov.in/qualifications-search,publisher_listed_validity;version_and_hours_missing_where_unparseable;not_training_capacity,Level 4,390 Hours,390 Hours,30 Apr 2024,30 Apr 2027
1175,Clean-Room Operations (for semiconductors),NG-04-EH-02530-2024-V1-ESSC,Electronics & HW,4.0,60,60,,2024-04-30,2027-04-30,within_listed_validity,2026-10-02,Electronics Sector Skills Council Of India (ESSCI),Production-S&C,"Future Skills Qualification,General Qualification",N.A.,"{""Theory"":""30"",""Practical"":""30"",""EmployabilitySkills"":""0"",""OJT_Mandatory"":""0""}",https://nqr.gov.in/qualifications-search,publisher_listed_validity;version_and_hours_missing_where_unparseable;not_training_capacity,Level 4,60 Hours,60 Hours,30 Apr 2024,30 Apr 2027
1178,Essential Fundamentals of IoT,NG-04-EH-02529-2024-V1-ESSC,Electronics & HW,4.0,60,60,,2024-04-30,2027-04-30,within_listed_validity,2026-10-02,Electronics Sector Skills Council Of India (ESSCI),IoT System,"Future Skills Qualification,General Qualification",N.A.,"{""Theory"":""30"",""Practical"":""30"",""EmployabilitySkills"":""0"",""OJT_Mandatory"":""0""}",https://nqr.gov.in/qualifications-search,publisher_listed_validity;version_and_hours_missing_where_unparseable;not_training_capacity,Level 4,60 Hours,60 Hours,30 Apr 2024,30 Apr 2027
1190,Jr. Web Designer,QG-04-IT-02394-2024-V1-MSME,IT-ITeS,4.0,390,390,,2024-04-30,2027-04-30,within_listed_validity,2026-10-02,"MSME Technology Centre, Ministry of Micro Small And Medium Enterprises, New Delhi",Designing,"Cross Sectoral Qualification,General Qualification",N.A.,"{""Theory"":""60"",""Practical"":""300"",""EmployabilitySkills"":""30"",""OJT_Mandatory"":""0""}",https://nqr.gov.in/qualifications-search,publisher_listed_validity;version_and_hours_missing_where_unparseable;not_training_capacity,Level 4,390 Hours,390 Hours,30 Apr 2024,30 Apr 2027
1209,Assistant Technician-IT Installation,QG-3.5-IT-01983-2024-V1-NTTF,IT-ITeS,3.5,1200,1200,,2024-01-31,2027-01-31,within_listed_validity,2026-10-02,Nettur Technical Training Foundation (NTTF),"Assistant Technical support Engineer, Computer system integrator",General Qualification,N.A.,"{""Theory"":""560"",""Practical"":""490"",""EmployabilitySkills"":""60"",""OJT_Mandatory"":""90""}",https://nqr.gov.in/qualifications-search,publisher_listed_validity;version_and_hours_missing_where_unparseable;not_training_capacity,Level 3.5,1200 Hours,1200 Hours,31 Jan 2024,31 Jan 2027
1211,Automobile Jr. Technician (Service and Maintenance),QG-3.5-AU-02195-2024-V1-ASDC,Automotive,3.5,1200,1200,,2024-03-15,2027-03-15,within_listed_validity,2026-10-02,Automotive Skills Development Council (ASDC),Automobile Service Technician,Future Skills Qualification,N.A.,"{""Theory"":""270"",""Practical"":""480"",""EmployabilitySkills"":""120"",""OJT_Mandatory"":""330""}",https://nqr.gov.in/qualifications-search,publisher_listed_validity;version_and_hours_missing_where_unparseable;not_training_capacity,Level 3.5,1200 Hours,1200 Hours,15 Mar 2024,15 Mar 2027
1212,Automobile Technician (Diagnostics),QG-04-AU-02196-2024-V1-ASDC,Automotive,4.0,1200,1200,,2024-03-15,2027-03-15,within_listed_validity,2026-10-02,Automotive Skills Development Council (ASDC),Automotive Service,Future Skills Qualification,N.A.,"{""Theory"":""270"",""Practical"":""480"",""EmployabilitySkills"":""120"",""OJT_Mandatory"":""330""}",https://nqr.gov.in/qualifications-search,publisher_listed_validity;version_and_hours_missing_where_unparseable;not_training_capacity,Level 4,1200 Hours,1200 Hours,15 Mar 2024,15 Mar 2027
1213,Automobile Lead Technician (Diagnostics),QG-4.5-AU-02197-2024-V1-ASDC,Automotive,4.5,1200,1200,,2024-03-15,2027-03-15,within_listed_validity,2026-10-02,Automotive Skills Development Council (ASDC),Automobile Service,Future Skills Qualification,N.A.,"{""Theory"":""270"",""Practical"":""480"",""EmployabilitySkills"":""120"",""OJT_Mandatory"":""330""}",https://nqr.gov.in/qualifications-search,publisher_listed_validity;version_and_hours_missing_where_unparseable;not_training_capacity,Level 4.5,1200 Hours,1200 Hours,15 Mar 2024,15 Mar 2027
1219,TECHNICIAN - IT SUPPORT,QG-04-IT-01984-2024-V1-NTTF,IT-ITeS,4.0,1200,1200,,2024-01-31,2027-01-31,within_listed_validity,2026-10-02,Nettur Technical Training Foundation (NTTF),"Technical support Engineer, Linux system engineer, Technical support computer network",General Qualification,N.A.,"{""Theory"":""580"",""Practical"":""470"",""EmployabilitySkills"":""60"",""OJT_Mandatory"":""90""}",https://nqr.gov.in/qualifications-search,publisher_listed_validity;version_and_hours_missing_where_unparseable;not_training_capacity,Level 4,1200 Hours,1200 Hours,31 Jan 2024,31 Jan 2027
1244,Senior technician- Computer Engineering and IT Infrastructure,QG-4.5-IT-01985-2024-V1-NTTF,IT-ITeS,4.5,1200,1200,,2024-01-31,2027-01-31,within_listed_validity,2026-10-02,Nettur Technical Training Foundation (NTTF),Analyst AI based solutions. Senior Technical support Engineer Computer network Analyst,General Qualification,N.A.,"{""Theory"":""340"",""Practical"":""400"",""EmployabilitySkills"":""60"",""OJT_Mandatory"":""400""}",https://nqr.gov.in/qualifications-search,publisher_listed_validity;version_and_hours_missing_where_unparseable;not_training_capacity,Level 4.5,1200 Hours,1200 Hours,31 Jan 2024,31 Jan 2027
1245,Semiconductor IC Design & Verification Professional,NG-06-EH-02708-2024-V1-MSU,Electronics & HW,6.0,690,690,,2024-05-30,2027-05-29,within_listed_validity,2026-10-02,Medhavi Skill University,Semiconductor IC Design and Verification,"Future Skills Qualification,Upskilling Qualification",N.A.,"{""Theory"":""200"",""Practical"":""400"",""EmployabilitySkills"":""90"",""OJT_Mandatory"":""0""}",https://nqr.gov.in/qualifications-search,publisher_listed_validity;version_and_hours_missing_where_unparseable;not_training_capacity,Level 6,690 Hours,690 Hours,30 May 2024,29 May 2027
1246,Introduction to Semiconductors and Integrated Circuits (ICs),NG-3.5-EH-02706-2024-V1-MSU,Electronics & HW,3.5,60,60,,2024-05-30,2027-05-29,within_listed_validity,2026-10-02,Medhavi Skill University,Semiconductor Circuit Design,"Future Skills Qualification,General Qualification,Upskilling Qualification",N.A.,"{""Theory"":""25"",""Practical"":""35"",""EmployabilitySkills"":""0"",""OJT_Mandatory"":""0""}",https://nqr.gov.in/qualifications-search,publisher_listed_validity;version_and_hours_missing_where_unparseable;not_training_capacity,Level 3.5,60 Hours,60 Hours,30 May 2024,29 May 2027
1248,Semiconductor IC Design Associate,NG-4.5-EH-02707-2024-V1-MSU,Electronics & HW,4.5,540,540,,2024-05-30,2027-05-29,within_listed_validity,2026-10-02,Medhavi Skill University,Semiconductor IC Design,"Future Skills Qualification,Upskilling Qualification",N.A.,"{""Theory"":""170"",""Practical"":""310"",""EmployabilitySkills"":""60"",""OJT_Mandatory"":""0""}",https://nqr.gov.in/qualifications-search,publisher_listed_validity;version_and_hours_missing_where_unparseable;not_training_capacity,Level 4.5,540 Hours,540 Hours,30 May 2024,29 May 2027
1249,Assistant Technician Information Technology,G-3.5-IT-01986-2024-V1-NTTF,IT-ITeS,3.5,1200,1200,,2024-01-31,2027-01-31,within_listed_validity,2026-10-02,Nettur Technical Training Foundation (NTTF),Assistant Technician Information Technology,General Qualification,N.A.,"{""Theory"":""660"",""Practical"":""390"",""EmployabilitySkills"":""60"",""OJT_Mandatory"":""90""}",https://nqr.gov.in/qualifications-search,publisher_listed_validity;version_and_hours_missing_where_unparseable;not_training_capacity,Level 3.5,1200 Hours,1200 Hours,31 Jan 2024,31 Jan 2027
1250,Software Developer,QG-04-IT-01987-2024-V1-NTTF,IT-ITeS,4.0,1260,1260,,2024-01-31,2027-01-31,within_listed_validity,2026-10-02,Nettur Technical Training Foundation (NTTF),Software Developer,General Qualification,N.A.,"{""Theory"":""540"",""Practical"":""570"",""EmployabilitySkills"":""60"",""OJT_Mandatory"":""90""}",https://nqr.gov.in/qualifications-search,publisher_listed_validity;version_and_hours_missing_where_unparseable;not_training_capacity,Level 4,1260 Hours,1260 Hours,31 Jan 2024,31 Jan 2027
1256,Senior Technician- Information Technology and Data Science,QG-4.5-IT-01988-2024-V1-NTTF,IT-ITeS,4.5,1200,1200,,2024-01-31,2027-01-31,within_listed_validity,2026-10-02,Nettur Technical Training Foundation (NTTF),Senior technician-Information Technology and Data Science,General Qualification,N.A.,"{""Theory"":""320"",""Practical"":""380"",""EmployabilitySkills"":""60"",""OJT_Mandatory"":""440""}",https://nqr.gov.in/qualifications-search,publisher_listed_validity;version_and_hours_missing_where_unparseable;not_training_capacity,Level 4.5,1200 Hours,1200 Hours,31 Jan 2024,31 Jan 2027
1294,Fundamental for IoT for Home Automation,NG-04-EH-02532-2024-V1-SCTEVTO,Electronics & HW,4.0,120,120,,2024-04-30,2027-04-29,within_listed_validity,2026-10-02,"State Council for Technical Education & Vocational Training, Odisha",Automation,Future Skills Qualification,N.A.,"{""Theory"":""40"",""Practical"":""80"",""EmployabilitySkills"":""0"",""OJT_Mandatory"":""0""}",https://nqr.gov.in/qualifications-search,publisher_listed_validity;version_and_hours_missing_where_unparseable;not_training_capacity,Level 4,120 Hours,120 Hours,30 Apr 2024,29 Apr 2027
1303,Data Import Process for Analysis,NG-05-IT-02725-2024-V1-NASSCOM,IT-ITeS,5.0,45,45,,2024-05-30,2027-05-30,within_listed_validity,2026-10-02,IT-ITeS Sector Skills Council NASSCOM (SSC NASSCOM),Artificial Intelligence and Big Data Analytics,Future Skills Qualification,N.A.,"{""Theory"":""15"",""Practical"":""30"",""EmployabilitySkills"":""0"",""OJT_Mandatory"":""0""}",https://nqr.gov.in/qualifications-search,publisher_listed_validity;version_and_hours_missing_where_unparseable;not_training_capacity,Level 5,45 Hours,45 Hours,30 May 2024,30 May 2027
1306,Information Security Policy Review,NG-05-IT-01411-2023-V1-NASSCOM,IT-ITeS,5.0,60,60,,2024-04-30,2027-04-30,within_listed_validity,2026-10-02,IT-ITeS Sector Skills Council NASSCOM (SSC NASSCOM),Cybersecurity,"Future Skills Qualification,National Occupational Standard",N.A.,"{""Theory"":""20"",""Practical"":""20"",""EmployabilitySkills"":""0"",""OJT_Mandatory"":""20""}",https://nqr.gov.in/qualifications-search,publisher_listed_validity;version_and_hours_missing_where_unparseable;not_training_capacity,Level 5,60 Hours,60 Hours,30 Apr 2024,30 Apr 2027
1307,Information Security Device Management,NG-05-IT-01412-2023-V1-NASSCOM,IT-ITeS,5.0,60,60,,2024-04-30,2027-04-30,within_listed_validity,2026-10-02,IT-ITeS Sector Skills Council NASSCOM (SSC NASSCOM),Cybersecurity,"Future Skills Qualification,National Occupational Standard",N.A.,"{""Theory"":""20"",""Practical"":""20"",""EmployabilitySkills"":""0"",""OJT_Mandatory"":""20""}",https://nqr.gov.in/qualifications-search,publisher_listed_validity;version_and_hours_missing_where_unparseable;not_training_capacity,Level 5,60 Hours,60 Hours,30 Apr 2024,30 Apr 2027
1308,Information Security Policy Audit,NG-05-IT-01413-2023-V1-NASSCOM,IT-ITeS,5.0,30,30,,2024-04-30,2027-04-30,within_listed_validity,2026-10-02,IT-ITeS Sector Skills Council NASSCOM (SSC NASSCOM),Cybersecurity,"Future Skills Qualification,National Occupational Standard",N.A.,"{""Theory"":""10"",""Practical"":""10"",""EmployabilitySkills"":""0"",""OJT_Mandatory"":""10""}",https://nqr.gov.in/qualifications-search,publisher_listed_validity;version_and_hours_missing_where_unparseable;not_training_capacity,Level 5,30 Hours,30 Hours,30 Apr 2024,30 Apr 2027
1309,Application Security Testing,NG-05-IT-01414-2023-V1-NASSCOM,IT-ITeS,5.0,90,90,,2024-04-30,2027-04-30,within_listed_validity,2026-10-02,IT-ITeS Sector Skills Council NASSCOM (SSC NASSCOM),Cybersecurity,"Future Skills Qualification,National Occupational Standard",N.A.,"{""Theory"":""30"",""Practical"":""35"",""EmployabilitySkills"":""0"",""OJT_Mandatory"":""25""}",https://nqr.gov.in/qualifications-search,publisher_listed_validity;version_and_hours_missing_where_unparseable;not_training_capacity,Level 5,90 Hours,90 Hours,30 Apr 2024,30 Apr 2027
1310,Concepts of Natural Language Processing,NG-05-IT-01415-2023-V1-NASSCOM,IT-ITeS,5.0,90,90,,2024-04-30,2027-04-30,within_listed_validity,2026-10-02,IT-ITeS Sector Skills Council NASSCOM (SSC NASSCOM),Artificial Intelligence and Big Data Analytics,"Future Skills Qualification,National Occupational Standard",N.A.,"{""Theory"":""30"",""Practical"":""30"",""EmployabilitySkills"":""0"",""OJT_Mandatory"":""30""}",https://nqr.gov.in/qualifications-search,publisher_listed_validity;version_and_hours_missing_where_unparseable;not_training_capacity,Level 5,90 Hours,90 Hours,30 Apr 2024,30 Apr 2027
1311,Concepts of Computer Vision,NG-05-IT-01416-2023-V1-NASSCOM,IT-ITeS,5.0,90,90,,2024-04-30,2027-04-30,within_listed_validity,2026-10-02,IT-ITeS Sector Skills Council NASSCOM (SSC NASSCOM),Artificial Intelligence and Big Data Analytics,"Future Skills Qualification,National Occupational Standard",N.A.,"{""Theory"":""30"",""Practical"":""30"",""EmployabilitySkills"":""0"",""OJT_Mandatory"":""30""}",https://nqr.gov.in/qualifications-search,publisher_listed_validity;version_and_hours_missing_where_unparseable;not_training_capacity,Level 5,90 Hours,90 Hours,30 Apr 2024,30 Apr 2027
1358,Scientific Assistant in Data Science for Life Sciences,QG-04-IT-02180-2024-V1-NIELIT,IT-ITeS,4.0,450,450,,2024-03-15,2027-03-15,within_listed_validity,2026-10-02,National Institute of Electronics and Information Technology (NIELIT),Scientific Assistant,"Cross Sectoral Qualification,Future Skills Qualification",N.A.,"{""Theory"":""150"",""Practical"":""210"",""EmployabilitySkills"":""60"",""OJT_Mandatory"":""30""}",https://nqr.gov.in/qualifications-search,publisher_listed_validity;version_and_hours_missing_where_unparseable;not_training_capacity,Level 4,450 Hours,450 Hours,15 Mar 2024,15 Mar 2027
1359,Software Container Administration Specialist,NG-05-IT-02098-2024-V1-NASSCOM,IT-ITeS,5.0,96,96,,2024-01-31,2027-01-31,within_listed_validity,2026-10-02,IT-ITeS Sector Skills Council NASSCOM (SSC NASSCOM),Cloud Computing,"Future Skills Qualification,OEM Qualification",N.A.,"{""Theory"":""43"",""Practical"":""53"",""EmployabilitySkills"":""0"",""OJT_Mandatory"":""0""}",https://nqr.gov.in/qualifications-search,publisher_listed_validity;version_and_hours_missing_where_unparseable;not_training_capacity,Level 5,96 Hours,96 Hours,31 Jan 2024,31 Jan 2027
1360,Linux Administrator for Datacenter,NG-05-IT-02097-2024-V1-NASSCOM,IT-ITeS,5.0,96,96,,2024-01-31,2027-01-31,within_listed_validity,2026-10-02,IT-ITeS Sector Skills Council NASSCOM (SSC NASSCOM),Cloud Computing,"Future Skills Qualification,OEM Qualification",N.A.,"{""Theory"":""40"",""Practical"":""56"",""EmployabilitySkills"":""0"",""OJT_Mandatory"":""0""}",https://nqr.gov.in/qualifications-search,publisher_listed_validity;version_and_hours_missing_where_unparseable;not_training_capacity,Level 5,96 Hours,96 Hours,31 Jan 2024,31 Jan 2027
1362,Data Analysis – IBM,NG-4.5-IT-02240-2024-V1-NASSCOM,IT-ITeS,4.5,151,151,,2024-03-15,2027-03-15,within_listed_validity,2026-10-02,IT-ITeS Sector Skills Council NASSCOM (SSC NASSCOM),Artificial Intelligence and Big Data Analytics,"Future Skills Qualification,OEM Qualification",N.A.,"{""Theory"":""90"",""Practical"":""61"",""EmployabilitySkills"":""0"",""OJT_Mandatory"":""0""}",https://nqr.gov.in/qualifications-search,publisher_listed_validity;version_and_hours_missing_where_unparseable;not_training_capacity,Level 4.5,151 Hours,151 Hours,15 Mar 2024,15 Mar 2027
1363,Data Analytics- Google,NG-4.5-IT-02235-2024-V1-NASSCOM,IT-ITeS,4.5,187,187,,2024-03-15,2027-03-15,within_listed_validity,2026-10-02,IT-ITeS Sector Skills Council NASSCOM (SSC NASSCOM),Artificial Intelligence and Big Data Analytics,"Future Skills Qualification,OEM Qualification",N.A.,"{""Theory"":""112"",""Practical"":""75"",""EmployabilitySkills"":""0"",""OJT_Mandatory"":""0""}",https://nqr.gov.in/qualifications-search,publisher_listed_validity;version_and_hours_missing_where_unparseable;not_training_capacity,Level 4.5,187 Hours,187 Hours,15 Mar 2024,15 Mar 2027
1364,Data Engineering – IBM,NG-05-IT-02243-2024-V1-NASSCOM,IT-ITeS,5.0,217,217,,2024-03-15,2027-03-15,within_listed_validity,2026-10-02,IT-ITeS Sector Skills Council NASSCOM (SSC NASSCOM),Artificial Intelligence and Big Data Analytics,"Future Skills Qualification,OEM Qualification",N.A.,"{""Theory"":""130"",""Practical"":""87"",""EmployabilitySkills"":""0"",""OJT_Mandatory"":""0""}",https://nqr.gov.in/qualifications-search,publisher_listed_validity;version_and_hours_missing_where_unparseable;not_training_capacity,Level 5,217 Hours,217 Hours,15 Mar 2024,15 Mar 2027
1365,Data Science – IBM,NG-05-IT-02244-2024-V1-NASSCOM,IT-ITeS,5.0,165,165,,2024-03-15,2027-03-15,within_listed_validity,2026-10-02,IT-ITeS Sector Skills Council NASSCOM (SSC NASSCOM),Artificial Intelligence and Big Data Analytics,"Future Skills Qualification,OEM Qualification",N.A.,"{""Theory"":""132"",""Practical"":""33"",""EmployabilitySkills"":""0"",""OJT_Mandatory"":""0""}",https://nqr.gov.in/qualifications-search,publisher_listed_validity;version_and_hours_missing_where_unparseable;not_training_capacity,Level 5,165 Hours,165 Hours,15 Mar 2024,15 Mar 2027
1366,DevOps programming–IBM,NG-05-IT-02241-2024-V1-NASSCOM,IT-ITeS,5.0,221,221,,2024-03-15,2027-03-15,within_listed_validity,2026-10-02,IT-ITeS Sector Skills Council NASSCOM (SSC NASSCOM),Artificial Intelligence and Big Data Analytics,"Future Skills Qualification,OEM Qualification",N.A.,"{""Theory"":""133"",""Practical"":""88"",""EmployabilitySkills"":""0"",""OJT_Mandatory"":""0""}",https://nqr.gov.in/qualifications-search,publisher_listed_validity;version_and_hours_missing_where_unparseable;not_training_capacity,Level 5,221 Hours,221 Hours,15 Mar 2024,15 Mar 2027
1368,Digital Marketing & E-commerce- Google,NG-4.5-IT-02236-2024-V1-NASSCOM,IT-ITeS,4.5,166,166,,2024-03-15,2027-03-15,within_listed_validity,2026-10-02,IT-ITeS Sector Skills Council NASSCOM (SSC NASSCOM),Web & Mobile,"Future Skills Qualification,OEM Qualification",N.A.,"{""Theory"":""133"",""Practical"":""33"",""EmployabilitySkills"":""0"",""OJT_Mandatory"":""0""}",https://nqr.gov.in/qualifications-search,publisher_listed_validity;version_and_hours_missing_where_unparseable;not_training_capacity,Level 4.5,166 Hours,166 Hours,15 Mar 2024,15 Mar 2027
1370,Full Stack Software Development-IBM,NG-05-IT-02242-2024-V1-NASSCOM,IT-ITeS,5.0,141,141,,2024-03-15,2027-03-15,within_listed_validity,2026-10-02,IT-ITeS Sector Skills Council NASSCOM (SSC NASSCOM),Web & Mobile,"Future Skills Qualification,OEM Qualification",N.A.,"{""Theory"":""85"",""Practical"":""56"",""EmployabilitySkills"":""0"",""OJT_Mandatory"":""0""}",https://nqr.gov.in/qualifications-search,publisher_listed_validity;version_and_hours_missing_where_unparseable;not_training_capacity,Level 5,141 Hours,141 Hours,15 Mar 2024,15 Mar 2027
1371,Project Management- Google,NG-05-IT-02237-2024-V1-NASSCOM,IT-ITeS,4.5,152,152,,2024-03-15,2027-03-15,within_listed_validity,2026-10-02,IT-ITeS Sector Skills Council NASSCOM (SSC NASSCOM),Web & Mobile,"Future Skills Qualification,OEM Qualification",N.A.,"{""Theory"":""122"",""Practical"":""30"",""EmployabilitySkills"":""0"",""OJT_Mandatory"":""0""}",https://nqr.gov.in/qualifications-search,publisher_listed_validity;version_and_hours_missing_where_unparseable;not_training_capacity,Level 4.5,152 Hours,152 Hours,15 Mar 2024,15 Mar 2027
1372,UX Design-Google,NG-4.5-IT-02238-2024-V1-NASSCOM,IT-ITeS,4.5,234,234,,2024-03-15,2027-03-15,within_listed_validity,2026-10-02,IT-ITeS Sector Skills Council NASSCOM (SSC NASSCOM),Web & Mobile,"Future Skills Qualification,OEM Qualification",N.A.,"{""Theory"":""140"",""Practical"":""94"",""EmployabilitySkills"":""0"",""OJT_Mandatory"":""0""}",https://nqr.gov.in/qualifications-search,publisher_listed_validity;version_and_hours_missing_where_unparseable;not_training_capacity,Level 4.5,234 Hours,234 Hours,15 Mar 2024,15 Mar 2027
1373,Cybersecurity Analysis-IBM,NG-05-IT-02239-2024-V1-NASSCOM,IT-ITeS,5.0,128,128,,2024-03-15,2027-03-15,within_listed_validity,2026-10-02,IT-ITeS Sector Skills Council NASSCOM (SSC NASSCOM),Information and Cyber Security,"Future Skills Qualification,OEM Qualification",N.A.,"{""Theory"":""77"",""Practical"":""51"",""EmployabilitySkills"":""0"",""OJT_Mandatory"":""0""}",https://nqr.gov.in/qualifications-search,publisher_listed_validity;version_and_hours_missing_where_unparseable;not_training_capacity,Level 5,128 Hours,128 Hours,15 Mar 2024,15 Mar 2027
1376,Multiomics Data Analyst,QG-5.5-IT-02181-2024-V1-NIELIT,IT-ITeS,5.5,660,660,,2024-03-15,2027-03-15,within_listed_validity,2026-10-02,National Institute of Electronics and Information Technology (NIELIT),Multiomics Data Analyst,"Cross Sectoral Qualification,Future Skills Qualification",N.A.,"{""Theory"":""240"",""Practical"":""270"",""EmployabilitySkills"":""90"",""OJT_Mandatory"":""60""}",https://nqr.gov.in/qualifications-search,publisher_listed_validity;version_and_hours_missing_where_unparseable;not_training_capacity,Level 5.5,660 Hours,660 Hours,15 Mar 2024,15 Mar 2027
1381,Repair and Maintenance Assistant “Smart Phones”,QG-03-EH-02595-2024-V1-NIELIT,Electronics & HW,3.0,330,330,,2024-05-30,2027-05-30,within_listed_validity,2026-10-02,National Institute of Electronics and Information Technology (NIELIT),Electronics Equipment Services,General Qualification,N.A.,"{""Theory"":""90"",""Practical"":""180"",""EmployabilitySkills"":""30"",""OJT_Mandatory"":""30""}",https://nqr.gov.in/qualifications-search,publisher_listed_validity;version_and_hours_missing_where_unparseable;not_training_capacity,Level 3,330 Hours,330 Hours,30 May 2024,30 May 2027
1399,Introduction to IoT Application Development for Agriculture,NG-3.5-EH-02639-2024-V1-NIELIT,Electronics & HW,3.5,60,60,,2024-05-31,2027-05-31,within_listed_validity,2026-10-02,National Institute of Electronics and Information Technology (NIELIT),IoT Solution,Future Skills Qualification,N.A.,"{""Theory"":""15"",""Practical"":""45"",""EmployabilitySkills"":""0"",""OJT_Mandatory"":""0""}",https://nqr.gov.in/qualifications-search,publisher_listed_validity;version_and_hours_missing_where_unparseable;not_training_capacity,Level 3.5,60 Hours,60 Hours,31 May 2024,31 May 2027
1424,Introduction to IoT Application Development for Building Security,NG-3.5-EH-02640-2024-V1-NIELIT,Electronics & HW,3.5,60,60,,2024-05-30,2027-05-30,within_listed_validity,2026-10-02,National Institute of Electronics and Information Technology (NIELIT),IoT Solution,"Future Skills Qualification,OEM Qualification",N.A.,"{""Theory"":""15"",""Practical"":""45"",""EmployabilitySkills"":""0"",""OJT_Mandatory"":""0""}",https://nqr.gov.in/qualifications-search,publisher_listed_validity;version_and_hours_missing_where_unparseable;not_training_capacity,Level 3.5,60 Hours,60 Hours,30 May 2024,30 May 2027
1427,Introduction to IoT Application Development for Smart City,NG-3.5-EH-02641-2024-V1-NIELIT,Electronics & HW,3.5,60,60,,2024-05-30,2027-05-30,within_listed_validity,2026-10-02,National Institute of Electronics and Information Technology (NIELIT),IoT Solution,"Future Skills Qualification,OEM Qualification",N.A.,"{""Theory"":""15"",""Practical"":""45"",""EmployabilitySkills"":""0"",""OJT_Mandatory"":""0""}",https://nqr.gov.in/qualifications-search,publisher_listed_validity;version_and_hours_missing_where_unparseable;not_training_capacity,Level 3.5,60 Hours,60 Hours,30 May 2024,30 May 2027
1429,Introduction to Cloud Based Robotics Solutions Development,NG-3.5-EH-02642-2024-V1-NIELIT,Electronics & HW,3.5,60,60,,2024-05-30,2027-05-30,within_listed_validity,2026-10-02,National Institute of Electronics and Information Technology (NIELIT),Robotics,"Future Skills Qualification,OEM Qualification",N.A.,"{""Theory"":""15"",""Practical"":""45"",""EmployabilitySkills"":""0"",""OJT_Mandatory"":""0""}",https://nqr.gov.in/qualifications-search,publisher_listed_validity;version_and_hours_missing_where_unparseable;not_training_capacity,Level 3.5,60 Hours,60 Hours,30 May 2024,30 May 2027
1436,Solar Panel Installation and Maintenance Technician (O-Level ‘Solar Power Electronics’),QG-04-EH-02597-2024-V1-NIELIT,Electronics & HW,4.0,600,600,,2024-05-30,2027-05-30,within_listed_validity,2026-10-02,National Institute of Electronics and Information Technology (NIELIT),Electronics Assembly/Electronic Equipment Services,General Qualification,N.A.,"{""Theory"":""180"",""Practical"":""300"",""EmployabilitySkills"":""60"",""OJT_Mandatory"":""60""}",https://nqr.gov.in/qualifications-search,publisher_listed_validity;version_and_hours_missing_where_unparseable;not_training_capacity,Level 4,600 Hours,600 Hours,30 May 2024,30 May 2027
1437,Nano Entrepreneurship in Car Washing Service,NG-03-AU-02555-2024-V1-SAMITI,Automotive,3.0,60,60,,2024-05-30,2027-05-29,within_listed_validity,2026-10-02,Samadhan Samiti,Car Washing Service Provider,"Cross Sectoral Qualification,National Occupational Standard",N.A.,"{""Theory"":""40"",""Practical"":""20"",""EmployabilitySkills"":""0"",""OJT_Mandatory"":""0""}",https://nqr.gov.in/qualifications-search,publisher_listed_validity;version_and_hours_missing_where_unparseable;not_training_capacity,Level 3,60 Hours,60 Hours,30 May 2024,29 May 2027
1438,Fundamentals of Quantum Computing,NG-06-EH-02643-2024-V1-NIELIT,Electronics & HW,6.0,60,60,,2024-05-30,2027-05-30,within_listed_validity,2026-10-02,National Institute of Electronics and Information Technology (NIELIT),Application Development,"Future Skills Qualification,OEM Qualification",N.A.,"{""Theory"":""30"",""Practical"":""30"",""EmployabilitySkills"":""0"",""OJT_Mandatory"":""0""}",https://nqr.gov.in/qualifications-search,publisher_listed_validity;version_and_hours_missing_where_unparseable;not_training_capacity,Level 6,60 Hours,60 Hours,30 May 2024,30 May 2027
1439,Essentials of Refrigeration and Air Conditioning,NM-03-EH-02835-2024-V1-ESSC,Electronics & HW,3.0,15,15,,2024-08-07,2027-08-07,within_listed_validity,2026-10-02,Electronics Sector Skills Council Of India (ESSCI),After Sales Service,"Future Skills Qualification,OEM Qualification,Upskilling Qualification",N.A.,"{""Theory"":""7"",""Practical"":""8"",""EmployabilitySkills"":""0"",""OJT_Mandatory"":""0""}",https://nqr.gov.in/qualifications-search,publisher_listed_validity;version_and_hours_missing_where_unparseable;not_training_capacity,Level 3,15 Hours,15 Hours,07 Aug 2024,07 Aug 2027
1449,3D Printing: Design and Development Fundamentals,NG-3.5-EH-02638-2024-V1-NIELIT,Electronics & HW,3.5,60,60,,2024-05-30,2027-05-30,within_listed_validity,2026-10-02,National Institute of Electronics and Information Technology (NIELIT),3D Printing Technology,"Future Skills Qualification,OEM Qualification",N.A.,"{""Theory"":""15"",""Practical"":""45"",""EmployabilitySkills"":""0"",""OJT_Mandatory"":""0""}",https://nqr.gov.in/qualifications-search,publisher_listed_validity;version_and_hours_missing_where_unparseable;not_training_capacity,Level 3.5,60 Hours,60 Hours,30 May 2024,30 May 2027
1469,Exploratory Data Analysis,NG-05-IT-02727-2024-V1-NASSCOM,IT-ITeS,5.0,45,45,,2024-05-30,2027-05-30,within_listed_validity,2026-10-02,IT-ITeS Sector Skills Council NASSCOM (SSC NASSCOM),Artificial Intelligence and Big Data Analytics,"Future Skills Qualification,National Occupational Standard",N.A.,"{""Theory"":""15"",""Practical"":""30"",""EmployabilitySkills"":""0"",""OJT_Mandatory"":""0""}",https://nqr.gov.in/qualifications-search,publisher_listed_validity;version_and_hours_missing_where_unparseable;not_training_capacity,Level 5,45 Hours,45 Hours,30 May 2024,30 May 2027
1470,Prototyping Algorithmic Models,NG-5.5-IT-02728-2024-V1-NASSCOM,IT-ITeS,5.5,45,45,,2024-05-30,2027-05-30,within_listed_validity,2026-10-02,IT-ITeS Sector Skills Council NASSCOM (SSC NASSCOM),Artificial Intelligence and Big Data Analytics,"Future Skills Qualification,National Occupational Standard",N.A.,"{""Theory"":""15"",""Practical"":""30"",""EmployabilitySkills"":""0"",""OJT_Mandatory"":""0""}",https://nqr.gov.in/qualifications-search,publisher_listed_validity;version_and_hours_missing_where_unparseable;not_training_capacity,Level 5.5,45 Hours,45 Hours,30 May 2024,30 May 2027
1472,Applications of Algorithmic Models,NG-5.5-IT-02729-2024-V1-NASSCOM,IT-ITeS,5.5,45,45,,2024-05-30,2027-05-30,within_listed_validity,2026-10-02,IT-ITeS Sector Skills Council NASSCOM (SSC NASSCOM),Artificial Intelligence and Big Data Analytics,"Future Skills Qualification,National Occupational Standard",N.A.,"{""Theory"":""15"",""Practical"":""30"",""EmployabilitySkills"":""0"",""OJT_Mandatory"":""0""}",https://nqr.gov.in/qualifications-search,publisher_listed_validity;version_and_hours_missing_where_unparseable;not_training_capacity,Level 5.5,45 Hours,45 Hours,30 May 2024,30 May 2027
1473,Data Visualization,NG-05-IT-02730-2024-V1-NASSCOM,IT-ITeS,5.0,45,45,,2024-05-30,2027-05-30,within_listed_validity,2026-10-02,IT-ITeS Sector Skills Council NASSCOM (SSC NASSCOM),Artificial Intelligence and Big Data Analytics,"Future Skills Qualification,National Occupational Standard",N.A.,"{""Theory"":""15"",""Practical"":""30"",""EmployabilitySkills"":""0"",""OJT_Mandatory"":""0""}",https://nqr.gov.in/qualifications-search,publisher_listed_validity;version_and_hours_missing_where_unparseable;not_training_capacity,Level 5,45 Hours,45 Hours,30 May 2024,30 May 2027
1475,Service Assistant (Domestic Electronics Products),QG-03-EH-02859-2024-V1-WBSCVT,Electronics & HW,3.0,390,390,,2024-07-25,2027-07-24,within_listed_validity,2026-10-02,West Bengal State Council of Technical & Vocational Education and Skill Development (WBSCTVESD),Service Assistant (Domestic Electronics Products),General Qualification,N.A.,"{""Theory"":""90"",""Practical"":""180"",""EmployabilitySkills"":""60"",""OJT_Mandatory"":""60""}",https://nqr.gov.in/qualifications-search,publisher_listed_validity;version_and_hours_missing_where_unparseable;not_training_capacity,Level 3,390 Hours,390 Hours,25 Jul 2024,24 Jul 2027
1477,Big Data Analytics Foundation,NG-4.5-IT-02732-2024-V1-NASSCOM,IT-ITeS,4.5,45,45,,2024-05-30,2027-05-30,within_listed_validity,2026-10-02,IT-ITeS Sector Skills Council NASSCOM (SSC NASSCOM),Artificial Intelligence and Big Data Analytics,"Future Skills Qualification,National Occupational Standard",N.A.,"{""Theory"":""15"",""Practical"":""30"",""EmployabilitySkills"":""0"",""OJT_Mandatory"":""0""}",https://nqr.gov.in/qualifications-search,publisher_listed_validity;version_and_hours_missing_where_unparseable;not_training_capacity,Level 4.5,45 Hours,45 Hours,30 May 2024,30 May 2027
1478,Data Preparation and Refinement for Analysis of Information,NG-05-IT-02726-2024-V1-NASSCOM,IT-ITeS,5.0,45,45,,2024-05-30,2027-05-30,within_listed_validity,2026-10-02,IT-ITeS Sector Skills Council NASSCOM (SSC NASSCOM),Artificial Intelligence and Big Data Analytics,"Future Skills Qualification,National Occupational Standard",N.A.,"{""Theory"":""15"",""Practical"":""30"",""EmployabilitySkills"":""0"",""OJT_Mandatory"":""0""}",https://nqr.gov.in/qualifications-search,publisher_listed_validity;version_and_hours_missing_where_unparseable;not_training_capacity,Level 5,45 Hours,45 Hours,30 May 2024,30 May 2027
1479,AI Foundation,NG-4.5-IT-02731-2024-V1-NASSCOM,IT-ITeS,4.5,45,45,,2024-05-30,2027-05-30,within_listed_validity,2026-10-02,IT-ITeS Sector Skills Council NASSCOM (SSC NASSCOM),Artificial Intelligence and Big Data Analytics,"Future Skills Qualification,National Occupational Standard",N.A.,"{""Theory"":""15"",""Practical"":""30"",""EmployabilitySkills"":""0"",""OJT_Mandatory"":""0""}",https://nqr.gov.in/qualifications-search,publisher_listed_validity;version_and_hours_missing_where_unparseable;not_training_capacity,Level 4.5,45 Hours,45 Hours,30 May 2024,30 May 2027
1487,Printed Circuit Board Technician,QG-04-EH-02854-2024-V2-NIELIT,Electronics & HW,4.0,480,480,,2024-07-25,2027-07-25,within_listed_validity,2026-10-02,National Institute of Electronics and Information Technology (NIELIT),"Electronics Assembly, Electronics Equipment Services",General Qualification,N.A.,"{""Theory"":""180"",""Practical"":""180"",""EmployabilitySkills"":""60"",""OJT_Mandatory"":""60""}",https://nqr.gov.in/qualifications-search,publisher_listed_validity;version_and_hours_missing_where_unparseable;not_training_capacity,Level 4,480 Hours,480 Hours,25 Jul 2024,25 Jul 2027
1488,Fundamentals of Data visualization with Tableau,NM-4.5-IT-02990-2024-V1-ASAP,IT-ITeS,4.5,30,30,,2024-08-27,2027-08-27,within_listed_validity,2026-10-02,"Additional Skill Acquisition Programme, Government of Kerala",Data Analyst,Future Skills Qualification,N.A.,"{""Theory"":""10"",""Practical"":""20"",""EmployabilitySkills"":""0"",""OJT_Mandatory"":""0""}",https://nqr.gov.in/qualifications-search,publisher_listed_validity;version_and_hours_missing_where_unparseable;not_training_capacity,Level 4.5,30 Hours,30 Hours,27 Aug 2024,27 Aug 2027
1501,Introduction to Automotive Electronics,NM-4.5-AU-03002-2024-V1-IACE,Automotive,4.5,30,30,,2024-08-27,2027-08-26,within_listed_validity,2026-10-02,International Automobile Centre of Excellence (iACE),Not Applicable,Micro Credentials,N.A.,"{""Theory"":""15"",""Practical"":""15"",""EmployabilitySkills"":""0"",""OJT_Mandatory"":""0""}",https://nqr.gov.in/qualifications-search,publisher_listed_validity;version_and_hours_missing_where_unparseable;not_training_capacity,Level 4.5,30 Hours,30 Hours,27 Aug 2024,26 Aug 2027
1516,Introduction to Automotive Systems,NM-4.5-AU-03003-2024-V1-IACE,Automotive,4.5,30,30,,2024-08-27,2027-08-26,within_listed_validity,2026-10-02,International Automobile Centre of Excellence (iACE),Not Applicable,Micro Credentials,N.A.,"{""Theory"":""15"",""Practical"":""15"",""EmployabilitySkills"":""0"",""OJT_Mandatory"":""0""}",https://nqr.gov.in/qualifications-search,publisher_listed_validity;version_and_hours_missing_where_unparseable;not_training_capacity,Level 4.5,30 Hours,30 Hours,27 Aug 2024,26 Aug 2027
1522,ABC of IT Services Processes and Tools Management,NG-05-IT-02657-2024-V1-HCL,IT-ITeS,5.0,210,210,,2024-05-30,2027-05-30,within_listed_validity,2026-10-02,HCL Technologies,Computer Network and Systems Technician,Multi-Skill Qualification,N.A.,"{""Theory"":""90"",""Practical"":""120"",""EmployabilitySkills"":""00"",""OJT_Mandatory"":""00""}",https://nqr.gov.in/qualifications-search,publisher_listed_validity;version_and_hours_missing_where_unparseable;not_training_capacity,Level 5,210 Hours,210 Hours,30 May 2024,30 May 2027
1527,Essentials of System Administration with Linux OS,NG-05-IT-02658-2024-V1-HCL,IT-ITeS,5.0,210,210,,2024-05-30,2027-05-30,within_listed_validity,2026-10-02,HCL Technologies,Computer Network and Systems Technician,Multi-Skill Qualification,N.A.,"{""Theory"":""90"",""Practical"":""120"",""EmployabilitySkills"":""00"",""OJT_Mandatory"":""00""}",https://nqr.gov.in/qualifications-search,publisher_listed_validity;version_and_hours_missing_where_unparseable;not_training_capacity,Level 5,210 Hours,210 Hours,30 May 2024,30 May 2027
1528,Essentials of Hardware Virtualization,NM-05-IT-02672-2024-V1-HCL,IT-ITeS,5.0,30,30,,2024-05-30,2027-05-30,within_listed_validity,2026-10-02,HCL Technologies,Computer Network and Systems Technician,Future Skills Qualification,N.A.,"{""Theory"":""15"",""Practical"":""15"",""EmployabilitySkills"":""00"",""OJT_Mandatory"":""00""}",https://nqr.gov.in/qualifications-search,publisher_listed_validity;version_and_hours_missing_where_unparseable;not_training_capacity,Level 5,30 Hours,30 Hours,30 May 2024,30 May 2027
1529,Cloud Computing Fundamentals,NM-05-IT-02673-2024-V1-HCL,IT-ITeS,5.0,30,30,,2024-05-30,2027-05-30,within_listed_validity,2026-10-02,HCL Technologies,Computer Network and Systems Technician,Micro Credentials,N.A.,"{""Theory"":""15"",""Practical"":""15"",""EmployabilitySkills"":""00"",""OJT_Mandatory"":""00""}",https://nqr.gov.in/qualifications-search,publisher_listed_validity;version_and_hours_missing_where_unparseable;not_training_capacity,Level 5,30 Hours,30 Hours,30 May 2024,30 May 2027
1532,Fundamentals of Cloud Identity & Access Management,NM-05-IT-02674-2024-V1-HCL,IT-ITeS,5.0,30,30,,2024-05-30,2027-05-30,within_listed_validity,2026-10-02,HCL Technologies,Computer Network and Systems Technician,Micro Credentials,N.A.,"{""Theory"":""15"",""Practical"":""15"",""EmployabilitySkills"":""00"",""OJT_Mandatory"":""00""}",https://nqr.gov.in/qualifications-search,publisher_listed_validity;version_and_hours_missing_where_unparseable;not_training_capacity,Level 5,30 Hours,30 Hours,30 May 2024,30 May 2027
1533,Getting Started with Cloud Networking,NM-05-IT-02675-2024-V1-HCL,IT-ITeS,5.0,30,30,,2024-05-30,2027-05-30,within_listed_validity,2026-10-02,HCL Technologies,Computer Network and Systems Technician,Micro Credentials,N.A.,"{""Theory"":""15"",""Practical"":""15"",""EmployabilitySkills"":""00"",""OJT_Mandatory"":""00""}",https://nqr.gov.in/qualifications-search,publisher_listed_validity;version_and_hours_missing_where_unparseable;not_training_capacity,Level 5,30 Hours,30 Hours,30 May 2024,30 May 2027
1534,"ABC of Data, Disaster and Recovery Management in Cloud",NM-05-IT-02676-2024-V1-HCL,IT-ITeS,5.0,30,30,,2024-05-30,2027-05-30,within_listed_validity,2026-10-02,HCL Technologies,Computer Network and Systems Technician,Micro Credentials,N.A.,"{""Theory"":""15"",""Practical"":""15"",""EmployabilitySkills"":""00"",""OJT_Mandatory"":""00""}",https://nqr.gov.in/qualifications-search,publisher_listed_validity;version_and_hours_missing_where_unparseable;not_training_capacity,Level 5,30 Hours,30 Hours,30 May 2024,30 May 2027
1535,Essentials of Cyber Safety for Teachers,NM-05-IT-02677-2024-V1-HCL,IT-ITeS,5.0,,,,2024-05-30,2027-05-30,within_listed_validity,2026-10-02,HCL Technologies,Teachers,Multi-Skill Qualification,N.A.,"{""Theory"":""4.5"",""Practical"":""3"",""EmployabilitySkills"":""00"",""OJT_Mandatory"":""00""}",https://nqr.gov.in/qualifications-search,publisher_listed_validity;version_and_hours_missing_where_unparseable;not_training_capacity,Level 5,7.5 Hours,7.5 Hours,30 May 2024,30 May 2027
1536,Essentials of Cyber Safety for Professionals,NM-05-IT-02678-2024-V1-HCL,IT-ITeS,5.0,,,,2024-05-30,2027-05-30,within_listed_validity,2026-10-02,HCL Technologies,All professionals,Multi-Skill Qualification,N.A.,"{""Theory"":""4.5"",""Practical"":""3"",""EmployabilitySkills"":""00"",""OJT_Mandatory"":""00""}",https://nqr.gov.in/qualifications-search,publisher_listed_validity;version_and_hours_missing_where_unparseable;not_training_capacity,Level 5,7.5 Hours,7.5 Hours,30 May 2024,30 May 2027
1537,Introduction to Cyber Security for Women,NM-03-IT-02679-2024-V1-HCL,IT-ITeS,3.0,,,,2024-05-30,2027-05-30,within_listed_validity,2026-10-02,HCL Technologies,Women,Multi-Skill Qualification,N.A.,"{""Theory"":""4.5"",""Practical"":""3"",""EmployabilitySkills"":""00"",""OJT_Mandatory"":""00""}",https://nqr.gov.in/qualifications-search,publisher_listed_validity;version_and_hours_missing_where_unparseable;not_training_capacity,Level 3,7.5 Hours,7.5 Hours,30 May 2024,30 May 2027
1539,Embedded System Developer (A-Level 'Embedded System Design’),QG-05-EH-02592-2024-V1-NIELIT,Electronics & HW,5.0,780,780,,2024-05-30,2027-05-30,within_listed_validity,2026-10-02,National Institute of Electronics and Information Technology (NIELIT),Embedded System Design,Future Skills Qualification,N.A.,"{""Theory"":""250"",""Practical"":""350"",""EmployabilitySkills"":""90"",""OJT_Mandatory"":""90""}",https://nqr.gov.in/qualifications-search,publisher_listed_validity;version_and_hours_missing_where_unparseable;not_training_capacity,Level 5,780 Hours,780 Hours,30 May 2024,30 May 2027
1540,Introduction to Cyber Security for students,NM-03-IT-02680-2024-V1-HCL,IT-ITeS,3.0,,,,2024-05-30,2027-05-30,within_listed_validity,2026-10-02,HCL Technologies,Students,Multi-Skill Qualification,N.A.,"{""Theory"":""4.5"",""Practical"":""3"",""EmployabilitySkills"":""00"",""OJT_Mandatory"":""00""}",https://nqr.gov.in/qualifications-search,publisher_listed_validity;version_and_hours_missing_where_unparseable;not_training_capacity,Level 3,7.5 Hours,7.5 Hours,30 May 2024,30 May 2027
1541,Essentials of Cyber Security for lawyers,NM-05-IT-02681-2024-V1-HCL,IT-ITeS,3.0,,,,2024-05-30,2027-05-30,within_listed_validity,2026-10-02,HCL Technologies,Lawyers,Multi-Skill Qualification,N.A.,"{""Theory"":""4.5"",""Practical"":""3"",""EmployabilitySkills"":""00"",""OJT_Mandatory"":""00""}",https://nqr.gov.in/qualifications-search,publisher_listed_validity;version_and_hours_missing_where_unparseable;not_training_capacity,Level 3,7.5 Hours,7.5 Hours,30 May 2024,30 May 2027
1542,Essentials of Automation Testing with Scripting,NG-05-IT-02659-2024-V1-HCL,IT-ITeS,5.0,210,210,,2024-05-30,2027-05-30,within_listed_validity,2026-10-02,HCL Technologies,Software and Application Developers and Analysts,"Cross Sectoral Qualification,Future Skills Qualification,Multi-Skill Qualification,Upskilling Qualification",N.A.,"{""Theory"":""70"",""Practical"":""130"",""EmployabilitySkills"":""00"",""OJT_Mandatory"":""00""}",https://nqr.gov.in/qualifications-search,publisher_listed_validity;version_and_hours_missing_where_unparseable;not_training_capacity,Level 5,210 Hours,210 Hours,30 May 2024,30 May 2027
1544,Essentials of Agile Testing Methodologies,NM-4.5-IT-02682-2024-V1-HCL,IT-ITeS,4.5,,,,2024-05-30,2027-05-30,within_listed_validity,2026-10-02,HCL Technologies,Software and Application Developers and Analysts,Multi-Skill Qualification,N.A.,"{""Theory"":""4"",""Practical"":""3.5"",""EmployabilitySkills"":""00"",""OJT_Mandatory"":""00""}",https://nqr.gov.in/qualifications-search,publisher_listed_validity;version_and_hours_missing_where_unparseable;not_training_capacity,Level 4.5,7.5 Hours,7.5 Hours,30 May 2024,30 May 2027
1545,Essentials of Test Planning and Progress Monitoring,NM-4.5-IT-02683-2024-V1-HCL,IT-ITeS,4.5,,,,2024-05-30,2027-05-30,within_listed_validity,2026-10-02,HCL Technologies,Software and Application Developers and Analysts,Multi-Skill Qualification,N.A.,"{""Theory"":""4"",""Practical"":""3.5"",""EmployabilitySkills"":""00"",""OJT_Mandatory"":""00""}",https://nqr.gov.in/qualifications-search,publisher_listed_validity;version_and_hours_missing_where_unparseable;not_training_capacity,Level 4.5,7.5 Hours,7.5 Hours,30 May 2024,30 May 2027
1546,Getting started with Python Scripts for Automation Testing,NM-05-IT-02684-2024-V1-HCL,IT-ITeS,5.0,,,,2024-05-30,2027-05-30,within_listed_validity,2026-10-02,HCL Technologies,Software and Application Developers and Analysts,Multi-Skill Qualification,N.A.,"{""Theory"":""3"",""Practical"":""4.5"",""EmployabilitySkills"":""00"",""OJT_Mandatory"":""00""}",https://nqr.gov.in/qualifications-search,publisher_listed_validity;version_and_hours_missing_where_unparseable;not_training_capacity,Level 5,7.5 Hours,7.5 Hours,30 May 2024,30 May 2027
1547,"Introduction to Integration, System and Acceptance Testing",NM-4.5-IT-02685-2024-V1-HCL,IT-ITeS,4.5,,,,2024-05-30,2027-05-30,within_listed_validity,2026-10-02,HCL Technologies,Software and Application Developers and Analysts,Multi-Skill Qualification,N.A.,"{""Theory"":""4"",""Practical"":""3.5"",""EmployabilitySkills"":""00"",""OJT_Mandatory"":""00""}",https://nqr.gov.in/qualifications-search,publisher_listed_validity;version_and_hours_missing_where_unparseable;not_training_capacity,Level 4.5,7.5 Hours,7.5 Hours,30 May 2024,30 May 2027
1548,Essentials of Defect Life Cycle Management,NM-4.5-IT-02686-2024-V1-HCL,IT-ITeS,4.5,,,,2024-05-30,2027-05-30,within_listed_validity,2026-10-02,HCL Technologies,Software and Application Developers and Analysts,Multi-Skill Qualification,N.A.,"{""Theory"":""4"",""Practical"":""3.5"",""EmployabilitySkills"":""00"",""OJT_Mandatory"":""00""}",https://nqr.gov.in/qualifications-search,publisher_listed_validity;version_and_hours_missing_where_unparseable;not_training_capacity,Level 4.5,7.5 Hours,7.5 Hours,30 May 2024,30 May 2027
1549,Foundation of Data Engineering,NM-05-IT-02687-2024-V1-HCL,IT-ITeS,5.0,30,30,,2024-05-30,2027-05-30,within_listed_validity,2026-10-02,HCL Technologies,Database designers and Administrators,Multi-Skill Qualification,N.A.,"{""Theory"":""15"",""Practical"":""15"",""EmployabilitySkills"":""00"",""OJT_Mandatory"":""00""}",https://nqr.gov.in/qualifications-search,publisher_listed_validity;version_and_hours_missing_where_unparseable;not_training_capacity,Level 5,30 Hours,30 Hours,30 May 2024,30 May 2027
1551,Essentials of Python programming and libraries to work with data,NM-05-IT-02688-2024-V1-HCL,IT-ITeS,5.0,30,30,,2024-05-30,2027-05-30,within_listed_validity,2026-10-02,HCL Technologies,Database designers and Administrators,Multi-Skill Qualification,N.A.,"{""Theory"":""12"",""Practical"":""18"",""EmployabilitySkills"":""00"",""OJT_Mandatory"":""00""}",https://nqr.gov.in/qualifications-search,publisher_listed_validity;version_and_hours_missing_where_unparseable;not_training_capacity,Level 5,30 Hours,30 Hours,30 May 2024,30 May 2027
1552,SQL and NoSQL for Beginners,NM-05-IT-02689-2024-V1-HCL,IT-ITeS,5.0,30,30,,2024-05-30,2027-05-30,within_listed_validity,2026-10-02,HCL Technologies,Database designers and Administrators,Multi-Skill Qualification,N.A.,"{""Theory"":""15"",""Practical"":""15"",""EmployabilitySkills"":""00"",""OJT_Mandatory"":""00""}",https://nqr.gov.in/qualifications-search,publisher_listed_validity;version_and_hours_missing_where_unparseable;not_training_capacity,Level 5,30 Hours,30 Hours,30 May 2024,30 May 2027
1553,INTRODUCTION TO ARTIFICIAL INTELLIGENCE (AI),NM-3.5-IT-02917-2024-V1-DGT,IT-ITeS,3.5,,,,2024-07-25,2027-07-24,within_listed_validity,2026-10-02,Directorate General of Training (DGT),INTRODUCTION TO ARTIFICIAL INTELLIGENCE (AI),Micro Credentials,N.A.,"{""Theory"":""4.0"",""Practical"":""3.5"",""EmployabilitySkills"":""0"",""OJT_Mandatory"":""0""}",https://nqr.gov.in/qualifications-search,publisher_listed_validity;version_and_hours_missing_where_unparseable;not_training_capacity,Level 3.5,7.5 Hours,7.5 Hours,25 Jul 2024,24 Jul 2027
1554,Introduction to data warehousing and modelling,NM-05-IT-02690-2024-V1-HCL,IT-ITeS,5.0,30,30,,2024-05-30,2027-05-30,within_listed_validity,2026-10-02,HCL Technologies,Database designers and Administrators,Multi-Skill Qualification,N.A.,"{""Theory"":""15"",""Practical"":""15"",""EmployabilitySkills"":""00"",""OJT_Mandatory"":""00""}",https://nqr.gov.in/qualifications-search,publisher_listed_validity;version_and_hours_missing_where_unparseable;not_training_capacity,Level 5,30 Hours,30 Hours,30 May 2024,30 May 2027
1555,Getting started with Big data for Extract Transformation and Load,NM-05-IT-02691-2024-V1-HCL,IT-ITeS,5.0,,,,2024-05-30,2027-05-30,within_listed_validity,2026-10-02,HCL Technologies,Database designers and Administrators,Multi-Skill Qualification,N.A.,"{""Theory"":""4"",""Practical"":""3.5"",""EmployabilitySkills"":""00"",""OJT_Mandatory"":""00""}",https://nqr.gov.in/qualifications-search,publisher_listed_validity;version_and_hours_missing_where_unparseable;not_training_capacity,Level 5,7.5 Hours,7.5 Hours,30 May 2024,30 May 2027
1556,Essentials of Data Analytics and Visualization,NM-05-IT-02692-2024-V1-HCL,IT-ITeS,5.0,,,,2024-05-30,2027-05-30,within_listed_validity,2026-10-02,HCL Technologies,Database designers and Administrators,Upskilling Qualification,N.A.,"{""Theory"":""4"",""Practical"":""3.5"",""EmployabilitySkills"":""00"",""OJT_Mandatory"":""00""}",https://nqr.gov.in/qualifications-search,publisher_listed_validity;version_and_hours_missing_where_unparseable;not_training_capacity,Level 5,7.5 Hours,7.5 Hours,30 May 2024,30 May 2027
1557,AI-Business Analyst,IT QG-5.5-IT-02637-2024-V1-ITDA,IT-ITeS,5.5,540,540,,2024-05-30,2027-05-30,within_listed_validity,2026-10-02,IT-ITeS Sector Skills Council NASSCOM (SSC NASSCOM),Artificial Intelligence and Big Data Analytics,"Future Skills Qualification,Upskilling Qualification",N.A.,"{""Theory"":""149"",""Practical"":""241"",""EmployabilitySkills"":""60"",""OJT_Mandatory"":""90""}",https://nqr.gov.in/qualifications-search,publisher_listed_validity;version_and_hours_missing_where_unparseable;not_training_capacity,Level 5.5,540 Hours,540 Hours,30 May 2024,30 May 2027
1558,Embedded System Junior Developer (O-Level 'Embedded System Design’),QG-04-EH-02591-2024-V1-NIELIT,Electronics & HW,4.0,450,450,,2024-05-30,2027-05-30,within_listed_validity,2026-10-02,National Institute of Electronics and Information Technology (NIELIT),Embedded System Design,Future Skills Qualification,N.A.,"{""Theory"":""100"",""Practical"":""140"",""EmployabilitySkills"":""60"",""OJT_Mandatory"":""150""}",https://nqr.gov.in/qualifications-search,publisher_listed_validity;version_and_hours_missing_where_unparseable;not_training_capacity,Level 4,450 Hours,450 Hours,30 May 2024,30 May 2027
1561,Essentials of Coding and Programming,NG-04-EH-02979-2024-V1-ESSC,Electronics & HW,4.0,104,104,,2024-08-27,2027-08-27,within_listed_validity,2026-10-02,Electronics Sector Skills Council Of India (ESSCI),Jr. Programmer (Electronics),"Future Skills Qualification,OEM Qualification",N.A.,"{""Theory"":""80"",""Practical"":""24"",""EmployabilitySkills"":""00"",""OJT_Mandatory"":""00""}",https://nqr.gov.in/qualifications-search,publisher_listed_validity;version_and_hours_missing_where_unparseable;not_training_capacity,Level 4,104 Hours,104 Hours,27 Aug 2024,27 Aug 2027
1562,Introduction to Statistical Analysis and Problem Solving,NM-05-IT-02693-2024-V1-HCL,IT-ITeS,5.0,30,30,,2024-05-30,2027-05-30,within_listed_validity,2026-10-02,HCL Technologies,Database designers and Administrators,Multi-Skill Qualification,N.A.,"{""Theory"":""15"",""Practical"":""15"",""EmployabilitySkills"":""00"",""OJT_Mandatory"":""00""}",https://nqr.gov.in/qualifications-search,publisher_listed_validity;version_and_hours_missing_where_unparseable;not_training_capacity,Level 5,30 Hours,30 Hours,30 May 2024,30 May 2027
1563,Foundation of Generative AI & Prompt engineering,NM-05-IT-02694-2024-V1-HCL,IT-ITeS,5.0,30,30,,2024-05-30,2027-05-30,within_listed_validity,2026-10-02,HCL Technologies,Database designers and Administrators,Multi-Skill Qualification,N.A.,"{""Theory"":""15"",""Practical"":""15"",""EmployabilitySkills"":""00"",""OJT_Mandatory"":""00""}",https://nqr.gov.in/qualifications-search,publisher_listed_validity;version_and_hours_missing_where_unparseable;not_training_capacity,Level 5,30 Hours,30 Hours,30 May 2024,30 May 2027
1564,Getting started with Web Development,NM-05-IT-02695-2024-V1-HCL,IT-ITeS,5.0,30,30,,2024-05-30,2027-05-30,within_listed_validity,2026-10-02,HCL Technologies,Web developer,Multi-Skill Qualification,N.A.,"{""Theory"":""12"",""Practical"":""18"",""EmployabilitySkills"":""00"",""OJT_Mandatory"":""00""}",https://nqr.gov.in/qualifications-search,publisher_listed_validity;version_and_hours_missing_where_unparseable;not_training_capacity,Level 5,30 Hours,30 Hours,30 May 2024,30 May 2027
1565,Essentials of Dynamic Web development with Servlets and Java,NM-05-IT-02696-2024-V1-HCL,IT-ITeS,5.0,30,30,,2024-05-30,2027-05-30,within_listed_validity,2026-10-02,HCL Technologies,Web developer,Multi-Skill Qualification,N.A.,"{""Theory"":""12"",""Practical"":""18"",""EmployabilitySkills"":""00"",""OJT_Mandatory"":""00""}",https://nqr.gov.in/qualifications-search,publisher_listed_validity;version_and_hours_missing_where_unparseable;not_training_capacity,Level 5,30 Hours,30 Hours,30 May 2024,30 May 2027
1566,Getting started with Web services,NM-05-IT-02697-2024-V1-HCL,IT-ITeS,5.0,30,30,,2024-05-30,2027-05-30,within_listed_validity,2026-10-02,HCL Technologies,Web developer,Multi-Skill Qualification,N.A.,"{""Theory"":""12"",""Practical"":""18"",""EmployabilitySkills"":""00"",""OJT_Mandatory"":""00""}",https://nqr.gov.in/qualifications-search,publisher_listed_validity;version_and_hours_missing_where_unparseable;not_training_capacity,Level 5,30 Hours,30 Hours,30 May 2024,30 May 2027
1567,Introduction to Web UI development with Node,NM-05-IT-02698-2024-V1-HCL,IT-ITeS,5.0,,,,2024-05-30,2027-05-30,within_listed_validity,2026-10-02,HCL Technologies,Web developer,Multi-Skill Qualification,N.A.,"{""Theory"":""4"",""Practical"":""3.5"",""EmployabilitySkills"":""00"",""OJT_Mandatory"":""00""}",https://nqr.gov.in/qualifications-search,publisher_listed_validity;version_and_hours_missing_where_unparseable;not_training_capacity,Level 5,7.5 Hours,7.5 Hours,30 May 2024,30 May 2027
1568,Introduction to Web UI development with React,NM-05-IT-02699-2024-V1-HCL,IT-ITeS,5.0,,,,2024-05-30,2027-05-30,within_listed_validity,2026-10-02,HCL Technologies,User Interface developer,Multi-Skill Qualification,N.A.,"{""Theory"":""3"",""Practical"":""4.5"",""EmployabilitySkills"":""00"",""OJT_Mandatory"":""00""}",https://nqr.gov.in/qualifications-search,publisher_listed_validity;version_and_hours_missing_where_unparseable;not_training_capacity,Level 5,7.5 Hours,7.5 Hours,30 May 2024,30 May 2027
1569,Foundation of Object Oriented Programming using Java,NM-05-IT-02700-2024-V1-HCL,IT-ITeS,5.0,30,30,,2024-05-30,2027-05-30,within_listed_validity,2026-10-02,HCL Technologies,Web developer,Multi-Skill Qualification,N.A.,"{""Theory"":""12"",""Practical"":""18"",""EmployabilitySkills"":""00"",""OJT_Mandatory"":""00""}",https://nqr.gov.in/qualifications-search,publisher_listed_validity;version_and_hours_missing_where_unparseable;not_training_capacity,Level 5,30 Hours,30 Hours,30 May 2024,30 May 2027
1570,Chip Design Associate (O-Level ‘Chip Design’),QG-04-EH-02593-2024-V1-NIELIT,Electronics & HW,4.0,450,450,,2024-05-30,2027-05-30,within_listed_validity,2026-10-02,National Institute of Electronics and Information Technology (NIELIT),VLSI Design,Future Skills Qualification,N.A.,"{""Theory"":""100"",""Practical"":""140"",""EmployabilitySkills"":""60"",""OJT_Mandatory"":""150""}",https://nqr.gov.in/qualifications-search,publisher_listed_validity;version_and_hours_missing_where_unparseable;not_training_capacity,Level 4,450 Hours,450 Hours,30 May 2024,30 May 2027
1571,Essentials of Oracle SQL and Data base connectivity using JDBC,NM-05-IT-02701-2024-V1-HCL,IT-ITeS,5.0,30,30,,2024-05-30,2027-05-30,within_listed_validity,2026-10-02,HCL Technologies,Web developer,Multi-Skill Qualification,N.A.,"{""Theory"":""12"",""Practical"":""18"",""EmployabilitySkills"":""00"",""OJT_Mandatory"":""00""}",https://nqr.gov.in/qualifications-search,publisher_listed_validity;version_and_hours_missing_where_unparseable;not_training_capacity,Level 5,30 Hours,30 Hours,30 May 2024,30 May 2027
1572,Foundation of data base management using Mongo DB,NM-05-IT-02702-2024-V1-HCL,IT-ITeS,5.0,30,30,,2024-05-30,2027-05-30,within_listed_validity,2026-10-02,HCL Technologies,Software developer,Multi-Skill Qualification,N.A.,"{""Theory"":""15"",""Practical"":""15"",""EmployabilitySkills"":""00"",""OJT_Mandatory"":""00""}",https://nqr.gov.in/qualifications-search,publisher_listed_validity;version_and_hours_missing_where_unparseable;not_training_capacity,Level 5,30 Hours,30 Hours,30 May 2024,30 May 2027
1573,Fundamentals of Boot- Strapping for UI Application design,NM-05-IT-02703-2024-V1-HCL,IT-ITeS,5.0,30,30,,2024-05-30,2027-05-30,within_listed_validity,2026-10-02,HCL Technologies,User Interface developer,Multi-Skill Qualification,N.A.,"{""Theory"":""12"",""Practical"":""18"",""EmployabilitySkills"":""00"",""OJT_Mandatory"":""00""}",https://nqr.gov.in/qualifications-search,publisher_listed_validity;version_and_hours_missing_where_unparseable;not_training_capacity,Level 5,30 Hours,30 Hours,30 May 2024,30 May 2027
1574,Fundamentals of User Interface Design and development using Angular,NM-05-IT-02704-2024-V1-HCL,IT-ITeS,5.0,30,30,,2024-05-30,2027-05-30,within_listed_validity,2026-10-02,HCL Technologies,User Interface developer,Multi-Skill Qualification,N.A.,"{""Theory"":""12"",""Practical"":""18"",""EmployabilitySkills"":""00"",""OJT_Mandatory"":""00""}",https://nqr.gov.in/qualifications-search,publisher_listed_validity;version_and_hours_missing_where_unparseable;not_training_capacity,Level 5,30 Hours,30 Hours,30 May 2024,30 May 2027
1575,Essentials of Spring Framework,NM-05-IT-02705-2024-V1-HCL,IT-ITeS,5.0,30,30,,2024-05-30,2027-05-30,within_listed_validity,2026-10-02,HCL Technologies,Software developer,Multi-Skill Qualification,N.A.,"{""Theory"":""12"",""Practical"":""18"",""EmployabilitySkills"":""00"",""OJT_Mandatory"":""00""}",https://nqr.gov.in/qualifications-search,publisher_listed_validity;version_and_hours_missing_where_unparseable;not_training_capacity,Level 5,30 Hours,30 Hours,30 May 2024,30 May 2027
1576,Capstone Industry project for Application Development / Data Science,NG-05-IT-02660-2024-V1-HCL,IT-ITeS,5.5,90,90,,2024-05-30,2027-05-30,within_listed_validity,2026-10-02,HCL Technologies,Computer Network Professional,National Occupational Standard,N.A.,"{""Theory"":""15"",""Practical"":""75"",""EmployabilitySkills"":""00"",""OJT_Mandatory"":""00""}",https://nqr.gov.in/qualifications-search,publisher_listed_validity;version_and_hours_missing_where_unparseable;not_training_capacity,Level 5.5,90 Hours,90 Hours,30 May 2024,30 May 2027
1577,Junior Chip Designer (A-Level 'Chip Design'),QG-05-EH-02594-2024-V1-NIELIT,Electronics & HW,5.0,780,780,,2024-05-30,2027-05-30,within_listed_validity,2026-10-02,National Institute of Electronics and Information Technology (NIELIT),VLSI Design,Future Skills Qualification,N.A.,"{""Theory"":""250"",""Practical"":""350"",""EmployabilitySkills"":""90"",""OJT_Mandatory"":""90""}",https://nqr.gov.in/qualifications-search,publisher_listed_validity;version_and_hours_missing_where_unparseable;not_training_capacity,Level 5,780 Hours,780 Hours,30 May 2024,30 May 2027
1581,Auto Rickshaw Driver,QG-2.5-AU-02944-2024-V2-ASDC,Automotive,2.5,270,270,,2024-08-27,2027-08-27,within_listed_validity,2026-10-02,Automotive Skills Development Council (ASDC),Driving,General Qualification,N.A.,"{""Theory"":""70"",""Practical"":""140"",""EmployabilitySkills"":""30"",""OJT_Mandatory"":""30""}",https://nqr.gov.in/qualifications-search,publisher_listed_validity;version_and_hours_missing_where_unparseable;not_training_capacity,Level 2.5,270 Hours,270 Hours,27 Aug 2024,27 Aug 2027
1582,Essentials of Internet of Things,NG-4.5-EH-02977-2024-V1-ESSC,Electronics & HW,4.5,240,240,,2024-08-27,2027-08-27,within_listed_validity,2026-10-02,Electronics Sector Skills Council Of India (ESSCI),Product Design-S&C,"Future Skills Qualification,OEM Qualification",N.A.,"{""Theory"":""160"",""Practical"":""80"",""EmployabilitySkills"":""00"",""OJT_Mandatory"":""00""}",https://nqr.gov.in/qualifications-search,publisher_listed_validity;version_and_hours_missing_where_unparseable;not_training_capacity,Level 4.5,240 Hours,240 Hours,27 Aug 2024,27 Aug 2027
1583,Fundamentals of AIOT (Artificial Intelligence of Things),NG-2.5-EH-02976-2024-V1-ESSC,Electronics & HW,2.5,210,210,,2024-08-27,2027-08-27,within_listed_validity,2026-10-02,Electronics Sector Skills Council Of India (ESSCI),Product Design- I& A,Future Skills Qualification,N.A.,"{""Theory"":""90"",""Practical"":""120"",""EmployabilitySkills"":""00"",""OJT_Mandatory"":""00""}",https://nqr.gov.in/qualifications-search,publisher_listed_validity;version_and_hours_missing_where_unparseable;not_training_capacity,Level 2.5,210 Hours,210 Hours,27 Aug 2024,27 Aug 2027
1590,Automotive Service Advisor,QG-4.5-AU-02947-2024-V2-ASDC,Automotive,4.5,570,570,,2024-08-27,2027-08-27,within_listed_validity,2026-10-02,Automotive Skills Development Council (ASDC),Technical Service and Repair,General Qualification,N.A.,"{""Theory"":""120"",""Practical"":""150"",""EmployabilitySkills"":""60"",""OJT_Mandatory"":""240""}",https://nqr.gov.in/qualifications-search,publisher_listed_validity;version_and_hours_missing_where_unparseable;not_training_capacity,Level 4.5,570 Hours,570 Hours,27 Aug 2024,27 Aug 2027
1591,Fundamentals of IoT Application and Maintenance,NG-3.5-CG-02876-2024-V1-DGT,Electronics & HW,3.5,240,240,,2024-07-25,2027-07-24,within_listed_validity,2026-10-02,Directorate General of Training (DGT),IoT System Operation and Maintenance Technician,"General Qualification,National Occupational Standard",N.A.,"{""Theory"":""60"",""Practical"":""180"",""EmployabilitySkills"":""0"",""OJT_Mandatory"":""0""}",https://nqr.gov.in/qualifications-search,publisher_listed_validity;version_and_hours_missing_where_unparseable;not_training_capacity,Level 3.5,240 Hours,240 Hours,25 Jul 2024,24 Jul 2027
1592,FUNDAMENTALS OF SEMICONDUCTOR TECHNOLOGY,NG-3.5-CG-02877-2024-V1-DGT,Electronics & HW,3.5,240,240,,2024-07-25,2027-07-24,within_listed_validity,2026-10-02,Directorate General of Training (DGT),FUNDAMENTALS OF SEMICONDUCTOR TECHNOLOGY,"General Qualification,National Occupational Standard",N.A.,"{""Theory"":""60"",""Practical"":""180"",""EmployabilitySkills"":""0"",""OJT_Mandatory"":""0""}",https://nqr.gov.in/qualifications-search,publisher_listed_validity;version_and_hours_missing_where_unparseable;not_training_capacity,Level 3.5,240 Hours,240 Hours,25 Jul 2024,24 Jul 2027
1595,Driving Trainer-LMV,QG-4.5-AU-02946-2024-V2-ASDC,Automotive,4.5,360,360,,2024-08-27,2027-08-27,within_listed_validity,2026-10-02,Automotive Skills Development Council (ASDC),Driving,General Qualification,N.A.,"{""Theory"":""110"",""Practical"":""160"",""EmployabilitySkills"":""60"",""OJT_Mandatory"":""30""}",https://nqr.gov.in/qualifications-search,publisher_listed_validity;version_and_hours_missing_where_unparseable;not_training_capacity,Level 4.5,360 Hours,360 Hours,27 Aug 2024,27 Aug 2027
1596,Four Wheeler Service Technician,QG-04-AU-02943-2024-V2-ASDC,Automotive,4.0,480,480,,2024-08-27,2027-08-27,within_listed_validity,2026-10-02,Automotive Skills Development Council (ASDC),Technical Service and Repair,General Qualification,N.A.,"{""Theory"":""130"",""Practical"":""260"",""EmployabilitySkills"":""60"",""OJT_Mandatory"":""30""}",https://nqr.gov.in/qualifications-search,publisher_listed_validity;version_and_hours_missing_where_unparseable;not_training_capacity,Level 4,480 Hours,480 Hours,27 Aug 2024,27 Aug 2027
1598,Service Technician (Heavy Motor Vehicle),QG-04-AU-02945-2024-V2-ASDC,Automotive,4.0,420,420,,2024-08-27,2027-08-27,within_listed_validity,2026-10-02,Automotive Skills Development Council (ASDC),Technical Service and Repair,General Qualification,N.A.,"{""Theory"":""110"",""Practical"":""220"",""EmployabilitySkills"":""60"",""OJT_Mandatory"":""30""}",https://nqr.gov.in/qualifications-search,publisher_listed_validity;version_and_hours_missing_where_unparseable;not_training_capacity,Level 4,420 Hours,420 Hours,27 Aug 2024,27 Aug 2027
1610,Fundamentals of Embedded C programming,NG-04-EH-02886-2024-V1-NIELIT,Electronics & HW,4.0,60,60,,2024-07-25,2027-07-25,within_listed_validity,2026-10-02,National Institute of Electronics and Information Technology (NIELIT),Embedded System Design,"Future Skills Qualification,OEM Qualification",N.A.,"{""Theory"":""30"",""Practical"":""30"",""EmployabilitySkills"":""0"",""OJT_Mandatory"":""0""}",https://nqr.gov.in/qualifications-search,publisher_listed_validity;version_and_hours_missing_where_unparseable;not_training_capacity,Level 4,60 Hours,60 Hours,25 Jul 2024,25 Jul 2027
1614,"Fundamentals of Microcontroller architecture (ARM), programming and interfacing",NG-04-EH-02887-2024-V1-NIELIT,Electronics & HW,4.0,60,60,,2024-07-25,2027-07-25,within_listed_validity,2026-10-02,National Institute of Electronics and Information Technology (NIELIT),Embedded System Design,"Future Skills Qualification,OEM Qualification",N.A.,"{""Theory"":""30"",""Practical"":""30"",""EmployabilitySkills"":""0"",""OJT_Mandatory"":""0""}",https://nqr.gov.in/qualifications-search,publisher_listed_validity;version_and_hours_missing_where_unparseable;not_training_capacity,Level 4,60 Hours,60 Hours,25 Jul 2024,25 Jul 2027
1615,Fundamentals of sensing and actuation in embedded systems,NG-04-EH-02888-2024-V1-NIELIT,Electronics & HW,4.0,60,60,,2024-07-25,2027-07-25,within_listed_validity,2026-10-02,National Institute of Electronics and Information Technology (NIELIT),Embedded System Design,"Future Skills Qualification,OEM Qualification",N.A.,"{""Theory"":""30"",""Practical"":""30"",""EmployabilitySkills"":""0"",""OJT_Mandatory"":""0""}",https://nqr.gov.in/qualifications-search,publisher_listed_validity;version_and_hours_missing_where_unparseable;not_training_capacity,Level 4,60 Hours,60 Hours,25 Jul 2024,25 Jul 2027
1616,Basics of Embedded Linux Internals,NG-04-EH-02889-2024-V1-NIELIT,Electronics & HW,4.0,60,60,,2024-07-25,2027-07-25,within_listed_validity,2026-10-02,National Institute of Electronics and Information Technology (NIELIT),Embedded System Design,"Future Skills Qualification,OEM Qualification",N.A.,"{""Theory"":""30"",""Practical"":""30"",""EmployabilitySkills"":""0"",""OJT_Mandatory"":""0""}",https://nqr.gov.in/qualifications-search,publisher_listed_validity;version_and_hours_missing_where_unparseable;not_training_capacity,Level 4,60 Hours,60 Hours,25 Jul 2024,25 Jul 2027
1617,Essentials of Real Time Operating Systems for Embedded Application,NG-05-EH-02890-2024-V1-NIELIT,Electronics & HW,5.0,60,60,,2024-07-25,2027-07-25,within_listed_validity,2026-10-02,National Institute of Electronics and Information Technology (NIELIT),Embedded System Design,"Future Skills Qualification,OEM Qualification",N.A.,"{""Theory"":""30"",""Practical"":""30"",""EmployabilitySkills"":""0"",""OJT_Mandatory"":""0""}",https://nqr.gov.in/qualifications-search,publisher_listed_validity;version_and_hours_missing_where_unparseable;not_training_capacity,Level 5,60 Hours,60 Hours,25 Jul 2024,25 Jul 2027
1618,Foundation of System on Chip (SoC) Design,NM-04-EH-02993-2024-V1-ESSC,Electronics & HW,4.0,30,30,,2024-08-27,2029-08-27,within_listed_validity,2026-10-02,Electronics Sector Skills Council Of India (ESSCI),Product Design-S&C,"Future Skills Qualification,OEM Qualification",N.A.,"{""Theory"":""15"",""Practical"":""15"",""EmployabilitySkills"":""00"",""OJT_Mandatory"":""00""}",https://nqr.gov.in/qualifications-search,publisher_listed_validity;version_and_hours_missing_where_unparseable;not_training_capacity,Level 4,30 Hours,30 Hours,27 Aug 2024,27 Aug 2029
1620,Digital Application Fundamentals: STEM,NM-05-IT-02994-2024-V1-NASSCOM,IT-ITeS,5.0,15,15,,2024-08-27,2027-08-27,within_listed_validity,2026-10-02,IT-ITeS Sector Skills Council NASSCOM (SSC NASSCOM),Others,Future Skills Qualification,N.A.,"{""Theory"":""5"",""Practical"":""10"",""EmployabilitySkills"":""0"",""OJT_Mandatory"":""0""}",https://nqr.gov.in/qualifications-search,publisher_listed_validity;version_and_hours_missing_where_unparseable;not_training_capacity,Level 5,15 Hours,15 Hours,27 Aug 2024,27 Aug 2027
1621,Digital Application Fundamentals Non STEM,NM-05-IT-02995-2024-V1-NASSCOM,IT-ITeS,5.0,15,15,,2024-08-27,2027-10-27,within_listed_validity,2026-10-02,IT-ITeS Sector Skills Council NASSCOM (SSC NASSCOM),Combined Technology,"Future Skills Qualification,Upskilling Qualification",N.A.,"{""Theory"":""10"",""Practical"":""5"",""EmployabilitySkills"":""0"",""OJT_Mandatory"":""0""}",https://nqr.gov.in/qualifications-search,publisher_listed_validity;version_and_hours_missing_where_unparseable;not_training_capacity,Level 5,15 Hours,15 Hours,27 Aug 2024,27 Oct 2027
1625,Fundamentals of Big Data,NG-4.5-EH-02978-2024-V1-ESSC,Electronics & HW,4.5,240,240,,2024-08-27,2027-08-27,within_listed_validity,2026-10-02,Electronics Sector Skills Council Of India (ESSCI),Product Design S&C,"Future Skills Qualification,OEM Qualification",N.A.,"{""Theory"":""160"",""Practical"":""80"",""EmployabilitySkills"":""00"",""OJT_Mandatory"":""00""}",https://nqr.gov.in/qualifications-search,publisher_listed_validity;version_and_hours_missing_where_unparseable;not_training_capacity,Level 4.5,240 Hours,240 Hours,27 Aug 2024,27 Aug 2027
1627,Basics of Embedded Communication Protocols,NG-05-EH-02891-2024-V1-NIELIT,Electronics & HW,5.0,60,60,,2024-07-25,2027-07-25,within_listed_validity,2026-10-02,National Institute of Electronics and Information Technology (NIELIT),Embedded System Design,"Future Skills Qualification,OEM Qualification",N.A.,"{""Theory"":""30"",""Practical"":""30"",""EmployabilitySkills"":""0"",""OJT_Mandatory"":""0""}",https://nqr.gov.in/qualifications-search,publisher_listed_validity;version_and_hours_missing_where_unparseable;not_training_capacity,Level 5,60 Hours,60 Hours,25 Jul 2024,25 Jul 2027
1628,Digital Application Fundamental Professional Skills,NM-05-IT-02997-2024-V1-NASSCOM,IT-ITeS,5.0,,,,2024-08-27,2027-08-27,within_listed_validity,2026-10-02,IT-ITeS Sector Skills Council NASSCOM (SSC NASSCOM),Design Thinking,Micro Credentials,N.A.,"{""Theory"":""5"",""Practical"":""2.5"",""EmployabilitySkills"":""0"",""OJT_Mandatory"":""0""}",https://nqr.gov.in/qualifications-search,publisher_listed_validity;version_and_hours_missing_where_unparseable;not_training_capacity,Level 5,7.5 Hours,7.5 Hours,27 Aug 2024,27 Aug 2027
1629,Digital Application Fundamentals Responsible AI,NM-05-IT-02996-2024-V1-NASSCOM,IT-ITeS,5.0,,,,2024-08-27,2027-08-27,within_listed_validity,2026-10-02,IT-ITeS Sector Skills Council NASSCOM (SSC NASSCOM),"Others,AI",Micro Credentials,N.A.,"{""Theory"":""5"",""Practical"":""2.5"",""EmployabilitySkills"":""0"",""OJT_Mandatory"":""0""}",https://nqr.gov.in/qualifications-search,publisher_listed_validity;version_and_hours_missing_where_unparseable;not_training_capacity,Level 5,7.5 Hours,7.5 Hours,27 Aug 2024,27 Aug 2027
1630,Fundamentals of Wireless Sensor networks,NG-05-EH-02892-2024-V1-NIELIT,Electronics & HW,5.0,60,60,,2024-07-25,2027-07-25,within_listed_validity,2026-10-02,National Institute of Electronics and Information Technology (NIELIT),IoT Solution,"Future Skills Qualification,OEM Qualification",N.A.,"{""Theory"":""30"",""Practical"":""30"",""EmployabilitySkills"":""0"",""OJT_Mandatory"":""0""}",https://nqr.gov.in/qualifications-search,publisher_listed_validity;version_and_hours_missing_where_unparseable;not_training_capacity,Level 5,60 Hours,60 Hours,25 Jul 2024,25 Jul 2027
1634,Cloud Computing Foundations Google,NG-05-IT-02984-2024-V1-NASSCOM,IT-ITeS,5.0,60,60,,2024-08-27,2027-08-27,within_listed_validity,2026-10-02,IT-ITeS Sector Skills Council NASSCOM (SSC NASSCOM),Cloud Computing,National Occupational Standard,N.A.,"{""Theory"":""35"",""Practical"":""25"",""EmployabilitySkills"":""0"",""OJT_Mandatory"":""0""}",https://nqr.gov.in/qualifications-search,publisher_listed_validity;version_and_hours_missing_where_unparseable;not_training_capacity,Level 5,60 Hours,60 Hours,27 Aug 2024,27 Aug 2027
1635,Cloud Cybersecurity Google,NG-5.5-IT-02983-2024-V1-NASSCOM,IT-ITeS,5.5,90,90,,2024-08-27,2027-08-27,within_listed_validity,2026-10-02,IT-ITeS Sector Skills Council NASSCOM (SSC NASSCOM),Cloud Computing,National Occupational Standard,N.A.,"{""Theory"":""70"",""Practical"":""20"",""EmployabilitySkills"":""0"",""OJT_Mandatory"":""0""}",https://nqr.gov.in/qualifications-search,publisher_listed_validity;version_and_hours_missing_where_unparseable;not_training_capacity,Level 5.5,90 Hours,90 Hours,27 Aug 2024,27 Aug 2027
1636,Cloud Data Analytics Google,NG-5.5-IT-02982-2024-V1-NASSCOM,IT-ITeS,5.5,90,90,,2024-08-27,2027-08-27,within_listed_validity,2026-10-02,IT-ITeS Sector Skills Council NASSCOM (SSC NASSCOM),Cloud Computing,National Occupational Standard,N.A.,"{""Theory"":""67"",""Practical"":""23"",""EmployabilitySkills"":""0"",""OJT_Mandatory"":""0""}",https://nqr.gov.in/qualifications-search,publisher_listed_validity;version_and_hours_missing_where_unparseable;not_training_capacity,Level 5.5,90 Hours,90 Hours,27 Aug 2024,27 Aug 2027
1637,Cloud Engineering Google,NG-5.5-IT-02981-2024-V1-NASSCOM,IT-ITeS,5.5,90,90,,2024-08-27,2027-08-27,within_listed_validity,2026-10-02,IT-ITeS Sector Skills Council NASSCOM (SSC NASSCOM),Cloud Computing,National Occupational Standard,N.A.,"{""Theory"":""55"",""Practical"":""35"",""EmployabilitySkills"":""0"",""OJT_Mandatory"":""0""}",https://nqr.gov.in/qualifications-search,publisher_listed_validity;version_and_hours_missing_where_unparseable;not_training_capacity,Level 5.5,90 Hours,90 Hours,27 Aug 2024,27 Aug 2027
1640,Fundamentals of Linux Device Driver Development,NG-05-EH-02893-2024-V1-NIELIT,Electronics & HW,5.0,60,60,,2024-07-25,2027-07-25,within_listed_validity,2026-10-02,National Institute of Electronics and Information Technology (NIELIT),Embedded System Design,"Future Skills Qualification,OEM Qualification",N.A.,"{""Theory"":""30"",""Practical"":""30"",""EmployabilitySkills"":""0"",""OJT_Mandatory"":""0""}",https://nqr.gov.in/qualifications-search,publisher_listed_validity;version_and_hours_missing_where_unparseable;not_training_capacity,Level 5,60 Hours,60 Hours,25 Jul 2024,25 Jul 2027
1643,Essentials of IoT Application Development,NG-05-EH-02894-2024-V1-NIELIT,Electronics & HW,5.0,60,60,,2024-07-25,2027-07-25,within_listed_validity,2026-10-02,National Institute of Electronics and Information Technology (NIELIT),IoT Solution,"Future Skills Qualification,OEM Qualification",N.A.,"{""Theory"":""30"",""Practical"":""30"",""EmployabilitySkills"":""0"",""OJT_Mandatory"":""0""}",https://nqr.gov.in/qualifications-search,publisher_listed_validity;version_and_hours_missing_where_unparseable;not_training_capacity,Level 5,60 Hours,60 Hours,25 Jul 2024,25 Jul 2027
1648,Fundamentals of Embedded Product Design,NG-05-EH-02896-2024-V1-NIELIT,Electronics & HW,5.0,60,60,,2024-07-25,2027-07-25,within_listed_validity,2026-10-02,National Institute of Electronics and Information Technology (NIELIT),Embedded System Design,"Future Skills Qualification,OEM Qualification",N.A.,"{""Theory"":""30"",""Practical"":""30"",""EmployabilitySkills"":""0"",""OJT_Mandatory"":""0""}",https://nqr.gov.in/qualifications-search,publisher_listed_validity;version_and_hours_missing_where_unparseable;not_training_capacity,Level 5,60 Hours,60 Hours,25 Jul 2024,25 Jul 2027
1649,Fundamentals of Robotronics,NG-2.5-EH-02975-2024-V1-ESSC,Electronics & HW,2.5,210,210,,2024-08-27,2027-08-27,within_listed_validity,2026-10-02,Electronics Sector Skills Council Of India (ESSCI),Product Design- I& A,Future Skills Qualification,N.A.,"{""Theory"":""90"",""Practical"":""120"",""EmployabilitySkills"":""00"",""OJT_Mandatory"":""00""}",https://nqr.gov.in/qualifications-search,publisher_listed_validity;version_and_hours_missing_where_unparseable;not_training_capacity,Level 2.5,210 Hours,210 Hours,27 Aug 2024,27 Aug 2027
1650,Essentials of Embedded System for Automotive Electronics,NG-05-EH-02898-2024-V1-NIELIT,Electronics & HW,5.0,60,60,,2024-07-25,2027-07-25,within_listed_validity,2026-10-02,National Institute of Electronics and Information Technology (NIELIT),Automotive Electronics,"Future Skills Qualification,OEM Qualification",N.A.,"{""Theory"":""30"",""Practical"":""30"",""EmployabilitySkills"":""0"",""OJT_Mandatory"":""0""}",https://nqr.gov.in/qualifications-search,publisher_listed_validity;version_and_hours_missing_where_unparseable;not_training_capacity,Level 5,60 Hours,60 Hours,25 Jul 2024,25 Jul 2027
1651,Essentials of Embedded & IoT Development,NG-05-IT-02987-2024-V1-HCL,IT-ITeS,5.0,210,210,,2024-08-27,2027-08-27,within_listed_validity,2026-10-02,HCL Technologies,Embedded IOT Developer,"Multi-Skill Qualification,National Occupational Standard,OEM Qualification",N.A.,"{""Theory"":""90"",""Practical"":""120"",""EmployabilitySkills"":""00"",""OJT_Mandatory"":""00""}",https://nqr.gov.in/qualifications-search,publisher_listed_validity;version_and_hours_missing_where_unparseable;not_training_capacity,Level 5,210 Hours,210 Hours,27 Aug 2024,27 Aug 2027
1652,Essentials of Embedded System for Medical Electronics,NG-05-EH-02899-2024-V1-NIELIT,Electronics & HW,5.0,60,60,,2024-07-25,2027-07-25,within_listed_validity,2026-10-02,National Institute of Electronics and Information Technology (NIELIT),Embedded System Design,"Future Skills Qualification,OEM Qualification",N.A.,"{""Theory"":""30"",""Practical"":""30"",""EmployabilitySkills"":""0"",""OJT_Mandatory"":""0""}",https://nqr.gov.in/qualifications-search,publisher_listed_validity;version_and_hours_missing_where_unparseable;not_training_capacity,Level 5,60 Hours,60 Hours,25 Jul 2024,25 Jul 2027
1653,Essentials of Embedded Development,NG-05-IT-02988-2024-V1-HCL,IT-ITeS,5.0,210,210,,2024-08-27,2027-08-27,within_listed_validity,2026-10-02,HCL Technologies,Embedded Developer,General Qualification,N.A.,"{""Theory"":""90"",""Practical"":""120"",""EmployabilitySkills"":""00"",""OJT_Mandatory"":""00""}",https://nqr.gov.in/qualifications-search,publisher_listed_validity;version_and_hours_missing_where_unparseable;not_training_capacity,Level 5,210 Hours,210 Hours,27 Aug 2024,27 Aug 2027
1654,Essentials of VLSI Design,NG-05-IT-02989-2024-V1-HCL,IT-ITeS,5.0,210,210,,2024-08-27,2027-08-27,within_listed_validity,2026-10-02,HCL Technologies,VLSI Design Engineer,"General Qualification,National Occupational Standard",N.A.,"{""Theory"":""90"",""Practical"":""120"",""EmployabilitySkills"":""00"",""OJT_Mandatory"":""00""}",https://nqr.gov.in/qualifications-search,publisher_listed_validity;version_and_hours_missing_where_unparseable;not_training_capacity,Level 5,210 Hours,210 Hours,27 Aug 2024,27 Aug 2027
1656,VLSI Design Fundamentals,NG-04-EH-02980-2024-V1-ESSC,Electronics & HW,4.0,60,60,,2024-08-27,2027-08-27,within_listed_validity,2026-10-02,Electronics Sector Skills Council Of India (ESSCI),Product Design-S&C,"Future Skills Qualification,OEM Qualification",N.A.,"{""Theory"":""30"",""Practical"":""30"",""EmployabilitySkills"":""00"",""OJT_Mandatory"":""00""}",https://nqr.gov.in/qualifications-search,publisher_listed_validity;version_and_hours_missing_where_unparseable;not_training_capacity,Level 4,60 Hours,60 Hours,27 Aug 2024,27 Aug 2027
1658,Essentials of AI for Embedded Application,NG-05-EH-02897-2024-V1-NIELIT,Electronics & HW,5.0,60,60,,2024-07-25,2027-07-25,within_listed_validity,2026-10-02,National Institute of Electronics and Information Technology (NIELIT),Embedded System Design,"Future Skills Qualification,OEM Qualification",N.A.,"{""Theory"":""30"",""Practical"":""30"",""EmployabilitySkills"":""0"",""OJT_Mandatory"":""0""}",https://nqr.gov.in/qualifications-search,publisher_listed_validity;version_and_hours_missing_where_unparseable;not_training_capacity,Level 5,60 Hours,60 Hours,25 Jul 2024,25 Jul 2027
1661,Essentials of Embedded Security,NG-05-EH-02900-2024-V1-NIELIT,Electronics & HW,5.0,60,60,,2024-07-25,2027-07-25,within_listed_validity,2026-10-02,National Institute of Electronics and Information Technology (NIELIT),Embedded System Design,"Future Skills Qualification,OEM Qualification",N.A.,"{""Theory"":""30"",""Practical"":""30"",""EmployabilitySkills"":""0"",""OJT_Mandatory"":""0""}",https://nqr.gov.in/qualifications-search,publisher_listed_validity;version_and_hours_missing_where_unparseable;not_training_capacity,Level 5,60 Hours,60 Hours,25 Jul 2024,25 Jul 2027
1664,Fundamentals of SAP Business One,NG-5.5-IT-02914-2024-V1-MSME,IT-ITeS,5.5,90,90,,2024-08-27,2027-08-27,within_listed_validity,2026-10-02,"MSME Technology Centre, Ministry of Micro Small And Medium Enterprises, New Delhi",Applications Programmers,"Cross Sectoral Qualification,Future Skills Qualification,Multi-Skill Qualification",N.A.,"{""Theory"":""16"",""Practical"":""74"",""EmployabilitySkills"":""0"",""OJT_Mandatory"":""0""}",https://nqr.gov.in/qualifications-search,publisher_listed_validity;version_and_hours_missing_where_unparseable;not_training_capacity,Level 5.5,90 Hours,90 Hours,27 Aug 2024,27 Aug 2027
1683,Fundamentals of VLSI Design,NG-04-EH-02901-2024-V1-NIELIT,Electronics & HW,4.0,60,60,,2024-07-25,2027-07-25,within_listed_validity,2026-10-02,National Institute of Electronics and Information Technology (NIELIT),VLSI Design,"Future Skills Qualification,OEM Qualification",N.A.,"{""Theory"":""30"",""Practical"":""30"",""EmployabilitySkills"":""0"",""OJT_Mandatory"":""0""}",https://nqr.gov.in/qualifications-search,publisher_listed_validity;version_and_hours_missing_where_unparseable;not_training_capacity,Level 4,60 Hours,60 Hours,25 Jul 2024,25 Jul 2027
1693,Essentials of RTL Coding for Synthesis,NG-04-EH-02902-2024-V1-NIELIT,Electronics & HW,4.0,60,60,,2024-07-25,2027-07-25,within_listed_validity,2026-10-02,National Institute of Electronics and Information Technology (NIELIT),VLSI Design,"Future Skills Qualification,OEM Qualification",N.A.,"{""Theory"":""30"",""Practical"":""30"",""EmployabilitySkills"":""0"",""OJT_Mandatory"":""0""}",https://nqr.gov.in/qualifications-search,publisher_listed_validity;version_and_hours_missing_where_unparseable;not_training_capacity,Level 4,60 Hours,60 Hours,25 Jul 2024,25 Jul 2027
1713,Assistant Computer Technician,QG-03-EH-02853-2024-V2-NIELIT,Electronics & HW,3.0,330,330,,2024-07-25,2027-07-25,within_listed_validity,2026-10-02,National Institute of Electronics and Information Technology (NIELIT),Electronics Assembly,General Qualification,N.A.,"{""Theory"":""90"",""Practical"":""180"",""EmployabilitySkills"":""30"",""OJT_Mandatory"":""30""}",https://nqr.gov.in/qualifications-search,publisher_listed_validity;version_and_hours_missing_where_unparseable;not_training_capacity,Level 3,330 Hours,330 Hours,25 Jul 2024,25 Jul 2027
1714,Essentials of VLSI Circuits Timing Analysis,NG-04-EH-02903-2024-V1-NIELIT,Electronics & HW,4.0,60,60,,2024-07-25,2027-07-25,within_listed_validity,2026-10-02,National Institute of Electronics and Information Technology (NIELIT),VLSI Design,"Future Skills Qualification,OEM Qualification,Upskilling Qualification",N.A.,"{""Theory"":""30"",""Practical"":""30"",""EmployabilitySkills"":""0"",""OJT_Mandatory"":""0""}",https://nqr.gov.in/qualifications-search,publisher_listed_validity;version_and_hours_missing_where_unparseable;not_training_capacity,Level 4,60 Hours,60 Hours,25 Jul 2024,25 Jul 2027
1721,Essentials of Business Analytics,NG-05-IT-03357-2024-V1-HCL,IT-ITeS,5.0,90,90,,2024-10-22,2027-10-22,within_listed_validity,2026-10-02,HCL Technologies,Business Analyst,"Cross Sectoral Qualification,Future Skills Qualification",N.A.,"{""Theory"":""30"",""Practical"":""60"",""EmployabilitySkills"":""0"",""OJT_Mandatory"":""0""}",https://nqr.gov.in/qualifications-search,publisher_listed_validity;version_and_hours_missing_where_unparseable;not_training_capacity,Level 5,90 Hours,90 Hours,22 Oct 2024,22 Oct 2027
1722,Artificial Intelligence with Large Language Models (AI with LLM),NG-05-IT-03359-2024-V1-HCL,IT-ITeS,5.0,90,90,,2024-10-22,2027-10-22,within_listed_validity,2026-10-02,HCL Technologies,Data Analyst / Scientist,"Cross Sectoral Qualification,Future Skills Qualification",N.A.,"{""Theory"":""30"",""Practical"":""60"",""EmployabilitySkills"":""0"",""OJT_Mandatory"":""0""}",https://nqr.gov.in/qualifications-search,publisher_listed_validity;version_and_hours_missing_where_unparseable;not_training_capacity,Level 5,90 Hours,90 Hours,22 Oct 2024,22 Oct 2027
1724,Jr. Technician- Mechatronics,QG-3.5-AU-02962-2024-V1-GU,Automotive,3.5,1200,1200,,2024-08-27,2027-08-27,within_listed_validity,2026-10-02,Ganpat University,Automobile Technician,Multi-Skill Qualification,N.A.,"{""Theory"":""270"",""Practical"":""360"",""EmployabilitySkills"":""120"",""OJT_Mandatory"":""450""}",https://nqr.gov.in/qualifications-search,publisher_listed_validity;version_and_hours_missing_where_unparseable;not_training_capacity,Level 3.5,1200 Hours,1200 Hours,27 Aug 2024,27 Aug 2027
1725,Technician- Mechatronics,QG-04-AU-02963-2024-V1-GU,Automotive,4.0,1200,1200,,2024-08-27,2027-08-27,within_listed_validity,2026-10-02,Ganpat University,Automobile Technician,Multi-Skill Qualification,N.A.,"{""Theory"":""270"",""Practical"":""270"",""EmployabilitySkills"":""120"",""OJT_Mandatory"":""540""}",https://nqr.gov.in/qualifications-search,publisher_listed_validity;version_and_hours_missing_where_unparseable;not_training_capacity,Level 4,1200 Hours,1200 Hours,27 Aug 2024,27 Aug 2027
1726,Lead Technician - Mechatronics,QG-4.5-AU-02964-2024-V1-GU,Automotive,4.5,1200,1200,,2024-08-27,2027-08-27,within_listed_validity,2026-10-02,Ganpat University,Automobile Technician,Multi-Skill Qualification,N.A.,"{""Theory"":""270"",""Practical"":""270"",""EmployabilitySkills"":""120"",""OJT_Mandatory"":""540""}",https://nqr.gov.in/qualifications-search,publisher_listed_validity;version_and_hours_missing_where_unparseable;not_training_capacity,Level 4.5,1200 Hours,1200 Hours,27 Aug 2024,27 Aug 2027
1727,Fundamentals of AI and Work productivity tools,NG-05-IT-03358-2024-V1-HCL,IT-ITeS,5.0,90,90,,2024-10-22,2027-10-22,within_listed_validity,2026-10-02,HCL Technologies,Office Executive,"Cross Sectoral Qualification,Future Skills Qualification,Multi-Skill Qualification",N.A.,"{""Theory"":""30"",""Practical"":""60"",""EmployabilitySkills"":""0"",""OJT_Mandatory"":""0""}",https://nqr.gov.in/qualifications-search,publisher_listed_validity;version_and_hours_missing_where_unparseable;not_training_capacity,Level 5,90 Hours,90 Hours,22 Oct 2024,22 Oct 2027
1730,Essentials of Data Analytics,NG-05-IT-03360-2024-V1-HCL,IT-ITeS,5.0,90,90,,2024-10-22,2027-10-22,within_listed_validity,2026-10-02,HCL Technologies,Data Analyst,"Cross Sectoral Qualification,Future Skills Qualification,Multi-Skill Qualification",N.A.,"{""Theory"":""30"",""Practical"":""60"",""EmployabilitySkills"":""0"",""OJT_Mandatory"":""0""}",https://nqr.gov.in/qualifications-search,publisher_listed_validity;version_and_hours_missing_where_unparseable;not_training_capacity,Level 5,90 Hours,90 Hours,22 Oct 2024,22 Oct 2027
1731,Essentials of Data Centre Networks and Operation Management,NG-05-IT-03361-2024-V1-HCL,IT-ITeS,5.0,240,240,,2024-10-22,2027-10-22,within_listed_validity,2026-10-02,HCL Technologies,Data Analyst,"Multi-Skill Qualification,Upskilling Qualification",N.A.,"{""Theory"":""120"",""Practical"":""120"",""EmployabilitySkills"":""0"",""OJT_Mandatory"":""0""}",https://nqr.gov.in/qualifications-search,publisher_listed_validity;version_and_hours_missing_where_unparseable;not_training_capacity,Level 5,240 Hours,240 Hours,22 Oct 2024,22 Oct 2027
1742,Basic Gen AI Literacy,NM-03-IT-03316-2024-V1-NASSCOM,IT-ITeS,3.0,,,,2024-10-22,2027-10-22,within_listed_validity,2026-10-02,IT-ITeS Sector Skills Council NASSCOM (SSC NASSCOM),Artificial Intelligence and Big Data Analytics,Micro Credentials,N.A.,"{""Theory"":""5"",""Practical"":""2.5"",""EmployabilitySkills"":""0"",""OJT_Mandatory"":""0""}",https://nqr.gov.in/qualifications-search,publisher_listed_validity;version_and_hours_missing_where_unparseable;not_training_capacity,Level 3,7.5 Hours,7.5 Hours,22 Oct 2024,22 Oct 2027
1747,Fundamentals of FPGA Architecture and Programming,NG-04-EH-02904-2024-V1-NIELIT,Electronics & HW,4.0,60,60,,2024-07-25,2027-07-25,within_listed_validity,2026-10-02,National Institute of Electronics and Information Technology (NIELIT),VLSI Design,"Future Skills Qualification,OEM Qualification,Upskilling Qualification",N.A.,"{""Theory"":""30"",""Practical"":""30"",""EmployabilitySkills"":""0"",""OJT_Mandatory"":""0""}",https://nqr.gov.in/qualifications-search,publisher_listed_validity;version_and_hours_missing_where_unparseable;not_training_capacity,Level 4,60 Hours,60 Hours,25 Jul 2024,25 Jul 2027
1776,Fundamentals of VLSI Verification,NG-05-EH-02905-2024-V1-NIELIT,Electronics & HW,5.0,60,60,,2024-07-25,2027-07-25,within_listed_validity,2026-10-02,National Institute of Electronics and Information Technology (NIELIT),VLSI Design,"Future Skills Qualification,OEM Qualification,Upskilling Qualification",N.A.,"{""Theory"":""30"",""Practical"":""30"",""EmployabilitySkills"":""0"",""OJT_Mandatory"":""0""}",https://nqr.gov.in/qualifications-search,publisher_listed_validity;version_and_hours_missing_where_unparseable;not_training_capacity,Level 5,60 Hours,60 Hours,25 Jul 2024,25 Jul 2027
1778,Drone Application Developer,QG-05-EH-02596-2024-V1-NIELIT,Electronics & HW,5.0,540,540,,2024-05-30,2027-05-30,within_listed_validity,2026-10-02,National Institute of Electronics and Information Technology (NIELIT),Drone Technology,Future Skills Qualification,N.A.,"{""Theory"":""150"",""Practical"":""210"",""EmployabilitySkills"":""60"",""OJT_Mandatory"":""120""}",https://nqr.gov.in/qualifications-search,publisher_listed_validity;version_and_hours_missing_where_unparseable;not_training_capacity,Level 5,540 Hours,540 Hours,30 May 2024,30 May 2027
1779,Essentials of System Verilog and UVM based Verification,NG-05-EH-02906-2024-V1-NIELIT,Electronics & HW,5.0,60,60,,2024-07-25,2027-07-25,within_listed_validity,2026-10-02,National Institute of Electronics and Information Technology (NIELIT),VLSI Design,"Future Skills Qualification,OEM Qualification,Upskilling Qualification",N.A.,"{""Theory"":""30"",""Practical"":""30"",""EmployabilitySkills"":""0"",""OJT_Mandatory"":""0""}",https://nqr.gov.in/qualifications-search,publisher_listed_validity;version_and_hours_missing_where_unparseable;not_training_capacity,Level 5,60 Hours,60 Hours,25 Jul 2024,25 Jul 2027
1780,Assistant Technician Electronics Assembly,QG-3.5-EH-01401-2023-V1-NTTF,Electronics & HW,3.5,1200,1200,,2023-11-30,2026-11-29,within_listed_validity,2026-10-02,Nettur Technical Training Foundation (NTTF),Assembly and fitting,General Qualification,N.A.,"{""Theory"":""480"",""Practical"":""570"",""EmployabilitySkills"":""60"",""OJT_Mandatory"":""90""}",https://nqr.gov.in/qualifications-search,publisher_listed_validity;version_and_hours_missing_where_unparseable;not_training_capacity,Level 3.5,1200 Hours,1200 Hours,30 Nov 2023,29 Nov 2026
1784,Fundamentals of VLSI Physical Design and Verification,NG-05-EH-02908-2024-V1-NIELIT,Electronics & HW,5.0,60,60,,2024-07-25,2027-07-25,within_listed_validity,2026-10-02,National Institute of Electronics and Information Technology (NIELIT),VLSI Design,"Future Skills Qualification,OEM Qualification,Upskilling Qualification",N.A.,"{""Theory"":""30"",""Practical"":""30"",""EmployabilitySkills"":""0"",""OJT_Mandatory"":""0""}",https://nqr.gov.in/qualifications-search,publisher_listed_validity;version_and_hours_missing_where_unparseable;not_training_capacity,Level 5,60 Hours,60 Hours,25 Jul 2024,25 Jul 2027
1788,Fundamentals of Design for Testability for VLSI Circuits,NG-05-EH-02907-2024-V1-NIELIT,Electronics & HW,5.0,60,60,,2024-07-25,2027-07-25,within_listed_validity,2026-10-02,National Institute of Electronics and Information Technology (NIELIT),VLSI Design,"Future Skills Qualification,OEM Qualification,Upskilling Qualification",N.A.,"{""Theory"":""30"",""Practical"":""30"",""EmployabilitySkills"":""0"",""OJT_Mandatory"":""0""}",https://nqr.gov.in/qualifications-search,publisher_listed_validity;version_and_hours_missing_where_unparseable;not_training_capacity,Level 5,60 Hours,60 Hours,25 Jul 2024,25 Jul 2027
1792,Fundamentals of Analog VLSI Design,NG-05-EH-02909-2024-V1-NIELIT,Electronics & HW,5.0,60,60,,2024-07-25,2027-07-25,within_listed_validity,2026-10-02,National Institute of Electronics and Information Technology (NIELIT),VLSI Design,"Future Skills Qualification,OEM Qualification,Upskilling Qualification",N.A.,"{""Theory"":""30"",""Practical"":""30"",""EmployabilitySkills"":""0"",""OJT_Mandatory"":""0""}",https://nqr.gov.in/qualifications-search,publisher_listed_validity;version_and_hours_missing_where_unparseable;not_training_capacity,Level 5,60 Hours,60 Hours,25 Jul 2024,25 Jul 2027
1794,Essentials of High-Level Synthesis Programming and Accelerator Design,NG-05-EH-02910-2024-V1-NIELIT,Electronics & HW,5.0,60,60,,2024-07-25,2027-07-25,within_listed_validity,2026-10-02,National Institute of Electronics and Information Technology (NIELIT),VLSI Design,"Future Skills Qualification,OEM Qualification,Upskilling Qualification",N.A.,"{""Theory"":""30"",""Practical"":""30"",""EmployabilitySkills"":""0"",""OJT_Mandatory"":""0""}",https://nqr.gov.in/qualifications-search,publisher_listed_validity;version_and_hours_missing_where_unparseable;not_training_capacity,Level 5,60 Hours,60 Hours,25 Jul 2024,25 Jul 2027
1802,Essentials of SoC Design for Verification,NG-05-EH-02912-2024-V1-NIELIT,Electronics & HW,5.0,60,60,,2024-07-25,2027-07-25,within_listed_validity,2026-10-02,National Institute of Electronics and Information Technology (NIELIT),VLSI Design,"Future Skills Qualification,OEM Qualification,Upskilling Qualification",N.A.,"{""Theory"":""30"",""Practical"":""30"",""EmployabilitySkills"":""0"",""OJT_Mandatory"":""0""}",https://nqr.gov.in/qualifications-search,publisher_listed_validity;version_and_hours_missing_where_unparseable;not_training_capacity,Level 5,60 Hours,60 Hours,25 Jul 2024,25 Jul 2027
1807,Essentials of Python for RTL Verification,NG-05-EH-02911-2024-V1-NIELIT,Electronics & HW,5.0,60,60,,2024-07-25,2027-07-25,within_listed_validity,2026-10-02,National Institute of Electronics and Information Technology (NIELIT),VLSI Design,"Future Skills Qualification,OEM Qualification,Upskilling Qualification",N.A.,"{""Theory"":""30"",""Practical"":""30"",""EmployabilitySkills"":""0"",""OJT_Mandatory"":""0""}",https://nqr.gov.in/qualifications-search,publisher_listed_validity;version_and_hours_missing_where_unparseable;not_training_capacity,Level 5,60 Hours,60 Hours,25 Jul 2024,25 Jul 2027
1812,Computer Hardware & Networking Maintenance,QG-04-IT-03184-2024-V2-DGT,IT-ITeS,4.0,1350,1350,,2024-10-22,2027-10-21,within_listed_validity,2026-10-02,Directorate General of Training (DGT),"Manual Training Teacher/ Craft Instructor, Computer System Hardware Analyst/Hardware Engineer, Field Technician, Computing and Peripherals",General Qualification,N.A.,"{""Theory"":""450"",""Practical"":""750"",""EmployabilitySkills"":""0"",""OJT_Mandatory"":""150""}",https://nqr.gov.in/qualifications-search,publisher_listed_validity;version_and_hours_missing_where_unparseable;not_training_capacity,Level 4,1350 Hours,1350 Hours,22 Oct 2024,21 Oct 2027
1814,COMPUTER SOFTWARE APPLICATION,QG-04-IT-03172-2024-V2-DGT,IT-ITeS,4.0,1350,1350,,2024-10-22,2027-10-21,within_listed_validity,2026-10-02,Directorate General of Training (DGT),"Manual Training Teacher/ Craft Instructor, Computer Operator, Programming Assistant, Database Administrator, Junior Data Associate",General Qualification,N.A.,"{""Theory"":""450"",""Practical"":""750"",""EmployabilitySkills"":""0"",""OJT_Mandatory"":""150""}",https://nqr.gov.in/qualifications-search,publisher_listed_validity;version_and_hours_missing_where_unparseable;not_training_capacity,Level 4,1350 Hours,1350 Hours,22 Oct 2024,21 Oct 2027
1815,MECHANIC AGRICULTURAL MACHINERY,QG-4.5-AU-03201-2024-V2-DGT,Automotive,4.5,1350,1350,,2024-10-22,2027-10-21,within_listed_validity,2026-10-02,Directorate General of Training (DGT),"Manual Training Teacher/Craft Instructor, Agriculture Engineering Technician.",General Qualification,N.A.,"{""Theory"":""450"",""Practical"":""750"",""EmployabilitySkills"":""0"",""OJT_Mandatory"":""150""}",https://nqr.gov.in/qualifications-search,publisher_listed_validity;version_and_hours_missing_where_unparseable;not_training_capacity,Level 4.5,1350 Hours,1350 Hours,22 Oct 2024,21 Oct 2027
1821,DESKTOP PUBLISHING OPERATOR,QG-04-IT-03173-2024-V2-DGT,IT-ITeS,4.0,1350,1350,,2024-10-22,2027-10-21,within_listed_validity,2026-10-02,Directorate General of Training (DGT),"Manual Training Teacher/ Craft Instructor, Desk Top Publishing Operator, Computer operator, Data Entry Machine Operator, Graphic Designer, Domestic Data Entry Operator",General Qualification,N.A.,"{""Theory"":""450"",""Practical"":""750"",""EmployabilitySkills"":""0"",""OJT_Mandatory"":""150""}",https://nqr.gov.in/qualifications-search,publisher_listed_validity;version_and_hours_missing_where_unparseable;not_training_capacity,Level 4,1350 Hours,1350 Hours,22 Oct 2024,21 Oct 2027
1824,MECHANIC DIESEL,QG-04-AU-03200-2024-V2-DGT,Automotive,4.0,1350,1350,,2024-10-22,2027-10-21,within_listed_validity,2026-10-02,Directorate General of Training (DGT),"Mechanic, Diesel Engine, Manual Training Teacher/ Craft Instructor",General Qualification,N.A.,"{""Theory"":""450"",""Practical"":""750"",""EmployabilitySkills"":""0"",""OJT_Mandatory"":""150""}",https://nqr.gov.in/qualifications-search,publisher_listed_validity;version_and_hours_missing_where_unparseable;not_training_capacity,Level 4,1350 Hours,1350 Hours,22 Oct 2024,21 Oct 2027
1825,ELECTRONICS MECHANIC,QG-4.5-EH-03219-2024-V2-DGT,Electronics & HW,4.5,1350,1350,,2024-10-22,2027-10-21,within_listed_validity,2026-10-02,Directorate General of Training (DGT),"Manual Training Teacher/Craft Instructor, Electronic,Technician, Supervisor and Foreman Electrical and Electronic Equipment, Electronics Fitter,General, Electronics Mechanic, Field Technician,Washing Machine, Field Technician,Other Home Appliances, Solar PV System Installation Engineer, Field Technician:UPS and Inverter, Television Service and Repairman repairs, Electronic Mechanics and Servicers,other, Cable Television Installer, Smartphone Repair Technician",General Qualification,N.A.,"{""Theory"":""450"",""Practical"":""750"",""EmployabilitySkills"":""0"",""OJT_Mandatory"":""150""}",https://nqr.gov.in/qualifications-search,publisher_listed_validity;version_and_hours_missing_where_unparseable;not_training_capacity,Level 4.5,1350 Hours,1350 Hours,22 Oct 2024,21 Oct 2027
1827,MECHANIC MOTOR VEHICLE,QG-4.5-AU-03197-2024-V2-DGT,Automotive,4.5,1350,1350,,2024-10-22,2027-10-21,within_listed_validity,2026-10-02,Directorate General of Training (DGT),"Manual Training Teacher/Craft Instructor, Motor Vehicle Mechanics, Other, Mechanic, Automobile, Maintenance Technician, Service Workshop, Auto Service Technician, Mechanic, Fitter Automobile, Driver Cum Mechanic (LMV), Mechanic, Motorcycle, Auto Service Technician, Electrician, Automobile",General Qualification,N.A.,"{""Theory"":""450"",""Practical"":""750"",""EmployabilitySkills"":""0"",""OJT_Mandatory"":""150""}",https://nqr.gov.in/qualifications-search,publisher_listed_validity;version_and_hours_missing_where_unparseable;not_training_capacity,Level 4.5,1350 Hours,1350 Hours,22 Oct 2024,21 Oct 2027
1828,MECHANIC TRACTOR,QG-04-AU-03199-2024-V2-DGT,Automotive,4.0,1350,1350,,2024-10-22,2027-10-21,within_listed_validity,2026-10-02,Directorate General of Training (DGT),"Manual Training Teacher/Craft Instructor, Tractor Mechanic, Tractor Operator, Farm",General Qualification,N.A.,"{""Theory"":""450"",""Practical"":""750"",""EmployabilitySkills"":""0"",""OJT_Mandatory"":""150""}",https://nqr.gov.in/qualifications-search,publisher_listed_validity;version_and_hours_missing_where_unparseable;not_training_capacity,Level 4,1350 Hours,1350 Hours,22 Oct 2024,21 Oct 2027
1854,PUMP OPERATOR CUM MECHANIC,QG-04-AU-03195-2024-V2-DGT,Automotive,4.0,1350,1350,,2024-10-22,2027-10-21,within_listed_validity,2026-10-02,Directorate General of Training (DGT),"Manual Training Teacher/ Craft Instructor, Assembler, Stationary Diesel Engine",General Qualification,N.A.,"{""Theory"":""450"",""Practical"":""750"",""EmployabilitySkills"":""0"",""OJT_Mandatory"":""150""}",https://nqr.gov.in/qualifications-search,publisher_listed_validity;version_and_hours_missing_where_unparseable;not_training_capacity,Level 4,1350 Hours,1350 Hours,22 Oct 2024,21 Oct 2027
1860,Information Technology,QG-4.5-CG-03187-2024-V2-DGT,IT-ITeS,4.5,1350,1350,,2024-10-22,2027-10-21,within_listed_validity,2026-10-02,Directorate General of Training (DGT),"Manual Training Teacher/ Craft Instructor, Junior Software Developer, Programming Assistant/Junior Software Engineer, Domestic IT Helpdesk Attendant, Web Developer, Media Developer-Application Development, Data Communication Analyst/Network Administrator",General Qualification,N.A.,"{""Theory"":""450"",""Practical"":""750"",""EmployabilitySkills"":""0"",""OJT_Mandatory"":""150""}",https://nqr.gov.in/qualifications-search,publisher_listed_validity;version_and_hours_missing_where_unparseable;not_training_capacity,Level 4.5,1350 Hours,1350 Hours,22 Oct 2024,21 Oct 2027
1861,Essentials of Scripting language for embedded applications,NG-05-EH-02895-2024-V1-NIELIT,Electronics & HW,5.0,60,60,,2024-07-25,2027-07-25,within_listed_validity,2026-10-02,National Institute of Electronics and Information Technology (NIELIT),Embedded System Design,"Future Skills Qualification,OEM Qualification,Upskilling Qualification",N.A.,"{""Theory"":""30"",""Practical"":""30"",""EmployabilitySkills"":""0"",""OJT_Mandatory"":""0""}",https://nqr.gov.in/qualifications-search,publisher_listed_validity;version_and_hours_missing_where_unparseable;not_training_capacity,Level 5,60 Hours,60 Hours,25 Jul 2024,25 Jul 2027
1874,INSTRUMENT MECHANIC,QG-4.5-EH-03218-2024-V2-DGT,Electronics & HW,4.5,1350,1350,,2024-10-22,2027-10-21,within_listed_validity,2026-10-02,Directorate General of Training (DGT),"Manual Training Teacher/Craft Instructor, Mechanic Precision Instrument,General, Technician Instrumentation, Mechanic Precision Instrument,Mechanical, Mechanic,Precision Instrument,Electrical, Wastewater-Treatment-Plant Operator, Chemical Processing Plant Controllers, Other, Continuous Still Operator, Petroleum, Functional Tester",General Qualification,N.A.,"{""Theory"":""450"",""Practical"":""750"",""EmployabilitySkills"":""0"",""OJT_Mandatory"":""150""}",https://nqr.gov.in/qualifications-search,publisher_listed_validity;version_and_hours_missing_where_unparseable;not_training_capacity,Level 4.5,1350 Hours,1350 Hours,22 Oct 2024,21 Oct 2027
1889,Service Assistant (Domestic Electronics Products),QG-03-EH-02859-2024-V1-WBSC,Electronics & HW,3.0,390,390,,2024-07-25,2027-07-24,within_listed_validity,2026-10-02,West Bengal State Council of Technical & Vocational Education and Skill Development (WBSCTVESD),Service Assistant (Domestic Electronics Products),General Qualification,N.A.,"{""Theory"":""90"",""Practical"":""180"",""EmployabilitySkills"":""60"",""OJT_Mandatory"":""60""}",https://nqr.gov.in/qualifications-search,publisher_listed_validity;version_and_hours_missing_where_unparseable;not_training_capacity,Level 3,390 Hours,390 Hours,25 Jul 2024,24 Jul 2027
1893,Two/Three-Wheeler Mechanic (Including LPG & CNG),QG-03-AU-03426-2024-V1-WBSC,Automotive,3.0,360,360,,2024-12-17,2027-12-16,within_listed_validity,2026-10-02,West Bengal State Council of Technical & Vocational Education and Skill Development (WBSCTVESD),Mechanic,General Qualification,N.A.,"{""Theory"":""90"",""Practical"":""180"",""EmployabilitySkills"":""30"",""OJT_Mandatory"":""60""}",https://nqr.gov.in/qualifications-search,publisher_listed_validity;version_and_hours_missing_where_unparseable;not_training_capacity,Level 3,360 Hours,360 Hours,17 Dec 2024,16 Dec 2027
1899,Microsoft Azure Fundamentals,NG-05-IT-02295-2024-V1-MCRSFT,IT-ITeS,5.0,30,30,,2024-03-15,2027-03-15,within_listed_validity,2026-10-02,Microsoft Corporation,Administrator,"Future Skills Qualification,General Qualification,Multi-Skill Qualification,National Occupational Standard,Upskilling Qualification",N.A.,"{""Theory"":""6.5"",""Practical"":""23.5"",""EmployabilitySkills"":""0"",""OJT_Mandatory"":""0""}",https://nqr.gov.in/qualifications-search,publisher_listed_validity;version_and_hours_missing_where_unparseable;not_training_capacity,Level 5,30 Hours,30 Hours,15 Mar 2024,15 Mar 2027
1900,Azure AI Fundamentals,NG-05-IT-02296-2024-V1-MCRSFT,IT-ITeS,5.0,30,30,,2024-03-15,2027-03-15,within_listed_validity,2026-10-02,Microsoft Corporation,AI Engineer,"Future Skills Qualification,General Qualification,Multi-Skill Qualification,National Occupational Standard,Upskilling Qualification",N.A.,"{""Theory"":""11.25"",""Practical"":""18.75"",""EmployabilitySkills"":""0"",""OJT_Mandatory"":""0""}",https://nqr.gov.in/qualifications-search,publisher_listed_validity;version_and_hours_missing_where_unparseable;not_training_capacity,Level 5,30 Hours,30 Hours,15 Mar 2024,15 Mar 2027
1902,Azure Data Fundamentals,NG-05-IT-02297-2024-V1-MCRSFT,IT-ITeS,5.0,30,30,,2024-03-15,2027-03-15,within_listed_validity,2026-10-02,Microsoft Corporation,Data Engineer,General Qualification,N.A.,"{""Theory"":""6.63"",""Practical"":""23.37"",""EmployabilitySkills"":""0"",""OJT_Mandatory"":""0""}",https://nqr.gov.in/qualifications-search,publisher_listed_validity;version_and_hours_missing_where_unparseable;not_training_capacity,Level 5,30 Hours,30 Hours,15 Mar 2024,15 Mar 2027
1903,"Microsoft Security, Compliance, and Identity Fundamentals",NG-05-IT-02298-2024-V1-MCRSFT,IT-ITeS,5.0,30,30,,2024-03-15,2027-03-15,within_listed_validity,2026-10-02,Microsoft Corporation,Security Engineer,General Qualification,N.A.,"{""Theory"":""5.5"",""Practical"":""24.5"",""EmployabilitySkills"":""0"",""OJT_Mandatory"":""0""}",https://nqr.gov.in/qualifications-search,publisher_listed_validity;version_and_hours_missing_where_unparseable;not_training_capacity,Level 5,30 Hours,30 Hours,15 Mar 2024,15 Mar 2027
1904,Microsoft Power Platform Fundamentals,NG-4.5-IT-02299-2024-V1-MCRSFT,IT-ITeS,4.5,30,30,,2024-03-15,2027-03-15,within_listed_validity,2026-10-02,Microsoft Corporation,App Maker,General Qualification,N.A.,"{""Theory"":""8"",""Practical"":""22"",""EmployabilitySkills"":""0"",""OJT_Mandatory"":""0""}",https://nqr.gov.in/qualifications-search,publisher_listed_validity;version_and_hours_missing_where_unparseable;not_training_capacity,Level 4.5,30 Hours,30 Hours,15 Mar 2024,15 Mar 2027
1905,Microsoft 365 Fundamentals,NG-4.5-IT-02300-2024-V1-MCRSFT,IT-ITeS,4.5,30,30,,2024-03-15,2027-03-15,within_listed_validity,2026-10-02,Microsoft Corporation,Administrator,General Qualification,N.A.,"{""Theory"":""5"",""Practical"":""25"",""EmployabilitySkills"":""0"",""OJT_Mandatory"":""0""}",https://nqr.gov.in/qualifications-search,publisher_listed_validity;version_and_hours_missing_where_unparseable;not_training_capacity,Level 4.5,30 Hours,30 Hours,15 Mar 2024,15 Mar 2027
1906,Microsoft Dynamics 365 Fundamentals (CRM),NG-05-IT-02301-2024-V1-MCRSFT,IT-ITeS,5.0,30,30,,2024-03-15,2027-03-15,within_listed_validity,2026-10-02,Microsoft Corporation,Business Owner,General Qualification,N.A.,"{""Theory"":""7.77"",""Practical"":""22.23"",""EmployabilitySkills"":""0"",""OJT_Mandatory"":""0""}",https://nqr.gov.in/qualifications-search,publisher_listed_validity;version_and_hours_missing_where_unparseable;not_training_capacity,Level 5,30 Hours,30 Hours,15 Mar 2024,15 Mar 2027
1907,Microsoft Dynamics 365 Fundamentals (ERP),NG-05-IT-02302-2024-V1-MCRSFT,IT-ITeS,5.0,30,30,,2024-03-15,2027-03-15,within_listed_validity,2026-10-02,Microsoft Corporation,Business Owner,General Qualification,N.A.,"{""Theory"":""11.77"",""Practical"":""18.23"",""EmployabilitySkills"":""0"",""OJT_Mandatory"":""0""}",https://nqr.gov.in/qualifications-search,publisher_listed_validity;version_and_hours_missing_where_unparseable;not_training_capacity,Level 5,30 Hours,30 Hours,15 Mar 2024,15 Mar 2027
1908,Azure Administrator Associate,NG-06-IT-02303-2024-V1-MCRSFT,IT-ITeS,6.0,60,60,,2024-03-15,2027-03-15,within_listed_validity,2026-10-02,Microsoft Corporation,Administrator,General Qualification,N.A.,"{""Theory"":""35"",""Practical"":""25"",""EmployabilitySkills"":""0"",""OJT_Mandatory"":""0""}",https://nqr.gov.in/qualifications-search,publisher_listed_validity;version_and_hours_missing_where_unparseable;not_training_capacity,Level 6,60 Hours,60 Hours,15 Mar 2024,15 Mar 2027
1909,Azure Solutions Architect Expert,NG-07-IT-02304-2024-V1-MCRSFT,IT-ITeS,7.0,120,120,,2024-03-15,2027-03-15,within_listed_validity,2026-10-02,Microsoft Corporation,Administrator,General Qualification,N.A.,"{""Theory"":""65.82"",""Practical"":""54.18"",""EmployabilitySkills"":""0"",""OJT_Mandatory"":""0""}",https://nqr.gov.in/qualifications-search,publisher_listed_validity;version_and_hours_missing_where_unparseable;not_training_capacity,Level 7,120 Hours,120 Hours,15 Mar 2024,15 Mar 2027
1910,Azure Developer Associate,NG-06-IT-02305-2024-V1-MCRSFT,IT-ITeS,6.0,60,60,,2024-03-15,2027-03-15,within_listed_validity,2026-10-02,Microsoft Corporation,Developer,General Qualification,N.A.,"{""Theory"":""13.25"",""Practical"":""46.75"",""EmployabilitySkills"":""0"",""OJT_Mandatory"":""0""}",https://nqr.gov.in/qualifications-search,publisher_listed_validity;version_and_hours_missing_where_unparseable;not_training_capacity,Level 6,60 Hours,60 Hours,15 Mar 2024,15 Mar 2027
1911,Azure Database Administrator Associate,NG-06-IT-02306-2024-V1-MCRSFT,IT-ITeS,6.0,60,60,,2024-03-15,2027-03-15,within_listed_validity,2026-10-02,Microsoft Corporation,Database Administrator,General Qualification,N.A.,"{""Theory"":""19.18"",""Practical"":""40.82"",""EmployabilitySkills"":""0"",""OJT_Mandatory"":""0""}",https://nqr.gov.in/qualifications-search,publisher_listed_validity;version_and_hours_missing_where_unparseable;not_training_capacity,Level 6,60 Hours,60 Hours,15 Mar 2024,15 Mar 2027
1912,Azure AI Engineer Associate,NG-06-IT-02307-2024-V1-MCRSFT,IT-ITeS,6.0,60,60,,2024-03-15,2027-03-15,within_listed_validity,2026-10-02,Microsoft Corporation,AI Engineer,General Qualification,N.A.,"{""Theory"":""30.82"",""Practical"":""29.18"",""EmployabilitySkills"":""0"",""OJT_Mandatory"":""0""}",https://nqr.gov.in/qualifications-search,publisher_listed_validity;version_and_hours_missing_where_unparseable;not_training_capacity,Level 6,60 Hours,60 Hours,15 Mar 2024,15 Mar 2027
1913,Azure Data Engineer Associate,NG-06-IT-02308-2024-V1-MCRSFT,IT-ITeS,6.0,60,60,,2024-03-15,2027-03-15,within_listed_validity,2026-10-02,Microsoft Corporation,Data Engineer,General Qualification,N.A.,"{""Theory"":""32"",""Practical"":""28"",""EmployabilitySkills"":""0"",""OJT_Mandatory"":""0""}",https://nqr.gov.in/qualifications-search,publisher_listed_validity;version_and_hours_missing_where_unparseable;not_training_capacity,Level 6,60 Hours,60 Hours,15 Mar 2024,15 Mar 2027
1914,Power BI Data Analyst Associate,NG-06-IT-02309-2024-V1-MCRSFT,IT-ITeS,6.0,60,60,,2024-03-15,2027-03-15,within_listed_validity,2026-10-02,Microsoft Corporation,Data Analyst,General Qualification,N.A.,"{""Theory"":""28"",""Practical"":""32"",""EmployabilitySkills"":""0"",""OJT_Mandatory"":""0""}",https://nqr.gov.in/qualifications-search,publisher_listed_validity;version_and_hours_missing_where_unparseable;not_training_capacity,Level 6,60 Hours,60 Hours,15 Mar 2024,15 Mar 2027
1915,Microsoft Office Specialist Associate-Microsoft Word (Office 2019)/(Microsoft 365 Apps),NG-05-IT-02310-2024-V1-MCRSFT,IT-ITeS,5.0,60,60,,2024-03-15,2027-03-15,within_listed_validity,2026-10-02,Microsoft Corporation,IT Assistant,General Qualification,N.A.,"{""Theory"":""30"",""Practical"":""30"",""EmployabilitySkills"":""0"",""OJT_Mandatory"":""0""}",https://nqr.gov.in/qualifications-search,publisher_listed_validity;version_and_hours_missing_where_unparseable;not_training_capacity,Level 5,60 Hours,60 Hours,15 Mar 2024,15 Mar 2027
1916,Microsoft Office Specialist Associate-Microsoft Excel (Office 2019)/(Microsoft 365 Apps),NG-05-IT-02311-2024-V1-MCRSFT,IT-ITeS,5.0,60,60,,2024-03-15,2027-03-15,within_listed_validity,2026-10-02,Microsoft Corporation,IT Assistant,General Qualification,N.A.,"{""Theory"":""30"",""Practical"":""30"",""EmployabilitySkills"":""0"",""OJT_Mandatory"":""0""}",https://nqr.gov.in/qualifications-search,publisher_listed_validity;version_and_hours_missing_where_unparseable;not_training_capacity,Level 5,60 Hours,60 Hours,15 Mar 2024,15 Mar 2027
1917,Microsoft Office Specialist Associate-Microsoft PowerPoint (Office 2019)/(Microsoft 365 Apps),NG-05-IT-02312-2024-V1-MCRSFT,IT-ITeS,5.0,60,60,,2024-03-15,2027-03-15,within_listed_validity,2026-10-02,Microsoft Corporation,IT Assistant,General Qualification,N.A.,"{""Theory"":""30"",""Practical"":""30"",""EmployabilitySkills"":""0"",""OJT_Mandatory"":""0""}",https://nqr.gov.in/qualifications-search,publisher_listed_validity;version_and_hours_missing_where_unparseable;not_training_capacity,Level 5,60 Hours,60 Hours,15 Mar 2024,15 Mar 2027
1918,Microsoft Office Specialist Associate- Microsoft Outlook (Office 2019),NG-05-IT-02313-2024-V1-MCRSFT,IT-ITeS,5.0,60,60,,2024-03-15,2027-03-15,within_listed_validity,2026-10-02,Microsoft Corporation,IT Assistant,General Qualification,N.A.,"{""Theory"":""30"",""Practical"":""30"",""EmployabilitySkills"":""0"",""OJT_Mandatory"":""0""}",https://nqr.gov.in/qualifications-search,publisher_listed_validity;version_and_hours_missing_where_unparseable;not_training_capacity,Level 5,60 Hours,60 Hours,15 Mar 2024,15 Mar 2027
1919,Microsoft Office Specialist Associate,NG-05-IT-02314-2024-V1-MCRSFT,IT-ITeS,5.0,180,180,,2024-03-15,2027-03-15,within_listed_validity,2026-10-02,Microsoft Corporation,IT Manager,General Qualification,N.A.,"{""Theory"":""90"",""Practical"":""90"",""EmployabilitySkills"":""0"",""OJT_Mandatory"":""0""}",https://nqr.gov.in/qualifications-search,publisher_listed_validity;version_and_hours_missing_where_unparseable;not_training_capacity,Level 5,180 Hours,180 Hours,15 Mar 2024,15 Mar 2027
1920,Microsoft Office Specialist Expert-Microsoft Word Expert (Office 2019)/(Microsoft 365 Apps),NG-05-IT-02315-2024-V1-MCRSFT,IT-ITeS,5.0,60,60,,2024-03-15,2027-03-15,within_listed_validity,2026-10-02,Microsoft Corporation,IT Coodinator,General Qualification,N.A.,"{""Theory"":""30"",""Practical"":""30"",""EmployabilitySkills"":""0"",""OJT_Mandatory"":""0""}",https://nqr.gov.in/qualifications-search,publisher_listed_validity;version_and_hours_missing_where_unparseable;not_training_capacity,Level 5,60 Hours,60 Hours,15 Mar 2024,15 Mar 2027
1921,Microsoft Office Specialist Expert-Microsoft Excel Expert (Office 2019)/(Microsoft 365 Apps),NG-05-IT-02316-2024-V1-MCRSFT,IT-ITeS,5.0,60,60,,2024-03-15,2027-03-15,within_listed_validity,2026-10-02,Microsoft Corporation,IT Coodinator,General Qualification,N.A.,"{""Theory"":""30"",""Practical"":""30"",""EmployabilitySkills"":""0"",""OJT_Mandatory"":""0""}",https://nqr.gov.in/qualifications-search,publisher_listed_validity;version_and_hours_missing_where_unparseable;not_training_capacity,Level 5,60 Hours,60 Hours,15 Mar 2024,15 Mar 2027
1922,Microsoft Office Specialist Expert-Microsoft Access Expert (Office 2019),NG-06-IT-02317-2024-V1-MCRSFT,IT-ITeS,6.0,60,60,,2024-03-15,2027-03-15,within_listed_validity,2026-10-02,Microsoft Corporation,IT Coodinator,General Qualification,N.A.,"{""Theory"":""30"",""Practical"":""30"",""EmployabilitySkills"":""0"",""OJT_Mandatory"":""0""}",https://nqr.gov.in/qualifications-search,publisher_listed_validity;version_and_hours_missing_where_unparseable;not_training_capacity,Level 6,60 Hours,60 Hours,15 Mar 2024,15 Mar 2027
1924,Microsoft Office Specialist Expert (Office 2019)/(Microsoft 365 Apps),NG-06-IT-02318-2024-V1-MCRSFT,IT-ITeS,6.0,120,120,,2024-03-15,2027-03-15,within_listed_validity,2026-10-02,Microsoft Corporation,IT Expert,General Qualification,N.A.,"{""Theory"":""60"",""Practical"":""60"",""EmployabilitySkills"":""0"",""OJT_Mandatory"":""0""}",https://nqr.gov.in/qualifications-search,publisher_listed_validity;version_and_hours_missing_where_unparseable;not_training_capacity,Level 6,120 Hours,120 Hours,15 Mar 2024,15 Mar 2027
1925,Microsoft Certified Educator,NG-05-IT-02319-2024-V1-MCRSFT,IT-ITeS,5.0,30,30,,2024-03-15,2027-03-15,within_listed_validity,2026-10-02,Microsoft Corporation,Innovatice Educator,General Qualification,N.A.,"{""Theory"":""6.85"",""Practical"":""23.15"",""EmployabilitySkills"":""0"",""OJT_Mandatory"":""0""}",https://nqr.gov.in/qualifications-search,publisher_listed_validity;version_and_hours_missing_where_unparseable;not_training_capacity,Level 5,30 Hours,30 Hours,15 Mar 2024,15 Mar 2027
1947,Senior Automation Technician,QG-4.5-EH-02556-2024-V1-CRISP,Electronics & HW,4.5,450,450,,2024-05-30,2027-05-30,within_listed_validity,2026-10-02,"Centre for Research and Industrial Staff Performance (CRISP), Bhopal",Industrial Automation,"Future Skills Qualification,General Qualification,National Occupational Standard,Upskilling Qualification",N.A.,"{""Theory"":""90"",""Practical"":""210"",""EmployabilitySkills"":""60"",""OJT_Mandatory"":""90""}",https://nqr.gov.in/qualifications-search,publisher_listed_validity;version_and_hours_missing_where_unparseable;not_training_capacity,Level 4.5,450 Hours,450 Hours,30 May 2024,30 May 2027
1965,Drone Service Technician,QG-04-EH-03422-2024-V3-ESSC,Electronics & HW,4.0,450,450,,2024-12-17,2027-12-17,within_listed_validity,2026-10-02,Electronics Sector Skills Council Of India (ESSCI),After sales Service,General Qualification,N.A.,"{""Theory"":""90"",""Practical"":""150"",""EmployabilitySkills"":""60"",""OJT_Mandatory"":""150""}",https://nqr.gov.in/qualifications-search,publisher_listed_validity;version_and_hours_missing_where_unparseable;not_training_capacity,Level 4,450 Hours,450 Hours,17 Dec 2024,17 Dec 2027
1966,Multi-Skill Technician (Home Appliances),QG-04-EH-03421-2024-V3-ESSC,Electronics & HW,4.0,720,420,,2024-12-17,2027-12-17,within_listed_validity,2026-10-02,Electronics Sector Skills Council Of India (ESSCI),After sales Service,Multi-Skill Qualification,N.A.,"{""Theory"":""105"",""Practical"":""135"",""EmployabilitySkills"":""60"",""OJT_Mandatory"":""120""}",https://nqr.gov.in/qualifications-search,publisher_listed_validity;version_and_hours_missing_where_unparseable;not_training_capacity,Level 4,720 Hours,420 Hours,17 Dec 2024,17 Dec 2027
1971,Technician Electronics and Instrumentation,QG-04-EH-01402-2023-V1-NTTF,Electronics & HW,4.0,1200,1200,,2023-11-30,2026-11-29,within_listed_validity,2026-10-02,Nettur Technical Training Foundation (NTTF),Testing and developing,General Qualification,N.A.,"{""Theory"":""480"",""Practical"":""570"",""EmployabilitySkills"":""60"",""OJT_Mandatory"":""90""}",https://nqr.gov.in/qualifications-search,publisher_listed_validity;version_and_hours_missing_where_unparseable;not_training_capacity,Level 4,1200 Hours,1200 Hours,30 Nov 2023,29 Nov 2026
1972,Senior Technician Electronics Engineering and Embedded systems,QG-4.5-EH-01403-2023-V1-NTTF,Electronics & HW,4.5,1380,1380,,2023-11-30,2026-11-30,within_listed_validity,2026-10-02,Nettur Technical Training Foundation (NTTF),"Design, Testing & installation",General Qualification,N.A.,"{""Theory"":""390"",""Practical"":""600"",""EmployabilitySkills"":""60"",""OJT_Mandatory"":""330""}",https://nqr.gov.in/qualifications-search,publisher_listed_validity;version_and_hours_missing_where_unparseable;not_training_capacity,Level 4.5,1380 Hours,1380 Hours,30 Nov 2023,30 Nov 2026
1973,IBM SkillsBuild Data Analytics,NG-4.5-IT-03443-2024-V1-IBM,IT-ITeS,4.5,60,60,,2024-12-17,2027-12-17,within_listed_validity,2026-10-02,IBM Corporation,Data Analyst,"General Qualification,National Occupational Standard,OEM Qualification,Upskilling Qualification",N.A.,"{""Theory"":""15"",""Practical"":""45"",""EmployabilitySkills"":""00"",""OJT_Mandatory"":""00""}",https://nqr.gov.in/qualifications-search,publisher_listed_validity;version_and_hours_missing_where_unparseable;not_training_capacity,Level 4.5,60 Hours,60 Hours,17 Dec 2024,17 Dec 2027
1974,IBM SkillsBuild Cybersecurity,NG-4.5-IT-03444-2024-V1-IBM,IT-ITeS,4.5,60,60,,2024-12-17,2027-12-17,within_listed_validity,2026-10-02,IBM Corporation,Cybersecurity Analyst,"Cross Sectoral Qualification,Future Skills Qualification,General Qualification,National Occupational Standard,OEM Qualification",N.A.,"{""Theory"":""25"",""Practical"":""35"",""EmployabilitySkills"":""0"",""OJT_Mandatory"":""0""}",https://nqr.gov.in/qualifications-search,publisher_listed_validity;version_and_hours_missing_where_unparseable;not_training_capacity,Level 4.5,60 Hours,60 Hours,17 Dec 2024,17 Dec 2027
1975,IBM SkillsBuild Artificial Intelligence Fundamentals,NM-05-IT-03449-2024-V1-IBM,IT-ITeS,5.0,15,15,,2024-12-17,2027-12-17,within_listed_validity,2026-10-02,IBM Corporation,NIL,"Future Skills Qualification,Micro Credentials,OEM Qualification,Upskilling Qualification",N.A.,"{""Theory"":""10"",""Practical"":""5"",""EmployabilitySkills"":""0"",""OJT_Mandatory"":""0""}",https://nqr.gov.in/qualifications-search,publisher_listed_validity;version_and_hours_missing_where_unparseable;not_training_capacity,Level 5,15 Hours,15 Hours,17 Dec 2024,17 Dec 2027
1976,IBM SkillsBuild Advanced Artificial Intelligence Concepts,NG-5.5-IT-03445-2024-V1-IBM,IT-ITeS,5.5,45,45,,2024-12-17,2027-12-17,within_listed_validity,2026-10-02,IBM Corporation,IBM - Artificial Intelligence Practitioner,"Future Skills Qualification,Micro Credentials,OEM Qualification,Upskilling Qualification",N.A.,"{""Theory"":""26"",""Practical"":""19"",""EmployabilitySkills"":""0"",""OJT_Mandatory"":""0""}",https://nqr.gov.in/qualifications-search,publisher_listed_validity;version_and_hours_missing_where_unparseable;not_training_capacity,Level 5.5,45 Hours,45 Hours,17 Dec 2024,17 Dec 2027
1977,A.I (Artificial Intelligence) - Technocrat,QG-05-IT-03423-2024-V1-TICE,IT-ITeS,5.0,2100,600,,2024-12-17,2027-12-17,within_listed_validity,2026-10-02,Integrated Council for Entrepreneurship and Skilling (ICES),Future skills- AI ( Artificial Intelligence),Future Skills Qualification,N.A.,"{""Theory"":""200"",""Practical"":""220"",""EmployabilitySkills"":""60"",""OJT_Mandatory"":""120""}",https://nqr.gov.in/qualifications-search,publisher_listed_validity;version_and_hours_missing_where_unparseable;not_training_capacity,Level 5,2100 Hours,600 Hours,17 Dec 2024,17 Dec 2027
1986,Electrical and Electronics Equipment,QG-3.5-EH-01398-2023-V1-NTTF,Electronics & HW,3.0,1200,1200,,2023-11-30,2026-11-30,within_listed_validity,2026-10-02,Nettur Technical Training Foundation (NTTF),Assembly & Fitting,General Qualification,N.A.,"{""Theory"":""420"",""Practical"":""135"",""EmployabilitySkills"":""60"",""OJT_Mandatory"":""585""}",https://nqr.gov.in/qualifications-search,publisher_listed_validity;version_and_hours_missing_where_unparseable;not_training_capacity,Level 3,1200 Hours,1200 Hours,30 Nov 2023,30 Nov 2026
1987,Technician Electrical and Electronics Assembly,QG-4-EH-01399-2023-V1-NTTF,Electronics & HW,4.0,1200,1200,,2023-11-30,2026-11-30,within_listed_validity,2026-10-02,Nettur Technical Training Foundation (NTTF),Assembly & Fitting,General Qualification,N.A.,"{""Theory"":""420"",""Practical"":""150"",""EmployabilitySkills"":""60"",""OJT_Mandatory"":""570""}",https://nqr.gov.in/qualifications-search,publisher_listed_validity;version_and_hours_missing_where_unparseable;not_training_capacity,Level 4,1200 Hours,1200 Hours,30 Nov 2023,30 Nov 2026
1988,Senior Technician-Electrical Equipment Manufacturing,QG-4.5-EH-01400-2023-V1-NTTF,Electronics & HW,4.5,1200,1200,,2023-11-30,2026-11-30,within_listed_validity,2026-10-02,Nettur Technical Training Foundation (NTTF),Manufacturing & Assembly,General Qualification,N.A.,"{""Theory"":""420"",""Practical"":""105"",""EmployabilitySkills"":""60"",""OJT_Mandatory"":""615""}",https://nqr.gov.in/qualifications-search,publisher_listed_validity;version_and_hours_missing_where_unparseable;not_training_capacity,Level 4.5,1200 Hours,1200 Hours,30 Nov 2023,30 Nov 2026
1989,Assistant Technician - Electrical,QG-3.5-EH-01404-2023-V1-NTTF,Electronics & HW,3.5,1200,1200,,2023-11-30,2026-11-30,within_listed_validity,2026-10-02,Nettur Technical Training Foundation (NTTF),Wiring,General Qualification,N.A.,"{""Theory"":""480"",""Practical"":""570"",""EmployabilitySkills"":""60"",""OJT_Mandatory"":""90""}",https://nqr.gov.in/qualifications-search,publisher_listed_validity;version_and_hours_missing_where_unparseable;not_training_capacity,Level 3.5,1200 Hours,1200 Hours,30 Nov 2023,30 Nov 2026
1990,Technician-Industrial Electrical,QG-04-EH-01405-2023-V1-NTTF,Electronics & HW,4.0,1200,1200,,2023-11-30,2026-11-30,within_listed_validity,2026-10-02,Nettur Technical Training Foundation (NTTF),Installation & Repair,General Qualification,N.A.,"{""Theory"":""540"",""Practical"":""510"",""EmployabilitySkills"":""60"",""OJT_Mandatory"":""90""}",https://nqr.gov.in/qualifications-search,publisher_listed_validity;version_and_hours_missing_where_unparseable;not_training_capacity,Level 4,1200 Hours,1200 Hours,30 Nov 2023,30 Nov 2026
1991,Senior Technician-Electrical and Electronics,QG-4.5-EH-01406-2023-V1-NTTF,Electronics & HW,4.5,1350,1350,,2023-11-30,2026-11-30,within_listed_validity,2026-10-02,Nettur Technical Training Foundation (NTTF),Installation and Maintenance,General Qualification,N.A.,"{""Theory"":""450"",""Practical"":""540"",""EmployabilitySkills"":""60"",""OJT_Mandatory"":""300""}",https://nqr.gov.in/qualifications-search,publisher_listed_validity;version_and_hours_missing_where_unparseable;not_training_capacity,Level 4.5,1350 Hours,1350 Hours,30 Nov 2023,30 Nov 2026
2027,AI Embedded Product Developer (Electronics) (SIC - Artificial Intelligence),QG-4.5-EH-03602-2025-V1-ESSCI,Electronics & HW,4.5,350,350,,2025-02-18,2028-02-18,within_listed_validity,2026-10-02,Electronics Sector Skills Council Of India (ESSCI),Product Design,"Future Skills Qualification,OEM Qualification",N.A.,"{""Theory"":""270"",""Practical"":""80"",""EmployabilitySkills"":""0"",""OJT_Mandatory"":""0""}",https://nqr.gov.in/qualifications-search,publisher_listed_validity;version_and_hours_missing_where_unparseable;not_training_capacity,Level 4.5,350 Hours,350 Hours,18 Feb 2025,18 Feb 2028
2033,Security Analyst,QG-05-IT-03639-2025-V2-NASSCOM,IT-ITeS,5.0,480,480,,2015-07-20,2028-02-18,within_listed_validity,2026-10-02,IT-ITeS Sector Skills Council NASSCOM (SSC NASSCOM),Information and Cyber Security,"Future Skills Qualification,Upskilling Qualification",N.A.,"{""Theory"":""110"",""Practical"":""220"",""EmployabilitySkills"":""60"",""OJT_Mandatory"":""90""}",https://nqr.gov.in/qualifications-search,publisher_listed_validity;version_and_hours_missing_where_unparseable;not_training_capacity,Level 5,480 Hours,480 Hours,20 Jul 2015,18 Feb 2028
2034,Artificial Intelligence (AI) Security Architect,QG-5.5-IT-03356-2024-V1-LTSU,IT-ITeS,5.5,570,570,,2024-10-22,2027-10-21,within_listed_validity,2026-10-02,Lamrin Tech Skills University Punjab,Artificial intelligence,Future Skills Qualification,N.A.,"{""Theory"":""150"",""Practical"":""270"",""EmployabilitySkills"":""60"",""OJT_Mandatory"":""90""}",https://nqr.gov.in/qualifications-search,publisher_listed_validity;version_and_hours_missing_where_unparseable;not_training_capacity,Level 5.5,570 Hours,570 Hours,22 Oct 2024,21 Oct 2027
2037,Automotive Loans and Financing,NG-05-AU-03745-2025-V1-ASDC,Automotive,5.0,60,60,,2025-02-18,2028-02-18,within_listed_validity,2026-10-02,Automotive Skills Development Council (ASDC),Sales,"General Qualification,National Occupational Standard",N.A.,"{""Theory"":""45"",""Practical"":""15"",""EmployabilitySkills"":""0"",""OJT_Mandatory"":""0""}",https://nqr.gov.in/qualifications-search,publisher_listed_validity;version_and_hours_missing_where_unparseable;not_training_capacity,Level 5,60 Hours,60 Hours,18 Feb 2025,18 Feb 2028
2038,Automotive Retail Sales,NG-05-AU-03744-2025-V1-ASDC,Automotive,5.0,60,60,,2025-02-18,2028-02-18,within_listed_validity,2026-10-02,Automotive Skills Development Council (ASDC),Sales,"General Qualification,National Occupational Standard",N.A.,"{""Theory"":""45"",""Practical"":""15"",""EmployabilitySkills"":""0"",""OJT_Mandatory"":""0""}",https://nqr.gov.in/qualifications-search,publisher_listed_validity;version_and_hours_missing_where_unparseable;not_training_capacity,Level 5,60 Hours,60 Hours,18 Feb 2025,18 Feb 2028
2039,Basic Concepts of Commercial Vehicle Service and Repair,NG-3.5-AU-03741-2025-V1-ASDC,Automotive,3.5,60,60,,2025-02-18,2028-02-18,within_listed_validity,2026-10-02,Automotive Skills Development Council (ASDC),Service,"General Qualification,National Occupational Standard,OEM Qualification",N.A.,"{""Theory"":""20"",""Practical"":""40"",""EmployabilitySkills"":""0"",""OJT_Mandatory"":""0""}",https://nqr.gov.in/qualifications-search,publisher_listed_validity;version_and_hours_missing_where_unparseable;not_training_capacity,Level 3.5,60 Hours,60 Hours,18 Feb 2025,18 Feb 2028
2040,Intermediate Concepts of Commercial vehicle service and repair,NG-04-AU-03742-2025-V1-ASDC,Automotive,4.0,60,60,,2025-02-18,2028-02-18,within_listed_validity,2026-10-02,Automotive Skills Development Council (ASDC),Service,"General Qualification,National Occupational Standard,OEM Qualification",N.A.,"{""Theory"":""20"",""Practical"":""40"",""EmployabilitySkills"":""0"",""OJT_Mandatory"":""0""}",https://nqr.gov.in/qualifications-search,publisher_listed_validity;version_and_hours_missing_where_unparseable;not_training_capacity,Level 4,60 Hours,60 Hours,18 Feb 2025,18 Feb 2028
2041,Advance Concepts of Commercial Vehicle service and Repair,NG-4.5-AU-03743-2025-V1-ASDC,Automotive,4.5,60,60,,2025-02-18,2028-02-18,within_listed_validity,2026-10-02,Automotive Skills Development Council (ASDC),Service,"Future Skills Qualification,National Occupational Standard,OEM Qualification",N.A.,"{""Theory"":""20"",""Practical"":""40"",""EmployabilitySkills"":""0"",""OJT_Mandatory"":""0""}",https://nqr.gov.in/qualifications-search,publisher_listed_validity;version_and_hours_missing_where_unparseable;not_training_capacity,Level 4.5,60 Hours,60 Hours,18 Feb 2025,18 Feb 2028
2042,Basics of 3D Printing,NM-2.5-AU-03832-2025-V1-ASDC,Automotive,2.5,30,30,,2025-02-18,2028-02-18,within_listed_validity,2026-10-02,Automotive Skills Development Council (ASDC),Manufacturing,"Future Skills Qualification,Micro Credentials",N.A.,"{""Theory"":""15"",""Practical"":""15"",""EmployabilitySkills"":""0"",""OJT_Mandatory"":""0""}",https://nqr.gov.in/qualifications-search,publisher_listed_validity;version_and_hours_missing_where_unparseable;not_training_capacity,Level 2.5,30 Hours,30 Hours,18 Feb 2025,18 Feb 2028
2043,Basics of CAD,NM-03-AU-03833-2025-V1-ASDC,Automotive,3.0,30,30,,2025-02-18,2028-02-18,within_listed_validity,2026-10-02,Automotive Skills Development Council (ASDC),Manufacturing,"Future Skills Qualification,Micro Credentials",N.A.,"{""Theory"":""10"",""Practical"":""20"",""EmployabilitySkills"":""0"",""OJT_Mandatory"":""0""}",https://nqr.gov.in/qualifications-search,publisher_listed_validity;version_and_hours_missing_where_unparseable;not_training_capacity,Level 3,30 Hours,30 Hours,18 Feb 2025,18 Feb 2028
2044,Fundamentals of Automobile Technology,NM-02-AU-03829-2025-V1-ASDC,Automotive,2.0,15,15,,2025-02-18,2028-02-18,within_listed_validity,2026-10-02,Automotive Skills Development Council (ASDC),Automotive Product Development,Micro Credentials,N.A.,"{""Theory"":""10"",""Practical"":""5"",""EmployabilitySkills"":""0"",""OJT_Mandatory"":""0""}",https://nqr.gov.in/qualifications-search,publisher_listed_validity;version_and_hours_missing_where_unparseable;not_training_capacity,Level 2,15 Hours,15 Hours,18 Feb 2025,18 Feb 2028
2046,Fundamentals of Automobile Crafting & Styling,NM-02-AU-03830-2025-V1-ASDC,Automotive,2.0,15,15,,2025-02-18,2028-02-18,within_listed_validity,2026-10-02,Automotive Skills Development Council (ASDC),Manufacturing (Automotive Product Development),"Future Skills Qualification,Micro Credentials",N.A.,"{""Theory"":""10"",""Practical"":""5"",""EmployabilitySkills"":""0"",""OJT_Mandatory"":""0""}",https://nqr.gov.in/qualifications-search,publisher_listed_validity;version_and_hours_missing_where_unparseable;not_training_capacity,Level 2,15 Hours,15 Hours,18 Feb 2025,18 Feb 2028
2047,Introduction to Automotive Engines,NM-02-AU-03831-2025-V1-ASDC,Automotive,2.0,30,30,,2025-02-18,2028-02-18,within_listed_validity,2026-10-02,Automotive Skills Development Council (ASDC),Manufacturing (Automotive Product Development),Micro Credentials,N.A.,"{""Theory"":""22"",""Practical"":""8"",""EmployabilitySkills"":""0"",""OJT_Mandatory"":""0""}",https://nqr.gov.in/qualifications-search,publisher_listed_validity;version_and_hours_missing_where_unparseable;not_training_capacity,Level 2,30 Hours,30 Hours,18 Feb 2025,18 Feb 2028
2050,Ambulance Driver,QG-3.5-AU-03593-2025-V2-ASDC,Automotive,3.5,330,330,,2025-02-18,2028-02-18,within_listed_validity,2026-10-02,Automotive Skills Development Council (ASDC),Road Transportation,General Qualification,N.A.,"{""Theory"":""90"",""Practical"":""180"",""EmployabilitySkills"":""30"",""OJT_Mandatory"":""30""}",https://nqr.gov.in/qualifications-search,publisher_listed_validity;version_and_hours_missing_where_unparseable;not_training_capacity,Level 3.5,330 Hours,330 Hours,18 Feb 2025,18 Feb 2028
2052,Automotive Body Repair Assistant,QG-2.5-AU-03591-2025-V2-ASDC,Automotive,2.5,270,270,,2025-02-18,2028-02-18,within_listed_validity,2026-10-02,Automotive Skills Development Council (ASDC),Service (Technical Service and Repair),General Qualification,N.A.,"{""Theory"":""95"",""Practical"":""145"",""EmployabilitySkills"":""30"",""OJT_Mandatory"":""0""}",https://nqr.gov.in/qualifications-search,publisher_listed_validity;version_and_hours_missing_where_unparseable;not_training_capacity,Level 2.5,270 Hours,270 Hours,18 Feb 2025,18 Feb 2028
2054,Automotive Customer Relationship Manager,QG-5.5-AU-03589-2025-V2-ASDC,Automotive,5.5,570,570,,2025-02-18,2028-02-18,within_listed_validity,2026-10-02,Automotive Skills Development Council (ASDC),Sales (Dealer Sales Support),General Qualification,N.A.,"{""Theory"":""185"",""Practical"":""175"",""EmployabilitySkills"":""90"",""OJT_Mandatory"":""120""}",https://nqr.gov.in/qualifications-search,publisher_listed_validity;version_and_hours_missing_where_unparseable;not_training_capacity,Level 5.5,570 Hours,570 Hours,18 Feb 2025,18 Feb 2028
2055,Automotive Packing Assistant,QG-02-AU-03587-2025-V2-ASDC,Automotive,2.0,300,300,,2025-02-18,2028-02-18,within_listed_validity,2026-10-02,Automotive Skills Development Council (ASDC),Manufacturing (Supply Chain Management),General Qualification,N.A.,"{""Theory"":""80"",""Practical"":""160"",""EmployabilitySkills"":""30"",""OJT_Mandatory"":""30""}",https://nqr.gov.in/qualifications-search,publisher_listed_validity;version_and_hours_missing_where_unparseable;not_training_capacity,Level 2,300 Hours,300 Hours,18 Feb 2025,18 Feb 2028
2056,Automotive Quality Control Jr. Inspector,QG-04-AU-03585-2025-V2-ASDC,Automotive,4.0,420,420,,2025-02-18,2028-02-18,within_listed_validity,2026-10-02,Automotive Skills Development Council (ASDC),Manufacturing (Quality Assurance),General Qualification,N.A.,"{""Theory"":""125"",""Practical"":""235"",""EmployabilitySkills"":""30"",""OJT_Mandatory"":""30""}",https://nqr.gov.in/qualifications-search,publisher_listed_validity;version_and_hours_missing_where_unparseable;not_training_capacity,Level 4,420 Hours,420 Hours,18 Feb 2025,18 Feb 2028
2058,Automotive Sales Assistant,QG-03-AU-03588-2025-V2-ASDC,Automotive,3.0,300,300,,2025-02-18,2028-02-18,within_listed_validity,2026-10-02,Automotive Skills Development Council (ASDC),Sales (Vehicle Sales),General Qualification,N.A.,"{""Theory"":""95"",""Practical"":""145"",""EmployabilitySkills"":""30"",""OJT_Mandatory"":""30""}",https://nqr.gov.in/qualifications-search,publisher_listed_validity;version_and_hours_missing_where_unparseable;not_training_capacity,Level 3,300 Hours,300 Hours,18 Feb 2025,18 Feb 2028
2059,Automotive Sales Executive,QG-04-AU-03592-2025-V2-ASDC,Automotive,4.0,660,480,,2025-02-18,2028-02-18,within_listed_validity,2026-10-02,Automotive Skills Development Council (ASDC),Sales (Vehicle Sales),General Qualification,N.A.,"{""Theory"":""155"",""Practical"":""235"",""EmployabilitySkills"":""30"",""OJT_Mandatory"":""60""}",https://nqr.gov.in/qualifications-search,publisher_listed_validity;version_and_hours_missing_where_unparseable;not_training_capacity,Level 4,660 Hours,480 Hours,18 Feb 2025,18 Feb 2028
2060,Automotive Sales Lead,QG-05-AU-03598-2025-V2-ASDC,Automotive,5.0,570,570,,2025-02-18,2028-02-18,within_listed_validity,2026-10-02,Automotive Skills Development Council (ASDC),Sales (Vehicle Sales),General Qualification,N.A.,"{""Theory"":""175"",""Practical"":""185"",""EmployabilitySkills"":""90"",""OJT_Mandatory"":""120""}",https://nqr.gov.in/qualifications-search,publisher_listed_validity;version_and_hours_missing_where_unparseable;not_training_capacity,Level 5,570 Hours,570 Hours,18 Feb 2025,18 Feb 2028
2061,Automotive Service Supervisor,QG-5.5-AU-03584-2025-V2-ASDC,Automotive,5.5,870,600,,2025-02-18,2028-02-18,within_listed_validity,2026-10-02,Automotive Skills Development Council (ASDC),Service (Technical Service and Repair),General Qualification,N.A.,"{""Theory"":""175"",""Practical"":""305"",""EmployabilitySkills"":""90"",""OJT_Mandatory"":""30""}",https://nqr.gov.in/qualifications-search,publisher_listed_validity;version_and_hours_missing_where_unparseable;not_training_capacity,Level 5.5,870 Hours,600 Hours,18 Feb 2025,18 Feb 2028
2062,Automotive Spare Parts Operations Assistant,QG-2.5-AU-03596-2025-V2-ASDC,Automotive,2.5,420,360,,2025-02-18,2028-02-18,within_listed_validity,2026-10-02,Automotive Skills Development Council (ASDC),Service (Spare Parts Operations),General Qualification,N.A.,"{""Theory"":""125"",""Practical"":""175"",""EmployabilitySkills"":""30"",""OJT_Mandatory"":""30""}",https://nqr.gov.in/qualifications-search,publisher_listed_validity;version_and_hours_missing_where_unparseable;not_training_capacity,Level 2.5,420 Hours,360 Hours,18 Feb 2025,18 Feb 2028
2063,Chauffeur,QG-04-AU-03590-2025-V2-ASDC,Automotive,4.0,300,300,,2025-02-18,2028-02-18,within_listed_validity,2026-10-02,Automotive Skills Development Council (ASDC),Road Transportation (Driving),General Qualification,N.A.,"{""Theory"":""100"",""Practical"":""140"",""EmployabilitySkills"":""30"",""OJT_Mandatory"":""30""}",https://nqr.gov.in/qualifications-search,publisher_listed_validity;version_and_hours_missing_where_unparseable;not_training_capacity,Level 4,300 Hours,300 Hours,18 Feb 2025,18 Feb 2028
2064,CNG Kit Fitment Technician,QG-03-AU-03599-2025-V2-ASDC,Automotive,4.0,390,390,,2025-02-18,2028-02-18,within_listed_validity,2026-10-02,Automotive Skills Development Council (ASDC),Service (Technical Service and Repair),General Qualification,N.A.,"{""Theory"":""115"",""Practical"":""215"",""EmployabilitySkills"":""30"",""OJT_Mandatory"":""30""}",https://nqr.gov.in/qualifications-search,publisher_listed_validity;version_and_hours_missing_where_unparseable;not_training_capacity,Level 4,390 Hours,390 Hours,18 Feb 2025,18 Feb 2028
2066,Commercial Vehicle Driver,QG-03-AU-03583-2025-V2-ASDC,Automotive,3.0,420,360,,2025-02-18,2028-02-18,within_listed_validity,2026-10-02,Automotive Skills Development Council (ASDC),Road Transportation (Driving),General Qualification,N.A.,"{""Theory"":""95"",""Practical"":""205"",""EmployabilitySkills"":""30"",""OJT_Mandatory"":""30""}",https://nqr.gov.in/qualifications-search,publisher_listed_validity;version_and_hours_missing_where_unparseable;not_training_capacity,Level 3,420 Hours,360 Hours,18 Feb 2025,18 Feb 2028
2067,Driving Assistant,QG-02-AU-03595-2025-V2-ASDC,Automotive,2.0,180,180,,2025-02-18,2028-02-18,within_listed_validity,2026-10-02,Automotive Skills Development Council (ASDC),Road Transportation (Driving),General Qualification,N.A.,"{""Theory"":""50"",""Practical"":""85"",""EmployabilitySkills"":""30"",""OJT_Mandatory"":""15""}",https://nqr.gov.in/qualifications-search,publisher_listed_validity;version_and_hours_missing_where_unparseable;not_training_capacity,Level 2,180 Hours,180 Hours,18 Feb 2025,18 Feb 2028
2068,Electric Vehicle Service technician,QG-04-AU-03586-2025-V2-ASDC,Automotive,4.0,720,450,,2025-02-18,2028-02-18,within_listed_validity,2026-10-02,Automotive Skills Development Council (ASDC),Service (Technical Service and Repair),Future Skills Qualification,N.A.,"{""Theory"":""115"",""Practical"":""215"",""EmployabilitySkills"":""60"",""OJT_Mandatory"":""60""}",https://nqr.gov.in/qualifications-search,publisher_listed_validity;version_and_hours_missing_where_unparseable;not_training_capacity,Level 4,720 Hours,450 Hours,18 Feb 2025,18 Feb 2028
2071,Forklift Operator/Driver,QG-03-AU-03594-2025-V2-ASDC,Automotive,3.0,270,270,,2025-02-18,2028-02-18,within_listed_validity,2026-10-02,Automotive Skills Development Council (ASDC),Road Transportation (Driving),General Qualification,N.A.,"{""Theory"":""85"",""Practical"":""125"",""EmployabilitySkills"":""30"",""OJT_Mandatory"":""30""}",https://nqr.gov.in/qualifications-search,publisher_listed_validity;version_and_hours_missing_where_unparseable;not_training_capacity,Level 3,270 Hours,270 Hours,18 Feb 2025,18 Feb 2028
2072,Four Wheeler Service Master Technician,QG-05-AU-03597-2025-V2-ASDC,Automotive,5.0,720,570,,2025-02-18,2028-02-18,within_listed_validity,2026-10-02,Automotive Skills Development Council (ASDC),Service (Technical Service and Repair),General Qualification,N.A.,"{""Theory"":""175"",""Practical"":""335"",""EmployabilitySkills"":""60"",""OJT_Mandatory"":""0""}",https://nqr.gov.in/qualifications-search,publisher_listed_validity;version_and_hours_missing_where_unparseable;not_training_capacity,Level 5,720 Hours,570 Hours,18 Feb 2025,18 Feb 2028
2073,Taxi Driver,QG-03-AU-03582-2025-V2-ASDC,Automotive,3.0,330,300,,2025-02-18,2028-02-18,within_listed_validity,2026-10-02,Automotive Skills Development Council (ASDC),Road Transportation (Driving),General Qualification,N.A.,"{""Theory"":""102"",""Practical"":""138"",""EmployabilitySkills"":""30"",""OJT_Mandatory"":""30""}",https://nqr.gov.in/qualifications-search,publisher_listed_validity;version_and_hours_missing_where_unparseable;not_training_capacity,Level 3,330 Hours,300 Hours,18 Feb 2025,18 Feb 2028
2078,MERN Stack Developer,QG-05-IT-03518-2025-V1-ASAP,IT-ITeS,5.0,540,540,,2025-02-18,2028-02-18,within_listed_validity,2026-10-02,"Additional Skill Acquisition Programme, Government of Kerala",MERN Stack Developer,General Qualification,N.A.,"{""Theory"":""132"",""Practical"":""258"",""EmployabilitySkills"":""60"",""OJT_Mandatory"":""90""}",https://nqr.gov.in/qualifications-search,publisher_listed_validity;version_and_hours_missing_where_unparseable;not_training_capacity,Level 5,540 Hours,540 Hours,18 Feb 2025,18 Feb 2028
2084,Foundation of Artificial Intelligence Technology,NG-3.5-IT-03724-2025-V1-NIELIT,IT-ITeS,3.5,90,90,,2025-02-18,2028-02-18,within_listed_validity,2026-10-02,National Institute of Electronics and Information Technology (NIELIT),AI Development,Future Skills Qualification,N.A.,"{""Theory"":""35"",""Practical"":""55"",""EmployabilitySkills"":""0"",""OJT_Mandatory"":""0""}",https://nqr.gov.in/qualifications-search,publisher_listed_validity;version_and_hours_missing_where_unparseable;not_training_capacity,Level 3.5,90 Hours,90 Hours,18 Feb 2025,18 Feb 2028
2086,Foundation of Data Science and Analytics,NG-3.5-IT-03725-2025-V1-NIELIT,IT-ITeS,3.5,120,120,,2025-02-18,2028-02-18,within_listed_validity,2026-10-02,National Institute of Electronics and Information Technology (NIELIT),Data Analytics,Future Skills Qualification,N.A.,"{""Theory"":""45"",""Practical"":""75"",""EmployabilitySkills"":""0"",""OJT_Mandatory"":""0""}",https://nqr.gov.in/qualifications-search,publisher_listed_validity;version_and_hours_missing_where_unparseable;not_training_capacity,Level 3.5,120 Hours,120 Hours,18 Feb 2025,18 Feb 2028
2089,Analyst Application Security,QG-05-IT-03637-2025-V2-NASSCOM,IT-ITeS,5.0,510,510,,2015-07-20,2028-02-18,within_listed_validity,2026-10-02,IT-ITeS Sector Skills Council NASSCOM (SSC NASSCOM),Information and Cyber Security,"Future Skills Qualification,Upskilling Qualification",N.A.,"{""Theory"":""150"",""Practical"":""210"",""EmployabilitySkills"":""60"",""OJT_Mandatory"":""90""}",https://nqr.gov.in/qualifications-search,publisher_listed_validity;version_and_hours_missing_where_unparseable;not_training_capacity,Level 5,510 Hours,510 Hours,20 Jul 2015,18 Feb 2028
2092,Security Operation Centre Analyst,QG-05-IT-03638-2025-V2-NASSCOM,IT-ITeS,5.0,480,480,,2015-07-20,2028-02-18,within_listed_validity,2026-10-02,IT-ITeS Sector Skills Council NASSCOM (SSC NASSCOM),Information and Cyber Security,"Future Skills Qualification,Upskilling Qualification",N.A.,"{""Theory"":""130"",""Practical"":""200"",""EmployabilitySkills"":""60"",""OJT_Mandatory"":""90""}",https://nqr.gov.in/qualifications-search,publisher_listed_validity;version_and_hours_missing_where_unparseable;not_training_capacity,Level 5,480 Hours,480 Hours,20 Jul 2015,18 Feb 2028
2093,Multimedia Development Associate,QG-03-IT-03509-2025-V2-NIELIT,IT-ITeS,3.0,330,330,,2025-02-18,2028-02-18,within_listed_validity,2026-10-02,National Institute of Electronics and Information Technology (NIELIT),Multimedia Application Development,General Qualification,N.A.,"{""Theory"":""90"",""Practical"":""180"",""EmployabilitySkills"":""30"",""OJT_Mandatory"":""30""}",https://nqr.gov.in/qualifications-search,publisher_listed_validity;version_and_hours_missing_where_unparseable;not_training_capacity,Level 3,330 Hours,330 Hours,18 Feb 2025,18 Feb 2028
2094,Data Annotator,QG-04-IT-03667-2025-V2-NASSCOM,IT-ITeS,4.0,420,420,,2022-03-31,2028-02-18,within_listed_validity,2026-10-02,IT-ITeS Sector Skills Council NASSCOM (SSC NASSCOM),Artificial Intelligence and Big Data Analytics,"Future Skills Qualification,Upskilling Qualification",N.A.,"{""Theory"":""90"",""Practical"":""180"",""EmployabilitySkills"":""60"",""OJT_Mandatory"":""90""}",https://nqr.gov.in/qualifications-search,publisher_listed_validity;version_and_hours_missing_where_unparseable;not_training_capacity,Level 4,420 Hours,420 Hours,31 Mar 2022,18 Feb 2028
2113,ITeS BPO Executive - Voice,QG-03-IT-03508-2025-V2-NIELIT,IT-ITeS,3.0,330,330,,2025-02-18,2028-02-18,within_listed_validity,2026-10-02,National Institute of Electronics and Information Technology (NIELIT),IT Support,General Qualification,N.A.,"{""Theory"":""120"",""Practical"":""150"",""EmployabilitySkills"":""30"",""OJT_Mandatory"":""30""}",https://nqr.gov.in/qualifications-search,publisher_listed_validity;version_and_hours_missing_where_unparseable;not_training_capacity,Level 3,330 Hours,330 Hours,18 Feb 2025,18 Feb 2028
2114,AI for Educators,NG-06-IT-03875-2025-V1-NASSCOM,IT-ITeS,6.0,45,45,,2025-04-11,2028-04-11,within_listed_validity,2026-10-02,IT-ITeS Sector Skills Council NASSCOM (SSC NASSCOM),Artificial Intelligence and Big Data Analytics,"National Occupational Standard,Upskilling Qualification",N.A.,"{""Theory"":""40"",""Practical"":""5"",""EmployabilitySkills"":""0"",""OJT_Mandatory"":""0""}",https://nqr.gov.in/qualifications-search,publisher_listed_validity;version_and_hours_missing_where_unparseable;not_training_capacity,Level 6,45 Hours,45 Hours,11 Apr 2025,11 Apr 2028
2115,AI to Acquire,NM-03-IT-03873-2025-V1-NASSCOM,IT-ITeS,3.0,15,15,,2025-04-11,2028-04-11,within_listed_validity,2026-10-02,IT-ITeS Sector Skills Council NASSCOM (SSC NASSCOM),Artificial Intelligence and Big Data Analytics,"Micro Credentials,Upskilling Qualification",N.A.,"{""Theory"":""10"",""Practical"":""5"",""EmployabilitySkills"":""0"",""OJT_Mandatory"":""0""}",https://nqr.gov.in/qualifications-search,publisher_listed_validity;version_and_hours_missing_where_unparseable;not_training_capacity,Level 3,15 Hours,15 Hours,11 Apr 2025,11 Apr 2028
2116,AI to Aspire,NM-04-IT-03874-2025-V1-NASSCOM,IT-ITeS,4.0,15,15,,2025-04-11,2028-04-11,within_listed_validity,2026-10-02,IT-ITeS Sector Skills Council NASSCOM (SSC NASSCOM),Artificial Intelligence and Big Data Analytics,"Micro Credentials,Upskilling Qualification",N.A.,"{""Theory"":""10"",""Practical"":""5"",""EmployabilitySkills"":""0"",""OJT_Mandatory"":""0""}",https://nqr.gov.in/qualifications-search,publisher_listed_validity;version_and_hours_missing_where_unparseable;not_training_capacity,Level 4,15 Hours,15 Hours,11 Apr 2025,11 Apr 2028
2117,AI to be Aware,NM-02-IT-03872-2025-V1-NASSCOM,IT-ITeS,2.0,15,15,,2025-04-11,2028-04-11,within_listed_validity,2026-10-02,IT-ITeS Sector Skills Council NASSCOM (SSC NASSCOM),Artificial Intelligence and Big Data Analytics,"Micro Credentials,Upskilling Qualification",N.A.,"{""Theory"":""10"",""Practical"":""5"",""EmployabilitySkills"":""0"",""OJT_Mandatory"":""0""}",https://nqr.gov.in/qualifications-search,publisher_listed_validity;version_and_hours_missing_where_unparseable;not_training_capacity,Level 2,15 Hours,15 Hours,11 Apr 2025,11 Apr 2028
2136,Fundamentals of Data Annotation using Python,NG-3.5-IT-03722-2025-V1-NIELIT,IT-ITeS,3.5,120,120,,2025-02-18,2028-02-18,within_listed_validity,2026-10-02,National Institute of Electronics and Information Technology (NIELIT),AI Development,Future Skills Qualification,N.A.,"{""Theory"":""38"",""Practical"":""82"",""EmployabilitySkills"":""0"",""OJT_Mandatory"":""0""}",https://nqr.gov.in/qualifications-search,publisher_listed_validity;version_and_hours_missing_where_unparseable;not_training_capacity,Level 3.5,120 Hours,120 Hours,18 Feb 2025,18 Feb 2028
2140,Course in Computer Application,QG-04-IT-03522-2025-V2-HARTRON,IT-ITeS,4.0,480,480,,2019-08-22,2028-02-18,within_listed_validity,2026-10-02,Haryana State Electronics Development Corporation Limited (HARTRON),"Programming Assistant, Computer Trainer",General Qualification,N.A.,"{""Theory"":""135"",""Practical"":""285"",""EmployabilitySkills"":""30"",""OJT_Mandatory"":""30""}",https://nqr.gov.in/qualifications-search,publisher_listed_validity;version_and_hours_missing_where_unparseable;not_training_capacity,Level 4,480 Hours,480 Hours,22 Aug 2019,18 Feb 2028
2145,Course in Digital Accounting,QG-04-IT-03523-2025-V2-HARTRON,IT-ITeS,4.0,480,480,,2019-08-22,2028-02-18,within_listed_validity,2026-10-02,Haryana State Electronics Development Corporation Limited (HARTRON),"Accountant, Bookkeeper",General Qualification,N.A.,"{""Theory"":""160"",""Practical"":""260"",""EmployabilitySkills"":""30"",""OJT_Mandatory"":""30""}",https://nqr.gov.in/qualifications-search,publisher_listed_validity;version_and_hours_missing_where_unparseable;not_training_capacity,Level 4,480 Hours,480 Hours,22 Aug 2019,18 Feb 2028
2146,Course in Designing and Publishing,QG-04-IT-03525-2025-V2-HARTRON,IT-ITeS,4.0,480,480,,2019-08-22,2028-02-18,within_listed_validity,2026-10-02,Haryana State Electronics Development Corporation Limited (HARTRON),"Web Designer, Desktop Publisher, Trainer",General Qualification,N.A.,"{""Theory"":""140"",""Practical"":""280"",""EmployabilitySkills"":""30"",""OJT_Mandatory"":""30""}",https://nqr.gov.in/qualifications-search,publisher_listed_validity;version_and_hours_missing_where_unparseable;not_training_capacity,Level 4,480 Hours,480 Hours,22 Aug 2019,18 Feb 2028
2147,Course in Web Technology,QG-04-IT-03526-2025-V2-HARTRON,IT-ITeS,4.0,480,480,,2019-08-22,2028-02-18,within_listed_validity,2026-10-02,Haryana State Electronics Development Corporation Limited (HARTRON),Web Development,General Qualification,N.A.,"{""Theory"":""135"",""Practical"":""285"",""EmployabilitySkills"":""30"",""OJT_Mandatory"":""30""}",https://nqr.gov.in/qualifications-search,publisher_listed_validity;version_and_hours_missing_where_unparseable;not_training_capacity,Level 4,480 Hours,480 Hours,22 Aug 2019,18 Feb 2028
2154,Fundamentals of Computers,NG-2.5-IT-03740-2025-V1-HARTRON,IT-ITeS,2.5,120,120,,2025-02-18,2028-02-18,within_listed_validity,2026-10-02,Haryana State Electronics Development Corporation Limited (HARTRON),Data Entry Operator,National Occupational Standard,N.A.,"{""Theory"":""50"",""Practical"":""70"",""EmployabilitySkills"":""0"",""OJT_Mandatory"":""0""}",https://nqr.gov.in/qualifications-search,publisher_listed_validity;version_and_hours_missing_where_unparseable;not_training_capacity,Level 2.5,120 Hours,120 Hours,18 Feb 2025,18 Feb 2028
2155,Fundamentals of Data Curation using Python,NG-3.5-IT-03723-2025-V1-NIELIT,IT-ITeS,3.5,120,120,,2025-02-18,2028-02-18,within_listed_validity,2026-10-02,National Institute of Electronics and Information Technology (NIELIT),Data Curator Assistant,Future Skills Qualification,N.A.,"{""Theory"":""45"",""Practical"":""75"",""EmployabilitySkills"":""0"",""OJT_Mandatory"":""0""}",https://nqr.gov.in/qualifications-search,publisher_listed_validity;version_and_hours_missing_where_unparseable;not_training_capacity,Level 3.5,120 Hours,120 Hours,18 Feb 2025,18 Feb 2028
2172,IT Customer Care Executive,QG-03-IT-03654-2025-V2-NASSCOM,IT-ITeS,3.0,330,270,,2015-05-19,2028-02-18,within_listed_validity,2026-10-02,IT-ITeS Sector Skills Council NASSCOM (SSC NASSCOM),Customer Relationship Management (CRM),Upskilling Qualification,N.A.,"{""Theory"":""60"",""Practical"":""120"",""EmployabilitySkills"":""30"",""OJT_Mandatory"":""60""}",https://nqr.gov.in/qualifications-search,publisher_listed_validity;version_and_hours_missing_where_unparseable;not_training_capacity,Level 3,330 Hours,270 Hours,19 May 2015,18 Feb 2028
2174,Junior Software Developer,QG-04-IT-03649-2025-V2-NASSCOM,IT-ITeS,4.0,420,420,,2015-05-19,2028-02-18,within_listed_validity,2026-10-02,IT-ITeS Sector Skills Council NASSCOM (SSC NASSCOM),Application Development,"General Qualification,Upskilling Qualification",N.A.,"{""Theory"":""90"",""Practical"":""240"",""EmployabilitySkills"":""30"",""OJT_Mandatory"":""60""}",https://nqr.gov.in/qualifications-search,publisher_listed_validity;version_and_hours_missing_where_unparseable;not_training_capacity,Level 4,420 Hours,420 Hours,19 May 2015,18 Feb 2028
2175,Digital Skills beginner-I,NG-01-IT-03462-2025-V1-NASSCOM,IT-ITeS,1.0,30,30,,2025-03-04,2028-03-04,within_listed_validity,2026-10-02,IT-ITeS Sector Skills Council NASSCOM (SSC NASSCOM),Information Technology,National Occupational Standard,N.A.,"{""Theory"":""20"",""Practical"":""10"",""EmployabilitySkills"":""0"",""OJT_Mandatory"":""0""}",https://nqr.gov.in/qualifications-search,publisher_listed_validity;version_and_hours_missing_where_unparseable;not_training_capacity,Level 1,30 Hours,30 Hours,04 Mar 2025,04 Mar 2028
2176,Digital Skills Beginner III,NG-01-IT-03464-2025-V1-NASSCOM,IT-ITeS,1.0,30,30,,2025-03-04,2028-03-04,within_listed_validity,2026-10-02,IT-ITeS Sector Skills Council NASSCOM (SSC NASSCOM),Information Technology (IT),National Occupational Standard,N.A.,"{""Theory"":""5"",""Practical"":""25"",""EmployabilitySkills"":""0"",""OJT_Mandatory"":""0""}",https://nqr.gov.in/qualifications-search,publisher_listed_validity;version_and_hours_missing_where_unparseable;not_training_capacity,Level 1,30 Hours,30 Hours,04 Mar 2025,04 Mar 2028
2177,Digital Skills Basic I,NG-01-IT-03465-2025-V1-NASSCOM,IT-ITeS,1.0,30,30,,2025-03-04,2028-03-04,within_listed_validity,2026-10-02,IT-ITeS Sector Skills Council NASSCOM (SSC NASSCOM),Information Technology (IT),National Occupational Standard,N.A.,"{""Theory"":""12"",""Practical"":""18"",""EmployabilitySkills"":""0"",""OJT_Mandatory"":""0""}",https://nqr.gov.in/qualifications-search,publisher_listed_validity;version_and_hours_missing_where_unparseable;not_training_capacity,Level 1,30 Hours,30 Hours,04 Mar 2025,04 Mar 2028
2178,Digital Skills Basic II,NG-01-IT-03466-2025-V1-NASSCOM,IT-ITeS,1.0,30,30,,2025-03-04,2028-03-04,within_listed_validity,2026-10-02,IT-ITeS Sector Skills Council NASSCOM (SSC NASSCOM),Information Technology (IT),National Occupational Standard,N.A.,"{""Theory"":""5"",""Practical"":""25"",""EmployabilitySkills"":""0"",""OJT_Mandatory"":""0""}",https://nqr.gov.in/qualifications-search,publisher_listed_validity;version_and_hours_missing_where_unparseable;not_training_capacity,Level 1,30 Hours,30 Hours,04 Mar 2025,04 Mar 2028
2180,Digital Skills Beginner II,NG-01-IT-03463-2025-V1-NASSCOM,IT-ITeS,1.0,30,30,,2025-03-04,2028-04-04,within_listed_validity,2026-10-02,IT-ITeS Sector Skills Council NASSCOM (SSC NASSCOM),Information Technology (IT),National Occupational Standard,N.A.,"{""Theory"":""12"",""Practical"":""18"",""EmployabilitySkills"":""0"",""OJT_Mandatory"":""0""}",https://nqr.gov.in/qualifications-search,publisher_listed_validity;version_and_hours_missing_where_unparseable;not_training_capacity,Level 1,30 Hours,30 Hours,04 Mar 2025,04 Apr 2028
2181,Digital Skills Basic III,NG-02-IT-03467-2025-V1-NASSCOM,IT-ITeS,2.0,30,30,,2025-03-04,2028-03-04,within_listed_validity,2026-10-02,IT-ITeS Sector Skills Council NASSCOM (SSC NASSCOM),Information Technology (IT),National Occupational Standard,N.A.,"{""Theory"":""5"",""Practical"":""25"",""EmployabilitySkills"":""0"",""OJT_Mandatory"":""0""}",https://nqr.gov.in/qualifications-search,publisher_listed_validity;version_and_hours_missing_where_unparseable;not_training_capacity,Level 2,30 Hours,30 Hours,04 Mar 2025,04 Mar 2028
2182,Digital Skills Intermediate I,NG-02-IT-03468-2025-V1-NASSCOM,IT-ITeS,2.0,30,30,,2025-03-04,2028-03-04,within_listed_validity,2026-10-02,IT-ITeS Sector Skills Council NASSCOM (SSC NASSCOM),Information Technology (IT),National Occupational Standard,N.A.,"{""Theory"":""5"",""Practical"":""25"",""EmployabilitySkills"":""0"",""OJT_Mandatory"":""0""}",https://nqr.gov.in/qualifications-search,publisher_listed_validity;version_and_hours_missing_where_unparseable;not_training_capacity,Level 2,30 Hours,30 Hours,04 Mar 2025,04 Mar 2028
2183,Digital Skills Intermediate II,NG-02-IT-03469-2025-V1-NASSCOM,IT-ITeS,2.0,30,30,,2025-03-04,2028-03-04,within_listed_validity,2026-10-02,IT-ITeS Sector Skills Council NASSCOM (SSC NASSCOM),Information Technology (IT),National Occupational Standard,N.A.,"{""Theory"":""5"",""Practical"":""25"",""EmployabilitySkills"":""0"",""OJT_Mandatory"":""0""}",https://nqr.gov.in/qualifications-search,publisher_listed_validity;version_and_hours_missing_where_unparseable;not_training_capacity,Level 2,30 Hours,30 Hours,04 Mar 2025,04 Mar 2028
2184,Digital Mitra,QG-03-IT-03665-2025-V2-NASSCOM,IT-ITeS,3.0,270,270,,2015-05-19,2028-02-18,within_listed_validity,2026-10-02,IT-ITeS Sector Skills Council NASSCOM (SSC NASSCOM),Customer Relationship Management (CRM),Upskilling Qualification,N.A.,"{""Theory"":""80"",""Practical"":""100"",""EmployabilitySkills"":""30"",""OJT_Mandatory"":""60""}",https://nqr.gov.in/qualifications-search,publisher_listed_validity;version_and_hours_missing_where_unparseable;not_training_capacity,Level 3,270 Hours,270 Hours,19 May 2015,18 Feb 2028
2189,Foundations of IoT,NG-4.5-IT-03787-2025-V1-NASSCOM,IT-ITeS,4.5,45,45,,2025-02-18,2028-02-18,within_listed_validity,2026-10-02,IT-ITeS Sector Skills Council NASSCOM (SSC NASSCOM),Internet of Things (IoT),National Occupational Standard,N.A.,"{""Theory"":""27"",""Practical"":""18"",""EmployabilitySkills"":""00"",""OJT_Mandatory"":""00""}",https://nqr.gov.in/qualifications-search,publisher_listed_validity;version_and_hours_missing_where_unparseable;not_training_capacity,Level 4.5,45 Hours,45 Hours,18 Feb 2025,18 Feb 2028
2190,Foundations of Cloud Computing,NG-4.5-IT-03785-2025-V1-NASSCOM,IT-ITeS,4.5,45,45,,2025-02-18,2028-02-18,within_listed_validity,2026-10-02,IT-ITeS Sector Skills Council NASSCOM (SSC NASSCOM),Cloud Computing,Upskilling Qualification,N.A.,"{""Theory"":""30"",""Practical"":""15"",""EmployabilitySkills"":""00"",""OJT_Mandatory"":""00""}",https://nqr.gov.in/qualifications-search,publisher_listed_validity;version_and_hours_missing_where_unparseable;not_training_capacity,Level 4.5,45 Hours,45 Hours,18 Feb 2025,18 Feb 2028
2191,Foundations of Mobile application development,NG-4.5-IT-03786-2025-V1-NASSCOM,IT-ITeS,4.5,45,45,,2025-02-18,2028-02-18,within_listed_validity,2026-10-02,IT-ITeS Sector Skills Council NASSCOM (SSC NASSCOM),Web & Mobile,Upskilling Qualification,N.A.,"{""Theory"":""22"",""Practical"":""23"",""EmployabilitySkills"":""00"",""OJT_Mandatory"":""00""}",https://nqr.gov.in/qualifications-search,publisher_listed_validity;version_and_hours_missing_where_unparseable;not_training_capacity,Level 4.5,45 Hours,45 Hours,18 Feb 2025,18 Feb 2028
2192,AI in RPA,NG-05-IT-03791-2025-V1-NASSCOM,IT-ITeS,5.0,60,60,,2025-02-18,2028-02-18,within_listed_validity,2026-10-02,IT-ITeS Sector Skills Council NASSCOM (SSC NASSCOM),Robotic Process Automation,Upskilling Qualification,N.A.,"{""Theory"":""22"",""Practical"":""38"",""EmployabilitySkills"":""0"",""OJT_Mandatory"":""0""}",https://nqr.gov.in/qualifications-search,publisher_listed_validity;version_and_hours_missing_where_unparseable;not_training_capacity,Level 5,60 Hours,60 Hours,18 Feb 2025,18 Feb 2028
2193,Foundations of Blockchain,NG-4.5-IT-03789-2025-V1-NASSCOM,IT-ITeS,4.5,45,45,,2025-02-18,2028-02-18,within_listed_validity,2026-10-02,IT-ITeS Sector Skills Council NASSCOM (SSC NASSCOM),Blockchain,Upskilling Qualification,N.A.,"{""Theory"":""27"",""Practical"":""18"",""EmployabilitySkills"":""0"",""OJT_Mandatory"":""0""}",https://nqr.gov.in/qualifications-search,publisher_listed_validity;version_and_hours_missing_where_unparseable;not_training_capacity,Level 4.5,45 Hours,45 Hours,18 Feb 2025,18 Feb 2028
2194,Foundations of Cybersecurity,NG-4.5-IT-03790-2025-V1-NASSCOM,IT-ITeS,4.5,45,45,,2025-02-18,2028-02-18,within_listed_validity,2026-10-02,IT-ITeS Sector Skills Council NASSCOM (SSC NASSCOM),Information and Cyber Security,National Occupational Standard,N.A.,"{""Theory"":""25"",""Practical"":""20"",""EmployabilitySkills"":""0"",""OJT_Mandatory"":""0""}",https://nqr.gov.in/qualifications-search,publisher_listed_validity;version_and_hours_missing_where_unparseable;not_training_capacity,Level 4.5,45 Hours,45 Hours,18 Feb 2025,18 Feb 2028
2195,Foundations of UX Design,NG-4.5-IT-03788-2025-V1-NASSCOM,IT-ITeS,4.5,45,45,,2025-02-18,2028-02-18,within_listed_validity,2026-10-02,IT-ITeS Sector Skills Council NASSCOM (SSC NASSCOM),Web & Mobile,National Occupational Standard,N.A.,"{""Theory"":""20"",""Practical"":""25"",""EmployabilitySkills"":""0"",""OJT_Mandatory"":""0""}",https://nqr.gov.in/qualifications-search,publisher_listed_validity;version_and_hours_missing_where_unparseable;not_training_capacity,Level 4.5,45 Hours,45 Hours,18 Feb 2025,18 Feb 2028
2196,Foundations of RPA,NG-05-IT-03792-2025-V1-NASSCOM,IT-ITeS,4.5,90,90,,2025-02-18,2028-02-18,within_listed_validity,2026-10-02,IT-ITeS Sector Skills Council NASSCOM (SSC NASSCOM),Robotic Process Automation,National Occupational Standard,N.A.,"{""Theory"":""44"",""Practical"":""46"",""EmployabilitySkills"":""0"",""OJT_Mandatory"":""0""}",https://nqr.gov.in/qualifications-search,publisher_listed_validity;version_and_hours_missing_where_unparseable;not_training_capacity,Level 4.5,90 Hours,90 Hours,18 Feb 2025,18 Feb 2028
2215,Application Developer - Web & Mobile,QG-05-IT-03642-2025-V2-NASSCOM,IT-ITeS,5.0,540,420,,2020-06-25,2028-05-18,within_listed_validity,2026-10-02,IT-ITeS Sector Skills Council NASSCOM (SSC NASSCOM),Web & Mobile Development,"Future Skills Qualification,Upskilling Qualification",N.A.,"{""Theory"":""180"",""Practical"":""210"",""EmployabilitySkills"":""60"",""OJT_Mandatory"":""90""}",https://nqr.gov.in/qualifications-search,publisher_listed_validity;version_and_hours_missing_where_unparseable;not_training_capacity,Level 5,540 Hours,420 Hours,25 Jun 2020,18 May 2028
2217,IT Helpdesk Attendant,QG-03-IT-03646-2025-V2-NASSCOM,IT-ITeS,3.0,360,360,,2015-05-19,2028-02-18,within_listed_validity,2026-10-02,IT-ITeS Sector Skills Council NASSCOM (SSC NASSCOM),IT Support Services/Helpdesk,Upskilling Qualification,N.A.,"{""Theory"":""90"",""Practical"":""180"",""EmployabilitySkills"":""30"",""OJT_Mandatory"":""60""}",https://nqr.gov.in/qualifications-search,publisher_listed_validity;version_and_hours_missing_where_unparseable;not_training_capacity,Level 3,360 Hours,360 Hours,19 May 2015,18 Feb 2028
2221,Software Test Engineer,QG-04-IT-03652-2025-V2-NASSCOM,IT-ITeS,4.0,450,300,,2022-01-27,2028-02-18,within_listed_validity,2026-10-02,IT-ITeS Sector Skills Council NASSCOM (SSC NASSCOM),Testing and Quality Assurance,"General Qualification,Upskilling Qualification",N.A.,"{""Theory"":""60"",""Practical"":""150"",""EmployabilitySkills"":""60"",""OJT_Mandatory"":""30""}",https://nqr.gov.in/qualifications-search,publisher_listed_validity;version_and_hours_missing_where_unparseable;not_training_capacity,Level 4,450 Hours,300 Hours,27 Jan 2022,18 Feb 2028
2231,Entrepreneurship in Car Washing Service,NG-3.5-AU-03446-2024-V1-SS,Automotive,3.5,90,90,,2024-12-17,2027-12-16,within_listed_validity,2026-10-02,Samadhan Samiti,Car Washing Service Provider,"Cross Sectoral Qualification,National Occupational Standard",N.A.,"{""Theory"":""60"",""Practical"":""30"",""EmployabilitySkills"":""0"",""OJT_Mandatory"":""0""}",https://nqr.gov.in/qualifications-search,publisher_listed_validity;version_and_hours_missing_where_unparseable;not_training_capacity,Level 3.5,90 Hours,90 Hours,17 Dec 2024,16 Dec 2027
2236,Domestic Biometric Data Operator,QG-03-IT-03655-2025-V2-NASSCOM,IT-ITeS,3.0,360,360,,2025-02-18,2028-02-18,within_listed_validity,2026-10-02,IT-ITeS Sector Skills Council NASSCOM (SSC NASSCOM),Customer Relationship Management (CRM),"General Qualification,Upskilling Qualification",N.A.,"{""Theory"":""90"",""Practical"":""180"",""EmployabilitySkills"":""30"",""OJT_Mandatory"":""60""}",https://nqr.gov.in/qualifications-search,publisher_listed_validity;version_and_hours_missing_where_unparseable;not_training_capacity,Level 3,360 Hours,360 Hours,18 Feb 2025,18 Feb 2028
2238,Web Developer,QG-04-IT-03650-2025-V2-NASSCOM,IT-ITeS,4.0,360,360,,2025-02-18,2028-02-18,within_listed_validity,2026-10-02,IT-ITeS Sector Skills Council NASSCOM (SSC NASSCOM),Application Development,"General Qualification,Upskilling Qualification",N.A.,"{""Theory"":""90"",""Practical"":""180"",""EmployabilitySkills"":""30"",""OJT_Mandatory"":""60""}",https://nqr.gov.in/qualifications-search,publisher_listed_validity;version_and_hours_missing_where_unparseable;not_training_capacity,Level 4,360 Hours,360 Hours,18 Feb 2025,18 Feb 2028
2263,IT Technical Support Executive,QG-04-IT-03647-2025-V2-NASSCOM,IT-ITeS,4.0,510,330,,2015-05-19,2028-02-18,within_listed_validity,2026-10-02,IT-ITeS Sector Skills Council NASSCOM (SSC NASSCOM),Product Support,"General Qualification,Upskilling Qualification",N.A.,"{""Theory"":""90"",""Practical"":""150"",""EmployabilitySkills"":""30"",""OJT_Mandatory"":""60""}",https://nqr.gov.in/qualifications-search,publisher_listed_validity;version_and_hours_missing_where_unparseable;not_training_capacity,Level 4,510 Hours,330 Hours,19 May 2015,18 Feb 2028
2264,IT Technical Writer,QG-04-IT-03653-2025-V2-NASSCOM,IT-ITeS,4.0,360,360,,2015-05-19,2028-02-18,within_listed_validity,2026-10-02,IT-ITeS Sector Skills Council NASSCOM (SSC NASSCOM),Application Development,"General Qualification,Upskilling Qualification",N.A.,"{""Theory"":""90"",""Practical"":""180"",""EmployabilitySkills"":""30"",""OJT_Mandatory"":""60""}",https://nqr.gov.in/qualifications-search,publisher_listed_validity;version_and_hours_missing_where_unparseable;not_training_capacity,Level 4,360 Hours,360 Hours,19 May 2015,18 Feb 2028
2265,Software Product Developer,QG-05-IT-03651-2025-V2-NASSCOM,IT-ITeS,5.0,480,480,,2015-06-18,2028-02-18,within_listed_validity,2026-10-02,IT-ITeS Sector Skills Council NASSCOM (SSC NASSCOM),Application Development,"General Qualification,Upskilling Qualification",N.A.,"{""Theory"":""90"",""Practical"":""240"",""EmployabilitySkills"":""60"",""OJT_Mandatory"":""90""}",https://nqr.gov.in/qualifications-search,publisher_listed_validity;version_and_hours_missing_where_unparseable;not_training_capacity,Level 5,480 Hours,480 Hours,18 Jun 2015,18 Feb 2028
2267,RPA Support Analyst,QG-05-IT-03657-2025-V2-NASSCOM,IT-ITeS,5.0,480,480,,2022-02-24,2028-02-18,within_listed_validity,2026-10-02,IT-ITeS Sector Skills Council NASSCOM (SSC NASSCOM),Robotic Process Automation,"Future Skills Qualification,General Qualification",N.A.,"{""Theory"":""120"",""Practical"":""210"",""EmployabilitySkills"":""60"",""OJT_Mandatory"":""90""}",https://nqr.gov.in/qualifications-search,publisher_listed_validity;version_and_hours_missing_where_unparseable;not_training_capacity,Level 5,480 Hours,480 Hours,24 Feb 2022,18 Feb 2028
2272,RPA Developer,QG-5.5-IT-03656-2025-V2-NASSCOM,IT-ITeS,5.5,540,540,,2022-02-24,2028-02-18,within_listed_validity,2026-10-02,IT-ITeS Sector Skills Council NASSCOM (SSC NASSCOM),Robotic Process Automation,"Future Skills Qualification,Upskilling Qualification",N.A.,"{""Theory"":""168"",""Practical"":""222"",""EmployabilitySkills"":""60"",""OJT_Mandatory"":""90""}",https://nqr.gov.in/qualifications-search,publisher_listed_validity;version_and_hours_missing_where_unparseable;not_training_capacity,Level 5.5,540 Hours,540 Hours,24 Feb 2022,18 Feb 2028
2275,IT Technical Support Associate,QG-04-IT-03648-2025-V2-NASSCOM,IT-ITeS,4.0,390,390,,2015-05-19,2028-02-28,within_listed_validity,2026-10-02,IT-ITeS Sector Skills Council NASSCOM (SSC NASSCOM),IT Support Services/Helpdesk,"General Qualification,Upskilling Qualification",N.A.,"{""Theory"":""120"",""Practical"":""180"",""EmployabilitySkills"":""30"",""OJT_Mandatory"":""60""}",https://nqr.gov.in/qualifications-search,publisher_listed_validity;version_and_hours_missing_where_unparseable;not_training_capacity,Level 4,390 Hours,390 Hours,19 May 2015,28 Feb 2028
2283,Cloud Infrastructure Analyst,QG-06-IT-03645-2025-V2-NASSCOM,IT-ITeS,6.0,600,600,,2019-08-22,2028-02-18,within_listed_validity,2026-10-02,IT-ITeS Sector Skills Council NASSCOM (SSC NASSCOM),Cloud Computing,"Future Skills Qualification,Upskilling Qualification",N.A.,"{""Theory"":""156"",""Practical"":""264"",""EmployabilitySkills"":""60"",""OJT_Mandatory"":""120""}",https://nqr.gov.in/qualifications-search,publisher_listed_validity;version_and_hours_missing_where_unparseable;not_training_capacity,Level 6,600 Hours,600 Hours,22 Aug 2019,18 Feb 2028
2286,Essentials of Semiconductor Fabrication Technology,NG-04-EH-03726-2025-V1-NIELIT,Electronics & HW,4.0,120,120,,2025-02-18,2028-02-18,within_listed_validity,2026-10-02,National Institute of Electronics and Information Technology (NIELIT),Semiconductor Fabrication Technician,Future Skills Qualification,N.A.,"{""Theory"":""26"",""Practical"":""94"",""EmployabilitySkills"":""0"",""OJT_Mandatory"":""0""}",https://nqr.gov.in/qualifications-search,publisher_listed_validity;version_and_hours_missing_where_unparseable;not_training_capacity,Level 4,120 Hours,120 Hours,18 Feb 2025,18 Feb 2028
2287,Fundamentals of Process Technology and Integration in Semiconductor Fabrication,NG-04-EH-03727-2025-V1-NIELIT,Electronics & HW,4.0,60,60,,2025-02-18,2028-02-18,within_listed_validity,2026-10-02,National Institute of Electronics and Information Technology (NIELIT),Semiconductor Fabrication Technician,Future Skills Qualification,N.A.,"{""Theory"":""18"",""Practical"":""42"",""EmployabilitySkills"":""0"",""OJT_Mandatory"":""0""}",https://nqr.gov.in/qualifications-search,publisher_listed_validity;version_and_hours_missing_where_unparseable;not_training_capacity,Level 4,60 Hours,60 Hours,18 Feb 2025,18 Feb 2028
2288,Fundamentals of Cleanroom Operations and Safety,NG-4.5-EH-03728-2025-V1-NIELIT,Electronics & HW,4.5,30,30,,2025-02-18,2028-02-18,within_listed_validity,2026-10-02,National Institute of Electronics and Information Technology (NIELIT),Semiconductor Fabrication Technician,Future Skills Qualification,N.A.,"{""Theory"":""12"",""Practical"":""18"",""EmployabilitySkills"":""0"",""OJT_Mandatory"":""0""}",https://nqr.gov.in/qualifications-search,publisher_listed_validity;version_and_hours_missing_where_unparseable;not_training_capacity,Level 4.5,30 Hours,30 Hours,18 Feb 2025,18 Feb 2028
2289,Essentials of Supply Chain and Materials Management for Semiconductor Fab,NG-4.5-EH-03736-2025-V1-NIELIT,Electronics & HW,4.5,60,60,,2025-02-18,2028-02-18,within_listed_validity,2026-10-02,National Institute of Electronics and Information Technology (NIELIT),Semiconductor Fabrication Technician,Future Skills Qualification,N.A.,"{""Theory"":""18"",""Practical"":""42"",""EmployabilitySkills"":""0"",""OJT_Mandatory"":""0""}",https://nqr.gov.in/qualifications-search,publisher_listed_validity;version_and_hours_missing_where_unparseable;not_training_capacity,Level 4.5,60 Hours,60 Hours,18 Feb 2025,18 Feb 2028
2291,Essentials of Automation and Process Control in Semiconductor Manufacturing,NG-4.5-EH-03737-2025-V1-NIELIT,Electronics & HW,4.5,90,90,,2025-02-18,2028-02-18,within_listed_validity,2026-10-02,National Institute of Electronics and Information Technology (NIELIT),Semiconductor Fabrication Technician,Future Skills Qualification,N.A.,"{""Theory"":""27"",""Practical"":""63"",""EmployabilitySkills"":""0"",""OJT_Mandatory"":""0""}",https://nqr.gov.in/qualifications-search,publisher_listed_validity;version_and_hours_missing_where_unparseable;not_training_capacity,Level 4.5,90 Hours,90 Hours,18 Feb 2025,18 Feb 2028
2304,Customer Care Sr. Executive (Voice and Non- Voice),QG-04-IT-03664-2025-V2-NASSCOM,IT-ITeS,4.0,390,390,,2021-12-30,2028-02-18,within_listed_validity,2026-10-02,IT-ITeS Sector Skills Council NASSCOM (SSC NASSCOM),Customer Relationship Management,"General Qualification,Upskilling Qualification",N.A.,"{""Theory"":""109"",""Practical"":""161"",""EmployabilitySkills"":""60"",""OJT_Mandatory"":""60""}",https://nqr.gov.in/qualifications-search,publisher_listed_validity;version_and_hours_missing_where_unparseable;not_training_capacity,Level 4,390 Hours,390 Hours,30 Dec 2021,18 Feb 2028
2306,Essentials of Semiconductor Production and Quality,NG-4.5-EH-03738-2025-V1-NIELIT,Electronics & HW,4.5,60,60,,2025-02-18,2028-02-18,within_listed_validity,2026-10-02,National Institute of Electronics and Information Technology (NIELIT),Semiconductor Fabrication Technician,Future Skills Qualification,N.A.,"{""Theory"":""18"",""Practical"":""42"",""EmployabilitySkills"":""0"",""OJT_Mandatory"":""0""}",https://nqr.gov.in/qualifications-search,publisher_listed_validity;version_and_hours_missing_where_unparseable;not_training_capacity,Level 4.5,60 Hours,60 Hours,18 Feb 2025,18 Feb 2028
2307,Sr. Associate -Desktop Publishing (DTP),QG-04-IT-03666-2025-V2-NASSCOM,IT-ITeS,4.0,420,420,,2021-12-30,2028-02-18,within_listed_validity,2026-10-02,IT-ITeS Sector Skills Council NASSCOM (SSC NASSCOM),Editorial and Desktop Publishing,"General Qualification,Upskilling Qualification",N.A.,"{""Theory"":""111"",""Practical"":""189"",""EmployabilitySkills"":""30"",""OJT_Mandatory"":""90""}",https://nqr.gov.in/qualifications-search,publisher_listed_validity;version_and_hours_missing_where_unparseable;not_training_capacity,Level 4,420 Hours,420 Hours,30 Dec 2021,18 Feb 2028
2309,Essentials of Device Characterization and Testing,NG-4.5-EH-03732-2025-V1-NIELIT,Electronics & HW,4.5,60,60,,2025-02-18,2028-02-18,within_listed_validity,2026-10-02,National Institute of Electronics and Information Technology (NIELIT),Semiconductor Fabrication Technician,Future Skills Qualification,N.A.,"{""Theory"":""30"",""Practical"":""30"",""EmployabilitySkills"":""0"",""OJT_Mandatory"":""0""}",https://nqr.gov.in/qualifications-search,publisher_listed_validity;version_and_hours_missing_where_unparseable;not_training_capacity,Level 4.5,60 Hours,60 Hours,18 Feb 2025,18 Feb 2028
2310,Fundamentals of Photolithography and Mask Making,NG-4.5-EH-03729-2025-V1-NIELIT,Electronics & HW,4.5,120,120,,2025-02-18,2028-02-18,within_listed_validity,2026-10-02,National Institute of Electronics and Information Technology (NIELIT),Semiconductor Fabrication Technician,Future Skills Qualification,N.A.,"{""Theory"":""30"",""Practical"":""90"",""EmployabilitySkills"":""0"",""OJT_Mandatory"":""0""}",https://nqr.gov.in/qualifications-search,publisher_listed_validity;version_and_hours_missing_where_unparseable;not_training_capacity,Level 4.5,120 Hours,120 Hours,18 Feb 2025,18 Feb 2028
2311,Fundamentals of Etching Techniques,NG-4.5-EH-03730-2025-V1-NIELIT,Electronics & HW,4.5,30,30,,2025-02-18,2028-02-18,within_listed_validity,2026-10-02,National Institute of Electronics and Information Technology (NIELIT),Semiconductor Fabrication Technician,Future Skills Qualification,N.A.,"{""Theory"":""12"",""Practical"":""18"",""EmployabilitySkills"":""0"",""OJT_Mandatory"":""0""}",https://nqr.gov.in/qualifications-search,publisher_listed_validity;version_and_hours_missing_where_unparseable;not_training_capacity,Level 4.5,30 Hours,30 Hours,18 Feb 2025,18 Feb 2028
2312,Fundamentals of Thin Film Technology,NG-4.5-EH-03731-2025-V1-NIELIT,Electronics & HW,4.5,30,30,,2025-02-18,2028-02-18,within_listed_validity,2026-10-02,National Institute of Electronics and Information Technology (NIELIT),Semiconductor Fabrication Technician,Future Skills Qualification,N.A.,"{""Theory"":""12"",""Practical"":""18"",""EmployabilitySkills"":""0"",""OJT_Mandatory"":""0""}",https://nqr.gov.in/qualifications-search,publisher_listed_validity;version_and_hours_missing_where_unparseable;not_training_capacity,Level 4.5,30 Hours,30 Hours,18 Feb 2025,18 Feb 2028
2313,Fundamentals of Design for Manufacturability (DFM),NG-4.5-EH-03734-2025-V1-NIELIT,Electronics & HW,4.5,30,30,,2025-02-18,2028-02-18,within_listed_validity,2026-10-02,National Institute of Electronics and Information Technology (NIELIT),Semiconductor Fabrication Technician,Future Skills Qualification,N.A.,"{""Theory"":""12"",""Practical"":""18"",""EmployabilitySkills"":""0"",""OJT_Mandatory"":""0""}",https://nqr.gov.in/qualifications-search,publisher_listed_validity;version_and_hours_missing_where_unparseable;not_training_capacity,Level 4.5,30 Hours,30 Hours,18 Feb 2025,18 Feb 2028
2318,Essentials of Process Equipment Maintenance and Troubleshooting,NG-4.5-EH-03733-2025-V1-NIELIT,Electronics & HW,4.5,90,90,,2025-02-18,2028-02-18,within_listed_validity,2026-10-02,National Institute of Electronics and Information Technology (NIELIT),Semiconductor Fabrication Technician,Future Skills Qualification,N.A.,"{""Theory"":""27"",""Practical"":""63"",""EmployabilitySkills"":""0"",""OJT_Mandatory"":""0""}",https://nqr.gov.in/qualifications-search,publisher_listed_validity;version_and_hours_missing_where_unparseable;not_training_capacity,Level 4.5,90 Hours,90 Hours,18 Feb 2025,18 Feb 2028
2333,Essentials of New Product Introduction (NPI) in Semiconductor Manufacturing,NG-4.5-EH-03739-2025-V1-NIELIT,Electronics & HW,4.5,60,60,,2025-02-18,2028-02-18,within_listed_validity,2026-10-02,National Institute of Electronics and Information Technology (NIELIT),Semiconductor Fabrication Technician,Future Skills Qualification,N.A.,"{""Theory"":""18"",""Practical"":""42"",""EmployabilitySkills"":""0"",""OJT_Mandatory"":""0""}",https://nqr.gov.in/qualifications-search,publisher_listed_validity;version_and_hours_missing_where_unparseable;not_training_capacity,Level 4.5,60 Hours,60 Hours,18 Feb 2025,18 Feb 2028
2334,Essentials of Semiconductors Assembly Test Marking and Packaging,NG-4.5-EH-03735-2025-V1-NIELIT,Electronics & HW,4.5,180,180,,2025-02-18,2028-02-18,within_listed_validity,2026-10-02,National Institute of Electronics and Information Technology (NIELIT),Semiconductor Fabrication Technician,Future Skills Qualification,N.A.,"{""Theory"":""36"",""Practical"":""84"",""EmployabilitySkills"":""0"",""OJT_Mandatory"":""60""}",https://nqr.gov.in/qualifications-search,publisher_listed_validity;version_and_hours_missing_where_unparseable;not_training_capacity,Level 4.5,180 Hours,180 Hours,18 Feb 2025,18 Feb 2028
2337,Product Manager- Web & Mobile,QG-06-IT-03643-2025-V2-NASSCOM,IT-ITeS,6.0,540,540,,2020-06-25,2028-02-18,within_listed_validity,2026-10-02,IT-ITeS Sector Skills Council NASSCOM (SSC NASSCOM),Web & Mobile,"Future Skills Qualification,Upskilling Qualification",N.A.,"{""Theory"":""120"",""Practical"":""240"",""EmployabilitySkills"":""60"",""OJT_Mandatory"":""120""}",https://nqr.gov.in/qualifications-search,publisher_listed_validity;version_and_hours_missing_where_unparseable;not_training_capacity,Level 6,540 Hours,540 Hours,25 Jun 2020,18 Feb 2028
2373,User Experience Designer,QG-05-IT-03640-2025-V2-NASSCOM,IT-ITeS,5.0,480,480,,2020-06-25,2028-02-18,within_listed_validity,2026-10-02,IT-ITeS Sector Skills Council NASSCOM (SSC NASSCOM),Web & Mobile,"Future Skills Qualification,Upskilling Qualification",N.A.,"{""Theory"":""137"",""Practical"":""253"",""EmployabilitySkills"":""30"",""OJT_Mandatory"":""60""}",https://nqr.gov.in/qualifications-search,publisher_listed_validity;version_and_hours_missing_where_unparseable;not_training_capacity,Level 5,480 Hours,480 Hours,25 Jun 2020,18 Feb 2028
2374,Specialist Transactional F&A,QG-05-IT-03658-2025-V2-NASSCOM,IT-ITeS,5.0,480,480,,2021-12-30,2028-02-18,within_listed_validity,2026-10-02,IT-ITeS Sector Skills Council NASSCOM (SSC NASSCOM),Financial & Accounting,"General Qualification,Upskilling Qualification",N.A.,"{""Theory"":""122"",""Practical"":""238"",""EmployabilitySkills"":""30"",""OJT_Mandatory"":""90""}",https://nqr.gov.in/qualifications-search,publisher_listed_validity;version_and_hours_missing_where_unparseable;not_training_capacity,Level 5,480 Hours,480 Hours,30 Dec 2021,18 Feb 2028
2379,CCTV Installation Technician,QG-04-EH-03967-2025-V4-ESSCI,Electronics & HW,4.0,480,480,,2025-05-07,2028-04-30,within_listed_validity,2026-10-02,Electronics Sector Skills Council Of India (ESSCI),After Sales Service,General Qualification,N.A.,"{""Theory"":""120"",""Practical"":""180"",""EmployabilitySkills"":""30"",""OJT_Mandatory"":""150""}",https://nqr.gov.in/qualifications-search,publisher_listed_validity;version_and_hours_missing_where_unparseable;not_training_capacity,Level 4,480 Hours,480 Hours,07 May 2025,30 Apr 2028
2380,Cyber Security and Social Media Analyst,QG-05-IT-03510-2025-V2-NIELIT,IT-ITeS,5.0,540,540,,2025-02-18,2028-02-18,within_listed_validity,2026-10-02,National Institute of Electronics and Information Technology (NIELIT),Cyber Security,Future Skills Qualification,N.A.,"{""Theory"":""180"",""Practical"":""240"",""EmployabilitySkills"":""60"",""OJT_Mandatory"":""60""}",https://nqr.gov.in/qualifications-search,publisher_listed_validity;version_and_hours_missing_where_unparseable;not_training_capacity,Level 5,540 Hours,540 Hours,18 Feb 2025,18 Feb 2028
2387,Automotive Welding Simulation Trainee (using AR),QG-04-AU-04195-2025-V1-ASDC,Automotive,4.0,720,480,,2025-05-08,2028-05-08,within_listed_validity,2026-10-02,Automotive Skills Development Council (ASDC),Welding Operations,"Future Skills Qualification,General Qualification,OEM Qualification",N.A.,"{""Theory"":""120"",""Practical"":""210"",""EmployabilitySkills"":""30"",""OJT_Mandatory"":""120""}",https://nqr.gov.in/qualifications-search,publisher_listed_validity;version_and_hours_missing_where_unparseable;not_training_capacity,Level 4,720 Hours,480 Hours,08 May 2025,08 May 2028
2388,Solar LED Technician,QG-04-EH-02821-2025-V4-ESSC,Electronics & HW,4.0,450,450,,2025-05-08,2028-05-08,within_listed_validity,2026-10-02,Electronics Sector Skills Council Of India (ESSCI),Installation-S&L,General Qualification,N.A.,"{""Theory"":""120"",""Practical"":""180"",""EmployabilitySkills"":""30"",""OJT_Mandatory"":""120""}",https://nqr.gov.in/qualifications-search,publisher_listed_validity;version_and_hours_missing_where_unparseable;not_training_capacity,Level 4,450 Hours,450 Hours,08 May 2025,08 May 2028
2392,Automotive Welding Machine Trainer,QG-4.5-AU-04194-2025-V1-ASDC,Automotive,4.5,480,480,,2025-05-08,2028-05-08,within_listed_validity,2026-10-02,Automotive Skills Development Council (ASDC),Metal Joining,General Qualification,N.A.,"{""Theory"":""160"",""Practical"":""200"",""EmployabilitySkills"":""30"",""OJT_Mandatory"":""90""}",https://nqr.gov.in/qualifications-search,publisher_listed_validity;version_and_hours_missing_where_unparseable;not_training_capacity,Level 4.5,480 Hours,480 Hours,08 May 2025,08 May 2028
2405,Mobile Device Management Analyst,QG-05-IT-03641-2025-V2-NASSCOM,IT-ITeS,5.0,480,480,,2020-06-25,2028-02-18,within_listed_validity,2026-10-02,IT-ITeS Sector Skills Council NASSCOM (SSC NASSCOM),Web & Mobile,"Future Skills Qualification,Upskilling Qualification",N.A.,"{""Theory"":""127"",""Practical"":""233"",""EmployabilitySkills"":""30"",""OJT_Mandatory"":""90""}",https://nqr.gov.in/qualifications-search,publisher_listed_validity;version_and_hours_missing_where_unparseable;not_training_capacity,Level 5,480 Hours,480 Hours,25 Jun 2020,18 Feb 2028
2408,Winding Machine Operator (Electronics Component),QG-04-EH-04208-2025-V4-ESSC,Electronics & HW,4.0,480,480,,2025-05-08,2028-05-08,within_listed_validity,2026-10-02,Electronics Sector Skills Council Of India (ESSCI),Production-S&C,General Qualification,N.A.,"{""Theory"":""150"",""Practical"":""180"",""EmployabilitySkills"":""30"",""OJT_Mandatory"":""120""}",https://nqr.gov.in/qualifications-search,publisher_listed_validity;version_and_hours_missing_where_unparseable;not_training_capacity,Level 4,480 Hours,480 Hours,08 May 2025,08 May 2028
2409,Application Architect - Web & Mobile,QG-06-IT-03644-2025-V2-NASSCOM,IT-ITeS,6.0,600,480,,2020-06-25,2028-02-18,within_listed_validity,2026-10-02,IT-ITeS Sector Skills Council NASSCOM (SSC NASSCOM),Web & Mobile,"Future Skills Qualification,Upskilling Qualification",N.A.,"{""Theory"":""120"",""Practical"":""180"",""EmployabilitySkills"":""60"",""OJT_Mandatory"":""120""}",https://nqr.gov.in/qualifications-search,publisher_listed_validity;version_and_hours_missing_where_unparseable;not_training_capacity,Level 6,600 Hours,480 Hours,25 Jun 2020,18 Feb 2028
2411,VLSI Design Engineer,QG-05-EH-03969-2025-V4-ESSCI,Electronics & HW,5.0,570,570,,2025-05-07,2028-04-30,within_listed_validity,2026-10-02,Electronics Sector Skills Council Of India (ESSCI),Product Design-S&C,General Qualification,N.A.,"{""Theory"":""150"",""Practical"":""180"",""EmployabilitySkills"":""60"",""OJT_Mandatory"":""180""}",https://nqr.gov.in/qualifications-search,publisher_listed_validity;version_and_hours_missing_where_unparseable;not_training_capacity,Level 5,570 Hours,570 Hours,07 May 2025,30 Apr 2028
2412,Sr. Technician RACW* *Refrigeration Air Conditioning & Washing Machine,QG-05-EH-03970-2025-V4-ESSCI,Electronics & HW,5.0,630,630,,2025-05-07,2028-04-30,within_listed_validity,2026-10-02,Electronics Sector Skills Council Of India (ESSCI),After Sales Service,Multi-Skill Qualification,N.A.,"{""Theory"":""150"",""Practical"":""240"",""EmployabilitySkills"":""60"",""OJT_Mandatory"":""180""}",https://nqr.gov.in/qualifications-search,publisher_listed_validity;version_and_hours_missing_where_unparseable;not_training_capacity,Level 5,630 Hours,630 Hours,07 May 2025,30 Apr 2028
2413,Automotive Press Shop Assistant,QG-02-AU-04193-2025-V1-ASDC,Automotive,2.0,270,270,,2025-05-08,2028-05-08,within_listed_validity,2026-10-02,Automotive Skills Development Council (ASDC),Sheet Metal Forming,General Qualification,N.A.,"{""Theory"":""90"",""Practical"":""120"",""EmployabilitySkills"":""30"",""OJT_Mandatory"":""30""}",https://nqr.gov.in/qualifications-search,publisher_listed_validity;version_and_hours_missing_where_unparseable;not_training_capacity,Level 2,270 Hours,270 Hours,08 May 2025,08 May 2028
2414,Remote Helpdesk Operator (Electronics Product),QG-03-EH-03976-2025-V4-ESSCI,Electronics & HW,3.0,390,390,,2025-05-07,2028-04-30,within_listed_validity,2026-10-02,Electronics Sector Skills Council Of India (ESSCI),After Sales Service,Multi-Skill Qualification,N.A.,"{""Theory"":""90"",""Practical"":""120"",""EmployabilitySkills"":""30"",""OJT_Mandatory"":""150""}",https://nqr.gov.in/qualifications-search,publisher_listed_validity;version_and_hours_missing_where_unparseable;not_training_capacity,Level 3,390 Hours,390 Hours,07 May 2025,30 Apr 2028
2424,Mechatronics Maintenance Specialist,QG-05-EH-03974-2025-V3-ESSCI,Electronics & HW,5.0,570,570,,2025-05-07,2028-04-30,within_listed_validity,2026-10-02,Electronics Sector Skills Council Of India (ESSCI),Engineering-I&A,General Qualification,N.A.,"{""Theory"":""150"",""Practical"":""180"",""EmployabilitySkills"":""60"",""OJT_Mandatory"":""180""}",https://nqr.gov.in/qualifications-search,publisher_listed_validity;version_and_hours_missing_where_unparseable;not_training_capacity,Level 5,570 Hours,570 Hours,07 May 2025,30 Apr 2028
2428,Embedded Product Design - Technical Lead,QG-5.5-EH-03983-2025-V4-ESSCI,Electronics & HW,5.5,600,600,,2025-05-07,2028-04-30,within_listed_validity,2026-10-02,Electronics Sector Skills Council Of India (ESSCI),Product Design-S&C,"Future Skills Qualification,General Qualification",N.A.,"{""Theory"":""150"",""Practical"":""210"",""EmployabilitySkills"":""60"",""OJT_Mandatory"":""180""}",https://nqr.gov.in/qualifications-search,publisher_listed_validity;version_and_hours_missing_where_unparseable;not_training_capacity,Level 5.5,600 Hours,600 Hours,07 May 2025,30 Apr 2028
2435,Artificial Intelligence/Machine Learning Innovative Analyst,QG-05-IT-04148-2025-V1-IITG,IT-ITeS,5.0,510,510,,2025-05-08,2028-05-08,within_listed_validity,2026-10-02,Indian Institute of Technology Guwahati,Artificial Intelligence/ Machine Learning,"Future Skills Qualification,Upskilling Qualification",N.A.,"{""Theory"":""220"",""Practical"":""170"",""EmployabilitySkills"":""60"",""OJT_Mandatory"":""60""}",https://nqr.gov.in/qualifications-search,publisher_listed_validity;version_and_hours_missing_where_unparseable;not_training_capacity,Level 5,510 Hours,510 Hours,08 May 2025,08 May 2028
2437,Embedded Full Stack IoT Analyst,QG-05-EH-03981-2025-V4-ESSCI,Electronics & HW,5.0,570,570,,2025-05-07,2028-04-30,within_listed_validity,2026-10-02,Electronics Sector Skills Council Of India (ESSCI),Product Design-S&C,"Future Skills Qualification,General Qualification",N.A.,"{""Theory"":""150"",""Practical"":""210"",""EmployabilitySkills"":""60"",""OJT_Mandatory"":""150""}",https://nqr.gov.in/qualifications-search,publisher_listed_validity;version_and_hours_missing_where_unparseable;not_training_capacity,Level 5,570 Hours,570 Hours,07 May 2025,30 Apr 2028
2442,IT Hardware Maintenance Executive,QG-05-EH-03977-2025-V4-ESSCI,Electronics & HW,5.0,570,570,,2025-05-07,2028-04-30,within_listed_validity,2026-10-02,Electronics Sector Skills Council Of India (ESSCI),After Sales Service,General Qualification,N.A.,"{""Theory"":""150"",""Practical"":""210"",""EmployabilitySkills"":""60"",""OJT_Mandatory"":""150""}",https://nqr.gov.in/qualifications-search,publisher_listed_validity;version_and_hours_missing_where_unparseable;not_training_capacity,Level 5,570 Hours,570 Hours,07 May 2025,30 Apr 2028
2445,Sr. Executive- Business Development (Electronics),QG-05-EH-03984-2025-V5-ESSCI,Electronics & HW,5.0,570,570,,2025-05-07,2028-04-30,within_listed_validity,2026-10-02,Electronics Sector Skills Council Of India (ESSCI),Marketing and Sales-S&C,General Qualification,N.A.,"{""Theory"":""150"",""Practical"":""180"",""EmployabilitySkills"":""60"",""OJT_Mandatory"":""180""}",https://nqr.gov.in/qualifications-search,publisher_listed_validity;version_and_hours_missing_where_unparseable;not_training_capacity,Level 5,570 Hours,570 Hours,07 May 2025,30 Apr 2028
2449,Quality Manager - Electronics,QG-06-EH-03975-2025-V3-ESSCI,Electronics & HW,6.0,660,660,,2025-05-07,2028-04-30,within_listed_validity,2026-10-02,Electronics Sector Skills Council Of India (ESSCI),Quality Maintenance,General Qualification,N.A.,"{""Theory"":""180"",""Practical"":""210"",""EmployabilitySkills"":""60"",""OJT_Mandatory"":""210""}",https://nqr.gov.in/qualifications-search,publisher_listed_validity;version_and_hours_missing_where_unparseable;not_training_capacity,Level 6,660 Hours,660 Hours,07 May 2025,30 Apr 2028
2450,Quality Supervisor (Consumer Goods),QG-05-EH-03982-2025-V5-ESSCI,Electronics & HW,5.0,570,570,,2025-05-07,2028-04-30,within_listed_validity,2026-10-02,Electronics Sector Skills Council Of India (ESSCI),Quality Assurance,General Qualification,N.A.,"{""Theory"":""150"",""Practical"":""180"",""EmployabilitySkills"":""60"",""OJT_Mandatory"":""180""}",https://nqr.gov.in/qualifications-search,publisher_listed_validity;version_and_hours_missing_where_unparseable;not_training_capacity,Level 5,570 Hours,570 Hours,07 May 2025,30 Apr 2028
2452,Direct Attached Storage(DAS) Set Top Box Installation & Service Technician,QG-04-EH-03978-2025-V4-ESSCI,Electronics & HW,4.0,450,450,,2025-05-07,2028-04-30,within_listed_validity,2026-10-02,Electronics Sector Skills Council Of India (ESSCI),After Sales Service,General Qualification,N.A.,"{""Theory"":""120"",""Practical"":""180"",""EmployabilitySkills"":""30"",""OJT_Mandatory"":""120""}",https://nqr.gov.in/qualifications-search,publisher_listed_validity;version_and_hours_missing_where_unparseable;not_training_capacity,Level 4,450 Hours,450 Hours,07 May 2025,30 Apr 2028
2459,Electronic Hardware Design Engineer,QG-05-EH-03980-2025-V4-ESSCI,Electronics & HW,5.0,570,570,,2025-05-07,2028-04-30,within_listed_validity,2026-10-02,Electronics Sector Skills Council Of India (ESSCI),Research and Design-PCB,Future Skills Qualification,N.A.,"{""Theory"":""150"",""Practical"":""180"",""EmployabilitySkills"":""60"",""OJT_Mandatory"":""180""}",https://nqr.gov.in/qualifications-search,publisher_listed_validity;version_and_hours_missing_where_unparseable;not_training_capacity,Level 5,570 Hours,570 Hours,07 May 2025,30 Apr 2028
2468,RTL and FPGA based System Designer,QG-5.5-EH-04147-2025-V1-IITG,Electronics & HW,5.5,600,600,,2025-05-08,2028-05-08,within_listed_validity,2026-10-02,Indian Institute of Technology Guwahati,VLSI Physical Design,Future Skills Qualification,N.A.,"{""Theory"":""185"",""Practical"":""265"",""EmployabilitySkills"":""60"",""OJT_Mandatory"":""90""}",https://nqr.gov.in/qualifications-search,publisher_listed_validity;version_and_hours_missing_where_unparseable;not_training_capacity,Level 5.5,600 Hours,600 Hours,08 May 2025,08 May 2028
2470,Embedded Software Engineer,QG-05-EH-03972-2025-V4-ESSCI,Electronics & HW,5.0,570,570,,2025-05-07,2028-04-30,within_listed_validity,2026-10-02,Electronics Sector Skills Council Of India (ESSCI),System Software Development-S&C,"Future Skills Qualification,General Qualification",N.A.,"{""Theory"":""150"",""Practical"":""180"",""EmployabilitySkills"":""60"",""OJT_Mandatory"":""180""}",https://nqr.gov.in/qualifications-search,publisher_listed_validity;version_and_hours_missing_where_unparseable;not_training_capacity,Level 5,570 Hours,570 Hours,07 May 2025,30 Apr 2028
2484,Mechanical Engineering and Plumbing General Manager (Electronics),QG-06-EH-03968-2025-V3-ESSCI,Electronics & HW,6.0,660,660,,2025-05-07,2028-04-30,within_listed_validity,2026-10-02,Electronics Sector Skills Council Of India (ESSCI),Engineering-I&A,General Qualification,N.A.,"{""Theory"":""180"",""Practical"":""210"",""EmployabilitySkills"":""60"",""OJT_Mandatory"":""210""}",https://nqr.gov.in/qualifications-search,publisher_listed_validity;version_and_hours_missing_where_unparseable;not_training_capacity,Level 6,660 Hours,660 Hours,07 May 2025,30 Apr 2028
2485,Laser Marking and Cutting - Process Supervisor,QG-05-EH-03987-2025-V3-ESSCI,Electronics & HW,5.0,570,570,,2025-05-07,2028-04-30,within_listed_validity,2026-10-02,Electronics Sector Skills Council Of India (ESSCI),Production - S&C,"Future Skills Qualification,General Qualification",N.A.,"{""Theory"":""150"",""Practical"":""180"",""EmployabilitySkills"":""60"",""OJT_Mandatory"":""180""}",https://nqr.gov.in/qualifications-search,publisher_listed_validity;version_and_hours_missing_where_unparseable;not_training_capacity,Level 5,570 Hours,570 Hours,07 May 2025,30 Apr 2028
2486,IoT Hardware Analyst,QG-05-EH-03971-2025-V4-ESSCI,Electronics & HW,5.0,450,450,,2025-05-07,2028-04-30,within_listed_validity,2026-10-02,Electronics Sector Skills Council Of India (ESSCI),Product Design-S&C,"Future Skills Qualification,General Qualification",N.A.,"{""Theory"":""90"",""Practical"":""150"",""EmployabilitySkills"":""60"",""OJT_Mandatory"":""150""}",https://nqr.gov.in/qualifications-search,publisher_listed_validity;version_and_hours_missing_where_unparseable;not_training_capacity,Level 5,450 Hours,450 Hours,07 May 2025,30 Apr 2028
2528,Unmanned Aircraft System Developer,QG-05-IT-03499-2025-V1-CDAC,IT-ITeS,5.0,900,900,,2025-02-18,2028-02-17,within_listed_validity,2026-10-02,Centre for Development of Advanced Computing (CDAC),Unmanned Aircraft System Developer,Future Skills Qualification,N.A.,"{""Theory"":""240"",""Practical"":""270"",""EmployabilitySkills"":""60"",""OJT_Mandatory"":""330""}",https://nqr.gov.in/qualifications-search,publisher_listed_validity;version_and_hours_missing_where_unparseable;not_training_capacity,Level 5,900 Hours,900 Hours,18 Feb 2025,17 Feb 2028
2532,Blockchain Architect,QG-06-IT-01844-2025-V2-NASSCOM,IT-ITeS,6.0,570,570,,2021-12-30,2028-05-08,within_listed_validity,2026-10-02,IT-ITeS Sector Skills Council NASSCOM (SSC NASSCOM),Blockchain,"Future Skills Qualification,Upskilling Qualification",N.A.,"{""Theory"":""195"",""Practical"":""195"",""EmployabilitySkills"":""60"",""OJT_Mandatory"":""120""}",https://nqr.gov.in/qualifications-search,publisher_listed_validity;version_and_hours_missing_where_unparseable;not_training_capacity,Level 6,570 Hours,570 Hours,30 Dec 2021,08 May 2028
2535,Blockchain full stack developer,QG-05-IT-04331-2025-V2-NASSCOM,IT-ITeS,5.0,510,510,,2021-12-30,2028-05-08,within_listed_validity,2026-10-02,IT-ITeS Sector Skills Council NASSCOM (SSC NASSCOM),Blockchain,"Future Skills Qualification,Upskilling Qualification",N.A.,"{""Theory"":""159"",""Practical"":""201"",""EmployabilitySkills"":""60"",""OJT_Mandatory"":""90""}",https://nqr.gov.in/qualifications-search,publisher_listed_validity;version_and_hours_missing_where_unparseable;not_training_capacity,Level 5,510 Hours,510 Hours,30 Dec 2021,08 May 2028
2536,Drone Software Technician,QG-04-IT-04332-2025-V2-NASSCOM,IT-ITeS,4.0,390,390,,2022-03-31,2028-05-08,within_listed_validity,2026-10-02,IT-ITeS Sector Skills Council NASSCOM (SSC NASSCOM),Drone Technology,"Future Skills Qualification,Upskilling Qualification",N.A.,"{""Theory"":""92"",""Practical"":""148"",""EmployabilitySkills"":""60"",""OJT_Mandatory"":""90""}",https://nqr.gov.in/qualifications-search,publisher_listed_validity;version_and_hours_missing_where_unparseable;not_training_capacity,Level 4,390 Hours,390 Hours,31 Mar 2022,08 May 2028
2538,Assistant Technician of Creative & Dynamic Lighting System,QG-03-EH-03898-2025-V1-WBSC,Electronics & HW,3.0,540,540,,2025-05-09,2028-05-08,within_listed_validity,2026-10-02,West Bengal State Council for Vocational Training (WBSCVT),Lighting Technician,General Qualification,N.A.,"{""Theory"":""125"",""Practical"":""325"",""EmployabilitySkills"":""30"",""OJT_Mandatory"":""90""}",https://nqr.gov.in/qualifications-search,publisher_listed_validity;version_and_hours_missing_where_unparseable;not_training_capacity,Level 3,540 Hours,540 Hours,09 May 2025,08 May 2028
2552,Welding Technician - Oil & Gas/Shipbuilding/Railways,QG-04-IT-04205-2025-V1-CGSC,IT-ITeS,4.0,480,390,,2025-05-08,2028-05-08,within_listed_validity,2026-10-02,Capital Goods and Strategic Skill Council (CGSSC),Welding & Cutting,Future Skills Qualification,N.A.,"{""Theory"":""180"",""Practical"":""210"",""EmployabilitySkills"":""30"",""OJT_Mandatory"":""60""}",https://nqr.gov.in/qualifications-search,publisher_listed_validity;version_and_hours_missing_where_unparseable;not_training_capacity,Level 4,480 Hours,390 Hours,08 May 2025,08 May 2028
2553,Essentials of Data Encryption and Cryptographic Security,NG-05-IT-04175-2025-V1-NIELIT,IT-ITeS,5.0,120,120,,2025-05-08,2028-05-08,within_listed_validity,2026-10-02,National Institute of Electronics and Information Technology (NIELIT),Cyber Security,Future Skills Qualification,N.A.,"{""Theory"":""45"",""Practical"":""75"",""EmployabilitySkills"":""0"",""OJT_Mandatory"":""0""}",https://nqr.gov.in/qualifications-search,publisher_listed_validity;version_and_hours_missing_where_unparseable;not_training_capacity,Level 5,120 Hours,120 Hours,08 May 2025,08 May 2028
2554,Essentials of Network Security Measures,NG-05-IT-04176-2025-V1-NIELIT,IT-ITeS,5.0,120,120,,2025-05-08,2028-05-08,within_listed_validity,2026-10-02,National Institute of Electronics and Information Technology (NIELIT),Cyber Security,Future Skills Qualification,N.A.,"{""Theory"":""45"",""Practical"":""75"",""EmployabilitySkills"":""0"",""OJT_Mandatory"":""0""}",https://nqr.gov.in/qualifications-search,publisher_listed_validity;version_and_hours_missing_where_unparseable;not_training_capacity,Level 5,120 Hours,120 Hours,08 May 2025,08 May 2028
2565,Essentials of AI (Upskilling),NG-04-IT-04173-2025-V2-NIELIT,IT-ITeS,4.0,210,210,,2025-05-08,2028-05-08,within_listed_validity,2026-10-02,National Institute of Electronics and Information Technology (NIELIT),AI Development,"Future Skills Qualification,Upskilling Qualification",N.A.,"{""Theory"":""90"",""Practical"":""120"",""EmployabilitySkills"":""00"",""OJT_Mandatory"":""00""}",https://nqr.gov.in/qualifications-search,publisher_listed_validity;version_and_hours_missing_where_unparseable;not_training_capacity,Level 4,210 Hours,210 Hours,08 May 2025,08 May 2028
2566,Basics of Python Programming,NM-03-IT-03801-2025-V1-NIELIT,IT-ITeS,3.0,30,30,,2025-02-18,2028-02-18,within_listed_validity,2026-10-02,National Institute of Electronics and Information Technology (NIELIT),AI Development,Future Skills Qualification,N.A.,"{""Theory"":""10"",""Practical"":""20"",""EmployabilitySkills"":""0"",""OJT_Mandatory"":""0""}",https://nqr.gov.in/qualifications-search,publisher_listed_validity;version_and_hours_missing_where_unparseable;not_training_capacity,Level 3,30 Hours,30 Hours,18 Feb 2025,18 Feb 2028
2583,Mechanical Automation & Maintenance Engineer,QG-06-IT-04198-2025-V1-CGSC,IT-ITeS,6.0,660,660,,2025-05-08,2028-05-08,within_listed_validity,2026-10-02,Capital Goods and Strategic Skill Council (CGSSC),Maintenance,"Future Skills Qualification,General Qualification",N.A.,"{""Theory"":""140"",""Practical"":""310"",""EmployabilitySkills"":""60"",""OJT_Mandatory"":""150""}",https://nqr.gov.in/qualifications-search,publisher_listed_validity;version_and_hours_missing_where_unparseable;not_training_capacity,Level 6,660 Hours,660 Hours,08 May 2025,08 May 2028
2584,Predictive Maintenance Data Acquisition Engineer,QG-06-IT-04201-2025-V1-CGSC,IT-ITeS,6.0,660,660,,2025-05-08,2028-05-08,within_listed_validity,2026-10-02,Capital Goods and Strategic Skill Council (CGSSC),Maintenance,"Future Skills Qualification,General Qualification",N.A.,"{""Theory"":""140"",""Practical"":""310"",""EmployabilitySkills"":""60"",""OJT_Mandatory"":""150""}",https://nqr.gov.in/qualifications-search,publisher_listed_validity;version_and_hours_missing_where_unparseable;not_training_capacity,Level 6,660 Hours,660 Hours,08 May 2025,08 May 2028
2587,Full Stack Development Associate,QG-04-IT-04172-2025-V2-NIELIT,IT-ITeS,4.0,390,390,,2025-05-08,2028-05-08,within_listed_validity,2026-10-02,National Institute of Electronics and Information Technology (NIELIT),Web Development,General Qualification,N.A.,"{""Theory"":""120"",""Practical"":""180"",""EmployabilitySkills"":""30"",""OJT_Mandatory"":""60""}",https://nqr.gov.in/qualifications-search,publisher_listed_validity;version_and_hours_missing_where_unparseable;not_training_capacity,Level 4,390 Hours,390 Hours,08 May 2025,08 May 2028
2588,Basics of Artificial Intelligence & Data Science,NM-3.5-IT-03802-2025-V1-NIELIT,IT-ITeS,3.5,15,15,,2025-02-18,2028-02-18,within_listed_validity,2026-10-02,National Institute of Electronics and Information Technology (NIELIT),AI Development,Future Skills Qualification,N.A.,"{""Theory"":""5"",""Practical"":""10"",""EmployabilitySkills"":""0"",""OJT_Mandatory"":""0""}",https://nqr.gov.in/qualifications-search,publisher_listed_validity;version_and_hours_missing_where_unparseable;not_training_capacity,Level 3.5,15 Hours,15 Hours,18 Feb 2025,18 Feb 2028
2596,Advanced Mechatronics- Designer and Planner,QG-06-IT-04204-2025-V1-CGSC,IT-ITeS,6.0,660,660,,2025-05-08,2028-05-08,within_listed_validity,2026-10-02,Capital Goods and Strategic Skill Council (CGSSC),Design and Development,Future Skills Qualification,N.A.,"{""Theory"":""140"",""Practical"":""310"",""EmployabilitySkills"":""60"",""OJT_Mandatory"":""150""}",https://nqr.gov.in/qualifications-search,publisher_listed_validity;version_and_hours_missing_where_unparseable;not_training_capacity,Level 6,660 Hours,660 Hours,08 May 2025,08 May 2028
2597,Robotics & Automation Engineer,QG-06-IT-04197-2025-V1-CGSC,IT-ITeS,6.0,660,660,,2025-05-08,2028-05-08,within_listed_validity,2026-10-02,Capital Goods and Strategic Skill Council (CGSSC),Maintenance,Future Skills Qualification,N.A.,"{""Theory"":""140"",""Practical"":""310"",""EmployabilitySkills"":""60"",""OJT_Mandatory"":""150""}",https://nqr.gov.in/qualifications-search,publisher_listed_validity;version_and_hours_missing_where_unparseable;not_training_capacity,Level 6,660 Hours,660 Hours,08 May 2025,08 May 2028
2628,Building Management System Project Manager,QG-06-EH-03973-2025-V3-ESSCI,Electronics & HW,6.0,660,660,,2025-05-07,2028-04-30,within_listed_validity,2026-10-02,Electronics Sector Skills Council Of India (ESSCI),Engineering-I&A,General Qualification,N.A.,"{""Theory"":""180"",""Practical"":""210"",""EmployabilitySkills"":""60"",""OJT_Mandatory"":""210""}",https://nqr.gov.in/qualifications-search,publisher_listed_validity;version_and_hours_missing_where_unparseable;not_training_capacity,Level 6,660 Hours,660 Hours,07 May 2025,30 Apr 2028
2629,Building Management System Service Engineer,QG-05-EH-03979-2025-V3-ESSCI,Electronics & HW,5.0,570,570,,2025-05-07,2028-04-30,within_listed_validity,2026-10-02,Electronics Sector Skills Council Of India (ESSCI),After Sales Service,General Qualification,N.A.,"{""Theory"":""150"",""Practical"":""180"",""EmployabilitySkills"":""60"",""OJT_Mandatory"":""180""}",https://nqr.gov.in/qualifications-search,publisher_listed_validity;version_and_hours_missing_where_unparseable;not_training_capacity,Level 5,570 Hours,570 Hours,07 May 2025,30 Apr 2028
2634,Computer Aided Tool & Die Design Engineer,QG-06-IT-04203-2025-V1-CGSC,IT-ITeS,6.0,660,660,,2025-05-08,2028-05-08,within_listed_validity,2026-10-02,Capital Goods and Strategic Skill Council (CGSSC),Design,Future Skills Qualification,N.A.,"{""Theory"":""140"",""Practical"":""310"",""EmployabilitySkills"":""60"",""OJT_Mandatory"":""150""}",https://nqr.gov.in/qualifications-search,publisher_listed_validity;version_and_hours_missing_where_unparseable;not_training_capacity,Level 6,660 Hours,660 Hours,08 May 2025,08 May 2028
2635,Automated Metal Cutting Plasma Engineer,QG-06-IT-04200-2025-V1-CGSC,IT-ITeS,6.0,660,660,,2025-05-08,2028-05-08,within_listed_validity,2026-10-02,Capital Goods and Strategic Skill Council (CGSSC),Welding and Cutting,Future Skills Qualification,N.A.,"{""Theory"":""140"",""Practical"":""310"",""EmployabilitySkills"":""60"",""OJT_Mandatory"":""150""}",https://nqr.gov.in/qualifications-search,publisher_listed_validity;version_and_hours_missing_where_unparseable;not_training_capacity,Level 6,660 Hours,660 Hours,08 May 2025,08 May 2028
2640,Basics of Computer Vision,NM-3.5-IT-03825-2025-V1-NIELIT-,IT-ITeS,3.5,15,15,,2025-02-18,2028-02-18,within_listed_validity,2026-10-02,National Institute of Electronics and Information Technology (NIELIT),AI Application Development,"Future Skills Qualification,Micro Credentials",N.A.,"{""Theory"":""5"",""Practical"":""10"",""EmployabilitySkills"":""0"",""OJT_Mandatory"":""0""}",https://nqr.gov.in/qualifications-search,publisher_listed_validity;version_and_hours_missing_where_unparseable;not_training_capacity,Level 3.5,15 Hours,15 Hours,18 Feb 2025,18 Feb 2028
2643,Fundamentals of R Programming,NM-3.5-IT-03827-2025-V1-NIELIT,IT-ITeS,3.5,30,30,,2025-02-18,2028-02-18,within_listed_validity,2026-10-02,National Institute of Electronics and Information Technology (NIELIT),Data Analytics,"Future Skills Qualification,Micro Credentials",N.A.,"{""Theory"":""10"",""Practical"":""20"",""EmployabilitySkills"":""0"",""OJT_Mandatory"":""0""}",https://nqr.gov.in/qualifications-search,publisher_listed_validity;version_and_hours_missing_where_unparseable;not_training_capacity,Level 3.5,30 Hours,30 Hours,18 Feb 2025,18 Feb 2028
2649,Entrepreneurship in Drone Assembling,NG-04-EH-046502025-V1-SS,Electronics & HW,4.0,120,120,,2025-10-07,2028-10-06,within_listed_validity,2026-10-02,Samadhan Samiti,Entrepreneurship,General Qualification,N.A.,"{""Theory"":""80"",""Practical"":""40"",""EmployabilitySkills"":""0"",""OJT_Mandatory"":""0""}",https://nqr.gov.in/qualifications-search,publisher_listed_validity;version_and_hours_missing_where_unparseable;not_training_capacity,Level 4,120 Hours,120 Hours,07 Oct 2025,06 Oct 2028
2657,AI-Machine Learning Developer,QG-05-IT-04446-2025-V2-ASAP,IT-ITeS,5.0,540,540,,2022-08-25,2028-10-07,within_listed_validity,2026-10-02,"Additional Skill Acquisition Programme, Government of Kerala",AIML Developer,"Future Skills Qualification,General Qualification",N.A.,"{""Theory"":""110"",""Practical"":""220"",""EmployabilitySkills"":""30"",""OJT_Mandatory"":""180""}",https://nqr.gov.in/qualifications-search,publisher_listed_validity;version_and_hours_missing_where_unparseable;not_training_capacity,Level 5,540 Hours,540 Hours,25 Aug 2022,07 Oct 2028
2665,Fundamentals of Information Security,NG-04-IT-04417-2025-V2-NIELIT,IT-ITeS,4.0,90,90,,2025-05-08,2028-05-08,within_listed_validity,2026-10-02,National Institute of Electronics and Information Technology (NIELIT),Cyber Security,Future Skills Qualification,N.A.,"{""Theory"":""35"",""Practical"":""55"",""EmployabilitySkills"":""0"",""OJT_Mandatory"":""0""}",https://nqr.gov.in/qualifications-search,publisher_listed_validity;version_and_hours_missing_where_unparseable;not_training_capacity,Level 4,90 Hours,90 Hours,08 May 2025,08 May 2028
2668,Introduction to Data Analysis Concepts and Techniques,NM-3.5-IT-03828-2025-V1-NIELIT,IT-ITeS,3.5,30,30,,2025-02-18,2028-02-18,within_listed_validity,2026-10-02,National Institute of Electronics and Information Technology (NIELIT),Data Analytics,Future Skills Qualification,N.A.,"{""Theory"":""10"",""Practical"":""20"",""EmployabilitySkills"":""0"",""OJT_Mandatory"":""0""}",https://nqr.gov.in/qualifications-search,publisher_listed_validity;version_and_hours_missing_where_unparseable;not_training_capacity,Level 3.5,30 Hours,30 Hours,18 Feb 2025,18 Feb 2028
2677,Introduction to Deep Learning,NM-3.5-IT-03823-2025-V1-NIELIT,IT-ITeS,3.5,15,15,,2025-02-18,2028-02-18,within_listed_validity,2026-10-02,National Institute of Electronics and Information Technology (NIELIT),AI Application Development,Future Skills Qualification,N.A.,"{""Theory"":""5"",""Practical"":""10"",""EmployabilitySkills"":""0"",""OJT_Mandatory"":""0""}",https://nqr.gov.in/qualifications-search,publisher_listed_validity;version_and_hours_missing_where_unparseable;not_training_capacity,Level 3.5,15 Hours,15 Hours,18 Feb 2025,18 Feb 2028
2678,AI Database Administrator,QG-06-IT-045862025-V2-NASSCOM,IT-ITeS,6.0,480,480,,2020-09-22,2028-10-07,within_listed_validity,2026-10-02,IT-ITeS Sector Skills Council NASSCOM (SSC NASSCOM),Artificial Intelligence and Big Data Analytics,"Future Skills Qualification,General Qualification,Upskilling Qualification",N.A.,"{""Theory"":""131"",""Practical"":""199"",""EmployabilitySkills"":""60"",""OJT_Mandatory"":""90""}",https://nqr.gov.in/qualifications-search,publisher_listed_validity;version_and_hours_missing_where_unparseable;not_training_capacity,Level 6,480 Hours,480 Hours,22 Sep 2020,07 Oct 2028
2679,AI DevOps Analyst,QG-05-IT-045822025-V2-NASSCOM,IT-ITeS,5.0,480,480,,2020-09-22,2028-10-07,within_listed_validity,2026-10-02,IT-ITeS Sector Skills Council NASSCOM (SSC NASSCOM),Artificial Intelligence and Big Data Analytics,"Future Skills Qualification,General Qualification",N.A.,"{""Theory"":""180"",""Practical"":""150"",""EmployabilitySkills"":""60"",""OJT_Mandatory"":""90""}",https://nqr.gov.in/qualifications-search,publisher_listed_validity;version_and_hours_missing_where_unparseable;not_training_capacity,Level 5,480 Hours,480 Hours,22 Sep 2020,07 Oct 2028
2680,AR/VR Test Engineer,QG-07-IT-01546-2025-V2-NASSCOM,IT-ITeS,5.0,480,480,,2022-03-31,2028-10-07,within_listed_validity,2026-10-02,IT-ITeS Sector Skills Council NASSCOM (SSC NASSCOM),Augmented reality/Virtual reality,"Future Skills Qualification,Upskilling Qualification",N.A.,"{""Theory"":""120"",""Practical"":""210"",""EmployabilitySkills"":""60"",""OJT_Mandatory"":""90""}",https://nqr.gov.in/qualifications-search,publisher_listed_validity;version_and_hours_missing_where_unparseable;not_training_capacity,Level 5,480 Hours,480 Hours,31 Mar 2022,07 Oct 2028
2683,Business Intelligence Analyst,QG-05-IT-045942025-V2-NASSCOM,IT-ITeS,5.0,480,480,,2018-12-19,2028-10-07,within_listed_validity,2026-10-02,IT-ITeS Sector Skills Council NASSCOM (SSC NASSCOM),Artificial Intelligence and Big Data Analytics,"Future Skills Qualification,Upskilling Qualification",N.A.,"{""Theory"":""120"",""Practical"":""210"",""EmployabilitySkills"":""60"",""OJT_Mandatory"":""90""}",https://nqr.gov.in/qualifications-search,publisher_listed_validity;version_and_hours_missing_where_unparseable;not_training_capacity,Level 5,480 Hours,480 Hours,19 Dec 2018,07 Oct 2028
2684,Data Scientist,QG-06-IT-045952025-V2-NASSCOM,IT-ITeS,6.0,630,630,,2018-12-19,2028-10-07,within_listed_validity,2026-10-02,IT-ITeS Sector Skills Council NASSCOM (SSC NASSCOM),Artificial Intelligence and Big Data Analytics,"Future Skills Qualification,Upskilling Qualification",N.A.,"{""Theory"":""164"",""Practical"":""286"",""EmployabilitySkills"":""60"",""OJT_Mandatory"":""120""}",https://nqr.gov.in/qualifications-search,publisher_listed_validity;version_and_hours_missing_where_unparseable;not_training_capacity,Level 6,630 Hours,630 Hours,19 Dec 2018,07 Oct 2028
2685,AI Machine Learning Analyst,QG-05-IT-045832025-V2-NASSCOM,IT-ITeS,5.0,480,480,,2018-12-19,2028-10-07,within_listed_validity,2026-10-02,IT-ITeS Sector Skills Council NASSCOM (SSC NASSCOM),Artificial Intelligence and Big Data Analytics,"Future Skills Qualification,Upskilling Qualification",N.A.,"{""Theory"":""138"",""Practical"":""192"",""EmployabilitySkills"":""60"",""OJT_Mandatory"":""90""}",https://nqr.gov.in/qualifications-search,publisher_listed_validity;version_and_hours_missing_where_unparseable;not_training_capacity,Level 5,480 Hours,480 Hours,19 Dec 2018,07 Oct 2028
2686,XR Designer,QG-05-IT-03660-2025-V2-NASSCOM,IT-ITeS,5.0,480,480,,2022-09-29,2028-10-07,within_listed_validity,2026-10-02,IT-ITeS Sector Skills Council NASSCOM (SSC NASSCOM),Augmented Reality/Virtual Reality,"Future Skills Qualification,Upskilling Qualification",N.A.,"{""Theory"":""115"",""Practical"":""215"",""EmployabilitySkills"":""60"",""OJT_Mandatory"":""90""}",https://nqr.gov.in/qualifications-search,publisher_listed_validity;version_and_hours_missing_where_unparseable;not_training_capacity,Level 5,480 Hours,480 Hours,29 Sep 2022,07 Oct 2028
2687,Machine Learning Fundamentals,NM-3.5-IT-03822-2025-V1-NIELIT,IT-ITeS,3.5,15,15,,2025-02-18,2028-02-18,within_listed_validity,2026-10-02,National Institute of Electronics and Information Technology (NIELIT),AI Application Development,Future Skills Qualification,N.A.,"{""Theory"":""6"",""Practical"":""9"",""EmployabilitySkills"":""0"",""OJT_Mandatory"":""0""}",https://nqr.gov.in/qualifications-search,publisher_listed_validity;version_and_hours_missing_where_unparseable;not_training_capacity,Level 3.5,15 Hours,15 Hours,18 Feb 2025,18 Feb 2028
2689,AR/VR Consultant,QG-06-IT-00471-2025-V2-NASSCOM,IT-ITeS,6.0,570,570,,2022-03-31,2028-10-07,within_listed_validity,2026-10-02,IT-ITeS Sector Skills Council NASSCOM (SSC NASSCOM),Augmented reality/Virtual reality,Future Skills Qualification,N.A.,"{""Theory"":""140"",""Practical"":""250"",""EmployabilitySkills"":""60"",""OJT_Mandatory"":""120""}",https://nqr.gov.in/qualifications-search,publisher_listed_validity;version_and_hours_missing_where_unparseable;not_training_capacity,Level 6,570 Hours,570 Hours,31 Mar 2022,07 Oct 2028
2700,Fundamentals of Internet of Things,NG-04-EH-04418-2025-V2-NIELIT,Electronics & HW,4.0,90,90,,2025-05-08,2028-05-08,within_listed_validity,2026-10-02,National Institute of Electronics and Information Technology (NIELIT),IoT Solution,Future Skills Qualification,N.A.,"{""Theory"":""35"",""Practical"":""55"",""EmployabilitySkills"":""0"",""OJT_Mandatory"":""0""}",https://nqr.gov.in/qualifications-search,publisher_listed_validity;version_and_hours_missing_where_unparseable;not_training_capacity,Level 4,90 Hours,90 Hours,08 May 2025,08 May 2028
2701,Assembly Line Operator (Electronics Modules),QG-03-EH-044872025-V2-ESSCI,Electronics & HW,3.0,390,390,,2025-10-07,2028-10-07,within_listed_validity,2026-10-02,Electronics Sector Skills Council Of India (ESSCI),Assembly-EMS,General Qualification,N.A.,"{""Theory"":""60"",""Practical"":""210"",""EmployabilitySkills"":""30"",""OJT_Mandatory"":""90""}",https://nqr.gov.in/qualifications-search,publisher_listed_validity;version_and_hours_missing_where_unparseable;not_training_capacity,Level 3,390 Hours,390 Hours,07 Oct 2025,07 Oct 2028
2704,Fundamentals of Natural Language Processing (NLP),NM-3.5-IT-03824-2025-V1-NIELIT,IT-ITeS,3.5,15,15,,2025-02-18,2028-02-18,within_listed_validity,2026-10-02,National Institute of Electronics and Information Technology (NIELIT),AI Application Development,Future Skills Qualification,N.A.,"{""Theory"":""6"",""Practical"":""9"",""EmployabilitySkills"":""0"",""OJT_Mandatory"":""0""}",https://nqr.gov.in/qualifications-search,publisher_listed_validity;version_and_hours_missing_where_unparseable;not_training_capacity,Level 3.5,15 Hours,15 Hours,18 Feb 2025,18 Feb 2028
2712,Customer Service Executive - Electronic Products,QG-04-EH-044862025-V2-ESSCI,Electronics & HW,4.0,510,510,,2025-10-07,2028-10-07,within_listed_validity,2026-10-02,Electronics Sector Skills Council Of India (ESSCI),After Sales Support,"General Qualification,Multi-Skill Qualification",N.A.,"{""Theory"":""150"",""Practical"":""210"",""EmployabilitySkills"":""30"",""OJT_Mandatory"":""120""}",https://nqr.gov.in/qualifications-search,publisher_listed_validity;version_and_hours_missing_where_unparseable;not_training_capacity,Level 4,510 Hours,510 Hours,07 Oct 2025,07 Oct 2028
2713,DTH Set Top Box Installation & Service Technician,QG-04-EH-044902025-V2-ESSCI,Electronics & HW,4.0,480,480,,2025-10-07,2028-10-07,within_listed_validity,2026-10-02,Electronics Sector Skills Council Of India (ESSCI),After Sales Service,General Qualification,N.A.,"{""Theory"":""150"",""Practical"":""180"",""EmployabilitySkills"":""30"",""OJT_Mandatory"":""120""}",https://nqr.gov.in/qualifications-search,publisher_listed_validity;version_and_hours_missing_where_unparseable;not_training_capacity,Level 4,480 Hours,480 Hours,07 Oct 2025,07 Oct 2028
2714,Assistant Technician – Computer and Peripheral,QG-03-EH-044852025-V2-ESSCI,Electronics & HW,3.0,450,450,,2025-10-07,2028-10-07,within_listed_validity,2026-10-02,Electronics Sector Skills Council Of India (ESSCI),Assembly - EMS,General Qualification,N.A.,"{""Theory"":""120"",""Practical"":""180"",""EmployabilitySkills"":""30"",""OJT_Mandatory"":""120""}",https://nqr.gov.in/qualifications-search,publisher_listed_validity;version_and_hours_missing_where_unparseable;not_training_capacity,Level 3,450 Hours,450 Hours,07 Oct 2025,07 Oct 2028
2715,Assembly Operator - TV,QG-04-EH-044892025-V2-ESSCI,Electronics & HW,4.0,450,450,,2025-10-07,2028-10-07,within_listed_validity,2026-10-02,Electronics Sector Skills Council Of India (ESSCI),Assembly-EMS,General Qualification,N.A.,"{""Theory"":""120"",""Practical"":""180"",""EmployabilitySkills"":""30"",""OJT_Mandatory"":""120""}",https://nqr.gov.in/qualifications-search,publisher_listed_validity;version_and_hours_missing_where_unparseable;not_training_capacity,Level 4,450 Hours,450 Hours,07 Oct 2025,07 Oct 2028
2716,Assistant Technician - TV,QG-03-EH-044802025-V2-ESSCI,Electronics & HW,3.0,390,390,,2025-10-07,2028-10-07,within_listed_validity,2026-10-02,Electronics Sector Skills Council Of India (ESSCI),After Sales Service,General Qualification,N.A.,"{""Theory"":""90"",""Practical"":""120"",""EmployabilitySkills"":""30"",""OJT_Mandatory"":""150""}",https://nqr.gov.in/qualifications-search,publisher_listed_validity;version_and_hours_missing_where_unparseable;not_training_capacity,Level 3,390 Hours,390 Hours,07 Oct 2025,07 Oct 2028
2717,Assembly and Wiring Assistant Operator- Standard Control Panel,QG-03-EH-044912025-V2-ESSCI,Electronics & HW,3.0,420,420,,2025-10-07,2028-10-07,within_listed_validity,2026-10-02,Electronics Sector Skills Council Of India (ESSCI),After Sales Service,General Qualification,N.A.,"{""Theory"":""120"",""Practical"":""180"",""EmployabilitySkills"":""30"",""OJT_Mandatory"":""90""}",https://nqr.gov.in/qualifications-search,publisher_listed_validity;version_and_hours_missing_where_unparseable;not_training_capacity,Level 3,420 Hours,420 Hours,07 Oct 2025,07 Oct 2028
2719,Solar Panel Installation Technician,QG-04-EH-04471-2025-V2-ESSCI,Electronics & HW,4.0,480,480,,2025-10-07,2028-10-07,within_listed_validity,2026-10-02,Electronics Sector Skills Council Of India (ESSCI),Installation,General Qualification,N.A.,"{""Theory"":""120"",""Practical"":""180"",""EmployabilitySkills"":""30"",""OJT_Mandatory"":""150""}",https://nqr.gov.in/qualifications-search,publisher_listed_validity;version_and_hours_missing_where_unparseable;not_training_capacity,Level 4,480 Hours,480 Hours,07 Oct 2025,07 Oct 2028
2720,Smartphone Assembly Technician,QG-04-EH-044762025-V2-ESSCI,Electronics & HW,4.0,450,450,,2025-10-07,2028-10-07,within_listed_validity,2026-10-02,Electronics Sector Skills Council Of India (ESSCI),Assembly-C&B,General Qualification,N.A.,"{""Theory"":""150"",""Practical"":""180"",""EmployabilitySkills"":""30"",""OJT_Mandatory"":""90""}",https://nqr.gov.in/qualifications-search,publisher_listed_validity;version_and_hours_missing_where_unparseable;not_training_capacity,Level 4,450 Hours,450 Hours,07 Oct 2025,07 Oct 2028
2726,Business Analyst,QG-05-IT-04447-2025-V2-ASAP,IT-ITeS,5.0,600,510,,2022-08-25,2028-10-07,within_listed_validity,2026-10-02,"Additional Skill Acquisition Programme, Government of Kerala",Data Analyst,"Future Skills Qualification,General Qualification,Upskilling Qualification",N.A.,"{""Theory"":""30"",""Practical"":""390"",""EmployabilitySkills"":""60"",""OJT_Mandatory"":""0""}",https://nqr.gov.in/qualifications-search,publisher_listed_validity;version_and_hours_missing_where_unparseable;not_training_capacity,Level 5,600 Hours,510 Hours,25 Aug 2022,07 Oct 2028
2727,IoT Software Analyst,QG-5.5-IT-045972025-V2-NASSCOM,IT-ITeS,5.5,540,540,,2022-08-25,2028-10-07,within_listed_validity,2026-10-02,IT-ITeS Sector Skills Council NASSCOM (SSC NASSCOM),Internet of Things,Future Skills Qualification,N.A.,"{""Theory"":""156"",""Practical"":""234"",""EmployabilitySkills"":""60"",""OJT_Mandatory"":""90""}",https://nqr.gov.in/qualifications-search,publisher_listed_validity;version_and_hours_missing_where_unparseable;not_training_capacity,Level 5.5,540 Hours,540 Hours,25 Aug 2022,07 Oct 2028
2728,Cloud Application Developer,QG-05-IT-045902025-V2-NASSCOM,IT-ITeS,5.0,510,510,,2022-07-28,2028-10-07,within_listed_validity,2026-10-02,IT-ITeS Sector Skills Council NASSCOM (SSC NASSCOM),Cloud Computing,Future Skills Qualification,N.A.,"{""Theory"":""120"",""Practical"":""210"",""EmployabilitySkills"":""60"",""OJT_Mandatory"":""120""}",https://nqr.gov.in/qualifications-search,publisher_listed_validity;version_and_hours_missing_where_unparseable;not_training_capacity,Level 5,510 Hours,510 Hours,28 Jul 2022,07 Oct 2028
2730,LED Light Repair Technician,QG-04-EH-04473-2025-V2-ESSCI,Electronics & HW,4.0,480,480,,2025-10-07,2028-10-07,within_listed_validity,2026-10-02,Electronics Sector Skills Council Of India (ESSCI),LED Light Testing and Quality Assurance,General Qualification,N.A.,"{""Theory"":""120"",""Practical"":""180"",""EmployabilitySkills"":""30"",""OJT_Mandatory"":""150""}",https://nqr.gov.in/qualifications-search,publisher_listed_validity;version_and_hours_missing_where_unparseable;not_training_capacity,Level 4,480 Hours,480 Hours,07 Oct 2025,07 Oct 2028
2731,Purchase Coordinator- Electronics,QG-04-EH-044842025-V2-ESSCI,Electronics & HW,4.0,510,510,,2025-10-07,2028-10-07,within_listed_validity,2026-10-02,Electronics Sector Skills Council Of India (ESSCI),Purchase and Procurement,General Qualification,N.A.,"{""Theory"":""150"",""Practical"":""180"",""EmployabilitySkills"":""30"",""OJT_Mandatory"":""150""}",https://nqr.gov.in/qualifications-search,publisher_listed_validity;version_and_hours_missing_where_unparseable;not_training_capacity,Level 4,510 Hours,510 Hours,07 Oct 2025,07 Oct 2028
2733,Overview of Data Science,NM-03-IT-03826-2025-V1-NIELIT,IT-ITeS,3.0,,,,2025-02-18,2028-02-18,within_listed_validity,2026-10-02,National Institute of Electronics and Information Technology (NIELIT),Data Analytics,Future Skills Qualification,N.A.,"{""Theory"":""4"",""Practical"":""3.5"",""EmployabilitySkills"":""0"",""OJT_Mandatory"":""0""}",https://nqr.gov.in/qualifications-search,publisher_listed_validity;version_and_hours_missing_where_unparseable;not_training_capacity,Level 3,7.5 Hours,7.5 Hours,18 Feb 2025,18 Feb 2028
2734,PCB Assembly Technician,QG-04-EH-044832025-V2-ESSCI,Electronics & HW,4.0,480,480,,2025-10-07,2028-10-07,within_listed_validity,2026-10-02,Electronics Sector Skills Council Of India (ESSCI),Manufacturing,General Qualification,N.A.,"{""Theory"":""120"",""Practical"":""180"",""EmployabilitySkills"":""30"",""OJT_Mandatory"":""150""}",https://nqr.gov.in/qualifications-search,publisher_listed_validity;version_and_hours_missing_where_unparseable;not_training_capacity,Level 4,480 Hours,480 Hours,07 Oct 2025,07 Oct 2028
2735,IT Forensic Analyst,QG-5.5-IT-045882025-V2-NASSCOM,IT-ITeS,5.5,540,540,,2022-08-25,2028-10-07,within_listed_validity,2026-10-02,IT-ITeS Sector Skills Council NASSCOM (SSC NASSCOM),Information and Cyber Security,Future Skills Qualification,N.A.,"{""Theory"":""136"",""Practical"":""254"",""EmployabilitySkills"":""60"",""OJT_Mandatory"":""90""}",https://nqr.gov.in/qualifications-search,publisher_listed_validity;version_and_hours_missing_where_unparseable;not_training_capacity,Level 5.5,540 Hours,540 Hours,25 Aug 2022,07 Oct 2028
2736,Network Security Engineer,QG-06-IT-045872025-V2-NASSCOM,IT-ITeS,6.0,600,600,,2022-08-25,2028-10-07,within_listed_validity,2026-10-02,IT-ITeS Sector Skills Council NASSCOM (SSC NASSCOM),Cybersecurity,Future Skills Qualification,N.A.,"{""Theory"":""152"",""Practical"":""268"",""EmployabilitySkills"":""60"",""OJT_Mandatory"":""120""}",https://nqr.gov.in/qualifications-search,publisher_listed_validity;version_and_hours_missing_where_unparseable;not_training_capacity,Level 6,600 Hours,600 Hours,25 Aug 2022,07 Oct 2028
2737,Information Security Analyst,QG-06-IT-045892025-V2-NASSCOM,IT-ITeS,6.0,570,570,,2022-08-25,2028-10-07,within_listed_validity,2026-10-02,IT-ITeS Sector Skills Council NASSCOM (SSC NASSCOM),Cybersecurity,Future Skills Qualification,N.A.,"{""Theory"":""156"",""Practical"":""234"",""EmployabilitySkills"":""60"",""OJT_Mandatory"":""120""}",https://nqr.gov.in/qualifications-search,publisher_listed_validity;version_and_hours_missing_where_unparseable;not_training_capacity,Level 6,570 Hours,570 Hours,25 Aug 2022,07 Oct 2028
2738,Analyst Endpoint Security,QG-5.5-IT-045992025-V2-NASSCOM,IT-ITeS,5.5,540,540,,2022-08-25,2028-10-07,within_listed_validity,2026-10-02,IT-ITeS Sector Skills Council NASSCOM (SSC NASSCOM),Cybersecurity,Future Skills Qualification,N.A.,"{""Theory"":""240"",""Practical"":""150"",""EmployabilitySkills"":""60"",""OJT_Mandatory"":""90""}",https://nqr.gov.in/qualifications-search,publisher_listed_validity;version_and_hours_missing_where_unparseable;not_training_capacity,Level 5.5,540 Hours,540 Hours,25 Aug 2022,07 Oct 2028
2739,XR Developer,QG-05-IT-03661-2025-V2-NASSCOM,IT-ITeS,5.0,480,480,,2022-03-31,2028-10-07,within_listed_validity,2026-10-02,IT-ITeS Sector Skills Council NASSCOM (SSC NASSCOM),Augmented reality/Virtual reality,Future Skills Qualification,N.A.,"{""Theory"":""120"",""Practical"":""210"",""EmployabilitySkills"":""60"",""OJT_Mandatory"":""90""}",https://nqr.gov.in/qualifications-search,publisher_listed_validity;version_and_hours_missing_where_unparseable;not_training_capacity,Level 5,480 Hours,480 Hours,31 Mar 2022,07 Oct 2028
2740,IoT Solution Engineer,QG-06-IT-045962025-V2-NASSCOM,IT-ITeS,6.0,600,600,,2022-08-25,2028-10-07,within_listed_validity,2026-10-02,IT-ITeS Sector Skills Council NASSCOM (SSC NASSCOM),Internet of Things,Future Skills Qualification,N.A.,"{""Theory"":""150"",""Practical"":""270"",""EmployabilitySkills"":""60"",""OJT_Mandatory"":""120""}",https://nqr.gov.in/qualifications-search,publisher_listed_validity;version_and_hours_missing_where_unparseable;not_training_capacity,Level 6,600 Hours,600 Hours,25 Aug 2022,07 Oct 2028
2741,IoT Security Analyst,QG-06-IT-045982025-V2-NASSCOM,IT-ITeS,6.0,570,570,,2022-08-25,2028-10-07,within_listed_validity,2026-10-02,IT-ITeS Sector Skills Council NASSCOM (SSC NASSCOM),Internet of Things,Future Skills Qualification,N.A.,"{""Theory"":""144"",""Practical"":""246"",""EmployabilitySkills"":""60"",""OJT_Mandatory"":""120""}",https://nqr.gov.in/qualifications-search,publisher_listed_validity;version_and_hours_missing_where_unparseable;not_training_capacity,Level 6,570 Hours,570 Hours,25 Aug 2022,07 Oct 2028
2742,AI Data Engineering Analyst,QG-05-IT-045812025-V2-NASSCOM,IT-ITeS,5.0,480,480,,2020-09-22,2028-10-07,within_listed_validity,2026-10-02,IT-ITeS Sector Skills Council NASSCOM (SSC NASSCOM),Artificial Intelligence and Big Data Analytics,Future Skills Qualification,N.A.,"{""Theory"":""136"",""Practical"":""194"",""EmployabilitySkills"":""60"",""OJT_Mandatory"":""90""}",https://nqr.gov.in/qualifications-search,publisher_listed_validity;version_and_hours_missing_where_unparseable;not_training_capacity,Level 5,480 Hours,480 Hours,22 Sep 2020,07 Oct 2028
2743,AI Data Architecture Analyst,QG-06-IT-045842025-V2-NASSCOM,IT-ITeS,6.0,570,570,,2020-09-22,2028-10-07,within_listed_validity,2026-10-02,IT-ITeS Sector Skills Council NASSCOM (SSC NASSCOM),Artificial Intelligence and Big Data Analytics,Future Skills Qualification,N.A.,"{""Theory"":""180"",""Practical"":""210"",""EmployabilitySkills"":""60"",""OJT_Mandatory"":""120""}",https://nqr.gov.in/qualifications-search,publisher_listed_validity;version_and_hours_missing_where_unparseable;not_training_capacity,Level 6,570 Hours,570 Hours,22 Sep 2020,07 Oct 2028
2744,Electronics Machine Maintenance Technician- Shop Floor,QG-04-EH-044932025-V2-ESSCI,Electronics & HW,4.0,510,510,,2025-10-07,2028-10-07,within_listed_validity,2026-10-02,Electronics Sector Skills Council Of India (ESSCI),Maintenance,Multi-Skill Qualification,N.A.,"{""Theory"":""150"",""Practical"":""210"",""EmployabilitySkills"":""30"",""OJT_Mandatory"":""120""}",https://nqr.gov.in/qualifications-search,publisher_listed_validity;version_and_hours_missing_where_unparseable;not_training_capacity,Level 4,510 Hours,510 Hours,07 Oct 2025,07 Oct 2028
2745,Electronics Manufacturing Services (EMS) Technician,QG-04-EH-044942025-V2-ESSCI,Electronics & HW,4.0,450,450,,2025-10-07,2028-10-07,within_listed_validity,2026-10-02,Electronics Sector Skills Council Of India (ESSCI),Assembly and Soldering,General Qualification,N.A.,"{""Theory"":""120"",""Practical"":""180"",""EmployabilitySkills"":""30"",""OJT_Mandatory"":""120""}",https://nqr.gov.in/qualifications-search,publisher_listed_validity;version_and_hours_missing_where_unparseable;not_training_capacity,Level 4,450 Hours,450 Hours,07 Oct 2025,07 Oct 2028
2749,Field Technician - Air Conditioner,QG-04-EH-044952025-V2-ESSCI,Electronics & HW,4.0,480,480,,2025-10-07,2028-10-07,within_listed_validity,2026-10-02,Electronics Sector Skills Council Of India (ESSCI),After Sales Service,General Qualification,N.A.,"{""Theory"":""120"",""Practical"":""210"",""EmployabilitySkills"":""30"",""OJT_Mandatory"":""120""}",https://nqr.gov.in/qualifications-search,publisher_listed_validity;version_and_hours_missing_where_unparseable;not_training_capacity,Level 4,480 Hours,480 Hours,07 Oct 2025,07 Oct 2028
2750,Field Technician - Kitchen Appliances,QG-04-EH-044982025-V2-ESSCI,Electronics & HW,4.0,540,540,,2025-10-07,2028-10-07,within_listed_validity,2026-10-02,Electronics Sector Skills Council Of India (ESSCI),After Sales Service,Multi-Skill Qualification,N.A.,"{""Theory"":""150"",""Practical"":""210"",""EmployabilitySkills"":""30"",""OJT_Mandatory"":""150""}",https://nqr.gov.in/qualifications-search,publisher_listed_validity;version_and_hours_missing_where_unparseable;not_training_capacity,Level 4,540 Hours,540 Hours,07 Oct 2025,07 Oct 2028
2751,AI Solution Developer,QG-06-IT-045852025-V2-NASSCOM,IT-ITeS,6.0,570,570,,2020-09-22,2028-10-07,within_listed_validity,2026-10-02,IT-ITeS Sector Skills Council NASSCOM (SSC NASSCOM),Artificial Intelligence and Big Data Analytics,Future Skills Qualification,N.A.,"{""Theory"":""180"",""Practical"":""210"",""EmployabilitySkills"":""60"",""OJT_Mandatory"":""120""}",https://nqr.gov.in/qualifications-search,publisher_listed_validity;version_and_hours_missing_where_unparseable;not_training_capacity,Level 6,570 Hours,570 Hours,22 Sep 2020,07 Oct 2028
2752,Cloud Engineer,QG-6.5-IT-045912025-V2-NASSCOM,IT-ITeS,6.5,690,690,,2022-07-28,2028-10-07,within_listed_validity,2026-10-02,IT-ITeS Sector Skills Council NASSCOM (SSC NASSCOM),Cloud Computing,Future Skills Qualification,N.A.,"{""Theory"":""180"",""Practical"":""300"",""EmployabilitySkills"":""60"",""OJT_Mandatory"":""150""}",https://nqr.gov.in/qualifications-search,publisher_listed_validity;version_and_hours_missing_where_unparseable;not_training_capacity,Level 6.5,690 Hours,690 Hours,28 Jul 2022,07 Oct 2028
2753,Cloud Security Analyst,QG-6.5-IT-045922025-V2-NASSCOM,IT-ITeS,6.5,690,690,,2022-07-28,2028-10-07,within_listed_validity,2026-10-02,IT-ITeS Sector Skills Council NASSCOM (SSC NASSCOM),Cloud Computing,Future Skills Qualification,N.A.,"{""Theory"":""180"",""Practical"":""300"",""EmployabilitySkills"":""60"",""OJT_Mandatory"":""150""}",https://nqr.gov.in/qualifications-search,publisher_listed_validity;version_and_hours_missing_where_unparseable;not_training_capacity,Level 6.5,690 Hours,690 Hours,28 Jul 2022,07 Oct 2028
2754,Cloud Site Reliability Analyst,QG-6.5-IT-045932025-V2-NASSCOM,IT-ITeS,6.5,510,510,,2022-07-28,2028-10-07,within_listed_validity,2026-10-02,IT-ITeS Sector Skills Council NASSCOM (SSC NASSCOM),Cloud Computing,Future Skills Qualification,N.A.,"{""Theory"":""120"",""Practical"":""210"",""EmployabilitySkills"":""60"",""OJT_Mandatory"":""120""}",https://nqr.gov.in/qualifications-search,publisher_listed_validity;version_and_hours_missing_where_unparseable;not_training_capacity,Level 6.5,510 Hours,510 Hours,28 Jul 2022,07 Oct 2028
2755,3D Printing Modelling Engineer,QG-05-IT-01509-2025-V2-NASSCOM,IT-ITeS,5.0,480,480,,2022-04-28,2028-10-07,within_listed_validity,2026-10-02,IT-ITeS Sector Skills Council NASSCOM (SSC NASSCOM),3D Printing,General Qualification,N.A.,"{""Theory"":""125"",""Practical"":""205"",""EmployabilitySkills"":""60"",""OJT_Mandatory"":""90""}",https://nqr.gov.in/qualifications-search,publisher_listed_validity;version_and_hours_missing_where_unparseable;not_training_capacity,Level 5,480 Hours,480 Hours,28 Apr 2022,07 Oct 2028
2757,Field Technician Networking and Data Storage,QG-04-EH-044962025-V2-ESSCI,Electronics & HW,4.0,480,480,,2025-10-07,2028-10-07,within_listed_validity,2026-10-02,Electronics Sector Skills Council Of India (ESSCI),After Sales Support,General Qualification,N.A.,"{""Theory"":""150"",""Practical"":""180"",""EmployabilitySkills"":""30"",""OJT_Mandatory"":""120""}",https://nqr.gov.in/qualifications-search,publisher_listed_validity;version_and_hours_missing_where_unparseable;not_training_capacity,Level 4,480 Hours,480 Hours,07 Oct 2025,07 Oct 2028
2758,"HVAC (Heating, Ventilation, and Air Conditioning) Technician",QG-04-EH-044992025-V2-ESSCI,Electronics & HW,4.0,510,510,,2025-10-07,2028-10-07,within_listed_validity,2026-10-02,Electronics Sector Skills Council Of India (ESSCI),After Sales Support,General Qualification,N.A.,"{""Theory"":""150"",""Practical"":""180"",""EmployabilitySkills"":""30"",""OJT_Mandatory"":""150""}",https://nqr.gov.in/qualifications-search,publisher_listed_validity;version_and_hours_missing_where_unparseable;not_training_capacity,Level 4,510 Hours,510 Hours,07 Oct 2025,07 Oct 2028
2759,Application of Data Annotation in Agriculture,NM-3.5-IT-03808-2025-V1-NIELIT,IT-ITeS,3.5,30,30,,2025-02-18,2028-02-18,within_listed_validity,2026-10-02,National Institute of Electronics and Information Technology (NIELIT),AI Development,Future Skills Qualification,N.A.,"{""Theory"":""10"",""Practical"":""20"",""EmployabilitySkills"":""0"",""OJT_Mandatory"":""0""}",https://nqr.gov.in/qualifications-search,publisher_listed_validity;version_and_hours_missing_where_unparseable;not_training_capacity,Level 3.5,30 Hours,30 Hours,18 Feb 2025,18 Feb 2028
2761,IT Hardware Support Coordinator,QG-04-EH-04472-2025-V2-ESSCI,Electronics & HW,4.0,480,480,,2025-10-07,2028-10-07,within_listed_validity,2026-10-02,Electronics Sector Skills Council Of India (ESSCI),E-learning Management,General Qualification,N.A.,"{""Theory"":""120"",""Practical"":""180"",""EmployabilitySkills"":""30"",""OJT_Mandatory"":""150""}",https://nqr.gov.in/qualifications-search,publisher_listed_validity;version_and_hours_missing_where_unparseable;not_training_capacity,Level 4,480 Hours,480 Hours,07 Oct 2025,07 Oct 2028
2762,Jr. Technician - Electrical and Electronics Sub- System,QG-03-EH-044922025-V2-ESSCI,Electronics & HW,3.0,390,390,,2025-10-07,2028-10-07,within_listed_validity,2026-10-02,Electronics Sector Skills Council Of India (ESSCI),Assembly and Integration,Multi-Skill Qualification,N.A.,"{""Theory"":""90"",""Practical"":""150"",""EmployabilitySkills"":""30"",""OJT_Mandatory"":""120""}",https://nqr.gov.in/qualifications-search,publisher_listed_validity;version_and_hours_missing_where_unparseable;not_training_capacity,Level 3,390 Hours,390 Hours,07 Oct 2025,07 Oct 2028
2764,Mechanical Fitter (Electronics),QG-04-EH-04475-2025-V2-ESSCI,Electronics & HW,4.0,510,510,,2025-10-07,2028-10-07,within_listed_validity,2026-10-02,Electronics Sector Skills Council Of India (ESSCI),Assembly and Integration,General Qualification,N.A.,"{""Theory"":""150"",""Practical"":""180"",""EmployabilitySkills"":""30"",""OJT_Mandatory"":""150""}",https://nqr.gov.in/qualifications-search,publisher_listed_validity;version_and_hours_missing_where_unparseable;not_training_capacity,Level 4,510 Hours,510 Hours,07 Oct 2025,07 Oct 2028
2769,Pick and Place Assembly Operator,QG-04-EH-044812025-V2-ESSCI,Electronics & HW,4.0,510,510,,2025-10-07,2028-10-07,within_listed_validity,2026-10-02,Electronics Sector Skills Council Of India (ESSCI),Assembly EMS,General Qualification,N.A.,"{""Theory"":""120"",""Practical"":""210"",""EmployabilitySkills"":""30"",""OJT_Mandatory"":""150""}",https://nqr.gov.in/qualifications-search,publisher_listed_validity;version_and_hours_missing_where_unparseable;not_training_capacity,Level 4,510 Hours,510 Hours,07 Oct 2025,07 Oct 2028
2789,Assembly Operator - RAC*,QG-04-EH-044882025-V2-ESSCI,Electronics & HW,4.0,480,480,,2025-10-07,2028-10-07,within_listed_validity,2026-10-02,Electronics Sector Skills Council Of India (ESSCI),Assembly-EMS,Multi-Skill Qualification,N.A.,"{""Theory"":""150"",""Practical"":""180"",""EmployabilitySkills"":""30"",""OJT_Mandatory"":""120""}",https://nqr.gov.in/qualifications-search,publisher_listed_validity;version_and_hours_missing_where_unparseable;not_training_capacity,Level 4,480 Hours,480 Hours,07 Oct 2025,07 Oct 2028
2790,Service Technician – Home Appliances,QG-04-EH-044772025-V2-ESSCI,Electronics & HW,4.0,510,510,,2025-10-07,2028-10-07,within_listed_validity,2026-10-02,Electronics Sector Skills Council Of India (ESSCI),After Sales Service,Multi-Skill Qualification,N.A.,"{""Theory"":""120"",""Practical"":""210"",""EmployabilitySkills"":""30"",""OJT_Mandatory"":""150""}",https://nqr.gov.in/qualifications-search,publisher_listed_validity;version_and_hours_missing_where_unparseable;not_training_capacity,Level 4,510 Hours,510 Hours,07 Oct 2025,07 Oct 2028
2791,Through Hole Assembly Operator,QG-04-EH-044822025-V2-ESSCI,Electronics & HW,4.0,540,540,,2025-10-07,2028-10-07,within_listed_validity,2026-10-02,Electronics Sector Skills Council Of India (ESSCI),Assembly and Soldering,General Qualification,N.A.,"{""Theory"":""135"",""Practical"":""180"",""EmployabilitySkills"":""30"",""OJT_Mandatory"":""195""}",https://nqr.gov.in/qualifications-search,publisher_listed_validity;version_and_hours_missing_where_unparseable;not_training_capacity,Level 4,540 Hours,540 Hours,07 Oct 2025,07 Oct 2028
2792,Field Technician - UPS And Inverter,QG-04-EH-044972025-V2-ESSCI,Electronics & HW,4.0,450,450,,2025-10-07,2028-10-07,within_listed_validity,2026-10-02,Electronics Sector Skills Council Of India (ESSCI),Sales and After Sales Service,Multi-Skill Qualification,N.A.,"{""Theory"":""120"",""Practical"":""180"",""EmployabilitySkills"":""30"",""OJT_Mandatory"":""120""}",https://nqr.gov.in/qualifications-search,publisher_listed_validity;version_and_hours_missing_where_unparseable;not_training_capacity,Level 4,450 Hours,450 Hours,07 Oct 2025,07 Oct 2028
2793,Application of Data Annotation in Education,NM-3.5-IT-03809-2025-V1-NIELIT,IT-ITeS,3.5,30,30,,2025-02-18,2028-02-18,within_listed_validity,2026-10-02,National Institute of Electronics and Information Technology (NIELIT),AI Development,Future Skills Qualification,N.A.,"{""Theory"":""10"",""Practical"":""20"",""EmployabilitySkills"":""0"",""OJT_Mandatory"":""0""}",https://nqr.gov.in/qualifications-search,publisher_listed_validity;version_and_hours_missing_where_unparseable;not_training_capacity,Level 3.5,30 Hours,30 Hours,18 Feb 2025,18 Feb 2028
2797,Assistant Welding Operator (Electronics),QG-03-EH-044792025-V2-ESSCI,Electronics & HW,3.0,420,420,,2025-10-07,2028-10-07,within_listed_validity,2026-10-02,Electronics Sector Skills Council Of India (ESSCI),Production- S&C,General Qualification,N.A.,"{""Theory"":""90"",""Practical"":""150"",""EmployabilitySkills"":""30"",""OJT_Mandatory"":""150""}",https://nqr.gov.in/qualifications-search,publisher_listed_validity;version_and_hours_missing_where_unparseable;not_training_capacity,Level 3,420 Hours,420 Hours,07 Oct 2025,07 Oct 2028
2799,Wireman Control Panel Electronics,QG-03-EH-04474-2025-V2-ESSCI,Electronics & HW,3.0,420,420,,2025-10-07,2028-10-07,within_listed_validity,2026-10-02,Electronics Sector Skills Council Of India (ESSCI),Manufacturing,General Qualification,N.A.,"{""Theory"":""90"",""Practical"":""150"",""EmployabilitySkills"":""30"",""OJT_Mandatory"":""150""}",https://nqr.gov.in/qualifications-search,publisher_listed_validity;version_and_hours_missing_where_unparseable;not_training_capacity,Level 3,420 Hours,420 Hours,07 Oct 2025,07 Oct 2028
2801,Fundamentals of Cleanroom - Semiconductor OEM Qualification Name: Cleanroom Technician - Semiconductor Manufacturing,NM-4.5-EH-045012025-V1-ESSCI,Electronics & HW,4.5,30,30,,2025-10-07,2028-10-07,within_listed_validity,2026-10-02,Electronics Sector Skills Council Of India (ESSCI),Production-S&C,"Future Skills Qualification,OEM Qualification,Upskilling Qualification",N.A.,"{""Theory"":""12"",""Practical"":""18"",""EmployabilitySkills"":""0"",""OJT_Mandatory"":""0""}",https://nqr.gov.in/qualifications-search,publisher_listed_validity;version_and_hours_missing_where_unparseable;not_training_capacity,Level 4.5,30 Hours,30 Hours,07 Oct 2025,07 Oct 2028
2810,Basics of Semiconductor Manufacturing Process OEM Qualification Name: Semiconductor Manufacturing Technician,NM-4.5-EH-045002025-V1-ESSCI,Electronics & HW,4.5,30,30,,2025-10-07,2028-10-07,within_listed_validity,2026-10-02,Electronics Sector Skills Council Of India (ESSCI),Production-S&C,"Future Skills Qualification,OEM Qualification",N.A.,"{""Theory"":""12"",""Practical"":""18"",""EmployabilitySkills"":""0"",""OJT_Mandatory"":""0""}",https://nqr.gov.in/qualifications-search,publisher_listed_validity;version_and_hours_missing_where_unparseable;not_training_capacity,Level 4.5,30 Hours,30 Hours,07 Oct 2025,07 Oct 2028
2811,Multi Skill Technician – Consumer Durables,QG-04-EH-04690-2025-V2-ESSC,Electronics & HW,4.0,1260,660,,2025-12-16,2028-11-18,within_listed_validity,2026-10-02,Electronics Sector Skills Council Of India (ESSCI),After Sales Service,"Multi-Skill Qualification,OEM Qualification",N.A.,"{""Theory"":""300"",""Practical"":""600"",""EmployabilitySkills"":""60"",""OJT_Mandatory"":""300""}",https://nqr.gov.in/qualifications-search,publisher_listed_validity;version_and_hours_missing_where_unparseable;not_training_capacity,Level 4,1260 Hours,660 Hours,16 Dec 2025,18 Nov 2028
2813,Yuva AI for All,NC-02-IT-04740-2026-V1-NIELIT,IT-ITeS,2.0,,,,2026-01-22,2029-01-22,within_listed_validity,2026-10-02,National Institute of Electronics and Information Technology (NIELIT),Artificial Intelligence Development,Future Skills Qualification,N.A.,"{""Theory"":""4.5"",""Practical"":""0"",""EmployabilitySkills"":""0"",""OJT_Mandatory"":""0""}",https://nqr.gov.in/qualifications-search,publisher_listed_validity;version_and_hours_missing_where_unparseable;not_training_capacity,Level 2,4.5 Hours,4.5 Hours,22 Jan 2026,22 Jan 2029
2814,Essentials of Cloud Computing and Virtualization (Upskilling),NG-04-IT-04174-2025-V2-NIELIT,IT-ITeS,4.0,210,210,,2025-05-08,2028-05-08,within_listed_validity,2026-10-02,National Institute of Electronics and Information Technology (NIELIT),Cloud Management,"Future Skills Qualification,Upskilling Qualification",N.A.,"{""Theory"":""83"",""Practical"":""127"",""EmployabilitySkills"":""0"",""OJT_Mandatory"":""0""}",https://nqr.gov.in/qualifications-search,publisher_listed_validity;version_and_hours_missing_where_unparseable;not_training_capacity,Level 4,210 Hours,210 Hours,08 May 2025,08 May 2028
