id,name
521,"PRIVATE INDUSTRIAL TRAINING INSTITUTE, LONI, TALUKA: RAHATA, DISTRICT: AHILYANAGAR"
937,"PRIVATE INDUSTRIAL TRAINING INSTITUTE, MALINAGAR, TALUKA: MALSHIRAS, DISTRICT: SOLAPUR"
559,"PRIVATE INDUSTRIAL TRAINING INSTITUTE, PIMPLOD, TALUKA: DARYAPUR, DISTRICT: AMRAVATI"
713,"PRIVATE INDUSTRIAL TRAINING INSTITUTE, SOMANTHALI, TALUKA: PHALTAN, DISTRICT: SATARA"
519,"A.I.E.& D F'S BHASKARRAO GALANDE PATIL PRIVATE INDUSTRIAL TRAINING INSTITUTE, ASHOKNAGAR, TALUKA: SHRIRAMPUR, DISTRICT: AHILYANAGAR"
736,"AABASAHEB SHIVAJIRAO SITARAM PATIL PRIVATE INDUSTRIAL TRAINING INSTITUTE, CHINCHPURA, TALUKA: DHARANGAON, DISTRICT: JALGAON"
902,"AABASO DATTA PAWAR PRIVATE INDUSTRIAL TRAINING INSTITUTE, BHADGAON, TALUKA: BHADGAON, DISTRICT: JALGAON"
860,"ABDUL MAJEED PRIVATE INDUSTRIAL TRAINING CENTER PRIVATE INDUSTRIAL TRAINING INSTITUTE, TALUKA: NAGPUR, DISTRICT: NAGPUR"
3022,"ADARSH HI-TECH PRIVATE INDUSTRIAL TRAINING INSTITUTE, KURHE PANACHE, TALUKA: BHUSAWAL DISTRICT: JALGAON"
807,"ADITYA BAHUUDESHIYA PRIVATE INDUSTRIAL TRAINING INSTITUTE, TALGAON, TALUKA: BEED, DISTRICT: BEED"
811,"ADITYA PRIVATE INDUSTRIAL TRAINING INSTITUTE, BEED, TALUKA: BEED, DISTRICT: BEED"
1268,"ADITYA PRIVATE INDUSTRIAL TRAINING INSTITUTE, GANESHPUR BHANDARA,TALUKA: BHANDARA, DISTRICT: BHANDARA"
3003,"ADITYA PRIVATE INDUSTRIAL TRAINING INSTITUTE, KONDHAPURI, TAL. SHIRUR, DIST. PUNE"
734,"AHINSA PRIVATE INDUSTRIAL TRAINING INSTITUTE, DONDAICHA, TALUKA: SINDKHEDA, DISTRICT: DHULE"
613,"AHMED ABDULLAH GARIB PRIVATE INDUSTRIAL TRAINING INSTITUTE, KAUSA MUMBRA, TALUKA: THANE, DISTRICT: THANE"
365,"AICMEU'S PRIVATE INDUSTRIAL TRAINING INSTITUTE, TROMBAY, TALUKA: KURLA, DISTRICT: MUMBAI SUBURBAN"
395,"AKHIL BHARTIYA MARATHA SHIKSHAN PARISHAD’S SHRI NAMDEORAO SURYAWANSHI PRIVATE INDUSTRIAL TRAINING INSTITUTE, RAMANA, TALUKA: PUNE CITY / HAVELI, DISTRICT: PUNE"
532,"AKOLE TALUKA EDUCATION SOCIETY'S PRIVATE INDUSTRIAL TRAINING INSTITUTE, AKOLE, TALUKA: AKOLE, DISTRICT: AHILYANAGAR"
1109,"AL-FALAH PRIVATE INDUSTRIAL TRAINING INSTITUTE, MALEGAON, TALUKA: MALEGAON,"
410,"ALL INDIA SHRI SHIVAJI MEMORIAL SOCIETY'S PRIVATE INDUSTRIAL TRAINING INSTITUTE, BORIBHADAK, TALUKA: DAUND, DISTRICT: PUNE"
874,"AMBUJA PRIVATE INDUSTRIAL TRAINING INSTITUTE, GADCHANDUR, TALUKA: KORPANA, DISTRICT: CHANDRAPUR"
881,"AMIR PRIVATE INDUSTRIAL TRAINING INSTITUTE, RAMTEK, TALUKA: RAMTEK, DISTRICT: NAGPUR"
989,"AMRUT PRIVATE INDUSTRIAL TRAINING INSTITUTE, KOLHAPUR, TALUKA: KARVEER, DISTRICT: KOLHAPUR"
524,"AMRUTVAHINI SHETI AND SHIKSHAN VIKAS SANSTHA'S PVT ITI PRIVATE INDUSTRIAL TRAINING INSTITUTE, AMRUTNAGAR, TALUKA: SANGAMNER, DISTRICT: AHILYANAGAR"
729,"AMRUTVAHINI SHETI AND SHIKSHAN VIKAS SANSTHA'S PVT ITI PRIVATE INDUSTRIAL TRAINING INSTITUTE, SAKUR, TALUKA: SANGAMNER, DISTRICT: AHILYANAGAR"
728,"AMRUTVAHINI SHETI AND SHIKSHAN VIKAS SANSTHA'S PVT ITI TALEGAON DIGHE PRIVATE INDUSTRIAL TRAINING INSTITUTE, TALUKA: SANGAMNER, DISTRICT: AHILYANAGAR"
1108,"AMS TECHNICAL INSTITUTE PRIVATE INDUSTRIAL TRAINING INSTITUTE, KUSUMBE,TALUKA: JALGAON, DISTRICT: JALGAON"
348,"ANJUMAN - I - ISLAM M. H. SABOO SIDDIK PRIVATE INDUSTRIAL TRAINING INSTITUTE, BYCULLA, TALUKA: MUMBAI CITY, DISTRICT: MUMBAI"
378,"ANJUMAN ISLAM JANJIRA SIDI ZAFAR SHEKHANI MEMORIAL PRIVATE INDUSTRIAL TRAINING INSTITUTE, MURUD JANJIRA, TALUKA: MURUD, DISTRICT: RAIGAD"
560,"ANJUMAN MUFIDAL ISLAM SOCIETY'S PRIVATE INDUSTRIAL TRAINING INSTITUTE, KHAMGAON, TALUKA: KHAMGAON, DISTRICT: BULDHANA"
572,"ANJUMAN PRIVATE INDUSTRIAL TRAINING INSTITUTE, NAGPUR, TALUKA: NAGPUR URBAN, DISTRICT: NAGPUR"
361,"ANJUMANE WASEEUL TALEEM EDUCATIONAL TRUST RAIGAD MAF PRIVATE INDUSTRIAL TRAINING INSTITUTE, MAZGAON, TALUKA: MURUD, DISTRICT: RAIGAD"
978,"ANNASAHEB DANGE PRIVATE INDUSTRIAL TRAINING INSTITUTE, ASHTA, TALUKA: WALWA, DISTRICT: SANGLI"
484,"ANNASAHEB PUNEKAR PRIVATE INDUSTRIAL TRAINING INSTITUTE, JALGAON, TALUKA: JALGAON, DISTRICT: JALGAON"
741,"ANS INFOVALLY PRIVATE INDUSTRIAL TRAINING INSTITUTE, KHAMGAON, TALUKA: KHAMGAON, DISTRICT: BULDHANA"
895,"ANUSAYA PRIVATE INDUSTRIAL TRAINING INSTITUTE, RAMPUR, TALUKA: RAJURA, DISTRICT: CHANDRAPUR"
1286,"APEX AT.POST.NEW PIPRI PRIVATE INDUSTRIAL TRAINING INSTITUTE, MAREGAON/SHAHAPUR TALUKA:BHANDARA,DISTRICT:BHANDARA"
1101,"APJ ABDUL KALAM PRIVATE I.T.I. MANCHI HILL PRIVATE INDUSTRIAL TRAINING INSTITUTE, TALUKA: SANGAMNER, DISTRICT: AHILYANAGAR"
1104,"APTESHTA INDUSTRIAL TRAINING CENTER PRIVATE INDUSTRIAL TRAINING INSTITUTE, TALUKA: SAKRI, DISTRICT: DHULE"
791,"ARVINDBABU DESHMUKH PRIVATE INDUSTRIAL TRAINING INSTITUTE, SAONE, TALUKA: SAONER, DISTRICT: NAGPUR"
737,"AVDAI PRIVATE INDUSTRIAL TRAINING INSTITUTE, GUDHE, TALUKA: BHADGAON, DISTRICT: JALGAON"
390,"AYDYOGIK TANTRA SHIKSHAN SANSTHA PRIVATE INDUSTRIAL TRAINING INSTITUTE, CHINCHWAD, TALUKA: PUNE CITY / HAVELI, DISTRICT: PUNE"
554,"AZEEM PRIVATE INDUSTRIAL TRAINING INSTITUTE, AUSA, TALUKA: AUSA, DISTRICT: LATUR"
4031,"B. Y. PATIL PRIVATE INDUSTRIAL TRAINING INSTITUTE, NANDURBAR-PRAKASHA HIGHWAY NEAR ASTORIYA SUGAR FACTORY AT. PO. BAMDOD TTALUKA:NANDURBAR,DISTRICT:NANDURBAR"
892,"BABUJI PRIVATE INDUSTRIAL TRAINING INSTITUTE, CHICHOLI, TALUKA: TUMSAR, DISTRICT: BHANDARA"
3089,"BALAGHAT ITI RUDDHA PRIVATE INDUSTRIAL TRAINING INSTITUTE, TALUKA:AHMADPUR, DISTRICT:LATUR"
746,"BALAJI PRIVATE INDUSTRIAL TRAINING INSTITUTE, SAWRALA,TALUKA: WANI, DISTRICT: YAVATMAL"
604,"BALLARPUR PRIVATE INDUSTRIAL TRAINING INSTITUTE, BALLARPUR, TALUKA: BALLARPUR, DISTRICT: CHANDRAPUR"
778,"BALLARPUR PRIVATE INDUSTRIAL TRAINING INSTITUTE, BAMNI, TALUKA: BALLARPUR, DISTRICT: CHANDRAPUR"
779,"BALLARPUR PRIVATE INDUSTRIAL TRAINING INSTITUTE, DATALA, TALUKA: CHANDRAPUR, DISTRICT: CHANDRAPUR"
770,"BALLARPUR PRIVATE INDUSTRIAL TRAINING INSTITUTE, YENBODI, TALUKA: BALLARPUR, DISTRICT: CHANDRAPUR"
1274,"BAPUSAHEB SARDESAI PRIVATE INDUSTRIAL TRAINING INSTITUTE, GAWASE, TALUKA:AJARA, DISTRICT: KOLHAPUR"
372,"BASSEIN EDUCATION SOCIETY'S INDUSTRIAL TRAINING CENTER , SAMEL PADA, NALASOPARA(W). TAL: VASAI, DIST: PALGHAR"
913,"BHAGINI MANDAL SANCHALIT PRIVATE INDUSTRIAL TRAINING INSTITUTE, CHOPDA, TALUKA: CHOPDA, DISTRICT: JALGAON"
482,"BHAGIRATHI PRIVATE INDUSTRIAL TRAINING INSTITUTE, JALGAON, TALUKA: JALGAON, DISTRICT: JALGAON"
1280,"BHAGIRATHI PRIVATE INDUSTRIAL TRAINING INSTITUTE, KHAMARI,TALUKA:GONDIA ,DISTRICT:GONDIA"
898,"BHAIYASAHEB BHOYAR PRIVATE INDUSTRIAL TRAINING INSTITUTE, PULGAON, TALUKA: DEOLI, DISTRICT: WARDHA"
594,"BHAIYASAHEB UKRANDE PRIVATE INDUSTRIAL TRAINING INSTITUTE, WAIGAON, TALUKA: WARDHA, DISTRICT: WARDHA"
373,"BHANUDAS MANIRAM SAVE SHIKSHAN SANSTHA'S L. J. RAUT PRIVATE INDUSTRIAL TRAINING INSTITUTE, CHINCHANI, TALUKA: DAHANU, DISTRICT: PALGHAR"
3078,"BHARAT PRIVATE INDUSTRIAL TRAINING INSTITUTE, AMBERNATH, TALUKA: AMBERNATH, DISTRICT: THANE"
824,"BHARATIYA JAIN SANGHANTANA PRIVATE INDUSTRIAL TRAINING INSTITUTE, SAKKARBAI GULABCHAND MUTTHA , DONGARKINHI, TALUKA: PATODA, DISTRICT: BEED"
424,"BHARTI VIDYAPITHACHI GIRL'S PRIVATE INDUSTRIAL TRAINING INSTITUTE, KADEGAON, TALUKA: KADEGAON, DISTRICT: SANGLI"
784,"BHARTIYA (BITCON) PRIVATE INDUSTRIAL TRAINING INSTITUTE, NAGPUR, TALUKA: NAGPUR URBAN, DISTRICT: NAGPUR"
573,"BHARTIYA PRIVATE INDUSTRIAL TRAINING INSTITUTE, DIGHORI, TAL: NAGPUR URBAN, DIST: NAGPUR"
569,"BHAWANI PRIVATE INDUSTRIAL TRAINING INSTITUTE, NAGPUR, TALUKA: NAGPUR URBAN, DISTRICT: NAGPUR"
411,"BHIMA SHAIKSHANIK NYAS SANCHALIT PRIVATE INDUSTRIAL TRAINING INSTITUTE, MADHUKARNAGAR-PATAS, TALUKA: DAUND, DISTRICT: PUNE"
514,"BHUSAWAL PARISAR SANCHALIT PRIVATE INDUSTRIAL TRAINING INSTITUTE, BHUSAWAL, TALUKA: BHUSAWAL, DISTRICT: JALGAON"
350,"BOMBAY TECHNICAL SCHOOL OF ENGINEERING PRIVATE INDUSTRIAL TRAINING INSTITUTE, GIRGAON, TALUKA: MUMBAI CITY, DISTRICT: MUMBAI"
1266,"BONDE PRIVATE AUDOGIK PRASHIKSHAN SANSTHA KHAPRI PRIVATE INDUSTRIAL TRAINING INSTITUTE, TALUKA: KALMESHWAR, DISTRICT: NAGPUR"
386,"BOSCO UDYOGSHALA PRIVATE INDUSTRIAL TRAINING INSTITUTE, PINGULI, TALUKA: KUDAL, DISTRICT: SINDHUDURG"
1253,"BR. SHESHRAO WANKHEDE SHETKARI SAHAKARI SOOT GIRNI LTD PRIVATE INDUSTRIAL TRAINING INSTITUTE, TALUKA:HINGNA,DISTRICT:NAGPUR"
4004,"BRAHMA VALLEY PRIVATE INDUSTRIAL TRAINING INSTITUTE, ANJANERI, TALUKA:TRIMBAK, DISTRICT: NASHIK"
391,"CAMP EDUCATION SOCIETY'S PRIVATE INDUSTRIAL TRAINING INSTITUTE, NIGDI, TALUKA: PUNE CITY / HAVELI, DISTRICT: PUNE"
576,"CHAITAINYA PRIVATE INDUSTRIAL TRAINING INSTITUTE, KACHIMET, TALUKA: NAGPUR URBAN, DISTRICT: NAGPUR"
552,"CHAMPATRAI AJMERA PRIVATE INDUSTRIAL TRAINING INSTITUTE, DHARASHIV, TALUKA: DHARASHIV, DISTRICT: DHARASHIV"
772,"CHETANA PRIVATE INDUSTRIAL TRAINING INSTITUTE, SAWANGI, TALUKA: WARDHA, DISTRICT: WARDHA"
3050,"CHHATRAPATI SHAHU PRIVATE INDUSTRIAL TRAINING INSTITUTE, SHAHUNAGAR, SHENDRE,TALUKA:SATARA, DISTRICT:SATARA"
825,"CHHATRAPATI SHIVAJI RAJAE PRIVATE INDUSTRIAL TRAINING INSTITUTE, TRIMURATI NAGAR, TALUKA: BEED, DISTRICT: BEED"
504,"CHOPDA EDUCATION SOCIETY'S PRIVATE INDUSTRIAL TRAINING INSTITUTE, CHOPDA, TALUKA: CHOPDA, DISTRICT: JALGAON"
832,"D. J. SAMANT PRIVATE INDUSTRIAL TRAINING INSTITUTE, PALI, TALUKA: RATNAGIRI, DISTRICT: RATNAGIRI"
4019,"D.M. PATIL PRIVATE INDUSTRIAL TRAINING INSTITUTE, SAVARKHEDE TALUKA: PAROLA DISTRICT: JALGAON"
3076,"D.M.PATIL PRIVATE INDUSTRIAL TRAINING INSTITUTE, SAVKHEDETURKE, TAL: PAROLA, DIST: JALGAON"
3009,"DADASAHEB KUMBHARE MULTIPURPOSE TRAINING INSTITUTE PRIVATE INDUSTRIAL TRAINING INSTITUTE, TALUKA:KAMPTEE,DISTRICT:NAGPUR"
754,"DADASAHEB MOKASHI PVT INDUSTRIAL TRAINING CENTER PRIVATE INDUSTRIAL TRAINING INSTITUTE, TALUKA: KARAD, DISTRICT: SATARA"
4026,"DADASAHEB SUKDEV SOMA BHOI UNDIRKHEDE PRIVATE INDUSTRIAL TRAINING INSTITUTE, TALUKA: PAROLA, DISTRICT: JALGAON"
980,"DAKSHIN BHARAT JAIN SABHA'S VEER SEVA DALA MADHYAWARTI SAMITI SANCHLIT VEERACHARYA BABASAHEB KUCHNURE PRIVATE INDUSTRIAL TRAINING INSTITUTE, SANGLI, TALUKA: MIRAJ, DISTRICT: SANGLI"
3072,"DATTAKALA PVT. ITI. , SWAMI-CHINCHOLI, TAL: DAUND, DIST: PUNE"
3059,"DATTAKALA PRIVATE INDUSTRIAL TRAINING INSTITUTE, BHINGWAN, TAL: DOUND, DIST: PUNE"
418,"DAULAT PRIVATE INDUSTRIAL TRAINING INSTITUTE, DAULATNAGAR, TALUKA: PATAN, DISTRICT: SATARA"
830,"DAYARAMJI BHOYAR PRIVATE INDUSTRIAL TRAINING INSTITUTE, TALUKA:MAUDA, DISTRICT:NAGPUR"
710,"DESHBHAKT BABASAHEB KHANJIRE PRIVATE INDUSTRIAL TRAINING INSTITUTE, ICHALKARANJI, TALUKA: HATKANANGALE, DISTRICT: KOLHAPUR"
4009,"DHAMANGAON EDUCATION SOCIETIES PRIVATE INDUSTRIAL TRAINING INSTITUTE, DHAMANGAON RAILWAY, TALUKA: DHAMANGAON RAILWAY, DISTRICT: AMRAVATI"
3012,"DHANANJAY TIRPUDE PVT. INDUSTRIAL TRAINING INSTITUTE PRIVATE INDUSTRIAL TRAINING INSTITUTE, LAKHANI, DIST BHANDARA"
919,"DHANDAI MATA EDUCATION SOCIETY'S PRIVATE INDUSTRIAL TRAINING INSTITUTE, AMALNER, TALUKA: AMALNER, DISTRICT: JALGAON"
810,"DHARTI JANSEVA PRATHISHTHAN PRIVATE INDUSTRIAL TRAINING INSTITUTE, ROHANWADI, TALUKA: JALNA, DISTRICT: JALNA"
4003,"DHARTI PRIVATE INDUSTRIAL TRAINING INSTITUTE, POHETAKLI, TALUKA: PATHARI, DISTRICT: PARBHANI"
1269,"DIWAKAR PATIL PRIVATE INDUSTRIAL TRAINING INSTITUTE, TALUKA: PALGHAR, DISTRICT: PALGHAR"
932,"DNYAN PRIVATE INDUSTRIAL TRAINING INSTITUTE, KALA, KRIDA & KRISHI PRATISHTHAN SANCHALIT , KALAMB, TALUKA: INDAPUR, DISTRICT: PUNE"
817,"DNYANBHAGYA PRIVATE INDUSTRIAL TRAINING INSTITUTE, PARANDA, TALUKA: PARANDA, DISTRICT: DHARASHIV"
406,"DNYANDEEP GRAMVIKAS PRATISHTHAN PRIVATE INDUSTRIAL TRAINING INSTITUTE, TALEGAON DHAMDHERE, TALUKA: SHIRUR, DISTRICT: PUNE"
3041,"DNYANESHWAR PRIVATE INDUSTRIAL TRAINING INSTITUTE, BHANASHIVARE, TALUKA:NEWASA, DISTRICT: AHILYANAGAR"
711,"DON BOSCO PRIVATE INDUSTRIAL TRAINING INSTITUTE, CHINCHWAD, TALUKA: PUNE CITY / HAVELI, DISTRICT: PUNE"
359,"DON BOSCO PRIVATE INDUSTRIAL TRAINING INSTITUTE, KURLA (WEST), TALUKA: KURLA, DISTRICT: MUMBAI SUBURBAN"
438,"DR D.Y.PATIL PRATISHTHAN'S PRIVATE INDUSTRIAL TRAINING INSTITUTE, GARGOTI, TALUKA: BHUDARGAD, DISTRICT: KOLHAPUR"
900,"DR R.G.BHOYAR PRIVATE INDUSTRIAL TRAINING INSTITUTE, NALWADI, TALUKA: WARDHA, DISTRICT: WARDHA"
897,"DR. A. P. PILLAI PRIVATE INDUSTRIAL TRAINING INSTITUTE, TUKUM, TALUKA: CHANDRAPUR, DISTRICT: CHANDRAPUR"
3030,"DR. AMBEDKAR MEMORIAL PRIVATE INDUSTRIAL TRAINING INSTITUTE, NR. M G BUS STAND, PUNE CAMP, PULGATE, SOLAPUR BAZAR,TALUKA:PUNE CITY / HAVELI,DISTRICT:PUNE"
763,"DR. ARUN MOTGHARE PRIVATE INDUSTRIAL TRAINING INSTITUTE, KOSRA-KONDHA, TALUKA: PAONI, DISTRICT: BHANDARA"
1271,"DR. BHANUDAS G DERE KARHE PRIVATE INDUSTRIAL TRAINING INSTITUTE, TALUKA: SANGAMNER DISTRICT: AHEMADNAGAR"
718,"DR. J. J. MAGDUM PRIVATE INDUSTRIAL TRAINING INSTITUTE, JAYSINGPUR, TALUKA: SHIROL, DISTRICT: KOLHAPUR"
3017,"DR. UTTAMRAO MAHAJAN PRIVATE INDUSTRIAL INSTITUTE PRIVATE INDUSTRIAL TRAINING INSTITUTE, BILAKHED SHIVAR, DHULE ROAD, CHALISGAON TALUKA: CHALISGAON, DISTRICT: JALGAON"
922,"DR. VITHALRAO VIKHE PATIL FOUNDATION PRIVATE INDUSTRIAL TRAINING INSTITUTE, RANJANGAON, TALUKA: PARNER, DISTRICT: AHILYANAGAR"
516,"DR. VITHALRAO VIKHE PATIL FOUNDATION'S PRIVATE INDUSTRIAL TRAINING INSTITUTE, AHILYANAGAR, TALUKA: AHILYANAGAR, DISTRICT: AHILYANAGAR"
3065,"DR.MANOJ SHETE PRIVATE INDUSTRIAL TRAINING INSTITUE PRIVATE INDUSTRIAL TRAINING INSTITUTE, KASARA ,TALUKA:SHAHAPUR, DISTRICT:THANE"
3027,"DR.MANOJ SHETE PRIVATE INDUSTRIAL TRAINING INSTITUTE, MOKHAVANE, TAL: SHAHAPUR, DIST:THANE."
822,"DR.ZAKIR HUSAIN PRIVATE INDUSTRIAL TRAINING INSTITUTE, ANWA, TALUKA: BHOKARDAN, DISTRICT: JALNA"
3008,"EAST POINT PRIVATE INDUSTRIAL TRAINING INSTITUTE, TALUKA: NAGPUR, DISTRICT: NAGPUR"
485,"EKRA EDUCATION SOCIETY’S PRIVATE INDUSTRIAL TRAINING INSTITUTE, MEHRUN, TALUKA: JALGAON, DISTRICT: JALGAON"
3018,"EKVIRA PRIVATE INDUSTRIAL INSTITUTE PRIVATE INDUSTRIAL TRAINING INSTITUTE, ERANDOL TALUKA: ERANDOL, DISTRICT: JALGAON"
357,"FR. AGNEL PRIVATE INDUSTRIAL TRAINING INSTITUTE, BANDRA(WEST), TALUKA: ANDHERI, DISTRICT: MUMBAI SUBURBAN"
366,"FR. AGNEL TECHNICAL EDUCATION COMPLEX PRIVATE INDUSTRIAL TRAINING INSTITUTE, VASHI, TALUKA: THANE, DISTRICT: THANE"
535,"FRANSALIAN PRIVATE INDUSTRIAL TRAINING INSTITUTE, CHHATRAPATI SAMBHAJINAGAR, TALUKA: CHHATRAPATI SAMBHAJINAGAR, DISTRICT: CHHATRAPATI SAMBHAJINAGAR"
1257,"G. S. INDUSTRIAL TRAINING INSTITUTE PRIVATE INDUSTRIAL TRAINING INSTITUTE, TALUKA:SAKOLI,DISTRICT: BHANDARA"
884,"GAJANAN PRASAD PRIVATE INDUSTRIAL TRAINING INSTITUTE, GIRAD, TALUKA: SAMUDRAPUR, DISTRICT: WARDHA"
916,"GAN GAN GANAT BOTE PRIVATE INDUSTRIAL TRAINING INSTITUTE, BHUSAWAL, TALUKA: BHUSAWAL, DISTRICT: JALGAON"
3037,"GANGAMAI PRIVATE INDUSTRIAL TRAINING INSTITUTE, NAGAON, TALUKA: DHULE, DISTRICT: DHULE"
773,"GLOBAL PRIVATE INDUSTRIAL TRAINING INSTITUTE, CHANDRAPUR, TALUKA: CHANDRAPUR, DISTRICT: CHANDRAPUR"
889,"GLOBUS PRIVATE INDUSTRIAL TRAINING INSTITUTE, AJANI, TALUKA: KAMPTEE, DISTRICT: NAGPUR"
903,"GOLDEN PRIVATE INDUSTRIAL TRAINING INSTITUTE, OZAR, TAL: NIPHAD, DIST: NASHIK"
4034,Government Industrial Training Institute Bombay Engineer Group and Centre Kirkee
592,"GOVERNMENT INDUSTRIAL TRAINING INSTITUTE FOR PHYSICALLY HANDICAPPED PRIVATE INDUSTRIAL TRAINING INSTITUTE, WARDHA, TALUKA: WARDHA, DISTRICT: WARDHA"
202,"GOVERNMENT INDUSTRIAL TRAINING INSTITUTE, (ADIVASI), AKKALKUVA, TALUKA: TALODA, DISTRICT: NANDURBAR"
204,"GOVERNMENT INDUSTRIAL TRAINING INSTITUTE, (ADIVASI), AKRANI, TALUKA: AKRANI, DISTRICT: NANDURBAR"
147,"GOVERNMENT INDUSTRIAL TRAINING INSTITUTE, (ADIVASI), ALLAPALLI, TALUKA: ALLAPALLI, DISTRICT: GADCHIROLI"
168,"GOVERNMENT INDUSTRIAL TRAINING INSTITUTE, (ADIVASI), ARJUNI MOREGAON, TALUKA: ARJUNI MOREGAON, DISTRICT: BHANDARA"
339,"GOVERNMENT INDUSTRIAL TRAINING INSTITUTE, (ADIVASI), ARNI, TALUKA: ARNI, DISTRICT: YAVATMAL"
145,"GOVERNMENT INDUSTRIAL TRAINING INSTITUTE, (ADIVASI), BHADRAVATI, TALUKA: BHADRAWATI, DISTRICT: CHANDRAPUR"
155,"GOVERNMENT INDUSTRIAL TRAINING INSTITUTE, (ADIVASI), BHAMRAGAD, TALUKA: BHAMRAGAD, DISTRICT: GADCHIROLI"
152,"GOVERNMENT INDUSTRIAL TRAINING INSTITUTE, (ADIVASI), CHARMORSHI, TALUKA: CHARMORSHI, DISTRICT: GADCHIROLI"
293,"GOVERNMENT INDUSTRIAL TRAINING INSTITUTE, (ADIVASI), CHIKHALDARA, TALUKA: CHIKHALDARA, DISTRICT: AMRAVATI"
140,"GOVERNMENT INDUSTRIAL TRAINING INSTITUTE, (ADIVASI), CHIMUR, TALUKA: CHIMUR, DISTRICT: CHANDRAPUR"
219,"GOVERNMENT INDUSTRIAL TRAINING INSTITUTE, (ADIVASI), CHOPADA, TALUKA: CHOPADA, DISTRICT: JALGAON"
921,"GOVERNMENT INDUSTRIAL TRAINING INSTITUTE, (ADIVASI), DEOLA, TALUKA: DEOLA, DISTRICT: NASHIK"
148,"GOVERNMENT INDUSTRIAL TRAINING INSTITUTE, (ADIVASI), DESAIGANJ, TALUKA: DESAIGANJ, DISTRICT: GADCHIROLI"
166,"GOVERNMENT INDUSTRIAL TRAINING INSTITUTE, (ADIVASI), DEWARI, TALUKA: DEWARI, DISTRICT: GONDIA"
157,"GOVERNMENT INDUSTRIAL TRAINING INSTITUTE, (ADIVASI), DHANORA, TALUKA: DHANORA, DISTRICT: GADCHIROLI"
295,"GOVERNMENT INDUSTRIAL TRAINING INSTITUTE, (ADIVASI), DHARNI, TALUKA: DHARNI, DISTRICT: AMRAVATI"
153,"GOVERNMENT INDUSTRIAL TRAINING INSTITUTE, (ADIVASI), ETAPALLI, TALUKA: ETAPALLI, DISTRICT: GADCHIROLI"
146,"GOVERNMENT INDUSTRIAL TRAINING INSTITUTE, (ADIVASI), GADCHIROLI, TALUKA: GADCHIROLI, DISTRICT: GADCHIROLI"
139,"GOVERNMENT INDUSTRIAL TRAINING INSTITUTE, (ADIVASI), GONDPIPARI, TALUKA: GONDPIPARI, DISTRICT: CHANDRAPUR"
189,"GOVERNMENT INDUSTRIAL TRAINING INSTITUTE, (ADIVASI), IGATPURI, TALUKA: IGATPURI, DISTRICT: NASHIK"
79,"GOVERNMENT INDUSTRIAL TRAINING INSTITUTE, (ADIVASI), JAWHAR, TALUKA: JAWHAR, DISTRICT: PALGHAR"
669,"GOVERNMENT INDUSTRIAL TRAINING INSTITUTE, (ADIVASI), JIVATI, TALUKA: JIVATI, DISTRICT: CHANDRAPUR"
344,"GOVERNMENT INDUSTRIAL TRAINING INSTITUTE, (ADIVASI), KALAMB, TALUKA: KALAMB, DISTRICT: YAVATMAL"
185,"GOVERNMENT INDUSTRIAL TRAINING INSTITUTE, (ADIVASI), KALWAN, TALUKA: KALWAN, DISTRICT: NASHIK"
91,"GOVERNMENT INDUSTRIAL TRAINING INSTITUTE, (ADIVASI), KARJAT, TALUKA: KARJAT, DISTRICT: RAIGAD"
44,"GOVERNMENT INDUSTRIAL TRAINING INSTITUTE, (ADIVASI), KINWAT, TALUKA: KINWAT, DISTRICT: NANDED"
149,"GOVERNMENT INDUSTRIAL TRAINING INSTITUTE, (ADIVASI), KORCHI, TALUKA: KORCHI, DISTRICT: GADCHIROLI"
150,"GOVERNMENT INDUSTRIAL TRAINING INSTITUTE, (ADIVASI), KURKHEDA, TALUKA: KURKHEDA, DISTRICT: GADCHIROLI"
240,"GOVERNMENT INDUSTRIAL TRAINING INSTITUTE, (ADIVASI), MANIKDOH, TALUKA: JUNNAR, DISTRICT: PUNE"
343,"GOVERNMENT INDUSTRIAL TRAINING INSTITUTE, (ADIVASI), MAREGAON, TALUKA: MAREGAON, DISTRICT: YAVATMAL"
85,"GOVERNMENT INDUSTRIAL TRAINING INSTITUTE, (ADIVASI), MOKHADA, TALUKA: MOKHADA, DISTRICT: PALGHAR"
156,"GOVERNMENT INDUSTRIAL TRAINING INSTITUTE, (ADIVASI), MULCHERA, TALUKA: MULCHERA, DISTRICT: GADCHIROLI"
83,"GOVERNMENT INDUSTRIAL TRAINING INSTITUTE, (ADIVASI), MURBAD, TALUKA: MURBAD, DISTRICT: THANE"
199,"GOVERNMENT INDUSTRIAL TRAINING INSTITUTE, (ADIVASI), NANDURBAR, TALUKA: NANDURBAR, DISTRICT: NANDURBAR"
77,"GOVERNMENT INDUSTRIAL TRAINING INSTITUTE, (ADIVASI), PALGHAR, TALUKA: PALGHAR, DISTRICT: PALGHAR"
334,"GOVERNMENT INDUSTRIAL TRAINING INSTITUTE, (ADIVASI), PANDHARKAWADA, TALUKA: KELAPUR, DISTRICT: YAVATMAL"
125,"GOVERNMENT INDUSTRIAL TRAINING INSTITUTE, (ADIVASI), PARSHIVANI, TALUKA: PARSHEONI, DISTRICT: NAGPUR"
670,"GOVERNMENT INDUSTRIAL TRAINING INSTITUTE, (ADIVASI), POMBHURNA, TALUKA: POMBHURNA, DISTRICT: CHANDRAPUR"
223,"GOVERNMENT INDUSTRIAL TRAINING INSTITUTE, (ADIVASI), RAJUR, TALUKA: AKOLE, DISTRICT: AHILYANAGAR"
137,"GOVERNMENT INDUSTRIAL TRAINING INSTITUTE, (ADIVASI), RAJURA, TALUKA: RAJURA, DISTRICT: CHANDRAPUR"
342,"GOVERNMENT INDUSTRIAL TRAINING INSTITUTE, (ADIVASI), RALEGAON, TALUKA: RALEGAON, DISTRICT: YAVATMAL"
167,"GOVERNMENT INDUSTRIAL TRAINING INSTITUTE, (ADIVASI), SALEKASA, TALUKA: SALEKASA, DISTRICT: BHANDARA"
203,"GOVERNMENT INDUSTRIAL TRAINING INSTITUTE, (ADIVASI), SHAHADA, TALUKA: SHAHADA, DISTRICT: NANDURBAR"
81,"GOVERNMENT INDUSTRIAL TRAINING INSTITUTE, (ADIVASI), SHAHAPUR, TALUKA: SHAHAPUR, DISTRICT: THANE"
197,"GOVERNMENT INDUSTRIAL TRAINING INSTITUTE, (ADIVASI), SHIRPUR, TALUKA: SHIRPUR, DISTRICT: DHULE"
154,"GOVERNMENT INDUSTRIAL TRAINING INSTITUTE, (ADIVASI), SIRONCHA, TALUKA: SIRONCHA, DISTRICT: GADCHIROLI"
188,"GOVERNMENT INDUSTRIAL TRAINING INSTITUTE, (ADIVASI), SURGANA, TALUKA: SURGANA, DISTRICT: NASHIK"
84,"GOVERNMENT INDUSTRIAL TRAINING INSTITUTE, (ADIVASI), TALASARI, TALUKA: TALASARI, DISTRICT: PALGHAR"
201,"GOVERNMENT INDUSTRIAL TRAINING INSTITUTE, (ADIVASI), TALODA, TALUKA: TALODA, DISTRICT: NANDURBAR"
671,"GOVERNMENT INDUSTRIAL TRAINING INSTITUTE, (ADIVASI), TRIMBAKESHWAR, TALUKA: TRIMBAKESHWAR, DISTRICT: NASHIK"
665,"GOVERNMENT INDUSTRIAL TRAINING INSTITUTE, (ADIVASI), VIKRAMGAD, TALUKA: VIKRAMGAD, DISTRICT: PALGHAR"
80,"GOVERNMENT INDUSTRIAL TRAINING INSTITUTE, (ADIVASI), WADA, TALUKA: WADA, DISTRICT: PALGHAR"
78,"GOVERNMENT INDUSTRIAL TRAINING INSTITUTE, (ADIVASI), WANGAON, TALUKA: DAHANU, DISTRICT: PALGHAR"
837,"GOVERNMENT INDUSTRIAL TRAINING INSTITUTE, (MINORITY), CHANDIVALI, TALUKA: MUMBAI, DISTRICT: MUMBAI SUBURBAN"
836,"GOVERNMENT INDUSTRIAL TRAINING INSTITUTE, (MINORITY), MANDAVI, TALUKA: MUMBAI, DISTRICT: MUMBAI SHAHAR"
821,"GOVERNMENT INDUSTRIAL TRAINING INSTITUTE, (SCP), KILEARC, TALUKA: CHHATRAPATI SAMBHAJINAGAR, DISTRICT: CHHATRAPATI SAMBHAJINAGAR"
876,"GOVERNMENT INDUSTRIAL TRAINING INSTITUTE, (SCP), NAGPUR, TALUKA: NAGPUR, DISTRICT: NAGPUR"
458,"GOVERNMENT INDUSTRIAL TRAINING INSTITUTE, (SCP), NASHIK, TALUKA: NASHIK, DISTRICT: NASHIK"
564,"GOVERNMENT INDUSTRIAL TRAINING INSTITUTE, (SCP), RAHATGAON, TALUKA: AMRAVATI, DISTRICT: AMRAVATI"
628,"GOVERNMENT INDUSTRIAL TRAINING INSTITUTE, (TRIBAL ASHRAM SHALA), ANTARGAON, TALUKA: KALAMB, DISTRICT: YAVATMAL"
638,"GOVERNMENT INDUSTRIAL TRAINING INSTITUTE, (TRIBAL ASHRAM SHALA), BELDA, TALUKA: RAMTEK, DISTRICT: NAGPUR"
630,"GOVERNMENT INDUSTRIAL TRAINING INSTITUTE, (TRIBAL ASHRAM SHALA), BIJEPAR, TALUKA: SALEKASA, DISTRICT: GONDIA"
625,"GOVERNMENT INDUSTRIAL TRAINING INSTITUTE, (TRIBAL ASHRAM SHALA), BORIPADA, TALUKA: TRIMBAKESHWAR, DISTRICT: NASHIK"
635,"GOVERNMENT INDUSTRIAL TRAINING INSTITUTE, (TRIBAL ASHRAM SHALA), CHIKHALI, TALUKA: CHIKHALDARA, DISTRICT: AMRAVATI"
645,"GOVERNMENT INDUSTRIAL TRAINING INSTITUTE, (TRIBAL ASHRAM SHALA), DEVADA, TALUKA: RAJURA, DISTRICT: CHANDRAPUR"
633,"GOVERNMENT INDUSTRIAL TRAINING INSTITUTE, (TRIBAL ASHRAM SHALA), DONGARI, TALUKA: TALASARI, DISTRICT: PALGHAR"
636,"GOVERNMENT INDUSTRIAL TRAINING INSTITUTE, (TRIBAL ASHRAM SHALA), JAMBHIYA, TALUKA: ETAPALLI, DISTRICT: GADCHIROLI"
546,"GOVERNMENT INDUSTRIAL TRAINING INSTITUTE, (TRIBAL ASHRAM SHALA), JAMGAVHAN, TALUKA: KALAMNURI, DISTRICT: HINGOLI"
642,"GOVERNMENT INDUSTRIAL TRAINING INSTITUTE, (TRIBAL ASHRAM SHALA), JONDHANKHEDA, TALUKA: MUKTAINAGAR, DISTRICT: JALGAON"
631,"GOVERNMENT INDUSTRIAL TRAINING INSTITUTE, (TRIBAL ASHRAM SHALA), KAREGAON, TALUKA: MOKHADA, DISTRICT: PALGHAR"
637,"GOVERNMENT INDUSTRIAL TRAINING INSTITUTE, (TRIBAL ASHRAM SHALA), KHAMENACHIRU, TALUKA: AHERI, DISTRICT: GADCHIROLI"
679,"GOVERNMENT INDUSTRIAL TRAINING INSTITUTE, (TRIBAL ASHRAM SHALA), KORCHI, TALUKA: KORCHI, DISTRICT: GADCHIROLI"
626,"GOVERNMENT INDUSTRIAL TRAINING INSTITUTE, (TRIBAL ASHRAM SHALA), MANDAVI, TALUKA: AKRANI, DISTRICT: NANDURBAR"
678,"GOVERNMENT INDUSTRIAL TRAINING INSTITUTE, (TRIBAL ASHRAM SHALA), MANGI, TALUKA: RAJURA, DISTRICT: CHANDRAPUR"
685,"GOVERNMENT INDUSTRIAL TRAINING INSTITUTE, (TRIBAL ASHRAM SHALA), MAVESHI, TALUKA: AKOLE, DISTRICT: AHILYANAGAR"
687,"GOVERNMENT INDUSTRIAL TRAINING INSTITUTE, (TRIBAL ASHRAM SHALA), NANASHI, TALUKA: DINDORI, DISTRICT: NASHIK"
641,"GOVERNMENT INDUSTRIAL TRAINING INSTITUTE, (TRIBAL ASHRAM SHALA), NAVAPADA, TALUKA: SAKRI, DISTRICT: DHULE"
646,"GOVERNMENT INDUSTRIAL TRAINING INSTITUTE, (TRIBAL ASHRAM SHALA), PATODA, TALUKA: KINWAT, DISTRICT: NANDED"
629,"GOVERNMENT INDUSTRIAL TRAINING INSTITUTE, (TRIBAL ASHRAM SHALA), RAMGAD, TALUKA: KURKHEDA, DISTRICT: GADCHIROLI"
632,"GOVERNMENT INDUSTRIAL TRAINING INSTITUTE, (TRIBAL ASHRAM SHALA), SHENVE, TALUKA: SHAHAPUR, DISTRICT: THANE"
627,"GOVERNMENT INDUSTRIAL TRAINING INSTITUTE, (TRIBAL ASHRAM SHALA), SUKAPUR, TALUKA: SAKRI, DISTRICT: DHULE"
643,"GOVERNMENT INDUSTRIAL TRAINING INSTITUTE, (TRIBAL ASHRAM SHALA), SUSARDA, TALUKA: DHARNI, DISTRICT: AMRAVATI"
306,"GOVERNMENT INDUSTRIAL TRAINING INSTITUTE, (WOMAN), AKOLA, TALUKA: AKOLA, DISTRICT: AKOLA"
292,"GOVERNMENT INDUSTRIAL TRAINING INSTITUTE, (WOMAN), AMRAVATI, TALUKA: AMRAVATI, DISTRICT: AMRAVATI"
31,"GOVERNMENT INDUSTRIAL TRAINING INSTITUTE, (WOMAN), BEED, TALUKA: BEED, DISTRICT: BEED"
159,"GOVERNMENT INDUSTRIAL TRAINING INSTITUTE, (WOMAN), BHANDARA, TALUKA: BHANDARA, DISTRICT: BHANDARA"
2,"GOVERNMENT INDUSTRIAL TRAINING INSTITUTE, (WOMAN), CHHATRAPATI SAMBHAJINAGAR, TALUKA: CHHATRAPATI SAMBHAJINAGAR, DISTRICT: CHHATRAPATI SAMBHAJINAGAR"
64,"GOVERNMENT INDUSTRIAL TRAINING INSTITUTE, (WOMAN), DADAR, TALUKA: MUMBAI, DISTRICT: MUMBAI SHAHAR"
206,"GOVERNMENT INDUSTRIAL TRAINING INSTITUTE, (WOMAN), JALGAON, TALUKA: JALGAON, DISTRICT: JALGAON"
50,"GOVERNMENT INDUSTRIAL TRAINING INSTITUTE, (WOMAN), LATUR, TALUKA: LATUR, DISTRICT: LATUR"
119,"GOVERNMENT INDUSTRIAL TRAINING INSTITUTE, (WOMAN), NAGPUR, TALUKA: NAGPUR, DISTRICT: NAGPUR"
182,"GOVERNMENT INDUSTRIAL TRAINING INSTITUTE, (WOMAN), NASHIK, TALUKA: NASHIK, DISTRICT: NASHIK"
102,"GOVERNMENT INDUSTRIAL TRAINING INSTITUTE, (WOMAN), RATNAGIRI, TALUKA: RATNAGIRI, DISTRICT: RATNAGIRI"
268,"GOVERNMENT INDUSTRIAL TRAINING INSTITUTE, (WOMAN), SOLAPUR, TALUKA: SOLAPUR, DISTRICT: SOLAPUR"
72,"GOVERNMENT INDUSTRIAL TRAINING INSTITUTE, (WOMAN), THANE, TALUKA: THANE, DISTRICT: THANE"
297,"GOVERNMENT INDUSTRIAL TRAINING INSTITUTE, ACHALPUR, TALUKA: ACHALPUR, DISTRICT: AMRAVATI"
51,"GOVERNMENT INDUSTRIAL TRAINING INSTITUTE, AHAMADPUR, TALUKA: AHAMADPUR, DISTRICT: LATUR"
220,"GOVERNMENT INDUSTRIAL TRAINING INSTITUTE, AHILYANAGAR, TALUKA: AHILYANAGAR, DISTRICT: AHILYANAGAR"
285,"GOVERNMENT INDUSTRIAL TRAINING INSTITUTE, AJARA, TALUKA: AJARA, DISTRICT: KOLHAPUR"
269,"GOVERNMENT INDUSTRIAL TRAINING INSTITUTE, AKLUJ, TALUKA: MALSHIRAS, DISTRICT: SOLAPUR"
305,"GOVERNMENT INDUSTRIAL TRAINING INSTITUTE, AKOLA, TALUKA: AKOLA, DISTRICT: AKOLA"
311,"GOVERNMENT INDUSTRIAL TRAINING INSTITUTE, AKOT, TALUKA: AKOT, DISTRICT: AKOLA"
98,"GOVERNMENT INDUSTRIAL TRAINING INSTITUTE, ALIBAG, TALUKA: ALIBAG, DISTRICT: RAIGAD"
212,"GOVERNMENT INDUSTRIAL TRAINING INSTITUTE, AMALNER, TALUKA: AMALNER, DISTRICT: JALGAON"
11,"GOVERNMENT INDUSTRIAL TRAINING INSTITUTE, AMBAD, TALUKA: AMBAD, DISTRICT: JALNA"
73,"GOVERNMENT INDUSTRIAL TRAINING INSTITUTE, AMBERNATH, TALUKA: AMBERNATH, DISTRICT: THANE"
172,"GOVERNMENT INDUSTRIAL TRAINING INSTITUTE, AMGAON, TALUKA: AMGAON, DISTRICT: GONDIA"
67,"GOVERNMENT INDUSTRIAL TRAINING INSTITUTE, ANDHERI, TALUKA: ANDHERI, DISTRICT: MUMBAI SUBURBAN"
301,"GOVERNMENT INDUSTRIAL TRAINING INSTITUTE, ANJANGAON SURJI, TALUKA: ANJANGAON, DISTRICT: AMRAVATI"
681,"GOVERNMENT INDUSTRIAL TRAINING INSTITUTE, ARDHAPUR, TALUKA: ARDHAPUR, DISTRICT: NANDED"
35,"GOVERNMENT INDUSTRIAL TRAINING INSTITUTE, ASHTI, TALUKA: ASHTI, DISTRICT: BEED"
179,"GOVERNMENT INDUSTRIAL TRAINING INSTITUTE, ASHTI, TALUKA: ASHTI, DISTRICT: WARDHA"
265,"GOVERNMENT INDUSTRIAL TRAINING INSTITUTE, ATPADI, TALUKA: ATPADI, DISTRICT: SANGLI"
233,"GOVERNMENT INDUSTRIAL TRAINING INSTITUTE, AUNDH PUNE, TALUKA:PUNE CITY / HAVELI,DISTRICT: PUNE"
28,"GOVERNMENT INDUSTRIAL TRAINING INSTITUTE, AUNDHANAGNATH, TALUKA: AUNDHA NAGNATH, DISTRICT: HINGOLI"
55,"GOVERNMENT INDUSTRIAL TRAINING INSTITUTE, AUSA, TALUKA: AUSA, DISTRICT: LATUR"
341,"GOVERNMENT INDUSTRIAL TRAINING INSTITUTE, BABHULGAON, TALUKA: BABHULGAON, DISTRICT: YAVATMAL"
13,"GOVERNMENT INDUSTRIAL TRAINING INSTITUTE, BADNAPUR, TALUKA: BADNAPUR, DISTRICT: JALNA"
307,"GOVERNMENT INDUSTRIAL TRAINING INSTITUTE, BALAPUR, TALUKA: BALAPUR, DISTRICT: AKOLA"
668,"GOVERNMENT INDUSTRIAL TRAINING INSTITUTE, BALLARPUR, TALUKA: BALLARPUR, DISTRICT: CHANDRAPUR"
310,"GOVERNMENT INDUSTRIAL TRAINING INSTITUTE, BARSHITAKALI, TALUKA: BARSHITAKALI, DISTRICT: AKOLA"
27,"GOVERNMENT INDUSTRIAL TRAINING INSTITUTE, BASMATNAGER, TALUKA: BASMATNAGER, DISTRICT: HINGOLI"
75,"GOVERNMENT INDUSTRIAL TRAINING INSTITUTE, BELAPUR, TALUKA: NAVI MUMBAI, DISTRICT: THANE"
218,"GOVERNMENT INDUSTRIAL TRAINING INSTITUTE, BHADGAON, TALUKA: BHADGAON, DISTRICT: JALGAON"
158,"GOVERNMENT INDUSTRIAL TRAINING INSTITUTE, BHANDARA, TALUKA: BHANDARA, DISTRICT: BHANDARA"
302,"GOVERNMENT INDUSTRIAL TRAINING INSTITUTE, BHATKULI, TALUKA: BHATKULI, DISTRICT: AMRAVATI"
82,"GOVERNMENT INDUSTRIAL TRAINING INSTITUTE, BHIWANDI, TALUKA: BHIWANDI, DISTRICT: THANE"
43,"GOVERNMENT INDUSTRIAL TRAINING INSTITUTE, BHOKAR, TALUKA: BHOKAR, DISTRICT: NANDED"
12,"GOVERNMENT INDUSTRIAL TRAINING INSTITUTE, BHOKARDAN, TALUKA: BHOKARDAN, DISTRICT: JALNA"
58,"GOVERNMENT INDUSTRIAL TRAINING INSTITUTE, BHUM, TALUKA: BHUM, DISTRICT: DHARASHIV"
207,"GOVERNMENT INDUSTRIAL TRAINING INSTITUTE, BHUSAWAL, TALUKA: BHUSAWAL, DISTRICT: JALGAON"
655,"GOVERNMENT INDUSTRIAL TRAINING INSTITUTE, BILOLI, TALUKA: BILOLI, DISTRICT: NANDED"
208,"GOVERNMENT INDUSTRIAL TRAINING INSTITUTE, BODWAD, TALUKA: BODWAD, DISTRICT: JALGAON"
70,"GOVERNMENT INDUSTRIAL TRAINING INSTITUTE, BORIVALI, TALUKA: BORIVALI, DISTRICT: MUMBAI SUBURBAN"
141,"GOVERNMENT INDUSTRIAL TRAINING INSTITUTE, BRAMHAPURI, TALUKA: BRAMHAPURI, DISTRICT: CHANDRAPUR"
319,"GOVERNMENT INDUSTRIAL TRAINING INSTITUTE, BULDANA, TALUKA: BULDHANA, DISTRICT: BULDHANA"
130,"GOVERNMENT INDUSTRIAL TRAINING INSTITUTE, BUTIBORI, TALUKA: BUTIBORI, DISTRICT: NAGPUR"
56,"GOVERNMENT INDUSTRIAL TRAINING INSTITUTE, CHAKUR, TALUKA: CHAKUR, DISTRICT: LATUR"
211,"GOVERNMENT INDUSTRIAL TRAINING INSTITUTE, CHALISGAON, TALUKA: CHALISGAON, DISTRICT: JALGAON"
304,"GOVERNMENT INDUSTRIAL TRAINING INSTITUTE, CHANDUR BAZAR, TALUKA: CHANDUR BAZAR, DISTRICT: AMRAVATI"
299,"GOVERNMENT INDUSTRIAL TRAINING INSTITUTE, CHANDUR RAILWAY, TALUKA: CHANDUR RLY, DISTRICT: AMRAVATI"
184,"GOVERNMENT INDUSTRIAL TRAINING INSTITUTE, CHANDWAD, TALUKA: CHANDWAD, DISTRICT: NASHIK"
1,"GOVERNMENT INDUSTRIAL TRAINING INSTITUTE, CHHATRAPATI SAMBHAJINAGAR, TALUKA: CHHATRAPATI SAMBHAJINAGAR, DISTRICT: CHHATRAPATI SAMBHAJINAGAR"
322,"GOVERNMENT INDUSTRIAL TRAINING INSTITUTE, CHIKHALI, TALUKA: CHIKHALI, DISTRICT: BULDHANA"
103,"GOVERNMENT INDUSTRIAL TRAINING INSTITUTE, CHIPLUN, TALUKA: CHIPLUN, DISTRICT: RATNAGIRI"
835,"GOVERNMENT INDUSTRIAL TRAINING INSTITUTE, DADAR, TALUKA: MUMBAI, DISTRICT: MUMBAI SHAHAR"
254,"GOVERNMENT INDUSTRIAL TRAINING INSTITUTE, DAHIWADI, TALUKA: MAN (DAHIWADI), DISTRICT: SATARA"
109,"GOVERNMENT INDUSTRIAL TRAINING INSTITUTE, DAPOLI, TALUKA: DAPOLI, DISTRICT: RATNAGIRI"
345,"GOVERNMENT INDUSTRIAL TRAINING INSTITUTE, DARWHA, TALUKA: DARWHA, DISTRICT: YAVATMAL"
296,"GOVERNMENT INDUSTRIAL TRAINING INSTITUTE, DARYAPUR, TALUKA: DARYAPUR, DISTRICT: AMRAVATI"
48,"GOVERNMENT INDUSTRIAL TRAINING INSTITUTE, DEGLUR, TALUKA: DEGLOOR, DISTRICT: NANDED"
324,"GOVERNMENT INDUSTRIAL TRAINING INSTITUTE, DEULGAON RAJA, TALUKA: DEULGAON RAJA, DISTRICT: BULDHANA"
663,"GOVERNMENT INDUSTRIAL TRAINING INSTITUTE, DEVANI, TALUKA: DEVANI, DISTRICT: LATUR"
114,"GOVERNMENT INDUSTRIAL TRAINING INSTITUTE, DEVGAD, TALUKA: DEVGAD, DISTRICT: SINDHUDURG"
675,"GOVERNMENT INDUSTRIAL TRAINING INSTITUTE, DHAMANGAON RAILWAY, TALUKA: DHAMANGAON RAILWAY, DISTRICT: AMRAVATI"
217,"GOVERNMENT INDUSTRIAL TRAINING INSTITUTE, DHARANGAON, TALUKA: DHARANGAON, DISTRICT: JALGAON"
57,"GOVERNMENT INDUSTRIAL TRAINING INSTITUTE, DHARASHIV, TALUKA: DHARASHIV, DISTRICT: DHARASHIV"
843,"GOVERNMENT INDUSTRIAL TRAINING INSTITUTE, DHARAVI, TALUKA: MUMBAI, DISTRICT: MUMBAI SHAHAR"
41,"GOVERNMENT INDUSTRIAL TRAINING INSTITUTE, DHARMABAD, TALUKA: DHARMABAD, DISTRICT: NANDED"
33,"GOVERNMENT INDUSTRIAL TRAINING INSTITUTE, DHARUR, TALUKA: DHARUR, DISTRICT: BEED"
195,"GOVERNMENT INDUSTRIAL TRAINING INSTITUTE, DHULE, TALUKA: DHULE, DISTRICT: DHULE"
340,"GOVERNMENT INDUSTRIAL TRAINING INSTITUTE, DIGRAS, TALUKA: DIGRAS, DISTRICT: YAVATMAL"
667,"GOVERNMENT INDUSTRIAL TRAINING INSTITUTE, DODAMARG, TALUKA: DODAMARG, DISTRICT: SINDHUDURG"
672,"GOVERNMENT INDUSTRIAL TRAINING INSTITUTE, ERENDOL, TALUKA: ERANDOL, DISTRICT: JALGAON"
280,"GOVERNMENT INDUSTRIAL TRAINING INSTITUTE, GADHINGLAJ, TALUKA: GADHINGLAJ, DISTRICT: KOLHAPUR"
21,"GOVERNMENT INDUSTRIAL TRAINING INSTITUTE, GANGAKHED, TALUKA: GANGAKHED, DISTRICT: PARBHANI"
5,"GOVERNMENT INDUSTRIAL TRAINING INSTITUTE, GANGAPUR, TALUKA: GANGAPUR, DISTRICT: CHHATRAPATI SAMBHAJINAGAR"
39,"GOVERNMENT INDUSTRIAL TRAINING INSTITUTE, GEVRAI, TALUKA: GEVRAI, DISTRICT: BEED"
16,"GOVERNMENT INDUSTRIAL TRAINING INSTITUTE, GHANSAVANGI, TALUKA: GHANSAVANGI, DISTRICT: JALNA"
336,"GOVERNMENT INDUSTRIAL TRAINING INSTITUTE, GHATANJI, TALUKA: GHATANJI, DISTRICT: YAVATMAL"
165,"GOVERNMENT INDUSTRIAL TRAINING INSTITUTE, GONDIA, TALUKA: GONDIA, DISTRICT: GONDIA"
171,"GOVERNMENT INDUSTRIAL TRAINING INSTITUTE, GOREGAON, TALUKA: GOREGAON, DISTRICT: GONDIA"
69,"GOVERNMENT INDUSTRIAL TRAINING INSTITUTE, GOVANDI, TALUKA: KURLA, DISTRICT: MUMBAI SUBURBAN"
104,"GOVERNMENT INDUSTRIAL TRAINING INSTITUTE, GUHAGAR, TALUKA: GUHAGAR, DISTRICT: RATNAGIRI"
338,"GOVERNMENT INDUSTRIAL TRAINING INSTITUTE, GUNJ, TALUKA: MAHAGAON, DISTRICT: YAVATMAL"
42,"GOVERNMENT INDUSTRIAL TRAINING INSTITUTE, HADGAON, TALUKA: HADGAON, DISTRICT: NANDED"
283,"GOVERNMENT INDUSTRIAL TRAINING INSTITUTE, HATKANANGLE, TALUKA: HATKANANGLE, DISTRICT: KOLHAPUR"
680,"GOVERNMENT INDUSTRIAL TRAINING INSTITUTE, HIMAYATNAGAR, TALUKA: HIMAYATNAGAR, DISTRICT: NANDED"
128,"GOVERNMENT INDUSTRIAL TRAINING INSTITUTE, HINGANA, TALUKA: HINGANA, DISTRICT: NAGPUR"
175,"GOVERNMENT INDUSTRIAL TRAINING INSTITUTE, HINGANGHAT, TALUKA: HINGANGHAT, DISTRICT: WARDHA"
25,"GOVERNMENT INDUSTRIAL TRAINING INSTITUTE, HINGOLI, TALUKA: HINGOLI, DISTRICT: HINGOLI"
236,"GOVERNMENT INDUSTRIAL TRAINING INSTITUTE, INDAPUR, TALUKA: INDAPUR, DISTRICT: PUNE"
15,"GOVERNMENT INDUSTRIAL TRAINING INSTITUTE, JAFRABAD, TALUKA: JAFRABAD, DISTRICT: JALNA"
331,"GOVERNMENT INDUSTRIAL TRAINING INSTITUTE, JALGAON JAMOD, TALUKA: JALGAON JAMOD, DISTRICT: BULDHANA"
205,"GOVERNMENT INDUSTRIAL TRAINING INSTITUTE, JALGAON, TALUKA: JALGAON, DISTRICT: JALGAON"
658,"GOVERNMENT INDUSTRIAL TRAINING INSTITUTE, JALKOTH, TALUKA: JALKOTH, DISTRICT: LATUR"
10,"GOVERNMENT INDUSTRIAL TRAINING INSTITUTE, JALNA, TALUKA: JALNA, DISTRICT: JALNA"
222,"GOVERNMENT INDUSTRIAL TRAINING INSTITUTE, JAMKHED, TALUKA: JAMKHED, DISTRICT: AHILYANAGAR"
209,"GOVERNMENT INDUSTRIAL TRAINING INSTITUTE, JAMNER, TALUKA: JAMNER, DISTRICT: JALGAON"
20,"GOVERNMENT INDUSTRIAL TRAINING INSTITUTE, JINTUR, TALUKA: JINTUR, DISTRICT: PARBHANI"
674,"GOVERNMENT INDUSTRIAL TRAINING INSTITUTE, KADEGAON, TALUKA: KADEGAON, DISTRICT: SANGLI"
60,"GOVERNMENT INDUSTRIAL TRAINING INSTITUTE, KALAMB, TALUKA: KALLAMB, DISTRICT: DHARASHIV"
26,"GOVERNMENT INDUSTRIAL TRAINING INSTITUTE, KALAMNURI, TALUKA: KALAMNURI, DISTRICT: HINGOLI"
124,"GOVERNMENT INDUSTRIAL TRAINING INSTITUTE, KALMESHWAR, TALUKA: KALMESHWAR, DISTRICT: NAGPUR"
74,"GOVERNMENT INDUSTRIAL TRAINING INSTITUTE, KALYAN, TALUKA: KALYAN, DISTRICT: THANE"
127,"GOVERNMENT INDUSTRIAL TRAINING INSTITUTE, KAMTHI, TALUKA: KAMTHI, DISTRICT: NAGPUR"
45,"GOVERNMENT INDUSTRIAL TRAINING INSTITUTE, KANDHAR, TALUKA: KANDHAR, DISTRICT: NANDED"
7,"GOVERNMENT INDUSTRIAL TRAINING INSTITUTE, KANNAD, TALUKA: KANNAD, DISTRICT: CHHATRAPATI SAMBHAJINAGAR"
249,"GOVERNMENT INDUSTRIAL TRAINING INSTITUTE, KARAD, TALUKA: KARAD, DISTRICT: SATARA"
317,"GOVERNMENT INDUSTRIAL TRAINING INSTITUTE, KARANJA LAD, TALUKA: KARANJA LAD, DISTRICT: WASHIM"
224,"GOVERNMENT INDUSTRIAL TRAINING INSTITUTE, KARJAT, TALUKA: KARJAT, DISTRICT: AHILYANAGAR"
120,"GOVERNMENT INDUSTRIAL TRAINING INSTITUTE, KATOL, TALUKA: KATOL, DISTRICT: NAGPUR"
38,"GOVERNMENT INDUSTRIAL TRAINING INSTITUTE, KEJ, TALUKA: KEJ, DISTRICT: BEED"
93,"GOVERNMENT INDUSTRIAL TRAINING INSTITUTE, KHALAPUR, TALUKA: KHALAPUR, DISTRICT: RAIGAD"
320,"GOVERNMENT INDUSTRIAL TRAINING INSTITUTE, KHAMGAON, TALUKA: KHAMGAON, DISTRICT: BULDHANA"
241,"GOVERNMENT INDUSTRIAL TRAINING INSTITUTE, KHED (RAJGURUNAGAR), TALUKA: KHED, DISTRICT: PUNE"
108,"GOVERNMENT INDUSTRIAL TRAINING INSTITUTE, KHED, TALUKA: KHED, DISTRICT: RATNAGIRI"
6,"GOVERNMENT INDUSTRIAL TRAINING INSTITUTE, KHULTABAD, TALUKA: KHULTABAD, DISTRICT: CHHATRAPATI SAMBHAJINAGAR"
279,"GOVERNMENT INDUSTRIAL TRAINING INSTITUTE, KOLHAPUR, TALUKA: KARVEER, DISTRICT: KOLHAPUR"
232,"GOVERNMENT INDUSTRIAL TRAINING INSTITUTE, KOPARGAON, TALUKA: KOPARGAON, DISTRICT: AHILYANAGAR"
131,"GOVERNMENT INDUSTRIAL TRAINING INSTITUTE, KUHI, TALUKA: KUHI, DISTRICT: NAGPUR"
274,"GOVERNMENT INDUSTRIAL TRAINING INSTITUTE, KURDUWADI, TALUKA: MADHA, DISTRICT: SOLAPUR"
68,"GOVERNMENT INDUSTRIAL TRAINING INSTITUTE, KURLA, TALUKA: KURLA, DISTRICT: MUMBAI SUBURBAN"
163,"GOVERNMENT INDUSTRIAL TRAINING INSTITUTE, LAKHANDUR, TALUKA: LAKHANDUR, DISTRICT: BHANDARA"
110,"GOVERNMENT INDUSTRIAL TRAINING INSTITUTE, LANJA, TALUKA: LANJA, DISTRICT: RATNAGIRI"
49,"GOVERNMENT INDUSTRIAL TRAINING INSTITUTE, LATUR, TALUKA: LATUR, DISTRICT: LATUR"
46,"GOVERNMENT INDUSTRIAL TRAINING INSTITUTE, LOHA, TALUKA: LOHA, DISTRICT: NANDED"
683,"GOVERNMENT INDUSTRIAL TRAINING INSTITUTE, LOHARA, TALUKA: LOHARA, DISTRICT: DHARASHIV"
329,"GOVERNMENT INDUSTRIAL TRAINING INSTITUTE, LONAR, TALUKA: LONAR, DISTRICT: BULDHANA"
65,"GOVERNMENT INDUSTRIAL TRAINING INSTITUTE, LOWER PAREL, TALUKA: MUMBAI, DISTRICT: MUMBAI SHAHAR"
89,"GOVERNMENT INDUSTRIAL TRAINING INSTITUTE, MAHAD, TALUKA: MAHAD, DISTRICT: RAIGAD"
652,"GOVERNMENT INDUSTRIAL TRAINING INSTITUTE, MAHUR, TALUKA: MAHUR, DISTRICT: NANDED"
37,"GOVERNMENT INDUSTRIAL TRAINING INSTITUTE, MAJALGAON, TALUKA: MAJALGAON, DISTRICT: BEED"
238,"GOVERNMENT INDUSTRIAL TRAINING INSTITUTE, MALEGAON (BK), TALUKA: BARAMATI, DISTRICT: PUNE"
193,"GOVERNMENT INDUSTRIAL TRAINING INSTITUTE, MALEGAON, TALUKA: MALEGAON, DISTRICT: NASHIK"
315,"GOVERNMENT INDUSTRIAL TRAINING INSTITUTE, MALEGAON, TALUKA: MALEGAON, DISTRICT: WASHIM"
321,"GOVERNMENT INDUSTRIAL TRAINING INSTITUTE, MALKAPUR, TALUKA: MALKAPUR, DISTRICT: BULDHANA"
116,"GOVERNMENT INDUSTRIAL TRAINING INSTITUTE, MALWAN, TALUKA: MALWAN, DISTRICT: SINDHUDURG"
106,"GOVERNMENT INDUSTRIAL TRAINING INSTITUTE, MANDANGAD, TALUKA: MANDANGAD, DISTRICT: RATNAGIRI"
275,"GOVERNMENT INDUSTRIAL TRAINING INSTITUTE, MANDRUP, TALUKA: SOUTH SOLAPUR, DISTRICT: SOLAPUR"
277,"GOVERNMENT INDUSTRIAL TRAINING INSTITUTE, MANGALVEDHA, TALUKA: MANGALWEDHA, DISTRICT: SOLAPUR"
90,"GOVERNMENT INDUSTRIAL TRAINING INSTITUTE, MANGAON, TALUKA: MANGAON, DISTRICT: RAIGAD"
316,"GOVERNMENT INDUSTRIAL TRAINING INSTITUTE, MANGRULPIR, TALUKA: MANGRULPIR, DISTRICT: WASHIM"
318,"GOVERNMENT INDUSTRIAL TRAINING INSTITUTE, MANORA, TALUKA: MANORA, DISTRICT: WASHIM"
17,"GOVERNMENT INDUSTRIAL TRAINING INSTITUTE, MANTHA, TALUKA: MANTHA, DISTRICT: JALNA"
19,"GOVERNMENT INDUSTRIAL TRAINING INSTITUTE, MANVAT, TALUKA: MANVAT, DISTRICT: PARBHANI"
326,"GOVERNMENT INDUSTRIAL TRAINING INSTITUTE, MEHAKAR, TALUKA: MEHAKAR, DISTRICT: BULDHANA"
92,"GOVERNMENT INDUSTRIAL TRAINING INSTITUTE, MHASALA, TALUKA: MHASALA, DISTRICT: RAIGAD"
164,"GOVERNMENT INDUSTRIAL TRAINING INSTITUTE, MOHADI, TALUKA: MOHADI, DISTRICT: BHANDARA"
278,"GOVERNMENT INDUSTRIAL TRAINING INSTITUTE, MOHOL, TALUKA: MOHOL, DISTRICT: SOLAPUR"
298,"GOVERNMENT INDUSTRIAL TRAINING INSTITUTE, MORSHI, TALUKA: MORSHI, DISTRICT: AMRAVATI"
328,"GOVERNMENT INDUSTRIAL TRAINING INSTITUTE, MOTALA, TALUKA: MOTALA, DISTRICT: BULDHANA"
129,"GOVERNMENT INDUSTRIAL TRAINING INSTITUTE, MOUDA, TALUKA: MAUDA, DISTRICT: NAGPUR"
294,"GOVERNMENT INDUSTRIAL TRAINING INSTITUTE, MOZARI, TALUKA: TIOSA, DISTRICT: AMRAVATI"
654,"GOVERNMENT INDUSTRIAL TRAINING INSTITUTE, MUDKHED, TALUKA: MUDKHED, DISTRICT: NANDED"
47,"GOVERNMENT INDUSTRIAL TRAINING INSTITUTE, MUKHED, TALUKA: MUKHED, DISTRICT: NANDED"
138,"GOVERNMENT INDUSTRIAL TRAINING INSTITUTE, MUL, TALUKA: MUL, DISTRICT: CHANDRAPUR"
66,"GOVERNMENT INDUSTRIAL TRAINING INSTITUTE, MULUND, TALUKA: MULUND, DISTRICT: MUMBAI SUBURBAN"
834,"GOVERNMENT INDUSTRIAL TRAINING INSTITUTE, MUMBAI-1, TALUKA: MUMBAI, DISTRICT: MUMBAI SHAHAR"
63,"GOVERNMENT INDUSTRIAL TRAINING INSTITUTE, MUMBAI-11, TALUKA: MUMBAI, DISTRICT: MUMBAI SHAHAR"
282,"GOVERNMENT INDUSTRIAL TRAINING INSTITUTE, MURGUD, TALUKA: KAGAL, DISTRICT: KOLHAPUR"
312,"GOVERNMENT INDUSTRIAL TRAINING INSTITUTE, MURTIJAPUR, TALUKA: MURTIJAPUR, DISTRICT: AKOLA"
100,"GOVERNMENT INDUSTRIAL TRAINING INSTITUTE, MURUD, TALUKA: MURUD, DISTRICT: RAIGAD"
88,"GOVERNMENT INDUSTRIAL TRAINING INSTITUTE, NAGOTHANE, TALUKA: ROHA, DISTRICT: RAIGAD"
118,"GOVERNMENT INDUSTRIAL TRAINING INSTITUTE, NAGPUR, TALUKA: NAGPUR, DISTRICT: NAGPUR"
656,"GOVERNMENT INDUSTRIAL TRAINING INSTITUTE, NAIGAON, TALUKA: NAIGAON, DISTRICT: NANDED"
40,"GOVERNMENT INDUSTRIAL TRAINING INSTITUTE, NANDED, TALUKA: NANDED, DISTRICT: NANDED"
300,"GOVERNMENT INDUSTRIAL TRAINING INSTITUTE, NANDGAON KHANDESHWAR, TALUKA: NANDGAON KHANDESHWAR, DISTRICT: AMRAVATI"
191,"GOVERNMENT INDUSTRIAL TRAINING INSTITUTE, NANDGAON, TALUKA: NANDGAON, DISTRICT: NASHIK"
325,"GOVERNMENT INDUSTRIAL TRAINING INSTITUTE, NANDURA, TALUKA: NANDURA, DISTRICT: BULDHANA"
97,"GOVERNMENT INDUSTRIAL TRAINING INSTITUTE, NANDVI, TALUKA: MANGAON, DISTRICT: RAIGAD"
126,"GOVERNMENT INDUSTRIAL TRAINING INSTITUTE, NARKHED, TALUKA: NARKHED, DISTRICT: NAGPUR"
346,"GOVERNMENT INDUSTRIAL TRAINING INSTITUTE, NER, TALUKA: NER, DISTRICT: YAVATMAL"
53,"GOVERNMENT INDUSTRIAL TRAINING INSTITUTE, NILANGA, TALUKA: NILANGA, DISTRICT: LATUR"
113,"GOVERNMENT INDUSTRIAL TRAINING INSTITUTE, OROS, TALUKA: KUDAL, DISTRICT: SINDHUDURG"
3,"GOVERNMENT INDUSTRIAL TRAINING INSTITUTE, PAITHAN, TALUKA: PAITHAN, DISTRICT: CHHATRAPATI SAMBHAJINAGAR"
24,"GOVERNMENT INDUSTRIAL TRAINING INSTITUTE, PALAM, TALUKA: PALAM, DISTRICT: PARBHANI"
673,"GOVERNMENT INDUSTRIAL TRAINING INSTITUTE, PALUS, TALUKA: PALUS, DISTRICT: SANGLI"
271,"GOVERNMENT INDUSTRIAL TRAINING INSTITUTE, PANDHARPUR, TALUKA: PANDHARPUR, DISTRICT: SOLAPUR"
288,"GOVERNMENT INDUSTRIAL TRAINING INSTITUTE, PANHALA, TALUKA: PANHALA, DISTRICT: KOLHAPUR"
86,"GOVERNMENT INDUSTRIAL TRAINING INSTITUTE, PANVEL, TALUKA: PANVEL, DISTRICT: RAIGAD"
32,"GOVERNMENT INDUSTRIAL TRAINING INSTITUTE, PARALI VAIJNATH, TALUKA: PARALI VAIJNATH, DISTRICT: BEED"
61,"GOVERNMENT INDUSTRIAL TRAINING INSTITUTE, PARANDA, TALUKA: PARANDA, DISTRICT: DHARASHIV"
18,"GOVERNMENT INDUSTRIAL TRAINING INSTITUTE, PARBHANI, TALUKA: PARBHANI, DISTRICT: PARBHANI"
225,"GOVERNMENT INDUSTRIAL TRAINING INSTITUTE, PARNER, TALUKA: PARNER, DISTRICT: AHILYANAGAR"
213,"GOVERNMENT INDUSTRIAL TRAINING INSTITUTE, PAROLA, TALUKA: PAROLA, DISTRICT: JALGAON"
14,"GOVERNMENT INDUSTRIAL TRAINING INSTITUTE, PARTUR, TALUKA: PARTUR, DISTRICT: JALNA"
230,"GOVERNMENT INDUSTRIAL TRAINING INSTITUTE, PATHARDI, TALUKA: PATHARDI, DISTRICT: AHILYANAGAR"
653,"GOVERNMENT INDUSTRIAL TRAINING INSTITUTE, PATHARI, TALUKA: PATHRI, DISTRICT: PARBHANI"
36,"GOVERNMENT INDUSTRIAL TRAINING INSTITUTE, PATODA, TALUKA: PATODA, DISTRICT: BEED"
309,"GOVERNMENT INDUSTRIAL TRAINING INSTITUTE, PATUR, TALUKA: PATUR, DISTRICT: AKOLA"
160,"GOVERNMENT INDUSTRIAL TRAINING INSTITUTE, PAWANI, TALUKA: PAONI, DISTRICT: BHANDARA"
96,"GOVERNMENT INDUSTRIAL TRAINING INSTITUTE, PEN, TALUKA: PEN, DISTRICT: RAIGAD"
112,"GOVERNMENT INDUSTRIAL TRAINING INSTITUTE, PHONDAGHAT, TALUKA: KANKAVALI, DISTRICT: SINDHUDURG"
651,"GOVERNMENT INDUSTRIAL TRAINING INSTITUTE, PHULAMBRI, TALUKA: PHULAMBRI, DISTRICT: CHHATRAPATI SAMBHAJINAGAR"
239,"GOVERNMENT INDUSTRIAL TRAINING INSTITUTE, PIMPRI CHINCHWAD, TALUKA: PUNE CITY / HAVELI, DISTRICT: PUNE"
95,"GOVERNMENT INDUSTRIAL TRAINING INSTITUTE, POLADPUR, TALUKA: POLADPUR, DISTRICT: RAIGAD"
174,"GOVERNMENT INDUSTRIAL TRAINING INSTITUTE, PULGAON, TALUKA: DEOLI, DISTRICT: WARDHA"
676,"GOVERNMENT INDUSTRIAL TRAINING INSTITUTE, PUNE CITY / HAVELI, TALUKA: PUNE CITY / HAVELI, DISTRICT: PUNE"
22,"GOVERNMENT INDUSTRIAL TRAINING INSTITUTE, PURNA, TALUKA: PURNA, DISTRICT: PARBHANI"
337,"GOVERNMENT INDUSTRIAL TRAINING INSTITUTE, PUSAD, TALUKA: PUSAD, DISTRICT: YAVATMAL"
684,"GOVERNMENT INDUSTRIAL TRAINING INSTITUTE, RAHATA, TALUKA: RAHATA, DISTRICT: AHILYANAGAR"
105,"GOVERNMENT INDUSTRIAL TRAINING INSTITUTE, RAJAPUR, TALUKA: RAJAPUR, DISTRICT: RATNAGIRI"
122,"GOVERNMENT INDUSTRIAL TRAINING INSTITUTE, RAMTEK, TALUKA: RAMTEK, DISTRICT: NAGPUR"
101,"GOVERNMENT INDUSTRIAL TRAINING INSTITUTE, RATNAGIRI, TALUKA: RATNAGIRI, DISTRICT: RATNAGIRI"
210,"GOVERNMENT INDUSTRIAL TRAINING INSTITUTE, RAVER, TALUKA: RAVER, DISTRICT: JALGAON"
54,"GOVERNMENT INDUSTRIAL TRAINING INSTITUTE, RENAPUR, TALUKA: RENAPUR, DISTRICT: LATUR"
314,"GOVERNMENT INDUSTRIAL TRAINING INSTITUTE, RISOD, TALUKA: RISOD, DISTRICT: WASHIM"
169,"GOVERNMENT INDUSTRIAL TRAINING INSTITUTE, SADAK ARJUNI, TALUKA: SADAK ARJUNI, DISTRICT: GONDIA"
161,"GOVERNMENT INDUSTRIAL TRAINING INSTITUTE, SAKOLI, TALUKA: SAKOLI, DISTRICT: BHANDARA"
176,"GOVERNMENT INDUSTRIAL TRAINING INSTITUTE, SAMUDRAPUR, TALUKA: SAMUDRAPUR, DISTRICT: WARDHA"
107,"GOVERNMENT INDUSTRIAL TRAINING INSTITUTE, SANGAMESHWAR, TALUKA: SANGAMESHWAR, DISTRICT: RATNAGIRI"
227,"GOVERNMENT INDUSTRIAL TRAINING INSTITUTE, SANGAMNER, TALUKA: SANGAMNER, DISTRICT: AHILYANAGAR"
259,"GOVERNMENT INDUSTRIAL TRAINING INSTITUTE, SANGLI, TALUKA: MIRAJ, DISTRICT: SANGLI"
330,"GOVERNMENT INDUSTRIAL TRAINING INSTITUTE, SANGRAMPUR, TALUKA: SANGRAMPUR, DISTRICT: BULDHANA"
248,"GOVERNMENT INDUSTRIAL TRAINING INSTITUTE, SATARA, TALUKA: SATARA ,, DISTRICT: SATARA"
123,"GOVERNMENT INDUSTRIAL TRAINING INSTITUTE, SAVNER, TALUKA: SAONER, DISTRICT: NAGPUR"
142,"GOVERNMENT INDUSTRIAL TRAINING INSTITUTE, SAWALI, TALUKA: SAWALI, DISTRICT: CHANDRAPUR"
111,"GOVERNMENT INDUSTRIAL TRAINING INSTITUTE, SAWANTWADI, TALUKA: SAWANTWADI, DISTRICT: SINDHUDURG"
178,"GOVERNMENT INDUSTRIAL TRAINING INSTITUTE, SELOO, TALUKA: SELU, DISTRICT: WARDHA"
23,"GOVERNMENT INDUSTRIAL TRAINING INSTITUTE, SELU, TALUKA: SELU, DISTRICT: PARBHANI"
29,"GOVERNMENT INDUSTRIAL TRAINING INSTITUTE, SENGAON, TALUKA: SENGAON, DISTRICT: HINGOLI"
286,"GOVERNMENT INDUSTRIAL TRAINING INSTITUTE, SHAHUWADI, TALUKA: SHAHUWADI, DISTRICT: KOLHAPUR"
323,"GOVERNMENT INDUSTRIAL TRAINING INSTITUTE, SHEGAON, TALUKA: SHEGAON, DISTRICT: BULDHANA"
196,"GOVERNMENT INDUSTRIAL TRAINING INSTITUTE, SHINDKHEDA, TALUKA: SHINDKHEDA, DISTRICT: DHULE"
261,"GOVERNMENT INDUSTRIAL TRAINING INSTITUTE, SHIRALA, TALUKA: SHIRALA, DISTRICT: SANGLI"
287,"GOVERNMENT INDUSTRIAL TRAINING INSTITUTE, SHIROL, TALUKA: SHIROL, DISTRICT: KOLHAPUR"
659,"GOVERNMENT INDUSTRIAL TRAINING INSTITUTE, SHIRUR ANANTPAL, TALUKA: SHIRUR, DISTRICT: LATUR"
661,"GOVERNMENT INDUSTRIAL TRAINING INSTITUTE, SHIRUR KASAR, TALUKA: SHIRUR KASAR, DISTRICT: BEED"
245,"GOVERNMENT INDUSTRIAL TRAINING INSTITUTE, SHIRUR, TALUKA: SHIRUR, DISTRICT: PUNE"
94,"GOVERNMENT INDUSTRIAL TRAINING INSTITUTE, SHRIWARDHAN, TALUKA: SHRIWARDHAN, DISTRICT: RAIGAD"
4,"GOVERNMENT INDUSTRIAL TRAINING INSTITUTE, SILLOD, TALUKA: SILLOD, DISTRICT: CHHATRAPATI SAMBHAJINAGAR"
136,"GOVERNMENT INDUSTRIAL TRAINING INSTITUTE, SINDEWAHI, TALUKA: SINDEWAHI, DISTRICT: CHANDRAPUR"
327,"GOVERNMENT INDUSTRIAL TRAINING INSTITUTE, SINDHAKHED RAJA, TALUKA: SINDHAKHED RAJA, DISTRICT: BULDHANA"
186,"GOVERNMENT INDUSTRIAL TRAINING INSTITUTE, SINNAR, TALUKA: SINNAR, DISTRICT: NASHIK"
267,"GOVERNMENT INDUSTRIAL TRAINING INSTITUTE, SOLAPUR, TALUKA: NORTH SOLAPUR, DISTRICT: SOLAPUR"
682,"GOVERNMENT INDUSTRIAL TRAINING INSTITUTE, SONPETH, TALUKA: SONPETH, DISTRICT: PARBHANI"
9,"GOVERNMENT INDUSTRIAL TRAINING INSTITUTE, SOYGAON, TALUKA: SOYGAON, DISTRICT: CHHATRAPATI SAMBHAJINAGAR"
99,"GOVERNMENT INDUSTRIAL TRAINING INSTITUTE, SUDHAGAD(PALI), TALUKA: SUDHAGAD, DISTRICT: RAIGAD"
666,"GOVERNMENT INDUSTRIAL TRAINING INSTITUTE, TALA, TALUKA: TALA, DISTRICT: RAIGAD"
262,"GOVERNMENT INDUSTRIAL TRAINING INSTITUTE, TASGAON, TALUKA: TASGAON, DISTRICT: SANGLI"
308,"GOVERNMENT INDUSTRIAL TRAINING INSTITUTE, TELHARA, TALUKA: TELHARA, DISTRICT: AKOLA"
71,"GOVERNMENT INDUSTRIAL TRAINING INSTITUTE, THANE, TALUKA: THANE, DISTRICT: THANE"
170,"GOVERNMENT INDUSTRIAL TRAINING INSTITUTE, TIRODA, TALUKA: TIRODA, DISTRICT: GONDIA"
62,"GOVERNMENT INDUSTRIAL TRAINING INSTITUTE, TULJAPUR, TALUKA: TULJAPUR, DISTRICT: DHARASHIV"
281,"GOVERNMENT INDUSTRIAL TRAINING INSTITUTE, TURKEWADI, TALUKA: CHANDGAD, DISTRICT: KOLHAPUR"
214,"GOVERNMENT INDUSTRIAL TRAINING INSTITUTE, UCHANDE, TALUKA: MUKTAINAGAR, DISTRICT: JALGAON"
52,"GOVERNMENT INDUSTRIAL TRAINING INSTITUTE, UDGIR, TALUKA: UDGIR, DISTRICT: LATUR"
664,"GOVERNMENT INDUSTRIAL TRAINING INSTITUTE, ULHASNAGAR, TALUKA: ULHASNAGAR, DISTRICT: THANE"
59,"GOVERNMENT INDUSTRIAL TRAINING INSTITUTE, UMARGA, TALUKA: OMERGA, DISTRICT: DHARASHIV"
335,"GOVERNMENT INDUSTRIAL TRAINING INSTITUTE, UMARKHED, TALUKA: UMARKHED, DISTRICT: YAVATMAL"
657,"GOVERNMENT INDUSTRIAL TRAINING INSTITUTE, UMRI, TALUKA: UMARI, DISTRICT: NANDED"
87,"GOVERNMENT INDUSTRIAL TRAINING INSTITUTE, URAN, TALUKA: URAN, DISTRICT: RAIGAD"
662,"GOVERNMENT INDUSTRIAL TRAINING INSTITUTE, VADWANI, TALUKA: VADWANI, DISTRICT: BEED"
115,"GOVERNMENT INDUSTRIAL TRAINING INSTITUTE, VAIBHAVWADI, TALUKA: VAIBHAVWADI, DISTRICT: SINDHUDURG"
8,"GOVERNMENT INDUSTRIAL TRAINING INSTITUTE, VAIJAPUR, TALUKA: VAIJAPUR, DISTRICT: CHHATRAPATI SAMBHAJINAGAR"
76,"GOVERNMENT INDUSTRIAL TRAINING INSTITUTE, VASAI, TALUKA: VASAI, DISTRICT: PALGHAR"
660,"GOVERNMENT INDUSTRIAL TRAINING INSTITUTE, VASHI, TALUKA: VASHI, DISTRICT: DHARASHIV"
117,"GOVERNMENT INDUSTRIAL TRAINING INSTITUTE, VENGURLA, TALUKA: VENGURLA, DISTRICT: SINDHUDURG"
260,"GOVERNMENT INDUSTRIAL TRAINING INSTITUTE, VITA, TALUKA: VITA (KHANAPUR), DISTRICT: SANGLI"
333,"GOVERNMENT INDUSTRIAL TRAINING INSTITUTE, WANI, TALUKA: WANI, DISTRICT: YAVATMAL"
173,"GOVERNMENT INDUSTRIAL TRAINING INSTITUTE, WARDHA, TALUKA: WARDHA, DISTRICT: WARDHA"
135,"GOVERNMENT INDUSTRIAL TRAINING INSTITUTE, WARORA, TALUKA: WARORA, DISTRICT: CHANDRAPUR"
303,"GOVERNMENT INDUSTRIAL TRAINING INSTITUTE, WARUD, TALUKA: WARUD, DISTRICT: AMRAVATI"
313,"GOVERNMENT INDUSTRIAL TRAINING INSTITUTE, WASHIM, TALUKA: WASHIM, DISTRICT: WASHIM"
332,"GOVERNMENT INDUSTRIAL TRAINING INSTITUTE, YAVATMAL, TALUKA: YAVATMAL, DISTRICT: YAVATMAL"
347,"GOVERNMENT INDUSTRIAL TRAINING INSTITUTE, ZARI-JAMANI, TALUKA: ZARI-JAMANI, DISTRICT: YAVATMAL"
963,"GOVIND PRIVATE INDUSTRIAL TRAINING INSTITUTE, NATEPUTE, TALUKA: MALSHIRAS, DISTRICT: SOLAPUR"
827,"GRAIMIN ADVANCE TALUKA:MAJALGAON PRIVATE INDUSTRIAL TRAINING INSTITUTE, DISTRICT:BEED"
805,GRAMIN ITI (PVT) MALAKOLI TALUKA:LOHA DISTRICT:NANDED PRIVATE INDUSTRIAL TRAINING INSTITUTE
549,"GRAMIN ITI (PVT) NEHRUNAGAR NAGALGAON TALUKA:KANDHAR PRIVATE INDUSTRIAL TRAINING INSTITUTE, DISTRICT:NANDED"
819,"GRAMIN POLYECHNIC'S PRIVATE INDUSTRIAL TRAINING INSTITUTE, DHARMAPURI, TALUKA: PARBHANI, DISTRICT: PARBHANI"
820,"GRAMIN POLYTECHNIC'S GRAMIN ITC PRIVATE INDUSTRIAL TRAINING INSTITUTE, VISHNUPURI TALUKA:NANDED DISTRICT:NANDED"
3086,"GRAMIN PRIVATE INDUSTRIAL TRAINING INSTITUTE, GHARNI, TALUKA: CHAKUR, DISTRICT: LATUR"
4013,"GRAMIN PRIVATE INDUSTRIAL TRAINING INSTITUTE, KANDHAR, TALUKA: KANDHAR, DISTRICT: NANDED"
3088,"GRAMIN PRIVATE INDUSTRIAL TRAINING INSTITUTE, SANGAM, TALUKA: PARLI, DISTRICT: BEED"
4014,"GRAMIN PRIVATE INDUSTRIAL TRAINING INSTITUTE, SARFRAJPUR, TALUKA: PALAM, DISTRICT: PARBHANI"
719,"GRAMIN VIKAS PRATISHTHAN KALAMB SANCHALIT PRIVATE INDUSTRIAL TRAINING INSTITUTE, KALAMB, TALUKA: INDAPUR, DISTRICT: PUNE"
401,"GRAMONNATI MANDAL'S ANNASAHEB NAWARE TANTRIK SHIKSHAN KENDRA PRIVATE INDUSTRIAL TRAINING INSTITUTE, NARAYANGAON, TALUKA: JUNNAR, DISTRICT: PUNE"
3049,"GURUKUL PRIVATE INDUSTRIAL TRAINING INSTITUTE, NAGRA,TAL: GONDIA, DIST:GONDIA"
1112,"GURUKUL PRIVATE INDUSTRIAL TRAINING INSTITUTE, NANDGAON, TALUKANANDGAON, DISTRICT:NASHIK"
3010,"GURUKUL PRIVATE INDUSTRIAL TRAINING INSTITUTE, TALUKA: KALMESHWAR,DISTRICT:NAGPUR"
3063,"GURUKUL PVT. ITI PRIVATE INDUSTRIAL TRAINING INSTITUTE, NAGRA, TALUKA:GONDIYA,DISTRICT: GONDIYA"
3013,"GURUKUL PVT. ITI TALUKA:LAKHANI PRIVATE INDUSTRIAL TRAINING INSTITUTE, DISTRICT- BHANDARA"
786,"GURUSAI PRIVATE INDUSTRIAL TRAINING INSTITUTE, CHANDRAPUR, TALUKA: CHANDRAPUR, DISTRICT: CHANDRAPUR"
4029,"H.&H.J.VAKIL MODEL SCHOOL TRUST'S PVT ITI PRIVATE INDUSTRIAL TRAINING INSTITUTE, TALUKA: DAHANU, DISTRICT: PALGHAR"
423,"H.S.GRACE FOUNDATION’S BETHESDA PRIVATE INDUSTRIAL TRAINING INSTITUTE, MIRAJ, TALUKA: MIRAJ, DISTRICT: SANGLI"
4025,"HA BHA PA SOPANKKA KELE PRIVATE INSDUTRIAL TRAINING INSTITUTE PRIVATE INDUSTRIAL TRAINING INSTITUTE, KELEWADI, TALUKA: WASHI, DISTRICT: DHARASHIV"
353,"HABIB TECHNICAL INSTITUTE PRIVATE INDUSTRIAL TRAINING INSTITUTE, DONGRI, TALUKA: MUMBAI CITY, DISTRICT: MUMBAI"
842,"HAJI MOHAMMED SAHEB THAKUR PRIVATE INDUSTRIAL TRAINING INSTITUTE, KARANJARI, TALUKA: SANGAMESHWAR, DISTRICT: RATNAGIRI"
3035,"HAMAD BEEN JASSIM PRIVATE INDUSTRIAL TRAINING INSTITUTE, DABHOL,TALUKA:DAPOLI, DISTRICT:RATNAGIRI"
926,"HARI OM PRIVATE INDUSTRIAL TRAINING INSTITUTE, CHALISGAON, TALUKA: CHALISGAON, DISTRICT: JALGAON"
998,"HARSH PRIVATE INDUSTRIAL TRAINING INSTITUTE, SUTALA BK, TALUKA: KHAMGAON, DISTRICT: BULDHANA"
568,"HAZRAT TAJBABA PRIVATE INDUSTRIAL TRAINING INSTITUTE, NAGPUR, TALUKA: NAGPUR URBAN, DISTRICT: NAGPUR"
515,"HINDI SEVA MANDAL’S SHRI. SANT GADGE BABA PRIVATE INDUSTRIAL TRAINING INSTITUTE, BHUSAWAL, TALUKA: BHUSAWAL, DISTRICT: JALGAON"
823,"HON. RATNAKARRAOJI GUTTE PRIVATE INDUSTRIAL TRAINING INSTITUTE, WADGAON, TALUKA: SONPETH, DISTRICT: PARBHANI"
575,"HUSNOOR PRIVATE INDUSTRIAL TRAINING INSTITUTE, BORGAON, TALUKA: NAGPUR URBAN, DISTRICT: NAGPUR"
3034,"INDALA BAPSAI KALYAN PRIVATE INDUSTRIAL TRAINING INSTITUTE, TALUKA:KALYAN, DISTRICT:THANE"
965,"INDIA SPONSORSHIP COMMITTEE L & T PUBLIC CHARITABLE TRUST SANCHALIT PRIVATE INDUSTRIAL TRAINING INSTITUTE, MAVAL, TALUKA: MAVAL, DISTRICT: PUNE"
1152,"INDIAN FIRE SERVICE ENGG & SAFETY MANAGEMENTS INDUSTRIAL TRAINING INSTITUTE PRIVATE INDUSTRIAL TRAINING INSTITUTE, KUMBHEPHAL,TALUKA:CHHATRAPATI SAMBHAJINAGAR,DISTRICT:CHHATRAPATI SAMBHAJINAGAR."
412,"INDIAN SOCIETY FOR SOCIAL ACTION'S PRIVATE INDUSTRIAL TRAINING INSTITUTE, GIRIM, TALUKA: DAUND, DISTRICT: PUNE"
909,"INDIAN SOCIETY FOR SOCIAL ACTION'S PRIVATE INDUSTRIAL TRAINING INSTITUTE, KASHTI, TALUKA: SHRIGONDA, DISTRICT: AHILYANAGAR"
891,"INDIRA PRIVATE INDUSTRIAL TRAINING INSTITUTE, DEWADA, TALUKA: CHANDRAPUR, DISTRICT: CHANDRAPUR"
762,"INDIRA PRIVATE INDUSTRIAL TRAINING INSTITUTE, TUKUM, TALUKA: CHANDRAPUR, DISTRICT: CHANDRAPUR"
930,"INDIRABAI LALWANI PRIVATE INDUSTRIAL TRAINING INSTITUTE, JAMNER, TALUKA: JAMNER, DISTRICT: JALGAON"
688,"INDUSTRIAL TRAINING INSTITUTE (PVT) AT/POST MALE TALUKA:MULSHI PRIVATE INDUSTRIAL TRAINING INSTITUTE, DISTRICT:PUNE"
1254,"INSTITUTE OF FIRE ENGINEERS PRIVATE ITI PRIVATE INDUSTRIAL TRAINING INSTITUTE, TALUKA: NAGPUR URBAN, DISTRICT: NAGPUR"
3052,"J.K. PRIVATE INDUSTRIAL TRAINING INSTITUTE, KOHAMARA, TAL: SADAK ARJUNI, DIST: GONDIA"
3068,"J.K. PVTT ITI PRIVATE INDUSTRIAL TRAINING INSTITUTE, KOHMARAR,TALUKA:SADAK ARJUNI,DISTRICT: GONDIYA"
544,"JAGDAMBA PRIVATE INDUSTRIAL TRAINING INSTITUTE, GEORAI, TALUKA: GEVRAI, DISTRICT: BEED"
3053,"JAI BHAGWAN PRIVATE INDUSTRIAL TRAINING INSTITUTE, VITAVA, TAL: THANE, DIST: THANE"
3060,"JAI BHAGWAN PRIVATE INDUSTRIAL TRAINING INSTITUTE, VITAWA, TALUKA: THANE, DISTRICT: THANE"
920,"JAI DURGA PRIVATE INDUSTRIAL TRAINING INSTITUTE, SHIRSOLI, TALUKA: JALGAON, DISTRICT: JALGAON"
929,"JAI HANUMAN BAHU-UDDESHIYA SEVA SANSTHA SANCHALIT PRIVATE INDUSTRIAL TRAINING INSTITUTE, BHUSAWAL, TALUKA: BHUSAWAL, DISTRICT: JALGAON"
3091,"JAIHIND PRIVATE INDUSTRIAL TRAINING INSTITUTE, KURAN, TALUKA: JUNNAR, DISTRICT: PUNE"
813,"JAIN PRIVATE INDUSTRIAL TRAINING INSTITUTE, ELLORA, TALUKA: KHULTABAD, DISTRICT: CHHATRAPATI SAMBHAJINAGAR"
795,"JAINUDDIN ZAWERI PRIVATE INDUSTRIAL TRAINING INSTITUTE, BAMNI, TALUKA: BALLARPUR, DISTRICT: CHANDRAPUR"
477,"JAMIA PRIVATE INDUSTRIAL TRAINING INSTITUTE, NANDURBAR, TALUKA: AKKALKUWA, DISTRICT: NANDURBAR"
780,"JAMNALAL BAJAJ PRIVATE INDUSTRIAL TRAINING INSTITUTE, MEGHE, TALUKA: WARDHA, DISTRICT: WARDHA"
755,"JANATA SHIKSHAN MANDAL PRIVATE INDUSTRIAL TRAINING INSTITUTE, ARJUNNAGAR, TALUKA:KAGAL,DISTRICT: KOLHAPUR"
939,"JAY SHIVARAY EDUCATION SOCIETY MURGUD'S PRIVATE INDUSTRIAL TRAINING INSTITUTE, SADASHIVNAGAR, (HAMIDWADA)TALUKA: KAGAL, DISTRICT: KOLHAPUR"
4032,"JAYDEEP PRIVATE ITI DEGOAN PRIVATE INDUSTRIAL TRAINING INSTITUTE, TALUKA: SINDKHEDA, DISTRICT: DHULE"
793,"JEEVAN VIKAS PRIVATE INDUSTRIAL TRAINING INSTITUTE, THUGAONDEO, TALUKA: NARKHED, DISTRICT: NAGPUR"
525,"JIJAMATA PRIVATE INDUSTRIAL TRAINING INSTITUTE, BHENDE, TALUKA: NEWASA, DISTRICT: AHILYANAGAR"
915,"JIJAMATA PRIVATE INDUSTRIAL TRAINING INSTITUTE, SHEVGAON, TALUKA: SHEVGAON, DISTRICT: AHILYANAGAR"
911,"JIJAU SHAISHNIK AND BAHUUDDSHIA PRIVATE INDUSTRIAL TRAINING INSTITUTE, TAKARKHEDE, TALUKA: AMALNER, DISTRICT: JALGAON"
351,"JOSEPH CARDIJN TECHNICAL PRIVATE INDUSTRIAL TRAINING INSTITUTE, DADAR (EAST), TALUKA: MUMBAI CITY, DISTRICT: MUMBAI"
442,"K V N NAIK SHIKSHAN PRASARAK SANSTHA SANCHALIT PRIVATE INDUSTRIAL TRAINING INSTITUTE, NASHIK, TALUKA: NASHIK, DISTRICT: NASHIK"
899,"K.C.RONGHE PRIVATE INDUSTRIAL TRAINING INSTITUTE, HINGANGHAT, TALUKA: HINGANGHAT, DISTRICT: WARDHA"
610,"K.J. SOMAIYA PRIVATE INDUSTRIAL TRAINING INSTITUTE, VIDYAVIHAR, TALUKA: KURLA, DISTRICT: MUMBAI SUBURBAN"
951,"KADAMBARI PRIVATE INDUSTRIAL TRAINING INSTITUTE, ,PIMPALE TARF THANE, TALUKA: PANHALA, DISTRICT: KOLHAPUR"
1273,"KAI BAPUSAHEB B M PATIL PRIVATE INDUSTRIAL TRAINING INSTITUTE, MUKTI, TALUKA: DHULE, DISTRICT: DHULE"
4017,"KALAWATIBAI CHAVAN PRIVATE INSDUTRIAL TRAINING INSTITUTE PRIVATE INDUSTRIAL TRAINING INSTITUTE, LALWADI, TALUKA: NAIGAON, DISTRICT: NANDED"
1262,"KAMLABAI VAIDYA PRIVATE INDUSTRIAL TRAINING INSTITUTE, TALUKA: NAGPUR, DISTRICT: NAGPUR"
744,"KARAM PRIVATE INDUSTRIAL TRAINING INSTITUTE, CHIKHLI, TALUKA: CHIKHALI, DISTRICT: BULDHANA"
804,"KARI SIDDIQUE BANDHVI PRIVATE INDUSTRIAL TRAINING INSTITUTE, MAJALGAON, TALUKA: MAJALGAON, DISTRICT: BEED"
3081,"KARMAVEER BHAURAO PATIL SHIKSHAN SANSTHA'S COL. YASHWANTRAO RENUSE PRIVATE INDUSTRIAL TRAINING INSTITUTE, KIKAVI, TALUKA:BHOR, DISTRICT:PUNE"
794,"KARMAVEER KANNAMWAR PRIVATE INDUSTRIAL TRAINING INSTITUTE, CHANDRAPUR, TALUKA: CHANDRAPUR, DISTRICT: CHANDRAPUR"
427,"KARMAVEER LOHOKARE GURUJI PRIVATE INDUSTRIAL TRAINING INSTITUTE, GAUDGAON, TALUKA: BARSHI, DISTRICT: SOLAPUR"
3004,"KARMAVEER N M GADSINGH (GURUJI) PRIVATE INDUSTRIAL TRAINING INSTITUTE, MALEGAON, TALUKA:BARSHI, DISTRICT:SOLAPUR"
369,"KELVA MAHIM PRIVATE INDUSTRIAL TRAINING INSTITUTE, MAHIM, TALUKA: PALGHAR, DISTRICT: PALGHAR"
590,"KESHAORAO PAWAR PRIVATE INDUSTRIAL TRAINING INSTITUTE, ANGEWADA, TALUKA: SAONER, DISTRICT: NAGPUR"
745,"KESHVARO MEANEKAR PRIVATE INDUSTRIAL TRAINING INSTITUTE, JARUD, TALUKA: WARUD, DISTRICT: AMRAVATI"
567,"KHADIJA BAI PRIVATE INDUSTRIAL TRAINING INSTITUTE, NAGPUR, TALUKA: NAGPUR URBAN, DISTRICT: NAGPUR"
1111,"KHANDESH PRIVATE INDUSTRIAL TRAINING INSTITUTE, TAL-CHALISGAON, DIST-JALGAON"
1263,"KIRAN PRIVATE INDUSTRIAL TRAINING INSTITUTE, TALUKA: NAGPUR(URBAN), DISTRICT: NAGPUR"
611,"KISAN VIDYA PRASARAK MANDAL’S PRIVATE INDUSTRIAL TRAINING INSTITUTE, SHIRPUR, TALUKA: SHIRPUR, DISTRICT: DHULE"
370,"KOKAN EDUCATION & MEDICAL TRUST'S PRIVATE INDUSTRIAL TRAINING INSTITUTE, SAPHALE, TALUKA: PALGHAR, DISTRICT: PALGHAR"
879,"KOTHALE PRIVATE INDUSTRIAL TRAINING INSTITUTE, DAHEGAON, TALUKA: SAONER, DISTRICT: NAGPUR"
975,"KOYNA SHIKSHAN SANSHTA SANCHALIT VIKRAMSINH RANJITSINH PATANKAR PRIVATE INDUSTRIAL TRAINING INSTITUTE, DHEBEWADI, TALUKA: PATAN, DISTRICT: SATARA"
397,"KRISHI VIKAS PRATISHTHAN SHARDABAI PAWAR PRIVATE INDUSTRIAL TRAINING INSTITUTE, SHARDANAGAR, TALUKA: BARAMATI, DISTRICT: PUNE"
4035,"KUMSS PRIVATE INDUSTRIAL TRAINING INSTITUTE, A/P-KARHATI, TAL-BARAMATI, DIST-PUNE. 412204., MAHARASHTRA"
856,"KUTEMATES PRIVATE INDUSTRIAL TRAINING INSTITUTE, TALUKA: BHADRAWATI, DISTRICT: CHANDRAPUR"
3019,"L.H.PATIL PRIVATE INDUSTRIAL INSTITUTE PRIVATE INDUSTRIAL TRAINING INSTITUTE, AT RAMDEO WADI, POST WAWADADA, TALUKA: JALGAON, DISTRICT: JALGAON"
927,"LAKSHYA EDUCATION SOCIETY PRIVATE INDUSTRIAL TRAINING INSTITUTE, KEDGAON, TAL: NAGAR, DIST: AHMEDNAGAR"
364,"LALJI MEHROTRA TECHNICAL INSTITUTE PRIVATE INDUSTRIAL TRAINING INSTITUTE, JOGESHWARI (EAST), TALUKA: BORIVALI, DISTRICT: MUMBAI SUBURBAN"
767,"LAT. P. B. SONEKAR PRIVATE INDUSTRIAL TRAINING INSTITUTE, MAHADULA, TALUKA: NAGPUR URBAN, DISTRICT: NAGPUR"
3014,"LATE AJAY PARDHI MEMO(PVT.) PRIVATE INDUSTRIAL TRAINING INSTITUTE, TALUKA: TUMSAR, DISTRICT:BHANDARA"
990,"LATE ANANDRAO DADASAHEB PATIL KOULAVKAR PRIVATE INDUSTRIAL TRAINING INSTITUTE, KOULAV, TALUKA: RADHANAGARI, DISTRICT: KOLHAPUR"
727,"LATE ANNASAHEB BHAURAO JADHAV PRIVATE INDUSTRIAL TRAINING INSTITUTE, PANTONDA, TALUKA: CHALISGAON, DISTRICT: JALGAON"
2292,"LATE BHASKARRAO DHOTE PVT. INDUSTRIAL TRAINING INSTITUTE PRIVATE INDUSTRIAL TRAINING INSTITUTE, TALUKA:MOHPA, DISTRICT:NAGPUR"
3007,"LATE BHASKARRAO DHOTHE PRIVATE INDUSTRIAL TRAINING INSTITUTE, MOHAPA, TAL: KALMESHWAR, DIST: NAGPUR"
455,"LATE BHAUSAHEB HIRE SMARNIKA TRUST PRIVATE INDUSTRIAL TRAINING INSTITUTE, BHAYGAON, TALUKA: MALEGAON, DISTRICT: NASHIK"
586,"LATE DEORAOJI ITANKAR PRIVATE INDUSTRIAL TRAINING INSTITUTE, UMRED, TALUKA: UMRED, DISTRICT: NAGPUR"
492,"LATE G. S. VARADE PRIVATE INDUSTRIAL TRAINING INSTITUTE, MUKTAINAGAR, TALUKA: MUKTAINAGAR, DISTRICT: JALGAON"
882,"LATE GANGADHARRAO KORDE PRIVATE INDUSTRIAL TRAINING INSTITUTE, PITHORI, TALUKA: NARKHED, DISTRICT: NAGPUR"
605,"LATE JAGANNATH JOGI PRIVATE INDUSTRIAL TRAINING INSTITUTE, GHUGUS, TALUKA: CHANDRAPUR, DISTRICT: CHANDRAPUR"
3038,"LATE JASUAAI BAHUDDESHIYA SANSTHA SANCHALIT HOLNATHE PRIVATE INDUSTRIAL TRAINING INSTITUTE, TALUKA: SHIRPUR, DISTRICT: DHULE"
578,"LATE LAXMANRAO VASTAD (USKELWAR) PRIVATE INDUSTRIAL TRAINING INSTITUTE, MHALGI NAGAR, TALUKA: NAGPUR RURAL, DISTRICT: NAGPUR"
580,"LATE MAHADEVRAO MAHALLE PRIVATE INDUSTRIAL TRAINING INSTITUTE, NAGPUR, TALUKA: NAGPUR URBAN, DISTRICT: NAGPUR"
509,"LATE MANDODARI KHALANE PRIVATE INDUSTRIAL TRAINING INSTITUTE, CHALISGAON, TALUKA: CHALISGAON, DISTRICT: JALGAON"
1287,"LATE RAJU BHADADE PVT. ITI PRIVATE INDUSTRIAL TRAINING INSTITUTE, TALUKA:DANDEGAON, DISTRICT:GONDIYA"
747,"LATE SAU MEENATAI JADHAO PRIVATE INDUSTRIAL TRAINING INSTITUTE, SHELGAON,TALUKA.SHEGAON DISTRICT: BULDHANA"
862,"LATE SEVAKRAM PARDHI PRIVATE INDUSTRIAL TRAINING INSTITUTE, HARDOLI, TALUKA: TUMSAR, DISTRICT: BHANDARA"
3006,"LATE SHANKARRAO KALE SMRUTI PRIVATE INDUSTRIAL TRAINING INSTITUTE, TALUKA: KALMESHWAR, DISTRICT: NAGPUR"
861,"LATE SHANTABAI KAREMORE PRIVATE INDUSTRIAL TRAINING INSTITUTE, TUMSAR, TALUKA: TUMSAR, DISTRICT: BHANDARA"
766,"LATE TULSHIRAMJI TITIRMARE MEMORIAL PRIVATE INDUSTRIAL TRAINING INSTITUTE, MOHADI, TALUKA: MOHADI, DISTRICT: BHANDARA"
582,"LATE WAMANRAO BHURE PRIVATE INDUSTRIAL TRAINING INSTITUTE, KOHLI, TALUKA: KALAMESHWAR, DISTRICT: NAGPUR"
435,"LATTHE EDUCATION SOCIETY’S JAYSINGPUR PRIVATE INDUSTRIAL TRAINING INSTITUTE, JAYSINGPUR, TALUKA: SHIROL, DISTRICT: KOLHAPUR"
955,"LOKMANGAL PRIVATE INDUSTRIAL TRAINING INSTITUTE, SOLAPUR, TALUKA: SOLAPUR NORTH, DISTRICT: SOLAPUR"
935,"LOKMANGAL PRIVATE INDUSTRIAL TRAINING INSTITUTE, WADALA, TALUKA: SOLAPUR NORTH, DISTRICT: SOLAPUR"
982,"LOKNETE HON.HANMANTRAO PATIL CHARITABLE TRUST’S ADARSH PRIVATE INDUSTRIAL TRAINING INSTITUTE, VITA, TALUKA: VITA (KHANAPUR), DISTRICT: SANGLI"
1103,"LOKPANCHAYAT RURAL TECHNICAL TRAINING INSTITUTES PRIVATE INDUSTRIAL TRAINING INSTITUTE, TALUKA: SANGAMNER, DISTRICT: AHILYANAGAR"
1276,"M D MANE PRIVATE INDUSTRIAL TRAINING INSTITUTE, MANEGAON, TALUKA:PATAN, DISTRICT:SATARA"
3045,"MAA BHAVANI PVT. INDUSTRIAL TRAINING INSTITUTE PRIVATE INDUSTRIAL TRAINING INSTITUTE, TALUKA:BHADRAWATI, DISTRICT: CHANDRAPUR"
3044,"MACKROON PRIVATE INDUSTRIAL TRAINING INSTITUTE, WANI,TALUKA: WANI, DISTRICT: YAVATMAL"
962,"MADHUKAR MANE PRIVATE INDUSTRIAL TRAINING INSTITUTE, BAIRAGWADI, TALUKA: MADHA, DISTRICT: SOLAPUR"
3024,"MAHAJAN PRIVATE INDUSTRIAL TRAINING INSTITUTE, RAVER,TALUKA:RAVER,DISTRICT:JALGAON"
717,"MAHALAXMI PRIVATE INDUSTRIAL TRAINING INSTITUTE, PETH, TALUKA: WALWA, DISTRICT: SANGLI"
3032,"MAHARAJA PRIVATE INDUSTRIAL TRAINING INSTITUTE, SURVEY NO.115/B-1, OLD AKLUJ RD, NR. WATER HOUSE, AT.PO. PANDHARPUR, TALUKA:PANDHARPUR, DISTRICT: SOLAPUR"
853,"MAHARASHTRA PRIVATE INDUSTRIAL TRAINING CENTER PRIVATE INDUSTRIAL TRAINING INSTITUTE, BETALA, TALUKA: BRAMHAPURI, DISTRICT: CHANDRAPUR"
443,"MAHARASHTRA SAMAJ SEVA SANGH SANCHALIT PRIVATE INDUSTRIAL TRAINING INSTITUTE, NASHIK, TALUKA: NASHIK, DISTRICT: NASHIK"
446,"MAHARASHTRA SHETKARI SEVA MANDAL'S PRIVATE INDUSTRIAL TRAINING INSTITUTE, MANMAD, TALUKA: NANDGAON, DISTRICT: NASHIK"
431,"MAHATMA JOTIRAO PHULE PRIVATE INDUSTRIAL TRAINING INSTITUTE, SHAHUNAGAR, TALUKA: KARVEER, DISTRICT: KOLHAPUR"
581,"MAHATMA PHULE PRIVATE INDUSTRIAL TRAINING INSTITUTE, PARSODI, TALUKA: NAGPUR RURAL, DISTRICT: NAGPUR"
972,"MAJOR ANANDRAO GHATGE PRIVATE INDUSTRIAL TRAINING INSTITUTE, VHANALI, TALUKA: KAGAL, DISTRICT: KOLHAPUR"
3096,"MANAV PRIVATE INDUSTRIAL TRAINING INSTITUTE, VYALA, TALUKA: BALAPUR, DISTRICT: AKOLA"
1153,"MARATHWADA PRIVATE INDUSTRIAL TRAINING INSTITUTE, N-4, CIDCO, TALUKA:CHHATRAPATI SAMBHAJINAGAR,DISTRICT:CHHATRAPATI SAMBHAJINAGAR."
426,"MARATHWADA PRIVATE INDUSTRIAL TRAINING INSTITUTE, TALE HIPPARGA, TALUKA: SOLAPUR NORTH, DISTRICT: SOLAPUR"
852,"MAROTRAO BANSOD PRIVATE INDUSTRIAL TRAINING INSTITUTE, BRAMHAPURI, TALUKA: BRAMHAPURI, DISTRICT: CHANDRAPUR"
865,"MATA MAHAKALI PRIVATE INDUSTRIAL TRAINING INSTITUTE, WARORA, TALUKA: WARORA, DISTRICT: CHANDRAPUR"
888,"MATOSHRI MANGLA UMATHE PRIVATE INDUSTRIAL TRAINING INSTITUTE, JALALKHEDA, TALUKA: NARKHED, DISTRICT: NAGPUR"
907,"MATOSHRI PRIVATE INDUSTRIAL TRAINING INSTITUTE, BABHULGAON, TALUKA: YEOLA, DISTRICT: NASHIK"
901,"MAULANA ABULKALAM AZAD PRIVATE INDUSTRIAL TRAINING INSTITUTE, BARABABHLI, TALUKA: NAGAR, DISTRICT: AHILYANAGAR"
3011,"MAULI PVT. INDUSTRIAL TRAINING INSTITUTE PRIVATE INDUSTRIAL TRAINING INSTITUTE, GIROLA/ KARDHA, TAH & DIST- BHANDARA"
1251,"MEGH SAI (PVT) INDUSTRIAL TRAINING INSTITUTE PRIVATE INDUSTRIAL TRAINING INSTITUTE, TALUKA:NAGPUR, DISTRICT:NAGPUR"
1282,"MINING PRIVATE INDUSTRIAL TRAINING INSTITUTE, TUDAKA,TALUKA:TUMSAR, DISTRICTBHANDARA"
925,"MODERN PRIVATE INDUSTRIAL TRAINING INSTITUTE, CHALISGAON, TALUKA: CHALISGAON, DISTRICT: JALGAON"
600,"MONTFORT PRIVATE INDUSTRIAL TRAINING INSTITUTE, BALLARPUR, TALUKA: BALLARPUR, DISTRICT: CHANDRAPUR"
808,"MOTHER KANCHAN PRIVATE INDUSTRIAL TRAINING INSTITUTE, DHARASHIV, TALUKA: DHARASHIV, DISTRICT: DHARASHIV"
775,"MOUDA PRIVATE INDUSTRIAL TRAINING INSTITUTE, MOUDA, TALUKA: MOUDA, DISTRICT: NAGPUR"
1256,"MUKTABAI BHOYAR PRIVATE INDUSTRIAL TRAINING INSTITUTE, TALUKA:KAMPTEE, DISTRICT:NAGPUR"
4023,"MUKUNDRAJ SWAMI PRIVATE INSDUTRIAL TRAINING INSTITUTE PRIVATE INDUSTRIAL TRAINING INSTITUTE, PACHKHEDI, TALUKA: KUHI, DISTRICT: NAGPUR"
788,"MULTISKILL PRIVATE INDUSTRIAL TRAINING INSTITUTE, VIHIRGAON, TALUKA: NAGPUR RURAL, DISTRICT: NAGPUR"
702,"MUSLIM SAMAJ PRABODHAN SANSTHA'S PRIVATE INDUSTRIAL TRAINING INSTITUTE, HADAPSAR, TALUKA: PUNE CITY / HAVELI, DISTRICT: PUNE"
971,"MY MOTHER'S EDUCATION SOCIETY SANCHALIT PRIVATE INDUSTRIAL TRAINING INSTITUTE, JAYSINGPUR, TALUKA: SHIROL, DISTRICT: KOLHAPUR"
456,"N.D.M.V.P. SAMAJ'S PRIVATE INDUSTRIAL TRAINING INSTITUTE, MALEGAON, TALUKA: MALEGAON, DISTRICT: NASHIK"
459,"N.D.M.V.P. SAMAJ'S PRIVATE INDUSTRIAL TRAINING INSTITUTE, MOHADI, TALUKA: DINDORI, DISTRICT: NASHIK"
448,"N.D.M.V.P. SAMAJ'S PRIVATE INDUSTRIAL TRAINING INSTITUTE, NANDGAON, TALUKA: NANDGAON, DISTRICT: NASHIK"
468,"N.D.M.V.P. SAMAJ'S PRIVATE INDUSTRIAL TRAINING INSTITUTE, SATANA, TALUKA: BAGLAN (SATANA), DISTRICT: NASHIK"
4022,"NAGNATHAPPA HALGE PRIVATE INSDUTRIAL TRAINING INSTITUTE PRIVATE INDUSTRIAL TRAINING INSTITUTE, PARLI VAIJANATH, TALUKA: PARLI, DISTRICT: BEED"
992,"NALANDA PRIVATE INDUSTRIAL TRAINING INSTITUTE, MOGRA, TALUKA: AMRAVATI, DISTRICT: AMRAVATI"
407,"NAMDEORAO MOHOL VIDYA & KRIDA PRATISHTHAN PRIVATE INDUSTRIAL TRAINING INSTITUTE, PIRANGUT, TALUKA: MULSHI, DISTRICT: PUNE"
429,"NANDKISHOR JAGDALE PRIVATE INDUSTRIAL TRAINING INSTITUTE, CHIKHALI, TALUKA: PUNE CITY / HAVELI, DISTRICT: PUNE"
1255,"NARKHED PVT. INDUSTRIAL TRAINING INSTITUTE PRIVATE INDUSTRIAL TRAINING INSTITUTE, TALUKA:NARKHED, DISTRICT:NAGPUR"
464,"NASHIK DISTRICT MARATHA VIDYA PRASARAK SAMAJ PRIVATE INDUSTRIAL TRAINING INSTITUTE, SINNAR, TALUKA: SINNAR, DISTRICT: NASHIK"
452,"NASHIK DISTRICT MARATHA VIDYA PRASARAK SAMAJ’S PRIVATE INDUSTRIAL TRAINING INSTITUTE, PIMPLAS, TALUKA: NIPHAD, DISTRICT: NASHIK"
440,"NASHIK DISTRICT MARATHA VIDYA PRASARAK SAMAJ’S PRIVATE INDUSTRIAL TRAINING INSTITUTE, TALUKA: NASHIK, DISTRICT: NASHIK"
4005,"NASHIK PRIVATE INDUSTRIAL TRAINING INSTITUTE, VILHOLI, TALUKA:NASHIK, DISTRICT:NASHIK"
721,"NASHIK SHIKSHAN PRASARAK MANDAL'S PRIVATE INDUSTRIAL TRAINING INSTITUTE, NASHIK, TALUKA: NASHIK, DISTRICT: NASHIK"
722,"NASHIK SHIKSHAN PRASARAK MANDAL'S PRIVATE INDUSTRIAL TRAINING INSTITUTE, SINNAR, TALUKA: SINNAR, DISTRICT: NASHIK"
469,"NASIK DIST MARATHA VIDYAPRASARAK SAMAJ PRIVATE INDUSTRIAL TRAINING INSTITUTE, TAHARABAD, TAL: SATANA, DIST: NASHIK"
547,"NATIONAL PRIVATE INDUSTRIAL TRAINING INSTITUTE, SHIVJAJI NAGAR, TALUKA: NANDED, DISTRICT: NANDED"
505,"NAVALBHAU PRATISHTAN’S PRIVATE INDUSTRIAL TRAINING INSTITUTE, AMALNER, TALUKA: AMALNER, DISTRICT: JALGAON"
3029,"NAVJEEVAN PRIVATE INDUSTRIAL TRAINING INSTITUTE, NANDUR SHINGOTE, TAL-SINNAR, DISTRICT NASHIK"
1151,"NAVNATH PRIVATE INDUSTRIAL TRAINING INSTITUTE, LAMJANA,TALUKA: AUSA, DISTRICT: LATUR"
577,"NAVNATH PRIVATE INDUSTRIAL TRAINING INSTITUTE, NAGPUR, TALUKA: NAGPUR URBAN, DISTRICT: NAGPUR"
508,"NAVYUVAK SAMAJIK & SHAIKSHNIK SANTHA SACHALIT SHRI RAMCHANDRA KISHAN MAHAJAN PRIVATE INDUSTRIAL TRAINING INSTITUTE, PILKHOD, TALUKA: CHALISGAON, DISTRICT: JALGAON"
500,"NAVYUVAK VIDYA PRASARAK MANDAL SANCHALIT SAU. J. S. BHAGALE PRIVATE INDUSTRIAL TRAINING INSTITUTE, DAMBHURNI, TALUKA: YAWAL, DISTRICT: JALGAON"
878,"NAZARA PRIVATE INDUSTRIAL TRAINING INSTITUTE, CHANKAPUR, TALUKA: SAONER, DISTRICT: NAGPUR"
585,"NETAI PRIVATE INDUSTRIAL TRAINING INSTITUTE, KHAT, TALUKA: MOUDA, DISTRICT: NAGPUR"
749,"NEW CITIZEN PRIVATE INDUSTRIAL TRAINING INSTITUTE, TALUKA:BULDHANA,DISTRICT:BULDHANA"
700,"NEW SATARA PRIVATE INDUSTRIAL TRAINING INSTITUTE, PANDHARPUR, TALUKA: PANDHARPUR, DISTRICT: SOLAPUR"
1265,"NEW TULSI PRIVATE INDUSTRIAL TRAINING INSTITUTE, TALUKA: TUMSAR, DISTRICT: BHANDARA"
851,"NILKANTHRAO SHINDE PRIVATE INDUSTRIAL TRAINING INSTITUTE, BHADRAWATI, TALUKA: BHADRAWATI, DISTRICT: CHANDRAPUR"
450,"NIPHAD TALUKA EDUCATION SOCIETY'S PRIVATE INDUSTRIAL TRAINING INSTITUTE, PIMPALGAON, TALUKA: NIPHAD, DISTRICT: NASHIK"
894,"NIT PRIVATE INDUSTRIAL TRAINING INSTITUTE, MAHURZARI, TALUKA: NAGPUR RURAL, DISTRICT: NAGPUR"
3075,"NORTH MAHARASHTRA KNOWLEDGE CITY PRIVATE INDUSTRIAL TRAINING INSTITUTE, BHAMBORI, TAL DHARANGAON, DIST JALGAON"
928,"NUTAN PRIVATE INDUSTRIAL TRAINING INSTITUTE, CHINAWAL, TALUKA: RAVER, DISTRICT: JALGAON"
591,"OM VISHWAKARMA PRIVATE INDUSTRIAL TRAINING INSTITUTE, SAWANGI MEGHE, TALUKA: WARDHA, DISTRICT: WARDHA"
720,"ORIENTAL EDUCATION SOCIETY PRIVATE INDUSTRIAL TRAINING INSTITUTE, GAUDDARA, TALUKA: PUNE CITY / HAVELI, DISTRICT: PUNE"
3073,"PADMABHUSHAN DR. VASANTRAODADA PATIL PRIVATE INDUSTRIAL TRAINING INSTITUTE, ICHALKARANJI, TALUKA: HATKANANGLE, DISTRICT: KOLHAPUR"
696,"PANDURANG BHOSALE PRIVATE INDUSTRIAL TRAINING INSTITUTE, CHAFE, TALUKA: RATNAGIRI, DISTRICT: RATNAGIRI"
943,"PANDURANG PATIL PRIVATE INDUSTRIAL TRAINING INSTITUTE, SAVARDE BK, TALUKA: KAGAL, DISTRICT: KOLHAPUR"
858,"PARAMOUNT ITI PRIVATE INDUSTRIAL TRAINING INSTITUTE, TALUKA: CHANDRAPUR, DISTRICT: CHANDRAPUR"
873,"PARSHURAM PRIVATE INDUSTRIAL TRAINING INSTITUTE, KORADI, TALUKA: NAGPUR RURAL, DISTRICT: NAGPUR"
701,"PARVATI PRIVATE INDUSTRIAL TRAINING INSTITUTE, MANDRUP, TALUKA: SOLAPUR SOUTH, DISTRICT: SOLAPUR"
961,"PARVATI TAD PRIVATE INDUSTRIAL TRAINING INSTITUTE, MANGALWEDHA, TALUKA: MANGALWEDHA, DISTRICT: SOLAPUR"
3051,"PAVANRAJE NIMBALKAR PRIVATE INDUSTRIAL TRAINING INSTITUTE, GOVARDHANVADI, TALUKA: DHARASHIV, DISTRICT: DHARASHIV"
815,"PAWANRAJE NIMBALKAR PRIVATE INDUSTRIAL TRAINING INSTITUTE, DHOKI, TALUKA: DHARASHIV, DISTRICT: DHARASHIV"
756,"PHULGAON SHRI SHIKSHAN PRASARAK MANDAL (ITI) PRIVATE INDUSTRIAL TRAINING INSTITUTE, PHULGAON,TALUKA: PUNE CITY / HAVELI, DISTRICT: PUNE"
994,"PIMPLOD EDUCATION SOCIETY PIMPLOD PRIVATE INDUSTRIAL TRAINING INSTITUTE, BABHALI, TALUKA: DARYAPUR, DISTRICT: AMRAVATI"
392,"PIMPRI CHINCHWAD MUNICIPAL CORPORATION PRIVATE INDUSTRIAL TRAINING INSTITUTE, MORWADI, TALUKA: PUNE CITY / HAVELI, DISTRICT: PUNE"
394,"PIMPRI-CHINCHWAD MUNICIPAL CORPORATION (WOMAN) PRIVATE INDUSTRIAL TRAINING INSTITUTE, KASARWADI, TALUKA: PUNE CITY / HAVELI, DISTRICT: PUNE"
478,"POOJYA SANE GURUJI VIDYA PRASARAK MANDAL'S PRIVATE INDUSTRIAL TRAINING INSTITUTE, SHAHADA, TALUKA: SHAHADA, DISTRICT: NANDURBAR"
869,"POWARA PRIVATE INDUSTRIAL TRAINING INSTITUTE, BHOJAPUR, TALUKA: BHANDARA, DISTRICT: BHANDARA"
743,"PRABHAKARRAO GHEWARE PRIVATE INDUSTRIAL TRAINING INSTITUTE, WADHONA, TALUKA: NANDGAON KHANDESHWAR, DISTRICT: AMRAVATI"
3040,"PRAGATIK PRIVATE INDUSTRIAL TRAINING INSTITUTE, BAMNOD, TALUKA:YAWAL, DISTRICT: JALGAON"
498,"PRAKASH MANDAL'S PRIVATE INDUSTRIAL TRAINING INSTITUTE, SANGVI, TALUKA: YAWAL, DISTRICT: JALGAON"
589,"PRAKASH PRIVATE INDUSTRIAL TRAINING INSTITUTE, WADI, TALUKA: NAGPUR URBAN, DISTRICT: NAGPUR"
789,"PRAKASHBHAU UMATHE PRIVATE INDUSTRIAL TRAINING INSTITUTE, BHANDARA, TALUKA: BHANDARA, DISTRICT: BHANDARA"
607,"PRIYADARSHINI PRIVATE INDUSTRIAL TRAINING INSTITUTE, BHADRAWATI, TALUKA: BHADRAWATI, DISTRICT: CHANDRAPUR"
742,"PUNDALIK MAHARAJ PRIVATE INDUSTRIAL TRAINING INSTITUTE, ROSHANKHEDA, TALUKA: WARUD, DISTRICT: AMRAVATI"
415,"PURANDHAR SHIKSHAN PRASARAK MANDAL'S PRIVATE INDUSTRIAL TRAINING INSTITUTE, WAGHAPUR, TALUKA: PURANDAR, DISTRICT: PUNE"
1252,"PYARELAL (PRIVATE) INDUSTRIAL TRAINING INSTITUTE PRIVATE INDUSTRIAL TRAINING INSTITUTE, DAWADIPAR(BZ),TALUKA: BHANDARA,DISTRICT: BHANDARAR"
389,"QUEEN MARY PRIVATE INDUSTRIAL TRAINING INSTITUTE, KHADKI, TALUKA: PUNE CITY / HAVELI, DISTRICT: PUNE"
3097,"R O NIKAM PRIVATE INDUSTRIAL TRAINING INSTITUTE, GONDUR, TALUKA:DHULE, DISTRICT:DHULE"
893,"R. M. PRIVATE INDUSTRIAL TRAINING INSTITUTE, KHAPA, TALUKA: TUMSAR, DISTRICT: BHANDARA"
1281,"R.B.JAISWAL PRIVATE INDUSTRIAL TRAINING INSTITUTE, AT-BELA,TALUKA:BHANDARA,DISTRICT:BHANDARA"
3055,"RABBANI PRIVATE INDUSTRIAL TRAINING INSTITUTE, TALUKA:KAMPTEE, DISTRICT:NAGPUR"
797,"RADHIKATAI PANDAV PRIVATE INDUSTRIAL TRAINING INSTITUTE, BESA, TALUKA: NAGPUR URBAN, DISTRICT: NAGPUR"
934,"RAJARAMBAPU PATIL PRIVATE INDUSTRIAL TRAINING INSTITUTE, SAKHARALE, TALUKA: WALWA, DISTRICT: SANGLI"
3031,"RAJARAMBAPU PRIVATE INDUSTRIAL TRAINING INSTITUTE, LOHGAON, TAL: HAVELI, DIST: PUNE"
691,"RAJARAMBAPU PRIVATE INDUSTRIAL TRAINING INSTITUTE, SANGLI, TALUKA: MIRAJ, DISTRICT: SANGLI"
964,"RAJARSHI SHAHU VISWAVIDYALAYA'S PRIVATE INDUSTRIAL TRAINING INSTITUTE, CHINCHWAD, TALUKA: PUNE CITY / HAVELI, DISTRICT: PUNE"
1270,"RAJASHRI SHAHU PRIVATE INDUSTRIAL TRAINING INSTITUTE, BAMBHORI, TALUKA:DHARANGAON, DIST JALGAON"
3080,"RAJE PRATISHTHAN SANCHALIT MAYURESHWAR PRIVATE INDUSTRIAL TRAINING INSTITUTE, KHANDUKHAIREWADI,SUPE, TALUKA: BARAMATI, DISTRICT: PUNE"
579,"RAJEEV GANDHI PRIVATE INDUSTRIAL TRAINING INSTITUTE, GANDHI NAGAR, TALUKA: NAGPUR URBAN, DISTRICT: NAGPUR"
3042,"RAJEEV GANDHI PRIVATE INDUSTRIAL TRAINING INSTITUTE, JALKOT ROAD, TALUKA:UDGIR, DISTRICT: LATUR"
864,"RAJIV GANDHI PRIVATE INDUSTRIAL TRAINING INSTITUTE, TIRORA, TALUKA: TIRODA, DISTRICT: GONDIA"
3092,"RAJLAXMI PRIVATE INDUSTRIAL TRAINING INSTITUTE, MADADGAON, TAKLI KAZI,TALUKA:NAGAR,DISTRICT: AHILYANAGAR"
695,"RAJMATA PRIVATE INDUSTRIAL TRAINING INSTITUTE, KHANAPUR, TALUKA: BHUDARGAD, DISTRICT: KOLHAPUR"
846,"RAMAVTAR SURAJMAL MODI INDUSTRIAL TRAINING INSTITUTE PRIVATE INDUSTRIAL TRAINING INSTITUTE, TALUKA:TALASARI, DISTRICT: PALGHAR"
812,"RAMCHANDRA SANSKRUTIK KRIDA MANDALS R.D. BHAKTA PRIVATE INDUSTRIAL TRAINING INSTITUTE, JALNA, TALUKA: JALNA, DISTRICT: JALNA"
885,"RASHTRIYA PRIVATE INDUSTRIAL TRAINING INSTITUTE, BAMANWADA, TALUKA: RAJURA, DISTRICT: CHANDRAPUR"
543,"RASHTRIYA PRIVATE INDUSTRIAL TRAINING INSTITUTE, BEED, TALUKA: BEED, DISTRICT: BEED"
570,"RAVI PRIVATE INDUSTRIAL TRAINING INSTITUTE, NAGPUR, TALUKA: NAGPUR URBAN, DISTRICT: NAGPUR"
380,"RAYAT SHIKSHAN SANSTHA’S PRIVATE INDUSTRIAL TRAINING INSTITUTE, NAWADE, TALUKA: PANVEL, DISTRICT: RAIGAD"
425,"RAYAT SHIKSHAN SANSTHA'S PRIVATE INDUSTRIAL TRAINING INSTITUTE, ASHTA, TALUKA: WALWA, DISTRICT: SANGLI"
1275,"RAYAT SHIKSHAN SANSTHA'S PRIVATE INDUSTRIAL TRAINING INSTITUTE, DAWADI, TALUKA:KHED, DISTRICT: PUNE"
844,"REGAL PRIVATE INDUSTRIAL TRAINING INSTITUTE, KONDHE, TALUKA: CHIPLUN, DISTRICT: RATNAGIRI"
987,"RURAL PRIVATE PRIVATE INDUSTRIAL TRAINING INSTITUTE, KAZIKANBUS, TALUKA: AKKALKOT, DISTRICT: SOLAPUR"
3001,"S L PRIVATE INDUSTRIAL TRAINING INSTITUTE, BADNERA,TALUKA: AMRAVATI, DISTRICT: AMRAVATI"
1284,"S.M. PRIVATE INDUSTRIAL TRAINING INSTITUTE, VATHODA TALUKA:NAGPUR DISTRICT:NAGPUR"
942,"SAHAKARRATNA SHAMRAOJI PATIL YADRAVKAR PRIVATE INDUSTRIAL TRAINING INSTITUTE, YADRAV, TALUKA: SHIROL, DISTRICT: KOLHAPUR"
3058,"SAHYADRI PRIVATE INDUSTRIAL TRAINING INSTITUTE, KARKAMB,TALUKA:PANDHARPUR, DISTRICT: SOLAPUR"
382,"SAHYADRI SHIKSHAN SANSTHA’S PRIVATE INDUSTRIAL TRAINING INSTITUTE, SAWARDE, TALUKA: CHIPLUN, DISTRICT: RATNAGIRI"
828,"SAI PRIVATE INDUSTRIAL TRANING INSTITUTE PRIVATE INDUSTRIAL TRAINING INSTITUTE, TALUKA: BHANDARA, DISTRICT: BHANDARA"
1267,"SAI PRIVATE INDUSTRIAL TRANING INSTITUTE PRIVATE INDUSTRIAL TRAINING INSTITUTE, TALUKA: TUMSAR, DISTRICT: BHANDARA"
781,"SAIBABA PRIVATE INDUSTRIAL TRAINING INSTITUTE, KARANJA, TALUKA: GONDIA, DISTRICT: GONDIA"
887,"SAINT JAGNADE MAHARAJ PRIVATE INDUSTRIAL TRAINING INSTITUTE, PAUNI, TALUKA: PAONI, DISTRICT: BHANDARA"
875,"SAIRAM PRIVATE INDUSTRIAL TRAINING INSTITUTE, BHANDARA, TALUKA: BHANDARA, DISTRICT: BHANDARA"
475,"SAKRI TALUKA EDUCATION SOCIETY’S PRIVATE INDUSTRIAL TRAINING INSTITUTE, SAKRI, TALUKA: SAKRI, DISTRICT: DHULE"
968,"SAMARTH PRIVATE INDUSTRIAL TRAINING INSTITUTE, BELHE, TALUKA: JUNNAR, DISTRICT: PUNE"
3047,"SAMARTH PRIVATE INDUSTRIAL TRAINING INSTITUTE, SHEVGAON, TALUKA:SHEVGAON, DISTRICT: AHILYANAGAR"
738,"SAMARTHA MASKAWAD(BK) TALUKA:RAVER PRIVATE INDUSTRIAL TRAINING INSTITUTE, DISTRICT:JALGAON"
981,"SAMBHAJI PRIVATE INDUSTRIAL TRAINING INSTITUTE, INAM DHAMNI, TALUKA: MIRAJ, DISTRICT: SANGLI"
777,"SAMBHAJI SAYARE PRIVATE INDUSTRIAL TRAINING INSTITUTE, WARORA, TALUKA: WARORA, DISTRICT: CHANDRAPUR"
917,"SAMEER PRIVATE INDUSTRIAL TRAINING INSTITUTE, AMALNER, TALUKA: AMALNER, DISTRICT: JALGAON"
731,"SAMODE PRIVATE INDUSTRIAL TRAINING INSTITUTE, SAMODE, TALUKA: SAKRI, DISTRICT: DHULE"
996,"SAMRAT ASHOK PRIVATE INDUSTRIAL TRAINING INSTITUTE, DARAPUR, TALUKA: DARYAPUR, DISTRICT: AMRAVATI"
785,"SAMRUDDHI PRIVATE INDUSTRIAL TRAINING INSTITUTE, DEOLI, TALUKA: DEOLI, DISTRICT: WARDHA"
3043,"SAMRUDDHI PRIVATE INDUSTRIAL TRAINING INSTITUTE, JAMBHRUN BULDANA,TALUKA:BULDHANA,DISTRICT:BULDHANA"
4030,"SANDIP PRIVATE ITI PRIVATE INDUSTRIAL TRAINING INSTITUTE, ZODAGE TALUKA:MALEGAON DISTRICT:NASHIK"
420,"SANGLI INDUSTRIAL SCHOOL PRIVATE INDUSTRIAL TRAINING INSTITUTE, SANGLI, TALUKA: MIRAJ, DISTRICT: SANGLI"
709,"SANGRAMSINGH PRIVATE INDUSTRIAL TRAINING INSTITUTE, SHETPHAL, TALUKA: MOHOL, DISTRICT: SOLAPUR"
430,"SANGRUL EDUCATIONAL SOCIETY'S PRIVATE INDUSTRIAL TRAINING INSTITUTE, KOPARDE, TALUKA: KARVEER, DISTRICT: KOLHAPUR"
3066,"SANJAY GHODAWAT PVT ITI PRIVATE INDUSTRIAL TRAINING INSTITUTE, ATIGRE, TALUKA: HATKANANGALE, DISTRICT: KOLHAPUR"
948,"SANJAYSINH GAIKWAD PRIVATE INDUSTRIAL TRAINING INSTITUTE, DONOLI, TALUKA: SHAHUWADI, DISTRICT: KOLHAPUR"
466,"SAPTASHRUNGI SHIKSHAN SANSTH’S PRIVATE INDUSTRIAL TRAINING INSTITUTE, DEOLA, TALUKA: DEOLA, DISTRICT: NASHIK"
799,"SARASWATI PRIVATE INDUSTRIAL TRAINING INSTITUTE, AJANI, TALUKA: NAGPUR, DISTRICT: NAGPUR"
3054,"SARASWATI PRIVATE INDUSTRIAL TRAINING INSTITUTE, DEVLI, TALUKA:AMALNER, DISTRICT: JALGAON"
725,"SARVODAYA EDUCATION SOCIETY SANCHALIT SARVAJANIK VIDYALAYA’S PRIVATE INDUSTRIAL TRAINING INSTITUTE, ASODA, TALUKA: JALGAON, DISTRICT: JALGAON"
511,"SARVODYA SHIKSHAN PRASARAK COOPERATIVE SAMAJ LIMITED UMBARKHEDE'S PRIVATE INDUSTRIAL TRAINING INSTITUTE, UMBARKHEDE, TALUKA: CHALISGAON, DISTRICT: JALGAON"
3005,"SATPRATAP (PVT) INDUSTRIAL TRAINING INSTITUTE PRIVATE INDUSTRIAL TRAINING INSTITUTE, TALUKA: NAGPUR, DISTRICT: NAGPUR"
863,"SATPUDA PRIVATE INDUSTRIAL TRAINING INSTITUTE, TAMSWADI, TALUKA: TUMSAR, DISTRICT: BHANDARA"
774,"SAU. SEEMADEVI PARDHI PRIVATE INDUSTRIAL TRAINING INSTITUTE, TUMSAR, TALUKA: TUMSAR, DISTRICT: BHANDARA"
714,"SAU. SHAKUNTALA VASANTRAO DAVKHARE PRIVATE INDUSTRIAL TRAINING INSTITUTE, SHIRUR, TALUKA: SHIRUR, DISTRICT: PUNE"
606,"SAVITRIBAI FULE PRIVATE INDUSTRIAL TRAINING INSTITUTE, NANDGAON, TALUKA: BALLARPUR, DISTRICT: CHANDRAPUR"
3083,"SAVITRIBAI FULE PRIVATE INDUSTRIAL TRAINING INSTITUTE, PARANDA, TALUKA: PARANDA, DISTRICT: DHARASHIV"
859,"SAVITRIBAI FULE PRIVATE INDUSTRIAL TRAINING INSTITUTE, TALUKA: NAGPUR, DISTRICT: NAGPUR"
753,"SETH RATANCHAND SAKHARAM SHAH PRIVATE INDUSTRIAL TRAINING INSTITUTE, SOLAPUR, TALUKA: SOLAPUR, DISTRICT: SOLAPUR"
375,"SHAD ADAM SHAIKH PRIVATE INDUSTRIAL TRAINING INSTITUTE, KHADIPAR, TALUKA: BHIWANDI, DISTRICT: THANE"
432,"SHAHU PRIVATE INDUSTRIAL TRAINING INSTITUTE, KARVEER, TALUKA: KARVEER, DISTRICT: KOLHAPUR"
483,"SHAKUNTALA SEVABHAVI SANTHECHE PRIVATE INDUSTRIAL TRAINING INSTITUTE, JALGAON, TALUKA: JALGAON, DISTRICT: JALGAON"
3002,SHAM BABU SAWARKAR PRIVATE ITI NIMKHEDA
3084,"SHANTAI EDUCATION SOCIETY PRIVATE INDUSTRIAL TRAINING INSTITUTE, PIMPALNER, TALUKA:SAKRI, DISTRICT:DHULE"
938,"SHANTI PRIVATE INDUSTRIAL TRAINING INSTITUTE, SOLAPUR, TALUKA: SOLAPUR NORTH, DISTRICT: SOLAPUR"
4002,"SHANTIVAN PRIVATE INDUSTRIAL TRAINING INSTITUTE, SHEVALI, TALUKA:SAKRI, DISTRICT:DHULE"
354,"SHARDASHRAM VIDYAMANDIR PRIVATE INDUSTRIAL TRAINING INSTITUTE, DADAR, TALUKA: MUMBAI CITY, DISTRICT: MUMBAI"
798,"SHARWANI PRIVATE INDUSTRIAL TRAINING INSTITUTE, GODHANI, TALUKA: NAGPUR, DISTRICT: NAGPUR"
4006,"SHATABDI PRIVATE INDUSTRIAL TRAINING INSTITUTE, AGASKHIND, TALUKA:SINNAR, DISTRICT:NASHIK"
953,"SHAYADRI SHIKSHAN PRASARK MANDAL SANCHALIT PRIVATE INDUSTRIAL TRAINING INSTITUTE, DHAMOD, TALUKA: RADHANAGARI, DISTRICT: KOLHAPUR"
3090,"SHETH NATWARLAL RANCHHODDAS GUJRATHI PRIVATE INDUSTRIAL TRAINING INSTITUTE, GHODGAON, TALUKA: CHOPDA, DISTRICT: JALGAON"
1258,"SHIKHAR PRIVATE INDUSTRIAL TRAINING INSTITUTE, TALUKA:MOHADI, DISTRICT:BHANDARA"
890,"SHINDE PRIVATE INDUSTRIAL TRAINING INSTITUTE, MUL, TALUKA: MUL, DISTRICT: CHANDRAPUR"
529,"SHIRDI SAI RURAL INSTITUTE'S PRIVATE INDUSTRIAL TRAINING INSTITUTE, RAHATA, TALUKA: RAHATA, DISTRICT: AHILYANAGAR"
437,"SHIROLI MANUFACTURERS ASSOCIATION'S LATE JAWANMALJI GANDHI PRIVATE INDUSTRIAL TRAINING INSTITUTE, SHIROLI, TALUKA: HATKANANGALE, DISTRICT: KOLHAPUR"
954,"SHITAL KETKALE PRIVATE INDUSTRIAL TRAINING INSTITUTE, SHIROL, TALUKA: SHIROL, DISTRICT: KOLHAPUR"
1110,"SHIV SHAKTI PRIVATE ITI DHARANGAON PRIVATE INDUSTRIAL TRAINING INSTITUTE, TALUKA: DHARANGAON, DISTRICT: JALGAON"
783,"SHIVAJI PRIVATE INDUSTRIAL TRAINING INSTITUTE, BHILEWADA, TALUKA: BHANDARA, DISTRICT: BHANDARA"
612,"SHIVAJI VIDYA PRASARAK MANDAL SANCHALIT MANGALDEEP PRIVATE INDUSTRIAL TRAINING INSTITUTE, KHADKA, TALUKA: BHUSAWAL, DISTRICT: JALGAON"
3056,"SHIVANKAR PRIVATE INDUSTRIAL TRAINING INSTITUTE, AMGOAN, TAL: MAGAON, DIST: GONDIYA"
966,"SHIVNERI FOUNDATION'S SHIVNERI PRIVATE INDUSTRIAL TRAINING INSTITUTE, KHANAPUR, TALUKA: JUNNAR, DISTRICT: PUNE"
3067,"SHIWANKAR. PVT. ITI PRIVATE INDUSTRIAL TRAINING INSTITUTE, TALUKA:AMGAON,DISTRICT: GONDIYA"
506,"SHRAM SAFALYA EDUCATION SOCIETY'S PRIVATE INDUSTRIAL TRAINING INSTITUTE, AMALNER, TALUKA: AMALNER, DISTRICT: JALGAON"
985,"SHREE BHAIRAVANATH PRIVATE INDUSTRIAL TRAINING INSTITUTE, MAJGAON, TALUKA: PANHALA, DISTRICT: KOLHAPUR"
3082,"SHREE BHAIRAVNATH PRIVATE INDUSTRIAL TRAINING INSTITUTE, PABAL, TALUKA: SHIRUR, DISTRICT: PUNE"
831,"SHREE MANAV SEVA SANGH SANCHALIT SMT. SAVITRIBEN AND SHRI. NENUMAL PARDASANI PRIVATE INDUSTRIAL TRAINING INSTITUTE, SION (WEST), TALUKA: MUMBAI CITY, DISTRICT: MUMBAI"
924,"SHREE NATH EDUCATION SOCIETY PRIVATE INDUSTRIAL TRAINING INSTITUTE, VARANGAON, TALUKA: BHUSAWAL, DISTRICT: JALGAON"
946,"SHREE SHAMRAO PATIL PRIVATE INDUSTRIAL TRAINING INSTITUTE, TALSANDE, TALUKA: HATKANANGALE, DISTRICT: KOLHAPUR"
3074,"SHREE SIDDHIVINAYAK PRIVATE INDUSTRIAL TRAINING INSTITUTE, NARTAWADE, TALUKA: RADHANAGARI, DISTRICT: KOLHAPUR"
398,"SHREEMANT DAGDUSHETH HALWAI SARVAJANIK GANPATI TRUST’S PRIVATE INDUSTRIAL TRAINING INSTITUTE, KONDHAWA KHURD, TALUKA: PUNE CITY / HAVELI, DISTRICT: PUNE"
870,"SHREEYANSH PRIVATE INDUSTRIAL TRAINING INSTITUTE, TIRORA, TALUKA: TIRODA, DISTRICT: GONDIA"
1107,"SHRI AMBALIKA PRIVATE INDUSTRIAL TRAINING INSTITUTE, TALUKA: KARJAT, DISTRICT: AHILYANAGAR"
1259,"SHRI BALAJI PVT.ITI PRIVATE INDUSTRIAL TRAINING INSTITUTE, TALUKA: GONDIA, DISTRICT: GONDIA"
4012,"SHRI BALASAHEB MANE SHIKSHAN PRASARK MANDAL AMBAPS ASHOKRAO MANE PRIVATE INDUSTRIAL TRAINING INSTITUTE, , VATHAR, TALUKA: HATKANANGLE, DISTRICT: KOLHAPUR"
977,"SHRI BHAIRAVANTH PRIVATE INDUSTRIAL TRAINING INSTITUTE, ASURLE PORLE, TALUKA: PANHALA, DISTRICT: KOLHAPUR"
3098,"SHRI CHAKRDHAR SWAMI PRIVATE INDUSTRIAL TRAINING INSTITUTE, KOPARGAON, TALUKA:KOPARGAON,DISTRICT:AHILYANAGAR"
408,"SHRI CHHATRAPATI PRIVATE INDUSTRIAL TRAINING INSTITUTE, BHAVANINAGAR, TAL: INDAPUR, DIST: PUNE"
405,"SHRI CHHATRAPATI SAMBHAJI SHIKSHAN SANSTHA'S PRIVATE INDUSTRIAL TRAINING INSTITUTE, SHIRUR, TALUKA: SHIRUR, DISTRICT: PUNE"
565,"SHRI CHHATRAPATI SHAHU MAHARAJ PRIVATE INDUSTRIAL TRAINING INSTITUTE, WANI, TALUKA: WANI, DISTRICT: YAVATMAL"
542,"SHRI CHHATRAPATI SHAHU PRIVATE INDUSTRIAL TRAINING INSTITUTE, BEED, TALUKA: BEED, DISTRICT: BEED"
387,"SHRI CHHATRAPATI SHIVAJI PRIVATE INDUSTRIAL TRAINING INSTITUTE, PUNE, TALUKA: PUNE CITY / HAVELI, DISTRICT: PUNE"
3085,"SHRI DADASAHEB PUNDALIK PATIL PRIVATE INDUSTRIAL TRAINING INSTITUTE, BAMBRUDKHUDRUK(SHIVAR), TAL: PACHORA, DIST: JALGAON"
4021,"SHRI DADASAHEB PUNDLIK PATIL PRIVATE INDUSTRIAL TRAINING INSTITUTE, BAMRUD, TALUKA:PACHORA, DISTRICT: JALGAON"
866,"SHRI DATTA MEGHE POLYTECHNIC PRIVATE INDUSTRIAL TRAINING INSTITUTE, HINGNA, TAL: HINGNA, DIST: NAGPUR"
436,"SHRI DATTA PRIVATE INDUSTRIAL TRAINING INSTITUTE, SHIROL, TALUKA: SHIROL, DISTRICT: KOLHAPUR"
3046,"SHRI DATTA PVT. INDUSTRIAL TRAINING INSTITUTE PRIVATE INDUSTRIAL TRAINING INSTITUTE, KHAIRBODI,TALUKA:TIRODA,DISTRICT:GONDIYA"
801,"SHRI DHANESHWARI MANAV VIKAS MANDAL'S PRIVATE INDUSTRIAL TRAINING INSTITUTE, GEORAI, TALUKA: CHHATRAPATI SAMBHAJINAGAR, DISTRICT: CHHATRAPATI SAMBHAJINAGAR"
360,"SHRI G. V. GANDHI GURUKUL PRIVATE INDUSTRIAL TRAINING INSTITUTE, GHATKOPAR(EAST), TALUKA: KURLA, DISTRICT: MUMBAI"
871,"SHRI GAJANAN MAHARAJ RURAL PRIVATE INDUSTRIAL TRAINING INSTITUTE, UMARI, TALUKA: WARDHA, DISTRICT: WARDHA"
3070,"SHRI GANESH PRIVATE INDUSTRIAL TRAINING INSTITUTE, TALUKA:YAWAL, DISTRICT: JALGAON"
3095,"SHRI GURUJI INDUSTRIAL TRAINING INSTITUTE PRIVATE INDUSTRIAL TRAINING INSTITUTE, TALUKA:LATUR, DISTRICT:LATUR"
548,"SHRI HAZURSAHIB PRIVATE INDUSTRIAL TRAINING INSTITUTE, NANDED, TALUKA: NANDED, DISTRICT: NANDED"
845,"SHRI JEMI M. ZAVERI AND SHRI ROOPCHAND BHATIA PRIVATE INDUSTRIAL TRAINING INSTITUTE, KANDIVALI (WEST), TALUKA: BORIVALI, DISTRICT: MUMBAI SUBURBAN"
404,"SHRI KULSWAMI PRIVATE INDUSTRIAL TRAINING INSTITUTE, VADAJ, TALUKA: JUNNAR, DISTRICT: PUNE"
733,"SHRI KUNDLIKRAO RAMRAO JAGTAP PATIL PRIVATE INDUSTRIAL TRAINING INSTITUTE, PIMPALGAON, TALUKA: SHRIGONDA, DISTRICT: AHILYANAGAR"
792,"SHRI LAXMANRAO MANKAR PRIVATE INDUSTRIAL TRAINING INSTITUTE, AMGAON, TALUKA: AMGAON, DISTRICT: GONDIA"
523,"SHRI LAXMI NARAYAN PRIVATE INDUSTRIAL TRAINING INSTITUTE, SHRISHIVAJINAGAR, TALUKA: RAHURI, DISTRICT: AHILYANAGAR"
3093,"SHRI NAGESHWAR PRIVATE INDUSTRIAL TRAINING INSTITUTE, BHANDGAON, TALUKA:PARNER DISTRICT:AHILYANAGAR"
949,"SHRI PARASHRAM BALAJI PATIL PRIVATE INDUSTRIAL TRAINING INSTITUTE, MUDAL, TALUKA: BHUDARGAD, DISTRICT: KOLHAPUR"
3026,"SHRI PRAKASHCHANDRA JAIN PRIVATE INDUSTRIAL TRAINING INSTITUTE, PALASKHEDE BK, TALUKA:JAMNER, DISTRICT: JALGAON"
3057,"SHRI RADHE KRISHNA PRIVATE INDUSTRIAL TRAINING INSTITUTE, SOUNDANE, TAL: MALEGAON, DIST: NASHIK"
3061,"SHRI RADHEKRISHNA PRIVATE INDUTRIAL TRAINING INSTITUTE PRIVATE INDUSTRIAL TRAINING INSTITUTE, SAUNDANE, TALUKA: MALEGAON, DISTRICT: NASHIK"
1261,"SHRI RAMDASJI TADAS PRIVATE INDUSTRIAL TRAINING INSTITUTE, TALUKA: DEOLI, DISTRICT: WARDHA"
3094,"SHRI SAI DEVGAON PRIVATE INDUSTRIAL TRAINING INSTITUTE, TALUKA: AMALNER, DISTRICT: JALGAON"
809,"SHRI SAI JANVIKAS PRATISTHAN PRIVATE INDUSTRIAL TRAINING INSTITUTE, GADPATI, TALUKA: DHARASHIV, DISTRICT: DHARASHIV"
764,"SHRI SAI PRIVATE INDUSTRIAL TRAINING INSTITUTE, BHADRAWATI, TALUKA: BHADRAWATI, DISTRICT: CHANDRAPUR"
988,"SHRI SAI PRIVATE INDUSTRIAL TRAINING INSTITUTE, SASURE VAIRAG, TALUKA: BARSHI, DISTRICT: SOLAPUR"
730,"SHRI SAI SAMARTH PRIVATE INDUSTRIAL TRAINING INSTITUTE, BHADGAON, TALUKA: BHADGAON, DISTRICT: JALGAON"
528,"SHRI SAIBABA PRIVATE INDUSTRIAL TRAINING INSTITUTE, SHIRDI, TALUKA: RAHATA, DISTRICT: AHILYANAGAR"
1283,"SHRI SALASAR BALAJI PRIVATE INDUSTRIAL TRAINING INSTITUTE, ANTURLA SQUARE CHANDRAPUR GUNGUS ROAD,TALUKA:CHANDRAPUR, DISTRICT:CHANDRAPUR"
726,"SHRI SANT GAJANAN BAHUDDSHIY SANSTHA SANCHLIT PRIVATE INDUSTRIAL TRAINING INSTITUTE, VELE, TALUKA: CHOPDA, DISTRICT: JALGAON"
958,"SHRI SARASWATI PRATISHTHAN'S ADIRAJ PRIVATE INDUSTRIAL TRAINING INSTITUTE, CHAKAN, TALUKA: KHED, DISTRICT: PUNE"
3069,"SHRI SIDDHESH PRIVATE INDUSTRIAL TRAINING INSTITUTE, BAZAR BHOGAON, TALUKA: PANHALA, DISTRICT: KOLHAPUR"
829,"SHRI SWAMI VIVEKANAND INDUSTRIAL TRAINING INSTITUTE PRIVATE INDUSTRIAL TRAINING INSTITUTE, TALUKA: NAGPUR, DISTRICT: NAGPUR"
3021,"SHRI TATYASAHEB ARUN BAJIRAO CHAUDHARI PRIVATE INDUSTRIAL TRAINING INSTITUTE, AT ANTURLI , POST KASODA, TALUKA: ERANDOL, DISTRICT: JALGAON"
472,"SHRI TIRUPATI EDUCATIONAL SANSTHA'S D.N.PATIL PRIVATE INDUSTRIAL TRAINING INSTITUTE, RAMNAGAR, TALUKA: DHULE, DISTRICT: DHULE"
402,"SHRI VIGHNAHAR TRUST’S LATE NIVRUTTISHETH SHERKAR PRIVATE INDUSTRIAL TRAINING INSTITUTE, NIVRUTTINAGAR, TALUKA: JUNNAR, DISTRICT: PUNE"
940,"SHRI VITTHALAI PRIVATE INDUSTRIAL TRAINING INSTITUTE, KASABA TARALE, TALUKA: RADHANAGARI, DISTRICT: KOLHAPUR"
855,"SHRI YOGIRAJ SWAMI SITARAM MAHARAJ PRIVATE INDUSTRIAL TRAINING INSTITUTE, KANDRI, TALUKA: MOHADI, DISTRICT: BHANDARA"
802,"SHRI. BHIRAVNATH NISARGA MANDAL’S PRIVATE INDUSTRIAL TRAINING INSTITUTE, HATTA, TALUKA: BASMATH, DISTRICT: HINGOLI"
1264,"SHRI. DNYANESHWAR THAKRE PRIVATE INDUSTRIAL TRAINING INSTITUTE, TALUKA: NAGPUR, DISTRICT: NAGPUR"
454,"SHRI. MAHAVIR JAIN VIDYALAYA'S PRIVATE INDUSTRIAL TRAINING INSTITUTE, LASALGAON TALUKA: NIPHAD, DISTRICT: NASHIK"
999,"SHRI. PRALHAD HARI JANGALE PRIVATE INDUSTRIAL TRAINING INSTITUTE, MALKAPUR, TALUKA: MALKAPUR, DISTRICT: BULDHANA"
4015,"SHRI. SADGURU DATTA PRIVATE INDUSTRIAL TRAINING INSTITUTE, KUHI,TALUKA:KUHI,DISTRICT:NAGPUR"
3077,"SHRI. SADGURU DATTA PRIVATE INDUSTRIAL TRAINING INSTITUTE, MOUZEBHOJAPUR, TAL: KUHI, DIST: NAGPUR"
603,"SHRI. SAI PRIVATE INDUSTRIAL TRAINING INSTITUTE, CHANDRAPUR, TALUKA: CHANDRAPUR, DISTRICT: CHANDRAPUR"
732,"SHRI. SHARADA SHIKSHAN MANDAL DEEPNAGAR SANCHLIT PRIVATE INDUSTRIAL TRAINING INSTITUTE, NIMBHORA, TALUKA: BHUSAWAL, DISTRICT: JALGAON"
3015,"SHRI. VISHWAKARMA PRIVATE INDUSTRIAL TRAINING INSTITUTE, TALUKA:LAKHANI, DISTRICT: BHANDARA"
3036,"SHRI.K.S.CHOUGULE PRIVATE INDUSTRIAL TRAINING INSTITUTE, MALWADI-KOTOLI, TAL: PANHALA, DIST: KOLHAPUR"
979,"SHRI.K.S.CHOUGULE PRIVATE INDUSTRIAL TRAINING INSTITUTE, MALWADI-KOTOLI, TALUKA: PANHALA, DISTRICT: KOLHAPUR"
3028,"SHRI.MAHADU LAXMAN PAGAR PRIVATE INDUSTRIAL TRAINING INSTITUTE, MUNGSE, TAL: MALEGAON, DIST: NASHIK"
3039,"SHRI.SANT GADGE BABA PRIVATE INDUSTRIAL TRAINING INSTITUTE, BHUSAVAL, TAL: BHUSAVAL, DIST: JALGAON"
796,"SHRIKRUSHANA PRIVATE INDUSTRIAL TRAINING INSTITUTE, KARANJA, TALUKA: KARANJA, DISTRICT: WARDHA"
417,"SHRIMANT SAGUNAMATA GIRL'S PRIVATE INDUSTRIAL TRAINING INSTITUTE, PHALTAN, TALUKA: PHALTAN, DISTRICT: SATARA"
3062,"SHRIMATI INDUBAI JALGAON PRIVATE INDUSTRIAL TRAINING INSTITUTE, TALUKA:JALGAON, DISTRICT: JALGAON"
3020,"SHRIMATI INDUBAI PRIVATE INDUSTRIAL TRAINING INSTITUTE, JALGAON TAL: JALGAON, DIST: JALGAON"
4033,"SHRIMATI SULOCHANA BHAT MAHILA ITI PRIVATE INDUSTRIAL TRAINING INSTITUTE, KUNDAL.TALUKA:PALUS, DISTRICT:SANGLI"
886,"SHRIRAM PRIVATE INDUSTRIAL TRAINING INSTITUTE, MOUDA, TALUKA: MOUDA, DISTRICT: NAGPUR"
952,"SHRIRAM PRIVATE INDUSTRIAL TRAINING INSTITUTE, NAVE PARGAON, TALUKA: HATKANANGALE, DISTRICT: KOLHAPUR"
936,"SHRIRAM PRIVATE INDUSTRIAL TRAINING INSTITUTE, PANIV, TALUKA: MALSHIRAS, DISTRICT: SOLAPUR"
3064,"SHYAMBABU SAWARKAR PVT. ITI NIMKHEDA PRIVATE INDUSTRIAL TRAINING INSTITUTE, TALUKA:MAUDA,DISTRICT:NAGPUR"
453,"SIDDHIVINAYAK COOPERATIVE INDUSTRIAL ESTATE LTD PRIVATE INDUSTRIAL TRAINING INSTITUTE, OZAR (MIG) UNDERTAKING'S , OZAR, TALUKA: NIPHAD, DISTRICT: NASHIK"
4028,"SMT GEETA D. TATKARE POLYTECHNIC PVT ITI PRIVATE INDUSTRIAL TRAINING INSTITUTE, AT-GOVE, POST -KOLAD,TALUKA:ROHA,DISTRICT:RAIGAD"
608,"SMT. ANJANABAI DHOTE PRIVATE INDUSTRIAL TRAINING INSTITUTE, MANEWADA, TALUKA: NAGPUR URBAN, DISTRICT: NAGPUR"
923,"SMT. BHAGIRATHI G. ZHARKHANDE SANCHAILIT SIDDHIVINAYAK PRIVATE INDUSTRIAL TRAINING INSTITUTE, BHUSAWAL, TALUKA: BHUSAWAL, DISTRICT: JALGAON"
384,"SMT. INDIRA M. BEHARE PRIVATE INDUSTRIAL TRAINING INSTITUTE, SADAVALI, TALUKA: SANGAMESHWAR, DISTRICT: RATNAGIRI"
4008,"SMT. KAMLABAI DESHMUKH PRIVATE INDUSTRIAL TRAINING INSTITUTE, KANHERISARP, TALUKA: BARSHITAKALI, DISTRICT: AKOLA"
692,"SMT. PADMINI PRIVATE INDUSTRIAL TRAINING INSTITUTE, DIGHANCHI, TALUKA: ATPADI, DISTRICT: SANGLI"
3025,"SMT. SHARADCHANDRIKA SURESH PATIL PRIVATE INDUSTRIAL TRAINING INSTITUTE, CHOPDA, TALUKA:CHOPDA, DISTRICT: JALGAON"
693,"SOCIAL ACTION FOR MAN POWER CREATION PRIVATE INDUSTRIAL TRAINING INSTITUTE, MALVALI, TALUKA: MAVAL, DISTRICT: PUNE"
428,"SOJAR PRIVATE INDUSTRIAL TRAINING INSTITUTE, KHANDVI, TALUKA: BARSHI, DISTRICT: SOLAPUR"
1260,"SOMAYYA PRIVATE ITI PRIVATE INDUSTRIAL TRAINING INSTITUTE, TALUKA: CHANDRAPUR, DISTRICT: CHANDRAPUR"
960,"SOMLING GRAMVIKAS MANDAL SANCHALIT PRIVATE INDUSTRIAL TRAINING INSTITUTE, GUNJEGAON, TALUKA: MANGALWEDHA, DISTRICT: SOLAPUR"
956,"SONAI PRIVATE INDUSTRIAL TRAINING INSTITUTE, GOKHALI, TALUKA: INDAPUR, DISTRICT: PUNE"
857,"SONATAI PANDAV INDUSTRIAL TRAINING CENTRE PRIVATE INDUSTRIAL TRAINING INSTITUTE, TALUKA:KATOL, DISTRICT:NAGPUR"
771,"SREE BALAJI PRIVATE INDUSTRIAL TRAINING INSTITUTE, WARORA, TALUKA: WARORA, DISTRICT: CHANDRAPUR"
723,"SRI NATH NANGE BABA MULTIPURPOSE MANDAL'S PRIVATE INDUSTRIAL TRAINING INSTITUTE, WAGHARE, TALUKA: PAROLA, DISTRICT: JALGAON"
495,"SSPM’S PRIVATE INDUSTRIAL TRAINING INSTITUTE, TEHU, TALUKA: PAROLA, DISTRICT: JALGAON"
355,"ST. FRANCIS PRIVATE INDUSTRIAL TRAINING INSTITUTE, BORIVALI (WEST), TALUKA: BORIVALI, DISTRICT: MUMBAI SUBURBAN"
388,"ST. JOSEPH'S PRIVATE INDUSTRIAL TRAINING INSTITUTE, PUNE CITY / HAVELI, DISTRICT: PUNE"
4007,"SUPABAI SHIVRAM ANTURLIKAR PRIVATE INDUSTRIAL TRAINING INSTITUTE, WAGHADI, TALUKA: SHIRPUR, DISTRICT:DHULE"
3023,"SUSHILA RAMESH CHAUDHARI PRIVATE INDUSTRIAL TRAINING INSTITUTE, KINGAON, TALUKA: YAWAL DISTRICT: JALGAON"
476,"SVS PRIVATE INDUSTRIAL TRAINING INSTITUTE, DONDAICHA, TALUKA: SINDKHEDA, DISTRICT: DHULE"
3079,"SWAMI HARIHARANAND PRIVATE INDUSTRIAL TRAINING INSTITUTE, SOLAPUR, TULJAPUR ROAD, TALE-HIPPARGA,TALUKA:SOLAPUR NORTH, DISTRICT:SOLAPUR"
841,"SWAMI PRIVATE INDUSTRIAL TRAINING INSTITUTE, MALEGAON, TAL: MALEGAON, DIST: NASHIK"
3033,"SWAMI VIVEKANAND PRIVATE INDUSTRIAL TRAINING INSTITUTE, GATE NO. 16/2, SOLAPUR BARSHI ROAD, KHED, TALUKA:SOLAPUR NORTH, DISTRICT:SOLAPUR"
1105,"SWAMI VIVEKANAND SANSTHA'S SHRI.MAHADU L.PAGAR ITC PRIVATE INDUSTRIAL TRAINING INSTITUTE, TALUKA:MALEGAON,DISTRICT:NASHIK"
1279,"SWARGIYA PRATAPSINHA DESHMUKH PRIVATE INDUSTRIAL TRAINING INSTITUTE, JARUD,TALUKA: WARUD, DISTRICT: AMRAVATI"
376,"TAKIYA AMANI SHAH PRIVATE INDUSTRIAL TRAINING INSTITUTE, BHIWANDI, TALUKA: BHIWANDI, DISTRICT: THANE"
872,"TALMALE PRIVATE INDUSTRIAL TRAINING INSTITUTE, WARDHA, TALUKA: WARDHA, DISTRICT: WARDHA"
497,"TANTRA & VAIDYAK PRIVATE INDUSTRIAL TRAINING INSTITUTE, FAIZPUR, TALUKA: YAWAL, DISTRICT: JALGAON"
854,"TANTRA BHARTI PRIVATE INDUSTRIAL TRAINING INSTITUTE, MOUZA-AROLI, TALUKA: MOUDA, DISTRICT: NAGPUR"
769,"TARASHAKTI PRIVATE INDUSTRIAL TRAINING INSTITUTE, TADALI, TALUKA: CHANDRAPUR, DISTRICT: CHANDRAPUR"
434,"TATYASAHEB KORE PRIVATE INDUSTRIAL TRAINING INSTITUTE, WARANANAGAR, TALUKA: PANHALA, DISTRICT: KOLHAPUR"
496,"TATYASAHEB PATIL SHIKSHAN MANDAL SANCHALIT PRIVATE INDUSTRIAL TRAINING INSTITUTE, PAROLA, TALUKA: PAROLA, DISTRICT: JALGAON"
3071,TECHNOVISION PRIVATE ITI BORISAWARGAON TALUKA:KEJ DISTRICT: BEED PRIVATE INDUSTRIAL TRAINING INSTITUTE
551,"TERANA PUBLIC CHARITABLE TRUST'S TERNA PRIVATE INDUSTRIAL TRAINING INSTITUTE, DHARASHIV, TALUKA: DHARASHIV, DISTRICT: DHARASHIV"
362,"THE CHILDRENS AID SOCIETYS PRIVATE INDUSTRIAL TRAINING INSTITUTE, MANKHURD, TALUKA: KURLA, DISTRICT: MUMBAI SUBURBAN"
439,"THE LEPROSY MISSION PRIVATE INDUSTRIAL TRAINING INSTITUTE, PANCHAVATI, TALUKA: NASHIK, DISTRICT: NASHIK"
598,"THE YOUNG REVOLUTION PANTHERS ( PRIVATE INDUSTRIAL TRAINING INSTITUTE, HARDOLI, TALUKA: MOHADI, DISTRICT: BHANDARA"
599,"TULSI PRIVATE INDUSTRIAL TRAINING INSTITUTE, AMGAON, TALUKA: AMGAON, DISTRICT: GONDIA"
787,"TULSI PRIVATE INDUSTRIAL TRAINING INSTITUTE, PETROL PUMP ,JAWAHARNAGAR, TALUKA: BHANDARA, DISTRICT: BHANDARA"
487,"UJJWAL SHAIKSHANIK & SAMAJIK PRIVATE INDUSTRIAL TRAINING INSTITUTE, NASHIRABAD, TALUKA: JALGAON, DISTRICT: JALGAON"
3016,"UMANG PRIVATE INDUSTRIAL INSTITUTE PRIVATE INDUSTRIAL TRAINING INSTITUTE, DHULE ROAD, BHORAS TALUKA: CHALISGAON, DISTRICT: JALGAON"
1285,"UMARKAR PRIVATE INDUSTRIAL TRAINING INSTITUTE, THADIPAUNI,TALUKA:NARKHED,DISTRICT:NAGPUR"
739,"USHABAI SHANKAR PATIL PRIVATE INDUSTRIAL TRAINING INSTITUTE, TALUKA: BHUSAWAL, DISTRICT: JALGAON"
597,"VAINGANGA PRIVATE INDUSTRIAL TRAINING INSTITUTE, DEWHADA, TALUKA: MOHADI,, DISTRICT: BHANDARA"
735,"VAMANRAO ITHAPE PRIVATE INDUSTRIAL TRAINING INSTITUTE, VELHALE, TALUKA: SANGAMNER, DISTRICT: AHILYANAGAR"
1278,"VASANT PRIVATE INDUSTRIAL TRAINING INSTITUTE, KAIJ, TALUKA: KAIJ, DISTRICT: BEED"
708,"VASANTDADA PATIL PRIVATE INDUSTRIAL TRAINING INSTITUTE, MIRAJ, TALUKA: MIRAJ, DISTRICT: SANGLI"
957,"VASANTRAO KALE PRIVATE INDUSTRIAL TRAINING INSTITUTE, DHONDEWADI, TALUKA: PANDHARPUR, DISTRICT: SOLAPUR"
1102,"VATSAI EDUCATION SOCIETY SANCHALIT PRIVATE INDUSTRIAL TRAINING INSTITUTE, TALUKA: AMALNER, DISTRICT: JALGAON"
782,"VEDANT PRIVATE INDUSTRIAL TRAINING INSTITUTE, TIRORA, TALUKA: TIRODA, DISTRICT: GONDIA"
694,"VENKATESHWARA PRIVATE INDUSTRIAL TRAINING INSTITUTE, PETH, TALUKA: WALWA, DISTRICT: SANGLI"
950,"VICTORY FOUNDATION PUNE SANCHALIT VICTORY PRIVATE INDUSTRIAL TRAINING INSTITUTE, NESARI, TALUKA: GADHINGLAJ, DISTRICT: KOLHAPUR"
583,"VIDHYA SHIKSHAN PRASARK MANDAL’S PRIVATE INDUSTRIAL TRAINING INSTITUTE, KATOL, TALUKA: KATOL, DISTRICT: NAGPUR"
558,"VIDHYBHARTI PRIVATE INDUSTRIAL TRAINING INSTITUTE, AMRAVATI, TALUKA: AMRAVATI, DISTRICT: AMRAVATI"
1106,"VIDYA NIKETAN INDUSTRIAL TRAINING INSTITUTE PRIVATE INDUSTRIAL TRAINING INSTITUTE, TALUKA: SANGAMNER, DISTRICT: AHILYANAGAR"
416,"VIDYA PRASARAK SANSTHA'S PRIVATE INDUSTRIAL TRAINING INSTITUTE, TAMBMAL, TALUKA: PHALTAN, DISTRICT: SATARA"
4016,"VIDYA VIKAS PRATISHTAN POLYTECHNIC PRIVATE INDUSTRIAL TRAINING INSTITUTE, SOLAPUR,TALUKA:SOLAPUR NORTH, DISTRICT:SOLAPUR"
4010,"VIDYA VIKAS PRATISHTHAN POLYTECHNIC PRIVATE INDUSTRIAL TRAINING INSTITUTE, SOREGAON, TAL: SOLAPUR, DIST: SOLAPUR"
790,"VIDYADEEP PRIVATE INDUSTRIAL TRAINING INSTITUTE, KAMPTEE, TALUKA: KAMPTEE, DISTRICT: NAGPUR"
868,"VIDYADEVI PRIVATE INDUSTRIAL TRAINING INSTITUTE, TUMSAR, TALUKA: TUMSAR, DISTRICT: BHANDARA"
748,"VIDYANIKETAN PRIVATE INDUSTRIAL TRAINING CENTER PRIVATE INDUSTRIAL TRAINING INSTITUTE, TAKARKHEDA ROAD,TALUKA:ANJANGAON SURJI, DISTRICT:AMRAVATI"
740,"VIDYANIKETAN PRIVATE INDUSTRIAL TRAINING INSTITUTE, BHADGAON TALUKA:BHADGAON DISTRICT:JALGAON."
761,"VIDYANNIKETAN PRIVATE INDUSTRIAL TRAINING INSTITUTE, NAGPUR, TAL: NAGPUR URBAN, DIST: NAGPUR"
609,"VIDYASAGAR PRIVATE INDUSTRIAL TRAINING INSTITUTE, KHAPERKHEDA, TALUKA: SAONER, DISTRICT: NAGPUR"
690,"VIDYAVARDHINI EDUCATIONAL ACADEMY’S VIDYAVARDHI PRIVATE INDUSTRIAL TRAINING INSTITUTE, PAL, TALUKA: BHUDARGAD, DISTRICT: KOLHAPUR"
896,"VIDYAVIHAR PRIVATE INDUSTRIAL TRAINING INSTITUTE, KATOL, TALUKA: KATOL, DISTRICT: NAGPUR"
1272,"VIJAY NAVAL PATIL PRIVATE INDUSTRIAL TRAINING INSTITUTE, NAVALNAGAR, TAL DHULE DISTRICT DHULE"
587,"VIKAS PRIVATE INDUSTRIAL TRAINING INSTITUTE, AMBADI, TALUKA: KUHI, DISTRICT: NAGPUR"
995,"VIKRAM SHIIKSHAN SANSTHA NEW PRIVATE INDUSTRIAL TRAINING INSTITUTE, GONDWAGHOLI ROAD PATHROT, TALUKA: ACHALPUR, DISTRICT: AMRAVATI"
712,"VILASCHANDRA M. MEHTA PRIVATE INDUSTRIAL TRAINING INSTITUTE, DAHIGAON, TALUKA: MALSHIRAS, DISTRICT: SOLAPUR"
947,"VILASRAO PATIL PRIVATE INDUSTRIAL TRAINING INSTITUTE, MANGALE, TALUKA: SHIRALA, DISTRICT: SANGLI"
765,"VINIT PRIVATE INDUSTRIAL TRAINING INSTITUTE, BHADRAWATI, TALUKA: BHADRAWATI, DISTRICT: CHANDRAPUR"
3048,"VISHWAKAUSHLYA SKILL AND EMPOWERMENT PRIVATE INDUSTRIAL TRAINING INSTITUTE, BULDANA,TALUKA:BULDHANA,DISTRICT:BULDHANA"
4000,"VISHWESHWARAYYA PRIVATE INDUSTRIAL TRAINING INSTITUTE, ALMALA, TALUKA: AUSA, DISTRICT: LATUR"
716,"VITTHALRAO PATIL PRIVATE INDUSTRIAL TRAINING INSTITUTE, KALE, TALUKA: PANHALA, DISTRICT: KOLHAPUR"
703,"VITTHALRAO THORAT PRIVATE INDUSTRIAL TRAINING INSTITUTE, BHIGWAN, TALUKA: INDAPUR, DISTRICT: PUNE"
499,"VYAS SHIKSHAN MANDAL’S PRIVATE INDUSTRIAL TRAINING INSTITUTE, YAWAL, TALUKA: YAWAL, DISTRICT: JALGAON"
522,"WOMAN PRIVATE INDUSTRIAL TRAINING INSTITUTE, LONI, TAL: RAHATA, DIST: AHMEDNAGAR"
518,"XAVIER TECHNICAL PRIVATE INDUSTRIAL TRAINING INSTITUTE, SHRIRAMPUR, TALUKA: SHRIRAMPUR, DISTRICT: AHILYANAGAR"
512,"Y.C.S.P.MANDAL'S PRIVATE INDUSTRIAL TRAINING INSTITUTE, ERANDOL, TALUKA: ERANDOL, DISTRICT: JALGAON"
4011,"Y.D. MANE INSTITUTE OF TECHNOLOGY PRIVATE INDUSTRIAL TRAINING INSTITUTE, KAGAL, TALUKA: KAGAL, DISTRICT: KOLHAPUR"
826,"YASHODEEP PRIVATE INDUSTRIAL TRAINING INSTITUTE, CHHATRAPATI SAMBHAJINAGAR, TALUKA: CHHATRAPATI SAMBHAJINAGAR, DISTRICT: CHHATRAPATI SAMBHAJINAGAR"
814,"YASHWANTRAO CHAVAN PRIVATE INDUSTRIAL TRAINING INSTITUTE, ANKUSHNAGAR, TALUKA: AMBAD, DISTRICT: JALNA"
974,"YASHWANTRAO MOHITE PRIVATE INDUSTRIAL TRAINING INSTITUTE, RETHARE BK, TALUKA: KARAD, DISTRICT: SATARA"
904,"YUVA VIKAS PRATISTAHAN NIRMAL PRIVATE INDUSTRIAL TRAINING INSTITUTE, JALGAON, TAL: JALGAON, DIST: JALGAON"
