Serial_no,Python_exp,Experience_Years,Education,Internship,Score,Salary * 10E4,Offer_History,Location,Recruitment_Status,source_url,data_class,quality_flag
1,Yes,0,Graduate,No,5139,0,1,Urban,Y,https://www.kaggle.com/datasets/rafunlearnhub/recruitment-data,prototype_recruitment_classification_unverified_provenance,no_city_or_time;salary_unit_unverified;not_real_available_workforce
2,No,1,Graduate,No,4583,128,1,Rural,N,https://www.kaggle.com/datasets/rafunlearnhub/recruitment-data,prototype_recruitment_classification_unverified_provenance,no_city_or_time;salary_unit_unverified;not_real_available_workforce
3,No,0,Graduate,Yes,3000,66,1,Urban,Y,https://www.kaggle.com/datasets/rafunlearnhub/recruitment-data,prototype_recruitment_classification_unverified_provenance,no_city_or_time;salary_unit_unverified;not_real_available_workforce
4,No,0,Not Graduate,No,2583,120,1,Urban,Y,https://www.kaggle.com/datasets/rafunlearnhub/recruitment-data,prototype_recruitment_classification_unverified_provenance,no_city_or_time;salary_unit_unverified;not_real_available_workforce
5,Yes,0,Graduate,No,6000,141,1,Urban,Y,https://www.kaggle.com/datasets/rafunlearnhub/recruitment-data,prototype_recruitment_classification_unverified_provenance,no_city_or_time;salary_unit_unverified;not_real_available_workforce
6,No,2,Graduate,Yes,5417,267,1,Urban,Y,https://www.kaggle.com/datasets/rafunlearnhub/recruitment-data,prototype_recruitment_classification_unverified_provenance,no_city_or_time;salary_unit_unverified;not_real_available_workforce
7,No,0,Not Graduate,No,2333,95,1,Urban,Y,https://www.kaggle.com/datasets/rafunlearnhub/recruitment-data,prototype_recruitment_classification_unverified_provenance,no_city_or_time;salary_unit_unverified;not_real_available_workforce
8,No,3,Graduate,No,3036,158,0,Semiurban,N,https://www.kaggle.com/datasets/rafunlearnhub/recruitment-data,prototype_recruitment_classification_unverified_provenance,no_city_or_time;salary_unit_unverified;not_real_available_workforce
9,No,2,Graduate,No,4006,168,1,Urban,Y,https://www.kaggle.com/datasets/rafunlearnhub/recruitment-data,prototype_recruitment_classification_unverified_provenance,no_city_or_time;salary_unit_unverified;not_real_available_workforce
10,No,1,Graduate,No,12841,349,1,Semiurban,N,https://www.kaggle.com/datasets/rafunlearnhub/recruitment-data,prototype_recruitment_classification_unverified_provenance,no_city_or_time;salary_unit_unverified;not_real_available_workforce
11,No,2,Graduate,No,3200,70,1,Urban,Y,https://www.kaggle.com/datasets/rafunlearnhub/recruitment-data,prototype_recruitment_classification_unverified_provenance,no_city_or_time;salary_unit_unverified;not_real_available_workforce
12,No,2,Graduate,,2500,109,1,Urban,Y,https://www.kaggle.com/datasets/rafunlearnhub/recruitment-data,prototype_recruitment_classification_unverified_provenance,no_city_or_time;salary_unit_unverified;not_real_available_workforce
13,No,2,Graduate,No,3073,200,1,Urban,Y,https://www.kaggle.com/datasets/rafunlearnhub/recruitment-data,prototype_recruitment_classification_unverified_provenance,no_city_or_time;salary_unit_unverified;not_real_available_workforce
14,Yes,0,Graduate,No,1853,114,1,Rural,N,https://www.kaggle.com/datasets/rafunlearnhub/recruitment-data,prototype_recruitment_classification_unverified_provenance,no_city_or_time;salary_unit_unverified;not_real_available_workforce
15,No,2,Graduate,No,1299,17,1,Urban,Y,https://www.kaggle.com/datasets/rafunlearnhub/recruitment-data,prototype_recruitment_classification_unverified_provenance,no_city_or_time;salary_unit_unverified;not_real_available_workforce
16,Yes,0,Graduate,No,4950,125,1,Urban,Y,https://www.kaggle.com/datasets/rafunlearnhub/recruitment-data,prototype_recruitment_classification_unverified_provenance,no_city_or_time;salary_unit_unverified;not_real_available_workforce
17,Yes,1,Not Graduate,No,3596,100,,Urban,Y,https://www.kaggle.com/datasets/rafunlearnhub/recruitment-data,prototype_recruitment_classification_unverified_provenance,no_city_or_time;salary_unit_unverified;not_real_available_workforce
18,Yes,0,Graduate,No,3510,76,0,Urban,N,https://www.kaggle.com/datasets/rafunlearnhub/recruitment-data,prototype_recruitment_classification_unverified_provenance,no_city_or_time;salary_unit_unverified;not_real_available_workforce
19,No,0,Not Graduate,No,4887,133,1,Rural,N,https://www.kaggle.com/datasets/rafunlearnhub/recruitment-data,prototype_recruitment_classification_unverified_provenance,no_city_or_time;salary_unit_unverified;not_real_available_workforce
20,No,0,Graduate,,2600,115,1,Urban,Y,https://www.kaggle.com/datasets/rafunlearnhub/recruitment-data,prototype_recruitment_classification_unverified_provenance,no_city_or_time;salary_unit_unverified;not_real_available_workforce
21,No,0,Not Graduate,No,7660,104,0,Urban,N,https://www.kaggle.com/datasets/rafunlearnhub/recruitment-data,prototype_recruitment_classification_unverified_provenance,no_city_or_time;salary_unit_unverified;not_real_available_workforce
22,No,1,Graduate,No,5955,315,1,Urban,Y,https://www.kaggle.com/datasets/rafunlearnhub/recruitment-data,prototype_recruitment_classification_unverified_provenance,no_city_or_time;salary_unit_unverified;not_real_available_workforce
23,No,0,Not Graduate,No,2600,116,0,Semiurban,N,https://www.kaggle.com/datasets/rafunlearnhub/recruitment-data,prototype_recruitment_classification_unverified_provenance,no_city_or_time;salary_unit_unverified;not_real_available_workforce
24,No,2,Not Graduate,No,3365,112,0,Rural,N,https://www.kaggle.com/datasets/rafunlearnhub/recruitment-data,prototype_recruitment_classification_unverified_provenance,no_city_or_time;salary_unit_unverified;not_real_available_workforce
25,No,1,Graduate,,3717,151,,Semiurban,N,https://www.kaggle.com/datasets/rafunlearnhub/recruitment-data,prototype_recruitment_classification_unverified_provenance,no_city_or_time;salary_unit_unverified;not_real_available_workforce
26,No,0,Graduate,Yes,9560,191,1,Semiurban,Y,https://www.kaggle.com/datasets/rafunlearnhub/recruitment-data,prototype_recruitment_classification_unverified_provenance,no_city_or_time;salary_unit_unverified;not_real_available_workforce
27,No,0,Graduate,No,2799,122,1,Semiurban,Y,https://www.kaggle.com/datasets/rafunlearnhub/recruitment-data,prototype_recruitment_classification_unverified_provenance,no_city_or_time;salary_unit_unverified;not_real_available_workforce
28,No,2,Not Graduate,No,4226,110,1,Urban,Y,https://www.kaggle.com/datasets/rafunlearnhub/recruitment-data,prototype_recruitment_classification_unverified_provenance,no_city_or_time;salary_unit_unverified;not_real_available_workforce
29,Yes,0,Not Graduate,No,1442,35,1,Urban,N,https://www.kaggle.com/datasets/rafunlearnhub/recruitment-data,prototype_recruitment_classification_unverified_provenance,no_city_or_time;salary_unit_unverified;not_real_available_workforce
30,Yes,2,Graduate,,3750,120,1,Semiurban,Y,https://www.kaggle.com/datasets/rafunlearnhub/recruitment-data,prototype_recruitment_classification_unverified_provenance,no_city_or_time;salary_unit_unverified;not_real_available_workforce
31,No,1,Graduate,,4166,201,,Urban,N,https://www.kaggle.com/datasets/rafunlearnhub/recruitment-data,prototype_recruitment_classification_unverified_provenance,no_city_or_time;salary_unit_unverified;not_real_available_workforce
32,Yes,0,Graduate,No,3167,74,1,Urban,N,https://www.kaggle.com/datasets/rafunlearnhub/recruitment-data,prototype_recruitment_classification_unverified_provenance,no_city_or_time;salary_unit_unverified;not_real_available_workforce
33,Yes,1,Graduate,Yes,4692,106,1,Rural,N,https://www.kaggle.com/datasets/rafunlearnhub/recruitment-data,prototype_recruitment_classification_unverified_provenance,no_city_or_time;salary_unit_unverified;not_real_available_workforce
34,No,0,Graduate,No,3500,114,1,Semiurban,Y,https://www.kaggle.com/datasets/rafunlearnhub/recruitment-data,prototype_recruitment_classification_unverified_provenance,no_city_or_time;salary_unit_unverified;not_real_available_workforce
35,Yes,3,Graduate,No,12500,320,1,Rural,N,https://www.kaggle.com/datasets/rafunlearnhub/recruitment-data,prototype_recruitment_classification_unverified_provenance,no_city_or_time;salary_unit_unverified;not_real_available_workforce
36,No,0,Graduate,No,2275,,1,Urban,Y,https://www.kaggle.com/datasets/rafunlearnhub/recruitment-data,prototype_recruitment_classification_unverified_provenance,no_city_or_time;salary_unit_unverified;not_real_available_workforce
37,No,0,Graduate,No,1828,100,0,Urban,N,https://www.kaggle.com/datasets/rafunlearnhub/recruitment-data,prototype_recruitment_classification_unverified_provenance,no_city_or_time;salary_unit_unverified;not_real_available_workforce
38,No,0,Graduate,No,3667,144,1,Semiurban,Y,https://www.kaggle.com/datasets/rafunlearnhub/recruitment-data,prototype_recruitment_classification_unverified_provenance,no_city_or_time;salary_unit_unverified;not_real_available_workforce
39,Yes,0,Graduate,No,4166,184,1,Urban,Y,https://www.kaggle.com/datasets/rafunlearnhub/recruitment-data,prototype_recruitment_classification_unverified_provenance,no_city_or_time;salary_unit_unverified;not_real_available_workforce
40,Yes,0,Not Graduate,No,3748,110,1,Semiurban,Y,https://www.kaggle.com/datasets/rafunlearnhub/recruitment-data,prototype_recruitment_classification_unverified_provenance,no_city_or_time;salary_unit_unverified;not_real_available_workforce
41,Yes,0,Graduate,No,3600,80,1,Urban,N,https://www.kaggle.com/datasets/rafunlearnhub/recruitment-data,prototype_recruitment_classification_unverified_provenance,no_city_or_time;salary_unit_unverified;not_real_available_workforce
42,Yes,0,Graduate,No,1800,47,1,Urban,Y,https://www.kaggle.com/datasets/rafunlearnhub/recruitment-data,prototype_recruitment_classification_unverified_provenance,no_city_or_time;salary_unit_unverified;not_real_available_workforce
43,No,0,Graduate,No,2400,75,,Urban,Y,https://www.kaggle.com/datasets/rafunlearnhub/recruitment-data,prototype_recruitment_classification_unverified_provenance,no_city_or_time;salary_unit_unverified;not_real_available_workforce
44,No,0,Graduate,No,3941,134,1,Semiurban,Y,https://www.kaggle.com/datasets/rafunlearnhub/recruitment-data,prototype_recruitment_classification_unverified_provenance,no_city_or_time;salary_unit_unverified;not_real_available_workforce
45,No,0,Not Graduate,Yes,4695,96,1,Urban,Y,https://www.kaggle.com/datasets/rafunlearnhub/recruitment-data,prototype_recruitment_classification_unverified_provenance,no_city_or_time;salary_unit_unverified;not_real_available_workforce
46,Yes,0,Graduate,No,3410,88,1,Urban,Y,https://www.kaggle.com/datasets/rafunlearnhub/recruitment-data,prototype_recruitment_classification_unverified_provenance,no_city_or_time;salary_unit_unverified;not_real_available_workforce
47,No,1,Graduate,No,5649,44,1,Urban,Y,https://www.kaggle.com/datasets/rafunlearnhub/recruitment-data,prototype_recruitment_classification_unverified_provenance,no_city_or_time;salary_unit_unverified;not_real_available_workforce
48,No,0,Graduate,No,5821,144,1,Urban,Y,https://www.kaggle.com/datasets/rafunlearnhub/recruitment-data,prototype_recruitment_classification_unverified_provenance,no_city_or_time;salary_unit_unverified;not_real_available_workforce
49,No,0,Graduate,No,2645,120,0,Urban,N,https://www.kaggle.com/datasets/rafunlearnhub/recruitment-data,prototype_recruitment_classification_unverified_provenance,no_city_or_time;salary_unit_unverified;not_real_available_workforce
50,Yes,0,Graduate,No,4000,144,1,Semiurban,Y,https://www.kaggle.com/datasets/rafunlearnhub/recruitment-data,prototype_recruitment_classification_unverified_provenance,no_city_or_time;salary_unit_unverified;not_real_available_workforce
51,No,0,Not Graduate,No,1928,100,1,Semiurban,Y,https://www.kaggle.com/datasets/rafunlearnhub/recruitment-data,prototype_recruitment_classification_unverified_provenance,no_city_or_time;salary_unit_unverified;not_real_available_workforce
52,Yes,0,Graduate,No,3086,120,1,Semiurban,Y,https://www.kaggle.com/datasets/rafunlearnhub/recruitment-data,prototype_recruitment_classification_unverified_provenance,no_city_or_time;salary_unit_unverified;not_real_available_workforce
53,Yes,0,Graduate,No,4230,112,1,Semiurban,N,https://www.kaggle.com/datasets/rafunlearnhub/recruitment-data,prototype_recruitment_classification_unverified_provenance,no_city_or_time;salary_unit_unverified;not_real_available_workforce
54,No,2,Graduate,No,4616,134,1,Urban,N,https://www.kaggle.com/datasets/rafunlearnhub/recruitment-data,prototype_recruitment_classification_unverified_provenance,no_city_or_time;salary_unit_unverified;not_real_available_workforce
55,No,1,Graduate,Yes,11500,286,0,Urban,N,https://www.kaggle.com/datasets/rafunlearnhub/recruitment-data,prototype_recruitment_classification_unverified_provenance,no_city_or_time;salary_unit_unverified;not_real_available_workforce
56,No,2,Graduate,No,2708,97,1,Semiurban,Y,https://www.kaggle.com/datasets/rafunlearnhub/recruitment-data,prototype_recruitment_classification_unverified_provenance,no_city_or_time;salary_unit_unverified;not_real_available_workforce
57,No,0,Graduate,No,2132,96,1,Semiurban,Y,https://www.kaggle.com/datasets/rafunlearnhub/recruitment-data,prototype_recruitment_classification_unverified_provenance,no_city_or_time;salary_unit_unverified;not_real_available_workforce
58,No,0,Graduate,No,3366,135,1,Rural,N,https://www.kaggle.com/datasets/rafunlearnhub/recruitment-data,prototype_recruitment_classification_unverified_provenance,no_city_or_time;salary_unit_unverified;not_real_available_workforce
59,No,1,Graduate,No,8080,180,1,Urban,Y,https://www.kaggle.com/datasets/rafunlearnhub/recruitment-data,prototype_recruitment_classification_unverified_provenance,no_city_or_time;salary_unit_unverified;not_real_available_workforce
60,No,2,Not Graduate,No,3357,144,1,Urban,Y,https://www.kaggle.com/datasets/rafunlearnhub/recruitment-data,prototype_recruitment_classification_unverified_provenance,no_city_or_time;salary_unit_unverified;not_real_available_workforce
61,No,0,Graduate,No,2500,120,1,Urban,Y,https://www.kaggle.com/datasets/rafunlearnhub/recruitment-data,prototype_recruitment_classification_unverified_provenance,no_city_or_time;salary_unit_unverified;not_real_available_workforce
62,No,3,Graduate,No,3029,99,1,Urban,Y,https://www.kaggle.com/datasets/rafunlearnhub/recruitment-data,prototype_recruitment_classification_unverified_provenance,no_city_or_time;salary_unit_unverified;not_real_available_workforce
63,No,0,Not Graduate,Yes,2609,165,0,Rural,N,https://www.kaggle.com/datasets/rafunlearnhub/recruitment-data,prototype_recruitment_classification_unverified_provenance,no_city_or_time;salary_unit_unverified;not_real_available_workforce
64,No,1,Graduate,No,4945,,0,Rural,N,https://www.kaggle.com/datasets/rafunlearnhub/recruitment-data,prototype_recruitment_classification_unverified_provenance,no_city_or_time;salary_unit_unverified;not_real_available_workforce
65,Yes,0,Graduate,No,4166,116,0,Semiurban,N,https://www.kaggle.com/datasets/rafunlearnhub/recruitment-data,prototype_recruitment_classification_unverified_provenance,no_city_or_time;salary_unit_unverified;not_real_available_workforce
66,No,0,Graduate,No,5726,258,1,Semiurban,N,https://www.kaggle.com/datasets/rafunlearnhub/recruitment-data,prototype_recruitment_classification_unverified_provenance,no_city_or_time;salary_unit_unverified;not_real_available_workforce
67,Yes,0,Not Graduate,No,3200,126,0,Urban,N,https://www.kaggle.com/datasets/rafunlearnhub/recruitment-data,prototype_recruitment_classification_unverified_provenance,no_city_or_time;salary_unit_unverified;not_real_available_workforce
68,No,1,Graduate,No,10750,312,1,Urban,Y,https://www.kaggle.com/datasets/rafunlearnhub/recruitment-data,prototype_recruitment_classification_unverified_provenance,no_city_or_time;salary_unit_unverified;not_real_available_workforce
69,No,3,Not Graduate,Yes,7100,125,1,Urban,Y,https://www.kaggle.com/datasets/rafunlearnhub/recruitment-data,prototype_recruitment_classification_unverified_provenance,no_city_or_time;salary_unit_unverified;not_real_available_workforce
70,Yes,0,Graduate,No,4300,136,0,Semiurban,N,https://www.kaggle.com/datasets/rafunlearnhub/recruitment-data,prototype_recruitment_classification_unverified_provenance,no_city_or_time;salary_unit_unverified;not_real_available_workforce
71,No,0,Graduate,No,3208,172,1,Urban,Y,https://www.kaggle.com/datasets/rafunlearnhub/recruitment-data,prototype_recruitment_classification_unverified_provenance,no_city_or_time;salary_unit_unverified;not_real_available_workforce
72,No,2,Not Graduate,Yes,1875,97,1,Semiurban,Y,https://www.kaggle.com/datasets/rafunlearnhub/recruitment-data,prototype_recruitment_classification_unverified_provenance,no_city_or_time;salary_unit_unverified;not_real_available_workforce
73,Yes,0,Graduate,No,3500,81,1,Semiurban,Y,https://www.kaggle.com/datasets/rafunlearnhub/recruitment-data,prototype_recruitment_classification_unverified_provenance,no_city_or_time;salary_unit_unverified;not_real_available_workforce
74,No,3,Not Graduate,No,4755,95,0,Semiurban,N,https://www.kaggle.com/datasets/rafunlearnhub/recruitment-data,prototype_recruitment_classification_unverified_provenance,no_city_or_time;salary_unit_unverified;not_real_available_workforce
75,No,3,Graduate,Yes,5266,187,1,Semiurban,Y,https://www.kaggle.com/datasets/rafunlearnhub/recruitment-data,prototype_recruitment_classification_unverified_provenance,no_city_or_time;salary_unit_unverified;not_real_available_workforce
76,Yes,0,Graduate,No,3750,113,1,Urban,N,https://www.kaggle.com/datasets/rafunlearnhub/recruitment-data,prototype_recruitment_classification_unverified_provenance,no_city_or_time;salary_unit_unverified;not_real_available_workforce
77,Yes,0,Graduate,No,3750,176,1,Urban,N,https://www.kaggle.com/datasets/rafunlearnhub/recruitment-data,prototype_recruitment_classification_unverified_provenance,no_city_or_time;salary_unit_unverified;not_real_available_workforce
78,No,1,Graduate,Yes,1000,110,1,Urban,N,https://www.kaggle.com/datasets/rafunlearnhub/recruitment-data,prototype_recruitment_classification_unverified_provenance,no_city_or_time;salary_unit_unverified;not_real_available_workforce
79,No,3,Graduate,No,3167,180,0,Semiurban,N,https://www.kaggle.com/datasets/rafunlearnhub/recruitment-data,prototype_recruitment_classification_unverified_provenance,no_city_or_time;salary_unit_unverified;not_real_available_workforce
80,No,3,Not Graduate,Yes,3333,130,,Semiurban,Y,https://www.kaggle.com/datasets/rafunlearnhub/recruitment-data,prototype_recruitment_classification_unverified_provenance,no_city_or_time;salary_unit_unverified;not_real_available_workforce
81,Yes,0,Graduate,No,3846,111,1,Semiurban,Y,https://www.kaggle.com/datasets/rafunlearnhub/recruitment-data,prototype_recruitment_classification_unverified_provenance,no_city_or_time;salary_unit_unverified;not_real_available_workforce
82,No,1,Graduate,Yes,2395,,1,Semiurban,Y,https://www.kaggle.com/datasets/rafunlearnhub/recruitment-data,prototype_recruitment_classification_unverified_provenance,no_city_or_time;salary_unit_unverified;not_real_available_workforce
83,No,2,Graduate,No,1378,167,1,Urban,N,https://www.kaggle.com/datasets/rafunlearnhub/recruitment-data,prototype_recruitment_classification_unverified_provenance,no_city_or_time;salary_unit_unverified;not_real_available_workforce
84,No,0,Graduate,No,6000,265,,Semiurban,N,https://www.kaggle.com/datasets/rafunlearnhub/recruitment-data,prototype_recruitment_classification_unverified_provenance,no_city_or_time;salary_unit_unverified;not_real_available_workforce
85,No,1,Graduate,No,3988,50,1,Urban,Y,https://www.kaggle.com/datasets/rafunlearnhub/recruitment-data,prototype_recruitment_classification_unverified_provenance,no_city_or_time;salary_unit_unverified;not_real_available_workforce
86,Yes,0,Graduate,No,2366,136,1,Semiurban,Y,https://www.kaggle.com/datasets/rafunlearnhub/recruitment-data,prototype_recruitment_classification_unverified_provenance,no_city_or_time;salary_unit_unverified;not_real_available_workforce
87,No,2,Not Graduate,No,3333,99,,Semiurban,Y,https://www.kaggle.com/datasets/rafunlearnhub/recruitment-data,prototype_recruitment_classification_unverified_provenance,no_city_or_time;salary_unit_unverified;not_real_available_workforce
88,No,0,Graduate,No,2500,104,1,Semiurban,Y,https://www.kaggle.com/datasets/rafunlearnhub/recruitment-data,prototype_recruitment_classification_unverified_provenance,no_city_or_time;salary_unit_unverified;not_real_available_workforce
89,Yes,0,Graduate,No,8566,210,1,Urban,Y,https://www.kaggle.com/datasets/rafunlearnhub/recruitment-data,prototype_recruitment_classification_unverified_provenance,no_city_or_time;salary_unit_unverified;not_real_available_workforce
90,No,0,Graduate,No,5695,175,1,Semiurban,Y,https://www.kaggle.com/datasets/rafunlearnhub/recruitment-data,prototype_recruitment_classification_unverified_provenance,no_city_or_time;salary_unit_unverified;not_real_available_workforce
91,No,0,Graduate,No,2958,131,1,Semiurban,Y,https://www.kaggle.com/datasets/rafunlearnhub/recruitment-data,prototype_recruitment_classification_unverified_provenance,no_city_or_time;salary_unit_unverified;not_real_available_workforce
92,No,2,Graduate,No,6250,188,1,Semiurban,Y,https://www.kaggle.com/datasets/rafunlearnhub/recruitment-data,prototype_recruitment_classification_unverified_provenance,no_city_or_time;salary_unit_unverified;not_real_available_workforce
93,No,2,Not Graduate,No,3273,81,1,Urban,Y,https://www.kaggle.com/datasets/rafunlearnhub/recruitment-data,prototype_recruitment_classification_unverified_provenance,no_city_or_time;salary_unit_unverified;not_real_available_workforce
94,Yes,0,Graduate,No,4133,122,1,Semiurban,Y,https://www.kaggle.com/datasets/rafunlearnhub/recruitment-data,prototype_recruitment_classification_unverified_provenance,no_city_or_time;salary_unit_unverified;not_real_available_workforce
95,Yes,0,Not Graduate,No,3620,25,1,Semiurban,Y,https://www.kaggle.com/datasets/rafunlearnhub/recruitment-data,prototype_recruitment_classification_unverified_provenance,no_city_or_time;salary_unit_unverified;not_real_available_workforce
96,Yes,0,Graduate,,6782,,,Urban,N,https://www.kaggle.com/datasets/rafunlearnhub/recruitment-data,prototype_recruitment_classification_unverified_provenance,no_city_or_time;salary_unit_unverified;not_real_available_workforce
97,No,0,Graduate,No,2484,137,1,Semiurban,Y,https://www.kaggle.com/datasets/rafunlearnhub/recruitment-data,prototype_recruitment_classification_unverified_provenance,no_city_or_time;salary_unit_unverified;not_real_available_workforce
98,No,0,Graduate,No,1977,50,1,Semiurban,Y,https://www.kaggle.com/datasets/rafunlearnhub/recruitment-data,prototype_recruitment_classification_unverified_provenance,no_city_or_time;salary_unit_unverified;not_real_available_workforce
99,No,0,Not Graduate,No,4188,115,1,Semiurban,Y,https://www.kaggle.com/datasets/rafunlearnhub/recruitment-data,prototype_recruitment_classification_unverified_provenance,no_city_or_time;salary_unit_unverified;not_real_available_workforce
100,No,0,Graduate,No,1759,131,1,Semiurban,Y,https://www.kaggle.com/datasets/rafunlearnhub/recruitment-data,prototype_recruitment_classification_unverified_provenance,no_city_or_time;salary_unit_unverified;not_real_available_workforce
101,No,2,Not Graduate,No,4288,133,1,Urban,Y,https://www.kaggle.com/datasets/rafunlearnhub/recruitment-data,prototype_recruitment_classification_unverified_provenance,no_city_or_time;salary_unit_unverified;not_real_available_workforce
102,Yes,0,Graduate,No,4843,151,1,Semiurban,Y,https://www.kaggle.com/datasets/rafunlearnhub/recruitment-data,prototype_recruitment_classification_unverified_provenance,no_city_or_time;salary_unit_unverified;not_real_available_workforce
103,No,,Graduate,No,13650,,1,Urban,Y,https://www.kaggle.com/datasets/rafunlearnhub/recruitment-data,prototype_recruitment_classification_unverified_provenance,no_city_or_time;salary_unit_unverified;not_real_available_workforce
104,No,0,Graduate,No,4652,,1,Semiurban,Y,https://www.kaggle.com/datasets/rafunlearnhub/recruitment-data,prototype_recruitment_classification_unverified_provenance,no_city_or_time;salary_unit_unverified;not_real_available_workforce
105,,,Graduate,No,3816,160,1,Urban,Y,https://www.kaggle.com/datasets/rafunlearnhub/recruitment-data,prototype_recruitment_classification_unverified_provenance,no_city_or_time;salary_unit_unverified;not_real_available_workforce
106,No,1,Graduate,No,3052,100,1,Urban,Y,https://www.kaggle.com/datasets/rafunlearnhub/recruitment-data,prototype_recruitment_classification_unverified_provenance,no_city_or_time;salary_unit_unverified;not_real_available_workforce
107,No,2,Graduate,No,11417,225,1,Urban,Y,https://www.kaggle.com/datasets/rafunlearnhub/recruitment-data,prototype_recruitment_classification_unverified_provenance,no_city_or_time;salary_unit_unverified;not_real_available_workforce
108,Yes,0,Not Graduate,,7333,120,1,Rural,N,https://www.kaggle.com/datasets/rafunlearnhub/recruitment-data,prototype_recruitment_classification_unverified_provenance,no_city_or_time;salary_unit_unverified;not_real_available_workforce
109,No,2,Graduate,No,3800,216,0,Urban,N,https://www.kaggle.com/datasets/rafunlearnhub/recruitment-data,prototype_recruitment_classification_unverified_provenance,no_city_or_time;salary_unit_unverified;not_real_available_workforce
110,No,3,Not Graduate,No,2071,94,1,Semiurban,Y,https://www.kaggle.com/datasets/rafunlearnhub/recruitment-data,prototype_recruitment_classification_unverified_provenance,no_city_or_time;salary_unit_unverified;not_real_available_workforce
111,Yes,0,Graduate,No,5316,136,1,Urban,Y,https://www.kaggle.com/datasets/rafunlearnhub/recruitment-data,prototype_recruitment_classification_unverified_provenance,no_city_or_time;salary_unit_unverified;not_real_available_workforce
112,No,0,Graduate,,2929,139,1,Semiurban,Y,https://www.kaggle.com/datasets/rafunlearnhub/recruitment-data,prototype_recruitment_classification_unverified_provenance,no_city_or_time;salary_unit_unverified;not_real_available_workforce
113,No,0,Not Graduate,No,3572,152,0,Rural,N,https://www.kaggle.com/datasets/rafunlearnhub/recruitment-data,prototype_recruitment_classification_unverified_provenance,no_city_or_time;salary_unit_unverified;not_real_available_workforce
114,Yes,1,Graduate,Yes,7451,,1,Semiurban,Y,https://www.kaggle.com/datasets/rafunlearnhub/recruitment-data,prototype_recruitment_classification_unverified_provenance,no_city_or_time;salary_unit_unverified;not_real_available_workforce
115,Yes,0,Graduate,,5050,118,1,Semiurban,Y,https://www.kaggle.com/datasets/rafunlearnhub/recruitment-data,prototype_recruitment_classification_unverified_provenance,no_city_or_time;salary_unit_unverified;not_real_available_workforce
116,No,1,Graduate,No,14583,185,1,Rural,Y,https://www.kaggle.com/datasets/rafunlearnhub/recruitment-data,prototype_recruitment_classification_unverified_provenance,no_city_or_time;salary_unit_unverified;not_real_available_workforce
117,No,0,Graduate,No,3167,154,1,Semiurban,Y,https://www.kaggle.com/datasets/rafunlearnhub/recruitment-data,prototype_recruitment_classification_unverified_provenance,no_city_or_time;salary_unit_unverified;not_real_available_workforce
118,No,1,Graduate,No,2214,85,,Urban,Y,https://www.kaggle.com/datasets/rafunlearnhub/recruitment-data,prototype_recruitment_classification_unverified_provenance,no_city_or_time;salary_unit_unverified;not_real_available_workforce
119,No,0,Graduate,No,5568,175,1,Rural,N,https://www.kaggle.com/datasets/rafunlearnhub/recruitment-data,prototype_recruitment_classification_unverified_provenance,no_city_or_time;salary_unit_unverified;not_real_available_workforce
120,Yes,0,Graduate,No,10408,259,1,Urban,Y,https://www.kaggle.com/datasets/rafunlearnhub/recruitment-data,prototype_recruitment_classification_unverified_provenance,no_city_or_time;salary_unit_unverified;not_real_available_workforce
121,No,,Graduate,No,5667,180,1,Rural,Y,https://www.kaggle.com/datasets/rafunlearnhub/recruitment-data,prototype_recruitment_classification_unverified_provenance,no_city_or_time;salary_unit_unverified;not_real_available_workforce
122,Yes,0,Graduate,No,4166,44,1,Semiurban,Y,https://www.kaggle.com/datasets/rafunlearnhub/recruitment-data,prototype_recruitment_classification_unverified_provenance,no_city_or_time;salary_unit_unverified;not_real_available_workforce
123,Yes,0,Graduate,No,2137,137,0,Semiurban,Y,https://www.kaggle.com/datasets/rafunlearnhub/recruitment-data,prototype_recruitment_classification_unverified_provenance,no_city_or_time;salary_unit_unverified;not_real_available_workforce
124,No,2,Graduate,No,2957,81,1,Semiurban,Y,https://www.kaggle.com/datasets/rafunlearnhub/recruitment-data,prototype_recruitment_classification_unverified_provenance,no_city_or_time;salary_unit_unverified;not_real_available_workforce
125,No,0,Not Graduate,No,4300,194,1,Rural,Y,https://www.kaggle.com/datasets/rafunlearnhub/recruitment-data,prototype_recruitment_classification_unverified_provenance,no_city_or_time;salary_unit_unverified;not_real_available_workforce
126,Yes,0,Graduate,No,3692,93,,Rural,Y,https://www.kaggle.com/datasets/rafunlearnhub/recruitment-data,prototype_recruitment_classification_unverified_provenance,no_city_or_time;salary_unit_unverified;not_real_available_workforce
127,No,3,Graduate,No,23803,370,1,Rural,Y,https://www.kaggle.com/datasets/rafunlearnhub/recruitment-data,prototype_recruitment_classification_unverified_provenance,no_city_or_time;salary_unit_unverified;not_real_available_workforce
128,Yes,0,Graduate,No,3865,,1,Rural,Y,https://www.kaggle.com/datasets/rafunlearnhub/recruitment-data,prototype_recruitment_classification_unverified_provenance,no_city_or_time;salary_unit_unverified;not_real_available_workforce
129,No,1,Graduate,Yes,10513,160,0,Urban,N,https://www.kaggle.com/datasets/rafunlearnhub/recruitment-data,prototype_recruitment_classification_unverified_provenance,no_city_or_time;salary_unit_unverified;not_real_available_workforce
130,No,0,Graduate,No,6080,182,,Rural,N,https://www.kaggle.com/datasets/rafunlearnhub/recruitment-data,prototype_recruitment_classification_unverified_provenance,no_city_or_time;salary_unit_unverified;not_real_available_workforce
131,Yes,0,Graduate,Yes,20166,650,,Urban,Y,https://www.kaggle.com/datasets/rafunlearnhub/recruitment-data,prototype_recruitment_classification_unverified_provenance,no_city_or_time;salary_unit_unverified;not_real_available_workforce
132,Yes,0,Graduate,No,2014,74,1,Urban,Y,https://www.kaggle.com/datasets/rafunlearnhub/recruitment-data,prototype_recruitment_classification_unverified_provenance,no_city_or_time;salary_unit_unverified;not_real_available_workforce
133,Yes,0,Graduate,No,2718,70,1,Semiurban,Y,https://www.kaggle.com/datasets/rafunlearnhub/recruitment-data,prototype_recruitment_classification_unverified_provenance,no_city_or_time;salary_unit_unverified;not_real_available_workforce
134,No,0,Graduate,Yes,3459,25,1,Semiurban,Y,https://www.kaggle.com/datasets/rafunlearnhub/recruitment-data,prototype_recruitment_classification_unverified_provenance,no_city_or_time;salary_unit_unverified;not_real_available_workforce
135,Yes,0,Graduate,No,4895,102,1,Semiurban,Y,https://www.kaggle.com/datasets/rafunlearnhub/recruitment-data,prototype_recruitment_classification_unverified_provenance,no_city_or_time;salary_unit_unverified;not_real_available_workforce
136,No,3,Graduate,No,4000,290,1,Semiurban,N,https://www.kaggle.com/datasets/rafunlearnhub/recruitment-data,prototype_recruitment_classification_unverified_provenance,no_city_or_time;salary_unit_unverified;not_real_available_workforce
137,No,0,Graduate,No,4583,84,1,Rural,N,https://www.kaggle.com/datasets/rafunlearnhub/recruitment-data,prototype_recruitment_classification_unverified_provenance,no_city_or_time;salary_unit_unverified;not_real_available_workforce
138,No,2,Graduate,Yes,3316,88,1,Urban,Y,https://www.kaggle.com/datasets/rafunlearnhub/recruitment-data,prototype_recruitment_classification_unverified_provenance,no_city_or_time;salary_unit_unverified;not_real_available_workforce
139,Yes,0,Graduate,No,14999,242,0,Semiurban,N,https://www.kaggle.com/datasets/rafunlearnhub/recruitment-data,prototype_recruitment_classification_unverified_provenance,no_city_or_time;salary_unit_unverified;not_real_available_workforce
140,No,2,Not Graduate,No,4200,129,1,Rural,N,https://www.kaggle.com/datasets/rafunlearnhub/recruitment-data,prototype_recruitment_classification_unverified_provenance,no_city_or_time;salary_unit_unverified;not_real_available_workforce
141,No,2,Graduate,No,5042,185,1,Rural,N,https://www.kaggle.com/datasets/rafunlearnhub/recruitment-data,prototype_recruitment_classification_unverified_provenance,no_city_or_time;salary_unit_unverified;not_real_available_workforce
142,Yes,0,Graduate,No,5417,168,1,Urban,Y,https://www.kaggle.com/datasets/rafunlearnhub/recruitment-data,prototype_recruitment_classification_unverified_provenance,no_city_or_time;salary_unit_unverified;not_real_available_workforce
143,Yes,0,Graduate,Yes,6950,175,1,Semiurban,Y,https://www.kaggle.com/datasets/rafunlearnhub/recruitment-data,prototype_recruitment_classification_unverified_provenance,no_city_or_time;salary_unit_unverified;not_real_available_workforce
144,No,0,Graduate,No,2698,122,1,Semiurban,Y,https://www.kaggle.com/datasets/rafunlearnhub/recruitment-data,prototype_recruitment_classification_unverified_provenance,no_city_or_time;salary_unit_unverified;not_real_available_workforce
145,No,2,Graduate,No,11757,187,1,Urban,Y,https://www.kaggle.com/datasets/rafunlearnhub/recruitment-data,prototype_recruitment_classification_unverified_provenance,no_city_or_time;salary_unit_unverified;not_real_available_workforce
146,No,0,Graduate,No,2330,100,1,Semiurban,Y,https://www.kaggle.com/datasets/rafunlearnhub/recruitment-data,prototype_recruitment_classification_unverified_provenance,no_city_or_time;salary_unit_unverified;not_real_available_workforce
147,No,2,Graduate,No,14866,70,1,Urban,Y,https://www.kaggle.com/datasets/rafunlearnhub/recruitment-data,prototype_recruitment_classification_unverified_provenance,no_city_or_time;salary_unit_unverified;not_real_available_workforce
148,No,1,Graduate,No,1538,30,1,Urban,Y,https://www.kaggle.com/datasets/rafunlearnhub/recruitment-data,prototype_recruitment_classification_unverified_provenance,no_city_or_time;salary_unit_unverified;not_real_available_workforce
149,Yes,0,Graduate,No,10000,225,1,Rural,N,https://www.kaggle.com/datasets/rafunlearnhub/recruitment-data,prototype_recruitment_classification_unverified_provenance,no_city_or_time;salary_unit_unverified;not_real_available_workforce
150,No,0,Graduate,No,4860,125,1,Semiurban,Y,https://www.kaggle.com/datasets/rafunlearnhub/recruitment-data,prototype_recruitment_classification_unverified_provenance,no_city_or_time;salary_unit_unverified;not_real_available_workforce
151,Yes,0,Graduate,No,6277,118,0,Rural,N,https://www.kaggle.com/datasets/rafunlearnhub/recruitment-data,prototype_recruitment_classification_unverified_provenance,no_city_or_time;salary_unit_unverified;not_real_available_workforce
152,No,0,Graduate,Yes,2577,152,1,Rural,Y,https://www.kaggle.com/datasets/rafunlearnhub/recruitment-data,prototype_recruitment_classification_unverified_provenance,no_city_or_time;salary_unit_unverified;not_real_available_workforce
153,Yes,0,Graduate,No,9166,244,1,Urban,N,https://www.kaggle.com/datasets/rafunlearnhub/recruitment-data,prototype_recruitment_classification_unverified_provenance,no_city_or_time;salary_unit_unverified;not_real_available_workforce
154,No,2,Not Graduate,No,2281,113,1,Rural,N,https://www.kaggle.com/datasets/rafunlearnhub/recruitment-data,prototype_recruitment_classification_unverified_provenance,no_city_or_time;salary_unit_unverified;not_real_available_workforce
155,Yes,0,Graduate,No,3254,50,1,Urban,Y,https://www.kaggle.com/datasets/rafunlearnhub/recruitment-data,prototype_recruitment_classification_unverified_provenance,no_city_or_time;salary_unit_unverified;not_real_available_workforce
156,No,3,Graduate,No,39999,600,0,Semiurban,Y,https://www.kaggle.com/datasets/rafunlearnhub/recruitment-data,prototype_recruitment_classification_unverified_provenance,no_city_or_time;salary_unit_unverified;not_real_available_workforce
157,No,1,Graduate,No,6000,160,,Rural,Y,https://www.kaggle.com/datasets/rafunlearnhub/recruitment-data,prototype_recruitment_classification_unverified_provenance,no_city_or_time;salary_unit_unverified;not_real_available_workforce
158,No,1,Graduate,No,9538,187,1,Urban,Y,https://www.kaggle.com/datasets/rafunlearnhub/recruitment-data,prototype_recruitment_classification_unverified_provenance,no_city_or_time;salary_unit_unverified;not_real_available_workforce
159,Yes,0,Graduate,,2980,120,1,Rural,Y,https://www.kaggle.com/datasets/rafunlearnhub/recruitment-data,prototype_recruitment_classification_unverified_provenance,no_city_or_time;salary_unit_unverified;not_real_available_workforce
160,No,0,Graduate,No,4583,255,1,Semiurban,Y,https://www.kaggle.com/datasets/rafunlearnhub/recruitment-data,prototype_recruitment_classification_unverified_provenance,no_city_or_time;salary_unit_unverified;not_real_available_workforce
161,No,0,Not Graduate,No,1863,98,1,Semiurban,Y,https://www.kaggle.com/datasets/rafunlearnhub/recruitment-data,prototype_recruitment_classification_unverified_provenance,no_city_or_time;salary_unit_unverified;not_real_available_workforce
162,No,0,Graduate,No,7933,275,1,Urban,N,https://www.kaggle.com/datasets/rafunlearnhub/recruitment-data,prototype_recruitment_classification_unverified_provenance,no_city_or_time;salary_unit_unverified;not_real_available_workforce
163,No,1,Graduate,No,3089,121,0,Semiurban,N,https://www.kaggle.com/datasets/rafunlearnhub/recruitment-data,prototype_recruitment_classification_unverified_provenance,no_city_or_time;salary_unit_unverified;not_real_available_workforce
164,No,2,Graduate,No,4167,158,1,Rural,Y,https://www.kaggle.com/datasets/rafunlearnhub/recruitment-data,prototype_recruitment_classification_unverified_provenance,no_city_or_time;salary_unit_unverified;not_real_available_workforce
165,No,0,Graduate,No,9323,75,1,Urban,Y,https://www.kaggle.com/datasets/rafunlearnhub/recruitment-data,prototype_recruitment_classification_unverified_provenance,no_city_or_time;salary_unit_unverified;not_real_available_workforce
166,No,0,Graduate,No,3707,182,1,Rural,Y,https://www.kaggle.com/datasets/rafunlearnhub/recruitment-data,prototype_recruitment_classification_unverified_provenance,no_city_or_time;salary_unit_unverified;not_real_available_workforce
167,No,0,Graduate,No,4583,112,1,Rural,N,https://www.kaggle.com/datasets/rafunlearnhub/recruitment-data,prototype_recruitment_classification_unverified_provenance,no_city_or_time;salary_unit_unverified;not_real_available_workforce
168,No,0,Graduate,No,2439,129,1,Rural,Y,https://www.kaggle.com/datasets/rafunlearnhub/recruitment-data,prototype_recruitment_classification_unverified_provenance,no_city_or_time;salary_unit_unverified;not_real_available_workforce
169,Yes,0,Graduate,No,2237,63,0,Semiurban,N,https://www.kaggle.com/datasets/rafunlearnhub/recruitment-data,prototype_recruitment_classification_unverified_provenance,no_city_or_time;salary_unit_unverified;not_real_available_workforce
170,No,2,Graduate,No,8000,200,1,Semiurban,Y,https://www.kaggle.com/datasets/rafunlearnhub/recruitment-data,prototype_recruitment_classification_unverified_provenance,no_city_or_time;salary_unit_unverified;not_real_available_workforce
171,No,0,Not Graduate,,1820,95,1,Rural,Y,https://www.kaggle.com/datasets/rafunlearnhub/recruitment-data,prototype_recruitment_classification_unverified_provenance,no_city_or_time;salary_unit_unverified;not_real_available_workforce
172,No,3,Graduate,No,51763,700,1,Urban,Y,https://www.kaggle.com/datasets/rafunlearnhub/recruitment-data,prototype_recruitment_classification_unverified_provenance,no_city_or_time;salary_unit_unverified;not_real_available_workforce
173,No,3,Not Graduate,No,3522,81,1,Rural,N,https://www.kaggle.com/datasets/rafunlearnhub/recruitment-data,prototype_recruitment_classification_unverified_provenance,no_city_or_time;salary_unit_unverified;not_real_available_workforce
174,No,0,Graduate,No,5708,187,1,Semiurban,Y,https://www.kaggle.com/datasets/rafunlearnhub/recruitment-data,prototype_recruitment_classification_unverified_provenance,no_city_or_time;salary_unit_unverified;not_real_available_workforce
175,No,0,Not Graduate,Yes,4344,87,1,Semiurban,N,https://www.kaggle.com/datasets/rafunlearnhub/recruitment-data,prototype_recruitment_classification_unverified_provenance,no_city_or_time;salary_unit_unverified;not_real_available_workforce
176,No,0,Graduate,No,3497,116,1,Rural,Y,https://www.kaggle.com/datasets/rafunlearnhub/recruitment-data,prototype_recruitment_classification_unverified_provenance,no_city_or_time;salary_unit_unverified;not_real_available_workforce
177,No,2,Graduate,No,2045,101,1,Rural,Y,https://www.kaggle.com/datasets/rafunlearnhub/recruitment-data,prototype_recruitment_classification_unverified_provenance,no_city_or_time;salary_unit_unverified;not_real_available_workforce
178,No,3,Graduate,No,5516,495,0,Semiurban,N,https://www.kaggle.com/datasets/rafunlearnhub/recruitment-data,prototype_recruitment_classification_unverified_provenance,no_city_or_time;salary_unit_unverified;not_real_available_workforce
179,No,1,Graduate,No,3750,116,1,Semiurban,Y,https://www.kaggle.com/datasets/rafunlearnhub/recruitment-data,prototype_recruitment_classification_unverified_provenance,no_city_or_time;salary_unit_unverified;not_real_available_workforce
180,Yes,0,Not Graduate,No,2333,102,0,Urban,N,https://www.kaggle.com/datasets/rafunlearnhub/recruitment-data,prototype_recruitment_classification_unverified_provenance,no_city_or_time;salary_unit_unverified;not_real_available_workforce
181,No,1,Graduate,No,6400,180,0,Urban,N,https://www.kaggle.com/datasets/rafunlearnhub/recruitment-data,prototype_recruitment_classification_unverified_provenance,no_city_or_time;salary_unit_unverified;not_real_available_workforce
182,Yes,0,Graduate,No,1916,67,,Rural,N,https://www.kaggle.com/datasets/rafunlearnhub/recruitment-data,prototype_recruitment_classification_unverified_provenance,no_city_or_time;salary_unit_unverified;not_real_available_workforce
183,No,0,Graduate,No,4600,73,1,Semiurban,Y,https://www.kaggle.com/datasets/rafunlearnhub/recruitment-data,prototype_recruitment_classification_unverified_provenance,no_city_or_time;salary_unit_unverified;not_real_available_workforce
184,No,1,Graduate,No,33846,260,1,Semiurban,N,https://www.kaggle.com/datasets/rafunlearnhub/recruitment-data,prototype_recruitment_classification_unverified_provenance,no_city_or_time;salary_unit_unverified;not_real_available_workforce
185,No,0,Graduate,No,3625,108,1,Semiurban,Y,https://www.kaggle.com/datasets/rafunlearnhub/recruitment-data,prototype_recruitment_classification_unverified_provenance,no_city_or_time;salary_unit_unverified;not_real_available_workforce
186,No,0,Graduate,Yes,39147,120,1,Semiurban,Y,https://www.kaggle.com/datasets/rafunlearnhub/recruitment-data,prototype_recruitment_classification_unverified_provenance,no_city_or_time;salary_unit_unverified;not_real_available_workforce
187,No,1,Graduate,Yes,2178,66,0,Rural,N,https://www.kaggle.com/datasets/rafunlearnhub/recruitment-data,prototype_recruitment_classification_unverified_provenance,no_city_or_time;salary_unit_unverified;not_real_available_workforce
188,No,0,Graduate,No,2383,58,,Rural,Y,https://www.kaggle.com/datasets/rafunlearnhub/recruitment-data,prototype_recruitment_classification_unverified_provenance,no_city_or_time;salary_unit_unverified;not_real_available_workforce
189,No,0,Graduate,Yes,674,168,1,Rural,Y,https://www.kaggle.com/datasets/rafunlearnhub/recruitment-data,prototype_recruitment_classification_unverified_provenance,no_city_or_time;salary_unit_unverified;not_real_available_workforce
190,No,0,Graduate,No,9328,188,1,Rural,Y,https://www.kaggle.com/datasets/rafunlearnhub/recruitment-data,prototype_recruitment_classification_unverified_provenance,no_city_or_time;salary_unit_unverified;not_real_available_workforce
191,Yes,0,Not Graduate,No,4885,48,1,Rural,Y,https://www.kaggle.com/datasets/rafunlearnhub/recruitment-data,prototype_recruitment_classification_unverified_provenance,no_city_or_time;salary_unit_unverified;not_real_available_workforce
192,Yes,0,Graduate,No,12000,164,1,Semiurban,N,https://www.kaggle.com/datasets/rafunlearnhub/recruitment-data,prototype_recruitment_classification_unverified_provenance,no_city_or_time;salary_unit_unverified;not_real_available_workforce
193,No,0,Not Graduate,No,6033,160,1,Urban,N,https://www.kaggle.com/datasets/rafunlearnhub/recruitment-data,prototype_recruitment_classification_unverified_provenance,no_city_or_time;salary_unit_unverified;not_real_available_workforce
194,Yes,0,Graduate,No,3858,76,1,Semiurban,Y,https://www.kaggle.com/datasets/rafunlearnhub/recruitment-data,prototype_recruitment_classification_unverified_provenance,no_city_or_time;salary_unit_unverified;not_real_available_workforce
195,Yes,0,Graduate,No,4191,120,1,Rural,Y,https://www.kaggle.com/datasets/rafunlearnhub/recruitment-data,prototype_recruitment_classification_unverified_provenance,no_city_or_time;salary_unit_unverified;not_real_available_workforce
196,No,1,Graduate,No,3125,170,1,Semiurban,N,https://www.kaggle.com/datasets/rafunlearnhub/recruitment-data,prototype_recruitment_classification_unverified_provenance,no_city_or_time;salary_unit_unverified;not_real_available_workforce
197,Yes,0,Graduate,No,8333,187,1,Rural,Y,https://www.kaggle.com/datasets/rafunlearnhub/recruitment-data,prototype_recruitment_classification_unverified_provenance,no_city_or_time;salary_unit_unverified;not_real_available_workforce
198,Yes,0,Not Graduate,No,1907,120,1,Urban,Y,https://www.kaggle.com/datasets/rafunlearnhub/recruitment-data,prototype_recruitment_classification_unverified_provenance,no_city_or_time;salary_unit_unverified;not_real_available_workforce
199,No,0,Graduate,No,3416,113,,Semiurban,Y,https://www.kaggle.com/datasets/rafunlearnhub/recruitment-data,prototype_recruitment_classification_unverified_provenance,no_city_or_time;salary_unit_unverified;not_real_available_workforce
200,Yes,0,Graduate,Yes,11000,83,1,Urban,N,https://www.kaggle.com/datasets/rafunlearnhub/recruitment-data,prototype_recruitment_classification_unverified_provenance,no_city_or_time;salary_unit_unverified;not_real_available_workforce
201,No,1,Not Graduate,No,2600,90,1,Semiurban,Y,https://www.kaggle.com/datasets/rafunlearnhub/recruitment-data,prototype_recruitment_classification_unverified_provenance,no_city_or_time;salary_unit_unverified;not_real_available_workforce
202,Yes,2,Graduate,No,4923,166,0,Semiurban,Y,https://www.kaggle.com/datasets/rafunlearnhub/recruitment-data,prototype_recruitment_classification_unverified_provenance,no_city_or_time;salary_unit_unverified;not_real_available_workforce
203,No,3,Not Graduate,No,3992,,1,Urban,N,https://www.kaggle.com/datasets/rafunlearnhub/recruitment-data,prototype_recruitment_classification_unverified_provenance,no_city_or_time;salary_unit_unverified;not_real_available_workforce
204,No,1,Not Graduate,No,3500,135,1,Urban,Y,https://www.kaggle.com/datasets/rafunlearnhub/recruitment-data,prototype_recruitment_classification_unverified_provenance,no_city_or_time;salary_unit_unverified;not_real_available_workforce
205,No,2,Not Graduate,No,3917,124,1,Semiurban,Y,https://www.kaggle.com/datasets/rafunlearnhub/recruitment-data,prototype_recruitment_classification_unverified_provenance,no_city_or_time;salary_unit_unverified;not_real_available_workforce
206,Yes,0,Not Graduate,No,4408,120,1,Semiurban,Y,https://www.kaggle.com/datasets/rafunlearnhub/recruitment-data,prototype_recruitment_classification_unverified_provenance,no_city_or_time;salary_unit_unverified;not_real_available_workforce
207,Yes,0,Graduate,No,3244,80,1,Urban,Y,https://www.kaggle.com/datasets/rafunlearnhub/recruitment-data,prototype_recruitment_classification_unverified_provenance,no_city_or_time;salary_unit_unverified;not_real_available_workforce
208,Yes,0,Not Graduate,No,3975,55,1,Rural,Y,https://www.kaggle.com/datasets/rafunlearnhub/recruitment-data,prototype_recruitment_classification_unverified_provenance,no_city_or_time;salary_unit_unverified;not_real_available_workforce
209,Yes,0,Graduate,No,2479,59,1,Urban,Y,https://www.kaggle.com/datasets/rafunlearnhub/recruitment-data,prototype_recruitment_classification_unverified_provenance,no_city_or_time;salary_unit_unverified;not_real_available_workforce
210,Yes,0,Graduate,No,3418,127,1,Semiurban,N,https://www.kaggle.com/datasets/rafunlearnhub/recruitment-data,prototype_recruitment_classification_unverified_provenance,no_city_or_time;salary_unit_unverified;not_real_available_workforce
211,Yes,0,Graduate,No,10000,214,1,Semiurban,N,https://www.kaggle.com/datasets/rafunlearnhub/recruitment-data,prototype_recruitment_classification_unverified_provenance,no_city_or_time;salary_unit_unverified;not_real_available_workforce
212,No,3,Graduate,No,3430,128,0,Semiurban,N,https://www.kaggle.com/datasets/rafunlearnhub/recruitment-data,prototype_recruitment_classification_unverified_provenance,no_city_or_time;salary_unit_unverified;not_real_available_workforce
213,No,1,Graduate,Yes,7787,240,1,Urban,Y,https://www.kaggle.com/datasets/rafunlearnhub/recruitment-data,prototype_recruitment_classification_unverified_provenance,no_city_or_time;salary_unit_unverified;not_real_available_workforce
214,No,3,Not Graduate,Yes,5703,130,1,Rural,Y,https://www.kaggle.com/datasets/rafunlearnhub/recruitment-data,prototype_recruitment_classification_unverified_provenance,no_city_or_time;salary_unit_unverified;not_real_available_workforce
215,No,0,Graduate,No,3173,137,1,Urban,Y,https://www.kaggle.com/datasets/rafunlearnhub/recruitment-data,prototype_recruitment_classification_unverified_provenance,no_city_or_time;salary_unit_unverified;not_real_available_workforce
216,No,3,Not Graduate,No,3850,100,1,Semiurban,Y,https://www.kaggle.com/datasets/rafunlearnhub/recruitment-data,prototype_recruitment_classification_unverified_provenance,no_city_or_time;salary_unit_unverified;not_real_available_workforce
217,No,0,Graduate,No,150,135,1,Rural,N,https://www.kaggle.com/datasets/rafunlearnhub/recruitment-data,prototype_recruitment_classification_unverified_provenance,no_city_or_time;salary_unit_unverified;not_real_available_workforce
218,No,0,Graduate,No,3727,131,1,Semiurban,Y,https://www.kaggle.com/datasets/rafunlearnhub/recruitment-data,prototype_recruitment_classification_unverified_provenance,no_city_or_time;salary_unit_unverified;not_real_available_workforce
219,No,2,Graduate,,5000,72,0,Semiurban,N,https://www.kaggle.com/datasets/rafunlearnhub/recruitment-data,prototype_recruitment_classification_unverified_provenance,no_city_or_time;salary_unit_unverified;not_real_available_workforce
220,No,2,Graduate,No,4283,127,,Semiurban,Y,https://www.kaggle.com/datasets/rafunlearnhub/recruitment-data,prototype_recruitment_classification_unverified_provenance,no_city_or_time;salary_unit_unverified;not_real_available_workforce
221,No,0,Graduate,No,2221,60,0,Urban,N,https://www.kaggle.com/datasets/rafunlearnhub/recruitment-data,prototype_recruitment_classification_unverified_provenance,no_city_or_time;salary_unit_unverified;not_real_available_workforce
222,No,2,Graduate,No,4009,116,1,Semiurban,Y,https://www.kaggle.com/datasets/rafunlearnhub/recruitment-data,prototype_recruitment_classification_unverified_provenance,no_city_or_time;salary_unit_unverified;not_real_available_workforce
223,Yes,0,Graduate,No,2971,144,1,Semiurban,Y,https://www.kaggle.com/datasets/rafunlearnhub/recruitment-data,prototype_recruitment_classification_unverified_provenance,no_city_or_time;salary_unit_unverified;not_real_available_workforce
224,No,0,Graduate,No,7578,175,1,Semiurban,Y,https://www.kaggle.com/datasets/rafunlearnhub/recruitment-data,prototype_recruitment_classification_unverified_provenance,no_city_or_time;salary_unit_unverified;not_real_available_workforce
225,No,0,Graduate,No,6250,128,1,Semiurban,Y,https://www.kaggle.com/datasets/rafunlearnhub/recruitment-data,prototype_recruitment_classification_unverified_provenance,no_city_or_time;salary_unit_unverified;not_real_available_workforce
226,No,0,Graduate,No,3250,170,1,Rural,N,https://www.kaggle.com/datasets/rafunlearnhub/recruitment-data,prototype_recruitment_classification_unverified_provenance,no_city_or_time;salary_unit_unverified;not_real_available_workforce
227,No,,Not Graduate,Yes,4735,138,1,Urban,N,https://www.kaggle.com/datasets/rafunlearnhub/recruitment-data,prototype_recruitment_classification_unverified_provenance,no_city_or_time;salary_unit_unverified;not_real_available_workforce
228,No,2,Graduate,No,6250,210,1,Semiurban,Y,https://www.kaggle.com/datasets/rafunlearnhub/recruitment-data,prototype_recruitment_classification_unverified_provenance,no_city_or_time;salary_unit_unverified;not_real_available_workforce
229,,,Graduate,No,4758,158,1,Semiurban,Y,https://www.kaggle.com/datasets/rafunlearnhub/recruitment-data,prototype_recruitment_classification_unverified_provenance,no_city_or_time;salary_unit_unverified;not_real_available_workforce
230,Yes,0,Graduate,Yes,6400,200,1,Rural,Y,https://www.kaggle.com/datasets/rafunlearnhub/recruitment-data,prototype_recruitment_classification_unverified_provenance,no_city_or_time;salary_unit_unverified;not_real_available_workforce
231,No,1,Graduate,No,2491,104,1,Semiurban,Y,https://www.kaggle.com/datasets/rafunlearnhub/recruitment-data,prototype_recruitment_classification_unverified_provenance,no_city_or_time;salary_unit_unverified;not_real_available_workforce
232,No,0,Graduate,,3716,42,1,Rural,Y,https://www.kaggle.com/datasets/rafunlearnhub/recruitment-data,prototype_recruitment_classification_unverified_provenance,no_city_or_time;salary_unit_unverified;not_real_available_workforce
233,Yes,0,Not Graduate,No,3189,120,1,Rural,Y,https://www.kaggle.com/datasets/rafunlearnhub/recruitment-data,prototype_recruitment_classification_unverified_provenance,no_city_or_time;salary_unit_unverified;not_real_available_workforce
234,Yes,0,Graduate,No,8333,280,1,Semiurban,Y,https://www.kaggle.com/datasets/rafunlearnhub/recruitment-data,prototype_recruitment_classification_unverified_provenance,no_city_or_time;salary_unit_unverified;not_real_available_workforce
235,No,1,Graduate,No,3155,140,1,Semiurban,Y,https://www.kaggle.com/datasets/rafunlearnhub/recruitment-data,prototype_recruitment_classification_unverified_provenance,no_city_or_time;salary_unit_unverified;not_real_available_workforce
236,No,1,Graduate,No,5500,170,1,Rural,Y,https://www.kaggle.com/datasets/rafunlearnhub/recruitment-data,prototype_recruitment_classification_unverified_provenance,no_city_or_time;salary_unit_unverified;not_real_available_workforce
237,No,0,Graduate,,5746,255,,Urban,N,https://www.kaggle.com/datasets/rafunlearnhub/recruitment-data,prototype_recruitment_classification_unverified_provenance,no_city_or_time;salary_unit_unverified;not_real_available_workforce
238,Yes,0,Graduate,Yes,3463,122,,Urban,Y,https://www.kaggle.com/datasets/rafunlearnhub/recruitment-data,prototype_recruitment_classification_unverified_provenance,no_city_or_time;salary_unit_unverified;not_real_available_workforce
239,Yes,1,Graduate,No,3812,112,1,Rural,Y,https://www.kaggle.com/datasets/rafunlearnhub/recruitment-data,prototype_recruitment_classification_unverified_provenance,no_city_or_time;salary_unit_unverified;not_real_available_workforce
240,No,1,Graduate,No,3315,96,1,Semiurban,Y,https://www.kaggle.com/datasets/rafunlearnhub/recruitment-data,prototype_recruitment_classification_unverified_provenance,no_city_or_time;salary_unit_unverified;not_real_available_workforce
241,No,2,Graduate,No,5819,120,1,Rural,Y,https://www.kaggle.com/datasets/rafunlearnhub/recruitment-data,prototype_recruitment_classification_unverified_provenance,no_city_or_time;salary_unit_unverified;not_real_available_workforce
242,No,1,Not Graduate,No,2510,140,1,Urban,N,https://www.kaggle.com/datasets/rafunlearnhub/recruitment-data,prototype_recruitment_classification_unverified_provenance,no_city_or_time;salary_unit_unverified;not_real_available_workforce
243,Yes,0,Graduate,No,2965,155,1,Urban,Y,https://www.kaggle.com/datasets/rafunlearnhub/recruitment-data,prototype_recruitment_classification_unverified_provenance,no_city_or_time;salary_unit_unverified;not_real_available_workforce
244,No,2,Graduate,Yes,6250,108,1,Rural,Y,https://www.kaggle.com/datasets/rafunlearnhub/recruitment-data,prototype_recruitment_classification_unverified_provenance,no_city_or_time;salary_unit_unverified;not_real_available_workforce
245,No,0,Not Graduate,No,3406,123,1,Semiurban,Y,https://www.kaggle.com/datasets/rafunlearnhub/recruitment-data,prototype_recruitment_classification_unverified_provenance,no_city_or_time;salary_unit_unverified;not_real_available_workforce
246,Yes,0,Graduate,Yes,6050,120,1,Urban,N,https://www.kaggle.com/datasets/rafunlearnhub/recruitment-data,prototype_recruitment_classification_unverified_provenance,no_city_or_time;salary_unit_unverified;not_real_available_workforce
247,No,2,Graduate,No,9703,112,1,Urban,Y,https://www.kaggle.com/datasets/rafunlearnhub/recruitment-data,prototype_recruitment_classification_unverified_provenance,no_city_or_time;salary_unit_unverified;not_real_available_workforce
248,No,1,Not Graduate,No,6608,137,1,Urban,Y,https://www.kaggle.com/datasets/rafunlearnhub/recruitment-data,prototype_recruitment_classification_unverified_provenance,no_city_or_time;salary_unit_unverified;not_real_available_workforce
249,No,1,Graduate,No,2882,123,1,Semiurban,Y,https://www.kaggle.com/datasets/rafunlearnhub/recruitment-data,prototype_recruitment_classification_unverified_provenance,no_city_or_time;salary_unit_unverified;not_real_available_workforce
250,No,0,Graduate,No,1809,90,1,Urban,Y,https://www.kaggle.com/datasets/rafunlearnhub/recruitment-data,prototype_recruitment_classification_unverified_provenance,no_city_or_time;salary_unit_unverified;not_real_available_workforce
251,No,0,Not Graduate,No,1668,201,0,Semiurban,N,https://www.kaggle.com/datasets/rafunlearnhub/recruitment-data,prototype_recruitment_classification_unverified_provenance,no_city_or_time;salary_unit_unverified;not_real_available_workforce
252,Yes,2,Graduate,No,3427,138,1,Urban,N,https://www.kaggle.com/datasets/rafunlearnhub/recruitment-data,prototype_recruitment_classification_unverified_provenance,no_city_or_time;salary_unit_unverified;not_real_available_workforce
253,Yes,0,Not Graduate,Yes,2583,104,1,Rural,Y,https://www.kaggle.com/datasets/rafunlearnhub/recruitment-data,prototype_recruitment_classification_unverified_provenance,no_city_or_time;salary_unit_unverified;not_real_available_workforce
254,No,1,Not Graduate,No,2661,279,1,Semiurban,Y,https://www.kaggle.com/datasets/rafunlearnhub/recruitment-data,prototype_recruitment_classification_unverified_provenance,no_city_or_time;salary_unit_unverified;not_real_available_workforce
255,Yes,0,Graduate,Yes,16250,192,0,Urban,N,https://www.kaggle.com/datasets/rafunlearnhub/recruitment-data,prototype_recruitment_classification_unverified_provenance,no_city_or_time;salary_unit_unverified;not_real_available_workforce
256,Yes,3,Graduate,No,3083,255,1,Rural,Y,https://www.kaggle.com/datasets/rafunlearnhub/recruitment-data,prototype_recruitment_classification_unverified_provenance,no_city_or_time;salary_unit_unverified;not_real_available_workforce
257,Yes,0,Not Graduate,No,6045,115,0,Rural,N,https://www.kaggle.com/datasets/rafunlearnhub/recruitment-data,prototype_recruitment_classification_unverified_provenance,no_city_or_time;salary_unit_unverified;not_real_available_workforce
258,No,3,Graduate,No,5250,94,1,Urban,N,https://www.kaggle.com/datasets/rafunlearnhub/recruitment-data,prototype_recruitment_classification_unverified_provenance,no_city_or_time;salary_unit_unverified;not_real_available_workforce
259,No,0,Graduate,No,14683,304,1,Rural,N,https://www.kaggle.com/datasets/rafunlearnhub/recruitment-data,prototype_recruitment_classification_unverified_provenance,no_city_or_time;salary_unit_unverified;not_real_available_workforce
260,No,3,Not Graduate,No,4931,128,,Semiurban,N,https://www.kaggle.com/datasets/rafunlearnhub/recruitment-data,prototype_recruitment_classification_unverified_provenance,no_city_or_time;salary_unit_unverified;not_real_available_workforce
261,No,1,Graduate,No,6083,330,,Urban,Y,https://www.kaggle.com/datasets/rafunlearnhub/recruitment-data,prototype_recruitment_classification_unverified_provenance,no_city_or_time;salary_unit_unverified;not_real_available_workforce
262,Yes,0,Graduate,No,2060,134,1,Semiurban,Y,https://www.kaggle.com/datasets/rafunlearnhub/recruitment-data,prototype_recruitment_classification_unverified_provenance,no_city_or_time;salary_unit_unverified;not_real_available_workforce
263,Yes,1,Graduate,No,3481,155,1,Semiurban,N,https://www.kaggle.com/datasets/rafunlearnhub/recruitment-data,prototype_recruitment_classification_unverified_provenance,no_city_or_time;salary_unit_unverified;not_real_available_workforce
264,Yes,0,Graduate,No,7200,120,1,Rural,Y,https://www.kaggle.com/datasets/rafunlearnhub/recruitment-data,prototype_recruitment_classification_unverified_provenance,no_city_or_time;salary_unit_unverified;not_real_available_workforce
265,Yes,0,Graduate,Yes,5166,128,1,Semiurban,Y,https://www.kaggle.com/datasets/rafunlearnhub/recruitment-data,prototype_recruitment_classification_unverified_provenance,no_city_or_time;salary_unit_unverified;not_real_available_workforce
266,Yes,0,Graduate,No,4095,151,1,Rural,Y,https://www.kaggle.com/datasets/rafunlearnhub/recruitment-data,prototype_recruitment_classification_unverified_provenance,no_city_or_time;salary_unit_unverified;not_real_available_workforce
267,No,2,Graduate,No,4708,150,1,Semiurban,Y,https://www.kaggle.com/datasets/rafunlearnhub/recruitment-data,prototype_recruitment_classification_unverified_provenance,no_city_or_time;salary_unit_unverified;not_real_available_workforce
268,No,3,Graduate,No,4333,160,0,Urban,Y,https://www.kaggle.com/datasets/rafunlearnhub/recruitment-data,prototype_recruitment_classification_unverified_provenance,no_city_or_time;salary_unit_unverified;not_real_available_workforce
269,Yes,0,Graduate,,3418,135,1,Rural,N,https://www.kaggle.com/datasets/rafunlearnhub/recruitment-data,prototype_recruitment_classification_unverified_provenance,no_city_or_time;salary_unit_unverified;not_real_available_workforce
270,Yes,1,Graduate,No,2876,90,1,Urban,Y,https://www.kaggle.com/datasets/rafunlearnhub/recruitment-data,prototype_recruitment_classification_unverified_provenance,no_city_or_time;salary_unit_unverified;not_real_available_workforce
271,Yes,0,Graduate,No,3237,30,1,Urban,Y,https://www.kaggle.com/datasets/rafunlearnhub/recruitment-data,prototype_recruitment_classification_unverified_provenance,no_city_or_time;salary_unit_unverified;not_real_available_workforce
272,No,0,Graduate,No,11146,136,1,Urban,Y,https://www.kaggle.com/datasets/rafunlearnhub/recruitment-data,prototype_recruitment_classification_unverified_provenance,no_city_or_time;salary_unit_unverified;not_real_available_workforce
273,Yes,0,Graduate,No,2833,126,1,Rural,Y,https://www.kaggle.com/datasets/rafunlearnhub/recruitment-data,prototype_recruitment_classification_unverified_provenance,no_city_or_time;salary_unit_unverified;not_real_available_workforce
274,No,0,Graduate,No,2620,150,1,Semiurban,Y,https://www.kaggle.com/datasets/rafunlearnhub/recruitment-data,prototype_recruitment_classification_unverified_provenance,no_city_or_time;salary_unit_unverified;not_real_available_workforce
275,No,2,Graduate,No,3900,90,1,Semiurban,Y,https://www.kaggle.com/datasets/rafunlearnhub/recruitment-data,prototype_recruitment_classification_unverified_provenance,no_city_or_time;salary_unit_unverified;not_real_available_workforce
276,No,1,Graduate,No,2750,115,1,Semiurban,Y,https://www.kaggle.com/datasets/rafunlearnhub/recruitment-data,prototype_recruitment_classification_unverified_provenance,no_city_or_time;salary_unit_unverified;not_real_available_workforce
277,No,0,Graduate,No,3993,207,1,Semiurban,Y,https://www.kaggle.com/datasets/rafunlearnhub/recruitment-data,prototype_recruitment_classification_unverified_provenance,no_city_or_time;salary_unit_unverified;not_real_available_workforce
278,No,0,Graduate,No,3103,80,1,Urban,Y,https://www.kaggle.com/datasets/rafunlearnhub/recruitment-data,prototype_recruitment_classification_unverified_provenance,no_city_or_time;salary_unit_unverified;not_real_available_workforce
279,No,0,Graduate,No,14583,436,1,Semiurban,Y,https://www.kaggle.com/datasets/rafunlearnhub/recruitment-data,prototype_recruitment_classification_unverified_provenance,no_city_or_time;salary_unit_unverified;not_real_available_workforce
280,No,0,Not Graduate,No,4100,124,,Rural,Y,https://www.kaggle.com/datasets/rafunlearnhub/recruitment-data,prototype_recruitment_classification_unverified_provenance,no_city_or_time;salary_unit_unverified;not_real_available_workforce
281,Yes,1,Not Graduate,Yes,4053,158,0,Urban,N,https://www.kaggle.com/datasets/rafunlearnhub/recruitment-data,prototype_recruitment_classification_unverified_provenance,no_city_or_time;salary_unit_unverified;not_real_available_workforce
282,No,0,Graduate,No,3927,112,1,Semiurban,Y,https://www.kaggle.com/datasets/rafunlearnhub/recruitment-data,prototype_recruitment_classification_unverified_provenance,no_city_or_time;salary_unit_unverified;not_real_available_workforce
283,No,2,Graduate,No,2301,78,1,Urban,Y,https://www.kaggle.com/datasets/rafunlearnhub/recruitment-data,prototype_recruitment_classification_unverified_provenance,no_city_or_time;salary_unit_unverified;not_real_available_workforce
284,Yes,0,Graduate,No,1811,54,1,Urban,Y,https://www.kaggle.com/datasets/rafunlearnhub/recruitment-data,prototype_recruitment_classification_unverified_provenance,no_city_or_time;salary_unit_unverified;not_real_available_workforce
285,No,0,Graduate,No,20667,,1,Rural,N,https://www.kaggle.com/datasets/rafunlearnhub/recruitment-data,prototype_recruitment_classification_unverified_provenance,no_city_or_time;salary_unit_unverified;not_real_available_workforce
286,Yes,0,Graduate,No,3158,89,1,Rural,Y,https://www.kaggle.com/datasets/rafunlearnhub/recruitment-data,prototype_recruitment_classification_unverified_provenance,no_city_or_time;salary_unit_unverified;not_real_available_workforce
287,Yes,0,Graduate,Yes,2600,99,1,Semiurban,N,https://www.kaggle.com/datasets/rafunlearnhub/recruitment-data,prototype_recruitment_classification_unverified_provenance,no_city_or_time;salary_unit_unverified;not_real_available_workforce
288,No,0,Graduate,No,3704,120,1,Rural,Y,https://www.kaggle.com/datasets/rafunlearnhub/recruitment-data,prototype_recruitment_classification_unverified_provenance,no_city_or_time;salary_unit_unverified;not_real_available_workforce
289,Yes,0,Graduate,No,4124,115,1,Semiurban,Y,https://www.kaggle.com/datasets/rafunlearnhub/recruitment-data,prototype_recruitment_classification_unverified_provenance,no_city_or_time;salary_unit_unverified;not_real_available_workforce
290,Yes,0,Graduate,No,9508,187,1,Rural,Y,https://www.kaggle.com/datasets/rafunlearnhub/recruitment-data,prototype_recruitment_classification_unverified_provenance,no_city_or_time;salary_unit_unverified;not_real_available_workforce
291,No,0,Graduate,No,3075,139,1,Rural,Y,https://www.kaggle.com/datasets/rafunlearnhub/recruitment-data,prototype_recruitment_classification_unverified_provenance,no_city_or_time;salary_unit_unverified;not_real_available_workforce
292,No,2,Graduate,No,4400,127,0,Semiurban,N,https://www.kaggle.com/datasets/rafunlearnhub/recruitment-data,prototype_recruitment_classification_unverified_provenance,no_city_or_time;salary_unit_unverified;not_real_available_workforce
293,No,2,Graduate,No,3153,134,1,Urban,Y,https://www.kaggle.com/datasets/rafunlearnhub/recruitment-data,prototype_recruitment_classification_unverified_provenance,no_city_or_time;salary_unit_unverified;not_real_available_workforce
294,Yes,,Graduate,No,5417,143,0,Urban,N,https://www.kaggle.com/datasets/rafunlearnhub/recruitment-data,prototype_recruitment_classification_unverified_provenance,no_city_or_time;salary_unit_unverified;not_real_available_workforce
295,No,0,Graduate,No,2383,172,1,Semiurban,Y,https://www.kaggle.com/datasets/rafunlearnhub/recruitment-data,prototype_recruitment_classification_unverified_provenance,no_city_or_time;salary_unit_unverified;not_real_available_workforce
296,No,3,Graduate,,4416,110,1,Urban,Y,https://www.kaggle.com/datasets/rafunlearnhub/recruitment-data,prototype_recruitment_classification_unverified_provenance,no_city_or_time;salary_unit_unverified;not_real_available_workforce
297,No,1,Graduate,No,6875,200,1,Semiurban,Y,https://www.kaggle.com/datasets/rafunlearnhub/recruitment-data,prototype_recruitment_classification_unverified_provenance,no_city_or_time;salary_unit_unverified;not_real_available_workforce
298,No,1,Graduate,No,4666,135,1,Urban,Y,https://www.kaggle.com/datasets/rafunlearnhub/recruitment-data,prototype_recruitment_classification_unverified_provenance,no_city_or_time;salary_unit_unverified;not_real_available_workforce
299,Yes,0,Graduate,No,5000,151,1,Rural,N,https://www.kaggle.com/datasets/rafunlearnhub/recruitment-data,prototype_recruitment_classification_unverified_provenance,no_city_or_time;salary_unit_unverified;not_real_available_workforce
300,No,1,Graduate,No,2014,113,1,Urban,N,https://www.kaggle.com/datasets/rafunlearnhub/recruitment-data,prototype_recruitment_classification_unverified_provenance,no_city_or_time;salary_unit_unverified;not_real_available_workforce
301,No,0,Not Graduate,No,1800,93,0,Urban,N,https://www.kaggle.com/datasets/rafunlearnhub/recruitment-data,prototype_recruitment_classification_unverified_provenance,no_city_or_time;salary_unit_unverified;not_real_available_workforce
302,No,,Not Graduate,No,2875,105,1,Semiurban,Y,https://www.kaggle.com/datasets/rafunlearnhub/recruitment-data,prototype_recruitment_classification_unverified_provenance,no_city_or_time;salary_unit_unverified;not_real_available_workforce
303,Yes,0,Graduate,No,5000,132,1,Rural,Y,https://www.kaggle.com/datasets/rafunlearnhub/recruitment-data,prototype_recruitment_classification_unverified_provenance,no_city_or_time;salary_unit_unverified;not_real_available_workforce
304,No,1,Graduate,No,1625,96,1,Urban,Y,https://www.kaggle.com/datasets/rafunlearnhub/recruitment-data,prototype_recruitment_classification_unverified_provenance,no_city_or_time;salary_unit_unverified;not_real_available_workforce
305,Yes,0,Graduate,No,4000,140,1,Rural,Y,https://www.kaggle.com/datasets/rafunlearnhub/recruitment-data,prototype_recruitment_classification_unverified_provenance,no_city_or_time;salary_unit_unverified;not_real_available_workforce
306,Yes,0,Not Graduate,No,2000,,1,Urban,N,https://www.kaggle.com/datasets/rafunlearnhub/recruitment-data,prototype_recruitment_classification_unverified_provenance,no_city_or_time;salary_unit_unverified;not_real_available_workforce
307,Yes,0,Graduate,No,3762,135,1,Rural,Y,https://www.kaggle.com/datasets/rafunlearnhub/recruitment-data,prototype_recruitment_classification_unverified_provenance,no_city_or_time;salary_unit_unverified;not_real_available_workforce
308,Yes,0,Graduate,No,2400,104,0,Urban,N,https://www.kaggle.com/datasets/rafunlearnhub/recruitment-data,prototype_recruitment_classification_unverified_provenance,no_city_or_time;salary_unit_unverified;not_real_available_workforce
309,Yes,0,Graduate,No,20233,480,1,Rural,N,https://www.kaggle.com/datasets/rafunlearnhub/recruitment-data,prototype_recruitment_classification_unverified_provenance,no_city_or_time;salary_unit_unverified;not_real_available_workforce
310,No,2,Not Graduate,No,7667,185,,Rural,Y,https://www.kaggle.com/datasets/rafunlearnhub/recruitment-data,prototype_recruitment_classification_unverified_provenance,no_city_or_time;salary_unit_unverified;not_real_available_workforce
311,Yes,0,Graduate,No,2917,84,1,Semiurban,Y,https://www.kaggle.com/datasets/rafunlearnhub/recruitment-data,prototype_recruitment_classification_unverified_provenance,no_city_or_time;salary_unit_unverified;not_real_available_workforce
312,Yes,0,Not Graduate,No,2927,111,1,Semiurban,Y,https://www.kaggle.com/datasets/rafunlearnhub/recruitment-data,prototype_recruitment_classification_unverified_provenance,no_city_or_time;salary_unit_unverified;not_real_available_workforce
313,Yes,0,Graduate,No,2507,56,1,Rural,Y,https://www.kaggle.com/datasets/rafunlearnhub/recruitment-data,prototype_recruitment_classification_unverified_provenance,no_city_or_time;salary_unit_unverified;not_real_available_workforce
314,No,2,Graduate,Yes,5746,144,,Rural,Y,https://www.kaggle.com/datasets/rafunlearnhub/recruitment-data,prototype_recruitment_classification_unverified_provenance,no_city_or_time;salary_unit_unverified;not_real_available_workforce
315,No,0,Graduate,No,2473,159,1,Rural,N,https://www.kaggle.com/datasets/rafunlearnhub/recruitment-data,prototype_recruitment_classification_unverified_provenance,no_city_or_time;salary_unit_unverified;not_real_available_workforce
316,No,1,Not Graduate,No,3399,111,1,Urban,Y,https://www.kaggle.com/datasets/rafunlearnhub/recruitment-data,prototype_recruitment_classification_unverified_provenance,no_city_or_time;salary_unit_unverified;not_real_available_workforce
317,No,2,Graduate,No,3717,120,1,Semiurban,Y,https://www.kaggle.com/datasets/rafunlearnhub/recruitment-data,prototype_recruitment_classification_unverified_provenance,no_city_or_time;salary_unit_unverified;not_real_available_workforce
318,No,0,Graduate,No,2058,88,,Urban,Y,https://www.kaggle.com/datasets/rafunlearnhub/recruitment-data,prototype_recruitment_classification_unverified_provenance,no_city_or_time;salary_unit_unverified;not_real_available_workforce
319,Yes,1,Graduate,No,3541,112,,Semiurban,Y,https://www.kaggle.com/datasets/rafunlearnhub/recruitment-data,prototype_recruitment_classification_unverified_provenance,no_city_or_time;salary_unit_unverified;not_real_available_workforce
320,No,1,Graduate,Yes,10000,155,1,Rural,N,https://www.kaggle.com/datasets/rafunlearnhub/recruitment-data,prototype_recruitment_classification_unverified_provenance,no_city_or_time;salary_unit_unverified;not_real_available_workforce
321,No,0,Graduate,No,2400,115,1,Semiurban,Y,https://www.kaggle.com/datasets/rafunlearnhub/recruitment-data,prototype_recruitment_classification_unverified_provenance,no_city_or_time;salary_unit_unverified;not_real_available_workforce
322,No,3,Graduate,No,4342,124,1,Semiurban,Y,https://www.kaggle.com/datasets/rafunlearnhub/recruitment-data,prototype_recruitment_classification_unverified_provenance,no_city_or_time;salary_unit_unverified;not_real_available_workforce
323,No,2,Not Graduate,No,3601,,1,Rural,Y,https://www.kaggle.com/datasets/rafunlearnhub/recruitment-data,prototype_recruitment_classification_unverified_provenance,no_city_or_time;salary_unit_unverified;not_real_available_workforce
324,Yes,0,Graduate,No,3166,132,,Rural,Y,https://www.kaggle.com/datasets/rafunlearnhub/recruitment-data,prototype_recruitment_classification_unverified_provenance,no_city_or_time;salary_unit_unverified;not_real_available_workforce
325,No,3,Graduate,No,15000,300,1,Rural,Y,https://www.kaggle.com/datasets/rafunlearnhub/recruitment-data,prototype_recruitment_classification_unverified_provenance,no_city_or_time;salary_unit_unverified;not_real_available_workforce
326,No,1,Graduate,Yes,8666,376,0,Rural,N,https://www.kaggle.com/datasets/rafunlearnhub/recruitment-data,prototype_recruitment_classification_unverified_provenance,no_city_or_time;salary_unit_unverified;not_real_available_workforce
327,Yes,0,Graduate,No,4917,130,0,Rural,Y,https://www.kaggle.com/datasets/rafunlearnhub/recruitment-data,prototype_recruitment_classification_unverified_provenance,no_city_or_time;salary_unit_unverified;not_real_available_workforce
328,No,0,Graduate,Yes,5818,184,1,Semiurban,Y,https://www.kaggle.com/datasets/rafunlearnhub/recruitment-data,prototype_recruitment_classification_unverified_provenance,no_city_or_time;salary_unit_unverified;not_real_available_workforce
329,No,0,Graduate,No,4333,110,1,Urban,N,https://www.kaggle.com/datasets/rafunlearnhub/recruitment-data,prototype_recruitment_classification_unverified_provenance,no_city_or_time;salary_unit_unverified;not_real_available_workforce
330,Yes,0,Graduate,No,2500,67,1,Urban,Y,https://www.kaggle.com/datasets/rafunlearnhub/recruitment-data,prototype_recruitment_classification_unverified_provenance,no_city_or_time;salary_unit_unverified;not_real_available_workforce
331,Yes,1,Graduate,No,4384,117,1,Urban,Y,https://www.kaggle.com/datasets/rafunlearnhub/recruitment-data,prototype_recruitment_classification_unverified_provenance,no_city_or_time;salary_unit_unverified;not_real_available_workforce
332,Yes,0,Graduate,No,2935,98,1,Semiurban,Y,https://www.kaggle.com/datasets/rafunlearnhub/recruitment-data,prototype_recruitment_classification_unverified_provenance,no_city_or_time;salary_unit_unverified;not_real_available_workforce
333,Yes,,Graduate,No,2833,71,1,Urban,Y,https://www.kaggle.com/datasets/rafunlearnhub/recruitment-data,prototype_recruitment_classification_unverified_provenance,no_city_or_time;salary_unit_unverified;not_real_available_workforce
334,No,0,Graduate,,63337,490,1,Urban,Y,https://www.kaggle.com/datasets/rafunlearnhub/recruitment-data,prototype_recruitment_classification_unverified_provenance,no_city_or_time;salary_unit_unverified;not_real_available_workforce
335,No,1,Graduate,Yes,9833,182,1,Urban,Y,https://www.kaggle.com/datasets/rafunlearnhub/recruitment-data,prototype_recruitment_classification_unverified_provenance,no_city_or_time;salary_unit_unverified;not_real_available_workforce
336,No,,Graduate,Yes,5503,70,1,Semiurban,Y,https://www.kaggle.com/datasets/rafunlearnhub/recruitment-data,prototype_recruitment_classification_unverified_provenance,no_city_or_time;salary_unit_unverified;not_real_available_workforce
337,No,1,Graduate,,5250,160,1,Rural,Y,https://www.kaggle.com/datasets/rafunlearnhub/recruitment-data,prototype_recruitment_classification_unverified_provenance,no_city_or_time;salary_unit_unverified;not_real_available_workforce
338,No,2,Graduate,Yes,2500,176,1,Rural,Y,https://www.kaggle.com/datasets/rafunlearnhub/recruitment-data,prototype_recruitment_classification_unverified_provenance,no_city_or_time;salary_unit_unverified;not_real_available_workforce
339,Yes,3,Not Graduate,No,1830,,0,Urban,N,https://www.kaggle.com/datasets/rafunlearnhub/recruitment-data,prototype_recruitment_classification_unverified_provenance,no_city_or_time;salary_unit_unverified;not_real_available_workforce
340,Yes,0,Graduate,No,4160,71,1,Semiurban,Y,https://www.kaggle.com/datasets/rafunlearnhub/recruitment-data,prototype_recruitment_classification_unverified_provenance,no_city_or_time;salary_unit_unverified;not_real_available_workforce
341,No,3,Not Graduate,No,2647,173,1,Rural,N,https://www.kaggle.com/datasets/rafunlearnhub/recruitment-data,prototype_recruitment_classification_unverified_provenance,no_city_or_time;salary_unit_unverified;not_real_available_workforce
342,Yes,0,Graduate,No,2378,46,1,Rural,N,https://www.kaggle.com/datasets/rafunlearnhub/recruitment-data,prototype_recruitment_classification_unverified_provenance,no_city_or_time;salary_unit_unverified;not_real_available_workforce
343,No,1,Not Graduate,No,4554,158,1,Urban,Y,https://www.kaggle.com/datasets/rafunlearnhub/recruitment-data,prototype_recruitment_classification_unverified_provenance,no_city_or_time;salary_unit_unverified;not_real_available_workforce
344,No,3,Not Graduate,No,3173,74,1,Semiurban,Y,https://www.kaggle.com/datasets/rafunlearnhub/recruitment-data,prototype_recruitment_classification_unverified_provenance,no_city_or_time;salary_unit_unverified;not_real_available_workforce
345,No,2,Graduate,,2583,125,1,Rural,Y,https://www.kaggle.com/datasets/rafunlearnhub/recruitment-data,prototype_recruitment_classification_unverified_provenance,no_city_or_time;salary_unit_unverified;not_real_available_workforce
346,No,0,Graduate,No,2499,160,1,Semiurban,Y,https://www.kaggle.com/datasets/rafunlearnhub/recruitment-data,prototype_recruitment_classification_unverified_provenance,no_city_or_time;salary_unit_unverified;not_real_available_workforce
347,No,,Not Graduate,No,3523,152,0,Rural,N,https://www.kaggle.com/datasets/rafunlearnhub/recruitment-data,prototype_recruitment_classification_unverified_provenance,no_city_or_time;salary_unit_unverified;not_real_available_workforce
348,No,2,Not Graduate,No,3083,126,1,Urban,Y,https://www.kaggle.com/datasets/rafunlearnhub/recruitment-data,prototype_recruitment_classification_unverified_provenance,no_city_or_time;salary_unit_unverified;not_real_available_workforce
349,No,0,Graduate,No,6333,259,,Semiurban,Y,https://www.kaggle.com/datasets/rafunlearnhub/recruitment-data,prototype_recruitment_classification_unverified_provenance,no_city_or_time;salary_unit_unverified;not_real_available_workforce
350,No,0,Graduate,No,2625,187,1,Rural,Y,https://www.kaggle.com/datasets/rafunlearnhub/recruitment-data,prototype_recruitment_classification_unverified_provenance,no_city_or_time;salary_unit_unverified;not_real_available_workforce
351,No,0,Graduate,No,9083,228,1,Semiurban,Y,https://www.kaggle.com/datasets/rafunlearnhub/recruitment-data,prototype_recruitment_classification_unverified_provenance,no_city_or_time;salary_unit_unverified;not_real_available_workforce
352,Yes,0,Graduate,No,8750,308,1,Rural,N,https://www.kaggle.com/datasets/rafunlearnhub/recruitment-data,prototype_recruitment_classification_unverified_provenance,no_city_or_time;salary_unit_unverified;not_real_available_workforce
353,No,3,Graduate,No,2666,95,1,Rural,Y,https://www.kaggle.com/datasets/rafunlearnhub/recruitment-data,prototype_recruitment_classification_unverified_provenance,no_city_or_time;salary_unit_unverified;not_real_available_workforce
354,No,0,Graduate,Yes,5500,105,0,Rural,N,https://www.kaggle.com/datasets/rafunlearnhub/recruitment-data,prototype_recruitment_classification_unverified_provenance,no_city_or_time;salary_unit_unverified;not_real_available_workforce
355,No,0,Graduate,No,2423,130,1,Semiurban,Y,https://www.kaggle.com/datasets/rafunlearnhub/recruitment-data,prototype_recruitment_classification_unverified_provenance,no_city_or_time;salary_unit_unverified;not_real_available_workforce
356,Yes,,Graduate,No,3813,116,1,Urban,Y,https://www.kaggle.com/datasets/rafunlearnhub/recruitment-data,prototype_recruitment_classification_unverified_provenance,no_city_or_time;salary_unit_unverified;not_real_available_workforce
357,No,2,Graduate,No,8333,165,1,Rural,Y,https://www.kaggle.com/datasets/rafunlearnhub/recruitment-data,prototype_recruitment_classification_unverified_provenance,no_city_or_time;salary_unit_unverified;not_real_available_workforce
358,No,1,Graduate,No,3875,67,1,Urban,N,https://www.kaggle.com/datasets/rafunlearnhub/recruitment-data,prototype_recruitment_classification_unverified_provenance,no_city_or_time;salary_unit_unverified;not_real_available_workforce
359,No,0,Not Graduate,No,3000,100,0,Urban,N,https://www.kaggle.com/datasets/rafunlearnhub/recruitment-data,prototype_recruitment_classification_unverified_provenance,no_city_or_time;salary_unit_unverified;not_real_available_workforce
360,No,3,Graduate,No,5167,200,1,Semiurban,Y,https://www.kaggle.com/datasets/rafunlearnhub/recruitment-data,prototype_recruitment_classification_unverified_provenance,no_city_or_time;salary_unit_unverified;not_real_available_workforce
361,Yes,1,Graduate,No,4723,81,1,Semiurban,N,https://www.kaggle.com/datasets/rafunlearnhub/recruitment-data,prototype_recruitment_classification_unverified_provenance,no_city_or_time;salary_unit_unverified;not_real_available_workforce
362,No,2,Graduate,No,5000,236,1,Semiurban,Y,https://www.kaggle.com/datasets/rafunlearnhub/recruitment-data,prototype_recruitment_classification_unverified_provenance,no_city_or_time;salary_unit_unverified;not_real_available_workforce
363,No,0,Graduate,No,4750,130,1,Urban,Y,https://www.kaggle.com/datasets/rafunlearnhub/recruitment-data,prototype_recruitment_classification_unverified_provenance,no_city_or_time;salary_unit_unverified;not_real_available_workforce
364,No,0,Graduate,No,3013,95,,Urban,Y,https://www.kaggle.com/datasets/rafunlearnhub/recruitment-data,prototype_recruitment_classification_unverified_provenance,no_city_or_time;salary_unit_unverified;not_real_available_workforce
365,Yes,0,Graduate,Yes,6822,141,1,Rural,Y,https://www.kaggle.com/datasets/rafunlearnhub/recruitment-data,prototype_recruitment_classification_unverified_provenance,no_city_or_time;salary_unit_unverified;not_real_available_workforce
366,Yes,0,Not Graduate,No,6216,133,1,Rural,N,https://www.kaggle.com/datasets/rafunlearnhub/recruitment-data,prototype_recruitment_classification_unverified_provenance,no_city_or_time;salary_unit_unverified;not_real_available_workforce
367,Yes,0,Graduate,No,2500,96,1,Semiurban,N,https://www.kaggle.com/datasets/rafunlearnhub/recruitment-data,prototype_recruitment_classification_unverified_provenance,no_city_or_time;salary_unit_unverified;not_real_available_workforce
368,Yes,0,Graduate,No,5124,124,0,Rural,N,https://www.kaggle.com/datasets/rafunlearnhub/recruitment-data,prototype_recruitment_classification_unverified_provenance,no_city_or_time;salary_unit_unverified;not_real_available_workforce
369,No,1,Graduate,No,6325,175,1,Semiurban,Y,https://www.kaggle.com/datasets/rafunlearnhub/recruitment-data,prototype_recruitment_classification_unverified_provenance,no_city_or_time;salary_unit_unverified;not_real_available_workforce
370,No,0,Graduate,No,19730,570,1,Rural,N,https://www.kaggle.com/datasets/rafunlearnhub/recruitment-data,prototype_recruitment_classification_unverified_provenance,no_city_or_time;salary_unit_unverified;not_real_available_workforce
371,Yes,0,Graduate,Yes,15759,55,1,Semiurban,Y,https://www.kaggle.com/datasets/rafunlearnhub/recruitment-data,prototype_recruitment_classification_unverified_provenance,no_city_or_time;salary_unit_unverified;not_real_available_workforce
372,No,2,Graduate,No,5185,155,1,Semiurban,Y,https://www.kaggle.com/datasets/rafunlearnhub/recruitment-data,prototype_recruitment_classification_unverified_provenance,no_city_or_time;salary_unit_unverified;not_real_available_workforce
373,No,2,Graduate,Yes,9323,380,1,Rural,Y,https://www.kaggle.com/datasets/rafunlearnhub/recruitment-data,prototype_recruitment_classification_unverified_provenance,no_city_or_time;salary_unit_unverified;not_real_available_workforce
374,Yes,1,Graduate,No,3062,111,0,Urban,N,https://www.kaggle.com/datasets/rafunlearnhub/recruitment-data,prototype_recruitment_classification_unverified_provenance,no_city_or_time;salary_unit_unverified;not_real_available_workforce
375,Yes,0,Graduate,,2764,110,1,Urban,Y,https://www.kaggle.com/datasets/rafunlearnhub/recruitment-data,prototype_recruitment_classification_unverified_provenance,no_city_or_time;salary_unit_unverified;not_real_available_workforce
376,No,0,Graduate,No,4817,120,1,Urban,Y,https://www.kaggle.com/datasets/rafunlearnhub/recruitment-data,prototype_recruitment_classification_unverified_provenance,no_city_or_time;salary_unit_unverified;not_real_available_workforce
377,No,3,Graduate,No,8750,130,1,Rural,Y,https://www.kaggle.com/datasets/rafunlearnhub/recruitment-data,prototype_recruitment_classification_unverified_provenance,no_city_or_time;salary_unit_unverified;not_real_available_workforce
378,No,0,Graduate,No,4310,130,,Semiurban,Y,https://www.kaggle.com/datasets/rafunlearnhub/recruitment-data,prototype_recruitment_classification_unverified_provenance,no_city_or_time;salary_unit_unverified;not_real_available_workforce
379,Yes,0,Graduate,No,3069,71,1,Urban,N,https://www.kaggle.com/datasets/rafunlearnhub/recruitment-data,prototype_recruitment_classification_unverified_provenance,no_city_or_time;salary_unit_unverified;not_real_available_workforce
380,No,2,Graduate,No,5391,130,1,Urban,Y,https://www.kaggle.com/datasets/rafunlearnhub/recruitment-data,prototype_recruitment_classification_unverified_provenance,no_city_or_time;salary_unit_unverified;not_real_available_workforce
381,No,0,Graduate,,3333,128,1,Semiurban,Y,https://www.kaggle.com/datasets/rafunlearnhub/recruitment-data,prototype_recruitment_classification_unverified_provenance,no_city_or_time;salary_unit_unverified;not_real_available_workforce
382,Yes,0,Graduate,No,5941,296,1,Semiurban,Y,https://www.kaggle.com/datasets/rafunlearnhub/recruitment-data,prototype_recruitment_classification_unverified_provenance,no_city_or_time;salary_unit_unverified;not_real_available_workforce
383,Yes,0,Graduate,No,6000,156,1,Urban,Y,https://www.kaggle.com/datasets/rafunlearnhub/recruitment-data,prototype_recruitment_classification_unverified_provenance,no_city_or_time;salary_unit_unverified;not_real_available_workforce
384,Yes,0,Graduate,Yes,7167,128,1,Urban,Y,https://www.kaggle.com/datasets/rafunlearnhub/recruitment-data,prototype_recruitment_classification_unverified_provenance,no_city_or_time;salary_unit_unverified;not_real_available_workforce
385,No,2,Graduate,No,4566,100,1,Urban,N,https://www.kaggle.com/datasets/rafunlearnhub/recruitment-data,prototype_recruitment_classification_unverified_provenance,no_city_or_time;salary_unit_unverified;not_real_available_workforce
386,Yes,1,Graduate,,3667,113,1,Urban,Y,https://www.kaggle.com/datasets/rafunlearnhub/recruitment-data,prototype_recruitment_classification_unverified_provenance,no_city_or_time;salary_unit_unverified;not_real_available_workforce
387,Yes,0,Not Graduate,No,2346,132,1,Semiurban,Y,https://www.kaggle.com/datasets/rafunlearnhub/recruitment-data,prototype_recruitment_classification_unverified_provenance,no_city_or_time;salary_unit_unverified;not_real_available_workforce
388,No,0,Not Graduate,No,3010,,0,Urban,N,https://www.kaggle.com/datasets/rafunlearnhub/recruitment-data,prototype_recruitment_classification_unverified_provenance,no_city_or_time;salary_unit_unverified;not_real_available_workforce
389,No,0,Graduate,No,2333,136,1,Urban,Y,https://www.kaggle.com/datasets/rafunlearnhub/recruitment-data,prototype_recruitment_classification_unverified_provenance,no_city_or_time;salary_unit_unverified;not_real_available_workforce
390,No,0,Graduate,No,5488,125,1,Rural,Y,https://www.kaggle.com/datasets/rafunlearnhub/recruitment-data,prototype_recruitment_classification_unverified_provenance,no_city_or_time;salary_unit_unverified;not_real_available_workforce
391,Yes,3,Graduate,No,9167,185,1,Rural,Y,https://www.kaggle.com/datasets/rafunlearnhub/recruitment-data,prototype_recruitment_classification_unverified_provenance,no_city_or_time;salary_unit_unverified;not_real_available_workforce
392,No,3,Graduate,No,9504,275,1,Rural,Y,https://www.kaggle.com/datasets/rafunlearnhub/recruitment-data,prototype_recruitment_classification_unverified_provenance,no_city_or_time;salary_unit_unverified;not_real_available_workforce
393,No,0,Graduate,No,2583,120,,Urban,Y,https://www.kaggle.com/datasets/rafunlearnhub/recruitment-data,prototype_recruitment_classification_unverified_provenance,no_city_or_time;salary_unit_unverified;not_real_available_workforce
394,No,2,Not Graduate,No,1993,113,1,Semiurban,Y,https://www.kaggle.com/datasets/rafunlearnhub/recruitment-data,prototype_recruitment_classification_unverified_provenance,no_city_or_time;salary_unit_unverified;not_real_available_workforce
395,No,2,Graduate,No,3100,113,1,Urban,Y,https://www.kaggle.com/datasets/rafunlearnhub/recruitment-data,prototype_recruitment_classification_unverified_provenance,no_city_or_time;salary_unit_unverified;not_real_available_workforce
396,No,2,Graduate,No,3276,135,,Semiurban,Y,https://www.kaggle.com/datasets/rafunlearnhub/recruitment-data,prototype_recruitment_classification_unverified_provenance,no_city_or_time;salary_unit_unverified;not_real_available_workforce
397,Yes,0,Graduate,No,3180,71,0,Urban,N,https://www.kaggle.com/datasets/rafunlearnhub/recruitment-data,prototype_recruitment_classification_unverified_provenance,no_city_or_time;salary_unit_unverified;not_real_available_workforce
398,No,0,Graduate,No,3033,95,1,Urban,Y,https://www.kaggle.com/datasets/rafunlearnhub/recruitment-data,prototype_recruitment_classification_unverified_provenance,no_city_or_time;salary_unit_unverified;not_real_available_workforce
399,Yes,0,Not Graduate,No,3902,109,1,Rural,Y,https://www.kaggle.com/datasets/rafunlearnhub/recruitment-data,prototype_recruitment_classification_unverified_provenance,no_city_or_time;salary_unit_unverified;not_real_available_workforce
400,Yes,0,Graduate,No,1500,103,0,Semiurban,N,https://www.kaggle.com/datasets/rafunlearnhub/recruitment-data,prototype_recruitment_classification_unverified_provenance,no_city_or_time;salary_unit_unverified;not_real_available_workforce
401,No,2,Not Graduate,No,2889,45,0,Urban,N,https://www.kaggle.com/datasets/rafunlearnhub/recruitment-data,prototype_recruitment_classification_unverified_provenance,no_city_or_time;salary_unit_unverified;not_real_available_workforce
402,Yes,0,Not Graduate,No,2755,65,1,Rural,N,https://www.kaggle.com/datasets/rafunlearnhub/recruitment-data,prototype_recruitment_classification_unverified_provenance,no_city_or_time;salary_unit_unverified;not_real_available_workforce
403,Yes,0,Graduate,No,2500,103,1,Semiurban,Y,https://www.kaggle.com/datasets/rafunlearnhub/recruitment-data,prototype_recruitment_classification_unverified_provenance,no_city_or_time;salary_unit_unverified;not_real_available_workforce
404,Yes,0,Not Graduate,No,1963,53,1,Semiurban,Y,https://www.kaggle.com/datasets/rafunlearnhub/recruitment-data,prototype_recruitment_classification_unverified_provenance,no_city_or_time;salary_unit_unverified;not_real_available_workforce
405,Yes,0,Graduate,Yes,7441,194,1,Rural,N,https://www.kaggle.com/datasets/rafunlearnhub/recruitment-data,prototype_recruitment_classification_unverified_provenance,no_city_or_time;salary_unit_unverified;not_real_available_workforce
406,Yes,0,Graduate,No,4547,115,1,Semiurban,Y,https://www.kaggle.com/datasets/rafunlearnhub/recruitment-data,prototype_recruitment_classification_unverified_provenance,no_city_or_time;salary_unit_unverified;not_real_available_workforce
407,No,0,Not Graduate,No,2167,115,1,Urban,Y,https://www.kaggle.com/datasets/rafunlearnhub/recruitment-data,prototype_recruitment_classification_unverified_provenance,no_city_or_time;salary_unit_unverified;not_real_available_workforce
408,Yes,0,Not Graduate,No,2213,66,1,Rural,Y,https://www.kaggle.com/datasets/rafunlearnhub/recruitment-data,prototype_recruitment_classification_unverified_provenance,no_city_or_time;salary_unit_unverified;not_real_available_workforce
409,No,1,Graduate,No,8300,152,0,Semiurban,N,https://www.kaggle.com/datasets/rafunlearnhub/recruitment-data,prototype_recruitment_classification_unverified_provenance,no_city_or_time;salary_unit_unverified;not_real_available_workforce
410,No,3,Graduate,No,81000,360,0,Rural,N,https://www.kaggle.com/datasets/rafunlearnhub/recruitment-data,prototype_recruitment_classification_unverified_provenance,no_city_or_time;salary_unit_unverified;not_real_available_workforce
411,Yes,1,Not Graduate,Yes,3867,62,1,Semiurban,N,https://www.kaggle.com/datasets/rafunlearnhub/recruitment-data,prototype_recruitment_classification_unverified_provenance,no_city_or_time;salary_unit_unverified;not_real_available_workforce
412,No,0,Graduate,,6256,160,,Urban,Y,https://www.kaggle.com/datasets/rafunlearnhub/recruitment-data,prototype_recruitment_classification_unverified_provenance,no_city_or_time;salary_unit_unverified;not_real_available_workforce
413,No,0,Not Graduate,No,6096,218,0,Rural,N,https://www.kaggle.com/datasets/rafunlearnhub/recruitment-data,prototype_recruitment_classification_unverified_provenance,no_city_or_time;salary_unit_unverified;not_real_available_workforce
414,No,0,Not Graduate,No,2253,110,1,Rural,Y,https://www.kaggle.com/datasets/rafunlearnhub/recruitment-data,prototype_recruitment_classification_unverified_provenance,no_city_or_time;salary_unit_unverified;not_real_available_workforce
415,No,0,Not Graduate,No,2149,178,0,Semiurban,N,https://www.kaggle.com/datasets/rafunlearnhub/recruitment-data,prototype_recruitment_classification_unverified_provenance,no_city_or_time;salary_unit_unverified;not_real_available_workforce
416,Yes,0,Graduate,No,2995,60,1,Urban,Y,https://www.kaggle.com/datasets/rafunlearnhub/recruitment-data,prototype_recruitment_classification_unverified_provenance,no_city_or_time;salary_unit_unverified;not_real_available_workforce
417,Yes,1,Graduate,No,2600,160,1,Urban,N,https://www.kaggle.com/datasets/rafunlearnhub/recruitment-data,prototype_recruitment_classification_unverified_provenance,no_city_or_time;salary_unit_unverified;not_real_available_workforce
418,No,2,Graduate,Yes,1600,239,1,Urban,N,https://www.kaggle.com/datasets/rafunlearnhub/recruitment-data,prototype_recruitment_classification_unverified_provenance,no_city_or_time;salary_unit_unverified;not_real_available_workforce
419,No,0,Graduate,No,1025,112,1,Rural,Y,https://www.kaggle.com/datasets/rafunlearnhub/recruitment-data,prototype_recruitment_classification_unverified_provenance,no_city_or_time;salary_unit_unverified;not_real_available_workforce
420,No,0,Graduate,No,3246,138,1,Semiurban,Y,https://www.kaggle.com/datasets/rafunlearnhub/recruitment-data,prototype_recruitment_classification_unverified_provenance,no_city_or_time;salary_unit_unverified;not_real_available_workforce
421,No,0,Graduate,No,5829,138,1,Rural,Y,https://www.kaggle.com/datasets/rafunlearnhub/recruitment-data,prototype_recruitment_classification_unverified_provenance,no_city_or_time;salary_unit_unverified;not_real_available_workforce
422,Yes,0,Not Graduate,No,2720,80,0,Urban,N,https://www.kaggle.com/datasets/rafunlearnhub/recruitment-data,prototype_recruitment_classification_unverified_provenance,no_city_or_time;salary_unit_unverified;not_real_available_workforce
423,No,0,Graduate,No,1820,100,1,Urban,Y,https://www.kaggle.com/datasets/rafunlearnhub/recruitment-data,prototype_recruitment_classification_unverified_provenance,no_city_or_time;salary_unit_unverified;not_real_available_workforce
424,No,1,Graduate,No,7250,110,0,Urban,N,https://www.kaggle.com/datasets/rafunlearnhub/recruitment-data,prototype_recruitment_classification_unverified_provenance,no_city_or_time;salary_unit_unverified;not_real_available_workforce
425,No,0,Graduate,No,14880,96,1,Semiurban,Y,https://www.kaggle.com/datasets/rafunlearnhub/recruitment-data,prototype_recruitment_classification_unverified_provenance,no_city_or_time;salary_unit_unverified;not_real_available_workforce
426,No,0,Graduate,No,2666,121,1,Rural,Y,https://www.kaggle.com/datasets/rafunlearnhub/recruitment-data,prototype_recruitment_classification_unverified_provenance,no_city_or_time;salary_unit_unverified;not_real_available_workforce
427,Yes,1,Not Graduate,No,4606,81,1,Rural,N,https://www.kaggle.com/datasets/rafunlearnhub/recruitment-data,prototype_recruitment_classification_unverified_provenance,no_city_or_time;salary_unit_unverified;not_real_available_workforce
428,No,2,Graduate,No,5935,133,1,Semiurban,Y,https://www.kaggle.com/datasets/rafunlearnhub/recruitment-data,prototype_recruitment_classification_unverified_provenance,no_city_or_time;salary_unit_unverified;not_real_available_workforce
429,No,0,Graduate,No,2920,87,1,Rural,Y,https://www.kaggle.com/datasets/rafunlearnhub/recruitment-data,prototype_recruitment_classification_unverified_provenance,no_city_or_time;salary_unit_unverified;not_real_available_workforce
430,Yes,0,Not Graduate,No,2717,60,1,Urban,Y,https://www.kaggle.com/datasets/rafunlearnhub/recruitment-data,prototype_recruitment_classification_unverified_provenance,no_city_or_time;salary_unit_unverified;not_real_available_workforce
431,Yes,1,Graduate,Yes,8624,150,1,Semiurban,Y,https://www.kaggle.com/datasets/rafunlearnhub/recruitment-data,prototype_recruitment_classification_unverified_provenance,no_city_or_time;salary_unit_unverified;not_real_available_workforce
432,Yes,0,Graduate,No,6500,105,0,Rural,N,https://www.kaggle.com/datasets/rafunlearnhub/recruitment-data,prototype_recruitment_classification_unverified_provenance,no_city_or_time;salary_unit_unverified;not_real_available_workforce
433,Yes,0,Graduate,,12876,405,1,Semiurban,Y,https://www.kaggle.com/datasets/rafunlearnhub/recruitment-data,prototype_recruitment_classification_unverified_provenance,no_city_or_time;salary_unit_unverified;not_real_available_workforce
434,No,0,Graduate,No,2425,143,1,Semiurban,Y,https://www.kaggle.com/datasets/rafunlearnhub/recruitment-data,prototype_recruitment_classification_unverified_provenance,no_city_or_time;salary_unit_unverified;not_real_available_workforce
435,Yes,0,Graduate,No,3750,100,1,Urban,Y,https://www.kaggle.com/datasets/rafunlearnhub/recruitment-data,prototype_recruitment_classification_unverified_provenance,no_city_or_time;salary_unit_unverified;not_real_available_workforce
436,,,Graduate,No,10047,,1,Semiurban,Y,https://www.kaggle.com/datasets/rafunlearnhub/recruitment-data,prototype_recruitment_classification_unverified_provenance,no_city_or_time;salary_unit_unverified;not_real_available_workforce
437,Yes,0,Graduate,No,1926,50,1,Semiurban,Y,https://www.kaggle.com/datasets/rafunlearnhub/recruitment-data,prototype_recruitment_classification_unverified_provenance,no_city_or_time;salary_unit_unverified;not_real_available_workforce
438,No,0,Graduate,No,2213,,1,Urban,Y,https://www.kaggle.com/datasets/rafunlearnhub/recruitment-data,prototype_recruitment_classification_unverified_provenance,no_city_or_time;salary_unit_unverified;not_real_available_workforce
439,Yes,0,Graduate,Yes,10416,187,0,Urban,N,https://www.kaggle.com/datasets/rafunlearnhub/recruitment-data,prototype_recruitment_classification_unverified_provenance,no_city_or_time;salary_unit_unverified;not_real_available_workforce
440,No,0,Not Graduate,Yes,7142,138,1,Rural,Y,https://www.kaggle.com/datasets/rafunlearnhub/recruitment-data,prototype_recruitment_classification_unverified_provenance,no_city_or_time;salary_unit_unverified;not_real_available_workforce
441,Yes,0,Graduate,No,3660,187,1,Semiurban,Y,https://www.kaggle.com/datasets/rafunlearnhub/recruitment-data,prototype_recruitment_classification_unverified_provenance,no_city_or_time;salary_unit_unverified;not_real_available_workforce
442,No,0,Graduate,No,7901,180,1,Rural,Y,https://www.kaggle.com/datasets/rafunlearnhub/recruitment-data,prototype_recruitment_classification_unverified_provenance,no_city_or_time;salary_unit_unverified;not_real_available_workforce
443,Yes,3,Not Graduate,No,4707,148,1,Semiurban,Y,https://www.kaggle.com/datasets/rafunlearnhub/recruitment-data,prototype_recruitment_classification_unverified_provenance,no_city_or_time;salary_unit_unverified;not_real_available_workforce
444,Yes,1,Graduate,No,37719,152,1,Semiurban,Y,https://www.kaggle.com/datasets/rafunlearnhub/recruitment-data,prototype_recruitment_classification_unverified_provenance,no_city_or_time;salary_unit_unverified;not_real_available_workforce
445,No,0,Graduate,No,7333,175,,Rural,Y,https://www.kaggle.com/datasets/rafunlearnhub/recruitment-data,prototype_recruitment_classification_unverified_provenance,no_city_or_time;salary_unit_unverified;not_real_available_workforce
446,No,1,Graduate,Yes,3466,130,1,Rural,Y,https://www.kaggle.com/datasets/rafunlearnhub/recruitment-data,prototype_recruitment_classification_unverified_provenance,no_city_or_time;salary_unit_unverified;not_real_available_workforce
447,No,2,Not Graduate,No,4652,110,1,Rural,Y,https://www.kaggle.com/datasets/rafunlearnhub/recruitment-data,prototype_recruitment_classification_unverified_provenance,no_city_or_time;salary_unit_unverified;not_real_available_workforce
448,No,0,Graduate,,3539,55,1,Rural,N,https://www.kaggle.com/datasets/rafunlearnhub/recruitment-data,prototype_recruitment_classification_unverified_provenance,no_city_or_time;salary_unit_unverified;not_real_available_workforce
449,No,2,Graduate,No,3340,150,0,Rural,N,https://www.kaggle.com/datasets/rafunlearnhub/recruitment-data,prototype_recruitment_classification_unverified_provenance,no_city_or_time;salary_unit_unverified;not_real_available_workforce
450,Yes,1,Not Graduate,Yes,2769,190,,Semiurban,N,https://www.kaggle.com/datasets/rafunlearnhub/recruitment-data,prototype_recruitment_classification_unverified_provenance,no_city_or_time;salary_unit_unverified;not_real_available_workforce
451,No,2,Not Graduate,No,2309,125,0,Rural,N,https://www.kaggle.com/datasets/rafunlearnhub/recruitment-data,prototype_recruitment_classification_unverified_provenance,no_city_or_time;salary_unit_unverified;not_real_available_workforce
452,No,2,Not Graduate,No,1958,60,,Urban,Y,https://www.kaggle.com/datasets/rafunlearnhub/recruitment-data,prototype_recruitment_classification_unverified_provenance,no_city_or_time;salary_unit_unverified;not_real_available_workforce
453,No,0,Graduate,No,3948,149,0,Rural,N,https://www.kaggle.com/datasets/rafunlearnhub/recruitment-data,prototype_recruitment_classification_unverified_provenance,no_city_or_time;salary_unit_unverified;not_real_available_workforce
454,No,0,Graduate,No,2483,90,0,Rural,Y,https://www.kaggle.com/datasets/rafunlearnhub/recruitment-data,prototype_recruitment_classification_unverified_provenance,no_city_or_time;salary_unit_unverified;not_real_available_workforce
455,Yes,0,Graduate,Yes,7085,84,1,Semiurban,Y,https://www.kaggle.com/datasets/rafunlearnhub/recruitment-data,prototype_recruitment_classification_unverified_provenance,no_city_or_time;salary_unit_unverified;not_real_available_workforce
456,No,2,Graduate,No,3859,96,1,Semiurban,Y,https://www.kaggle.com/datasets/rafunlearnhub/recruitment-data,prototype_recruitment_classification_unverified_provenance,no_city_or_time;salary_unit_unverified;not_real_available_workforce
457,No,0,Graduate,No,4301,118,1,Urban,Y,https://www.kaggle.com/datasets/rafunlearnhub/recruitment-data,prototype_recruitment_classification_unverified_provenance,no_city_or_time;salary_unit_unverified;not_real_available_workforce
458,No,0,Graduate,No,3708,173,1,Urban,N,https://www.kaggle.com/datasets/rafunlearnhub/recruitment-data,prototype_recruitment_classification_unverified_provenance,no_city_or_time;salary_unit_unverified;not_real_available_workforce
459,Yes,2,Graduate,No,4354,136,1,Rural,Y,https://www.kaggle.com/datasets/rafunlearnhub/recruitment-data,prototype_recruitment_classification_unverified_provenance,no_city_or_time;salary_unit_unverified;not_real_available_workforce
460,No,0,Graduate,No,8334,160,1,Semiurban,N,https://www.kaggle.com/datasets/rafunlearnhub/recruitment-data,prototype_recruitment_classification_unverified_provenance,no_city_or_time;salary_unit_unverified;not_real_available_workforce
461,No,0,Graduate,Yes,2083,160,,Semiurban,Y,https://www.kaggle.com/datasets/rafunlearnhub/recruitment-data,prototype_recruitment_classification_unverified_provenance,no_city_or_time;salary_unit_unverified;not_real_available_workforce
462,No,3,Graduate,No,7740,128,1,Urban,Y,https://www.kaggle.com/datasets/rafunlearnhub/recruitment-data,prototype_recruitment_classification_unverified_provenance,no_city_or_time;salary_unit_unverified;not_real_available_workforce
463,No,0,Graduate,No,3015,153,1,Rural,Y,https://www.kaggle.com/datasets/rafunlearnhub/recruitment-data,prototype_recruitment_classification_unverified_provenance,no_city_or_time;salary_unit_unverified;not_real_available_workforce
464,Yes,1,Not Graduate,,5191,132,1,Semiurban,Y,https://www.kaggle.com/datasets/rafunlearnhub/recruitment-data,prototype_recruitment_classification_unverified_provenance,no_city_or_time;salary_unit_unverified;not_real_available_workforce
465,Yes,0,Graduate,No,4166,98,0,Semiurban,N,https://www.kaggle.com/datasets/rafunlearnhub/recruitment-data,prototype_recruitment_classification_unverified_provenance,no_city_or_time;salary_unit_unverified;not_real_available_workforce
466,Yes,0,Graduate,No,6000,140,1,Rural,Y,https://www.kaggle.com/datasets/rafunlearnhub/recruitment-data,prototype_recruitment_classification_unverified_provenance,no_city_or_time;salary_unit_unverified;not_real_available_workforce
467,No,3,Not Graduate,No,2947,70,0,Urban,N,https://www.kaggle.com/datasets/rafunlearnhub/recruitment-data,prototype_recruitment_classification_unverified_provenance,no_city_or_time;salary_unit_unverified;not_real_available_workforce
468,No,0,Graduate,No,16692,110,1,Semiurban,Y,https://www.kaggle.com/datasets/rafunlearnhub/recruitment-data,prototype_recruitment_classification_unverified_provenance,no_city_or_time;salary_unit_unverified;not_real_available_workforce
469,No,2,Not Graduate,,210,98,1,Semiurban,Y,https://www.kaggle.com/datasets/rafunlearnhub/recruitment-data,prototype_recruitment_classification_unverified_provenance,no_city_or_time;salary_unit_unverified;not_real_available_workforce
470,No,0,Graduate,No,4333,110,1,Urban,N,https://www.kaggle.com/datasets/rafunlearnhub/recruitment-data,prototype_recruitment_classification_unverified_provenance,no_city_or_time;salary_unit_unverified;not_real_available_workforce
471,No,1,Graduate,Yes,3450,162,1,Semiurban,Y,https://www.kaggle.com/datasets/rafunlearnhub/recruitment-data,prototype_recruitment_classification_unverified_provenance,no_city_or_time;salary_unit_unverified;not_real_available_workforce
472,No,1,Not Graduate,No,2653,113,0,Rural,N,https://www.kaggle.com/datasets/rafunlearnhub/recruitment-data,prototype_recruitment_classification_unverified_provenance,no_city_or_time;salary_unit_unverified;not_real_available_workforce
473,No,3,Graduate,No,4691,100,1,Semiurban,Y,https://www.kaggle.com/datasets/rafunlearnhub/recruitment-data,prototype_recruitment_classification_unverified_provenance,no_city_or_time;salary_unit_unverified;not_real_available_workforce
474,Yes,0,Graduate,Yes,2500,93,,Urban,Y,https://www.kaggle.com/datasets/rafunlearnhub/recruitment-data,prototype_recruitment_classification_unverified_provenance,no_city_or_time;salary_unit_unverified;not_real_available_workforce
475,Yes,2,Graduate,No,5532,162,1,Rural,Y,https://www.kaggle.com/datasets/rafunlearnhub/recruitment-data,prototype_recruitment_classification_unverified_provenance,no_city_or_time;salary_unit_unverified;not_real_available_workforce
476,No,2,Graduate,Yes,16525,150,1,Rural,Y,https://www.kaggle.com/datasets/rafunlearnhub/recruitment-data,prototype_recruitment_classification_unverified_provenance,no_city_or_time;salary_unit_unverified;not_real_available_workforce
477,No,2,Graduate,No,6700,230,1,Semiurban,Y,https://www.kaggle.com/datasets/rafunlearnhub/recruitment-data,prototype_recruitment_classification_unverified_provenance,no_city_or_time;salary_unit_unverified;not_real_available_workforce
478,No,2,Graduate,No,2873,132,0,Semiurban,N,https://www.kaggle.com/datasets/rafunlearnhub/recruitment-data,prototype_recruitment_classification_unverified_provenance,no_city_or_time;salary_unit_unverified;not_real_available_workforce
479,No,1,Graduate,Yes,16667,86,1,Semiurban,Y,https://www.kaggle.com/datasets/rafunlearnhub/recruitment-data,prototype_recruitment_classification_unverified_provenance,no_city_or_time;salary_unit_unverified;not_real_available_workforce
480,No,2,Graduate,No,2947,,1,Urban,N,https://www.kaggle.com/datasets/rafunlearnhub/recruitment-data,prototype_recruitment_classification_unverified_provenance,no_city_or_time;salary_unit_unverified;not_real_available_workforce
481,Yes,0,Not Graduate,No,4350,154,1,Rural,Y,https://www.kaggle.com/datasets/rafunlearnhub/recruitment-data,prototype_recruitment_classification_unverified_provenance,no_city_or_time;salary_unit_unverified;not_real_available_workforce
482,No,3,Not Graduate,No,3095,113,1,Rural,Y,https://www.kaggle.com/datasets/rafunlearnhub/recruitment-data,prototype_recruitment_classification_unverified_provenance,no_city_or_time;salary_unit_unverified;not_real_available_workforce
483,No,0,Graduate,No,2083,128,1,Semiurban,Y,https://www.kaggle.com/datasets/rafunlearnhub/recruitment-data,prototype_recruitment_classification_unverified_provenance,no_city_or_time;salary_unit_unverified;not_real_available_workforce
484,No,0,Graduate,No,10833,234,1,Semiurban,Y,https://www.kaggle.com/datasets/rafunlearnhub/recruitment-data,prototype_recruitment_classification_unverified_provenance,no_city_or_time;salary_unit_unverified;not_real_available_workforce
485,No,2,Graduate,No,8333,246,1,Semiurban,Y,https://www.kaggle.com/datasets/rafunlearnhub/recruitment-data,prototype_recruitment_classification_unverified_provenance,no_city_or_time;salary_unit_unverified;not_real_available_workforce
486,No,1,Not Graduate,No,1958,131,1,Rural,Y,https://www.kaggle.com/datasets/rafunlearnhub/recruitment-data,prototype_recruitment_classification_unverified_provenance,no_city_or_time;salary_unit_unverified;not_real_available_workforce
487,Yes,2,Graduate,No,3547,80,0,Rural,N,https://www.kaggle.com/datasets/rafunlearnhub/recruitment-data,prototype_recruitment_classification_unverified_provenance,no_city_or_time;salary_unit_unverified;not_real_available_workforce
488,No,1,Graduate,No,18333,500,1,Urban,N,https://www.kaggle.com/datasets/rafunlearnhub/recruitment-data,prototype_recruitment_classification_unverified_provenance,no_city_or_time;salary_unit_unverified;not_real_available_workforce
489,No,2,Graduate,Yes,4583,160,1,Semiurban,Y,https://www.kaggle.com/datasets/rafunlearnhub/recruitment-data,prototype_recruitment_classification_unverified_provenance,no_city_or_time;salary_unit_unverified;not_real_available_workforce
490,Yes,0,Graduate,No,2435,75,1,Urban,N,https://www.kaggle.com/datasets/rafunlearnhub/recruitment-data,prototype_recruitment_classification_unverified_provenance,no_city_or_time;salary_unit_unverified;not_real_available_workforce
491,Yes,0,Not Graduate,No,2699,96,,Semiurban,Y,https://www.kaggle.com/datasets/rafunlearnhub/recruitment-data,prototype_recruitment_classification_unverified_provenance,no_city_or_time;salary_unit_unverified;not_real_available_workforce
492,No,1,Not Graduate,No,5333,186,,Urban,Y,https://www.kaggle.com/datasets/rafunlearnhub/recruitment-data,prototype_recruitment_classification_unverified_provenance,no_city_or_time;salary_unit_unverified;not_real_available_workforce
493,Yes,0,Not Graduate,No,3691,110,1,Rural,Y,https://www.kaggle.com/datasets/rafunlearnhub/recruitment-data,prototype_recruitment_classification_unverified_provenance,no_city_or_time;salary_unit_unverified;not_real_available_workforce
494,Yes,0,Not Graduate,Yes,17263,225,1,Semiurban,Y,https://www.kaggle.com/datasets/rafunlearnhub/recruitment-data,prototype_recruitment_classification_unverified_provenance,no_city_or_time;salary_unit_unverified;not_real_available_workforce
495,No,0,Graduate,No,3597,119,0,Rural,N,https://www.kaggle.com/datasets/rafunlearnhub/recruitment-data,prototype_recruitment_classification_unverified_provenance,no_city_or_time;salary_unit_unverified;not_real_available_workforce
496,No,1,Graduate,No,3326,105,1,Semiurban,Y,https://www.kaggle.com/datasets/rafunlearnhub/recruitment-data,prototype_recruitment_classification_unverified_provenance,no_city_or_time;salary_unit_unverified;not_real_available_workforce
497,No,0,Not Graduate,No,2600,107,1,Rural,Y,https://www.kaggle.com/datasets/rafunlearnhub/recruitment-data,prototype_recruitment_classification_unverified_provenance,no_city_or_time;salary_unit_unverified;not_real_available_workforce
498,No,0,Graduate,No,4625,111,,Urban,Y,https://www.kaggle.com/datasets/rafunlearnhub/recruitment-data,prototype_recruitment_classification_unverified_provenance,no_city_or_time;salary_unit_unverified;not_real_available_workforce
499,No,1,Graduate,Yes,2895,95,1,Semiurban,Y,https://www.kaggle.com/datasets/rafunlearnhub/recruitment-data,prototype_recruitment_classification_unverified_provenance,no_city_or_time;salary_unit_unverified;not_real_available_workforce
500,Yes,0,Graduate,No,6283,209,0,Rural,N,https://www.kaggle.com/datasets/rafunlearnhub/recruitment-data,prototype_recruitment_classification_unverified_provenance,no_city_or_time;salary_unit_unverified;not_real_available_workforce
501,Yes,0,Graduate,No,645,113,1,Rural,Y,https://www.kaggle.com/datasets/rafunlearnhub/recruitment-data,prototype_recruitment_classification_unverified_provenance,no_city_or_time;salary_unit_unverified;not_real_available_workforce
502,Yes,0,Graduate,No,3159,100,1,Semiurban,Y,https://www.kaggle.com/datasets/rafunlearnhub/recruitment-data,prototype_recruitment_classification_unverified_provenance,no_city_or_time;salary_unit_unverified;not_real_available_workforce
503,No,2,Graduate,No,4865,208,1,Semiurban,Y,https://www.kaggle.com/datasets/rafunlearnhub/recruitment-data,prototype_recruitment_classification_unverified_provenance,no_city_or_time;salary_unit_unverified;not_real_available_workforce
504,No,1,Not Graduate,No,4050,138,,Rural,N,https://www.kaggle.com/datasets/rafunlearnhub/recruitment-data,prototype_recruitment_classification_unverified_provenance,no_city_or_time;salary_unit_unverified;not_real_available_workforce
505,No,0,Not Graduate,No,3814,124,1,Semiurban,Y,https://www.kaggle.com/datasets/rafunlearnhub/recruitment-data,prototype_recruitment_classification_unverified_provenance,no_city_or_time;salary_unit_unverified;not_real_available_workforce
506,No,2,Graduate,No,3510,243,1,Rural,Y,https://www.kaggle.com/datasets/rafunlearnhub/recruitment-data,prototype_recruitment_classification_unverified_provenance,no_city_or_time;salary_unit_unverified;not_real_available_workforce
507,No,0,Graduate,No,20833,480,,Urban,Y,https://www.kaggle.com/datasets/rafunlearnhub/recruitment-data,prototype_recruitment_classification_unverified_provenance,no_city_or_time;salary_unit_unverified;not_real_available_workforce
508,Yes,0,Graduate,No,3583,96,1,Urban,N,https://www.kaggle.com/datasets/rafunlearnhub/recruitment-data,prototype_recruitment_classification_unverified_provenance,no_city_or_time;salary_unit_unverified;not_real_available_workforce
509,No,0,Graduate,Yes,2479,188,1,Urban,Y,https://www.kaggle.com/datasets/rafunlearnhub/recruitment-data,prototype_recruitment_classification_unverified_provenance,no_city_or_time;salary_unit_unverified;not_real_available_workforce
510,Yes,1,Graduate,No,13262,40,1,Urban,Y,https://www.kaggle.com/datasets/rafunlearnhub/recruitment-data,prototype_recruitment_classification_unverified_provenance,no_city_or_time;salary_unit_unverified;not_real_available_workforce
511,Yes,0,Not Graduate,No,3598,100,1,Rural,N,https://www.kaggle.com/datasets/rafunlearnhub/recruitment-data,prototype_recruitment_classification_unverified_provenance,no_city_or_time;salary_unit_unverified;not_real_available_workforce
512,No,1,Graduate,No,6065,250,1,Semiurban,Y,https://www.kaggle.com/datasets/rafunlearnhub/recruitment-data,prototype_recruitment_classification_unverified_provenance,no_city_or_time;salary_unit_unverified;not_real_available_workforce
513,No,2,Graduate,No,3283,148,1,Urban,Y,https://www.kaggle.com/datasets/rafunlearnhub/recruitment-data,prototype_recruitment_classification_unverified_provenance,no_city_or_time;salary_unit_unverified;not_real_available_workforce
514,No,0,Graduate,No,2130,70,1,Semiurban,N,https://www.kaggle.com/datasets/rafunlearnhub/recruitment-data,prototype_recruitment_classification_unverified_provenance,no_city_or_time;salary_unit_unverified;not_real_available_workforce
515,Yes,0,Graduate,No,5815,311,1,Rural,N,https://www.kaggle.com/datasets/rafunlearnhub/recruitment-data,prototype_recruitment_classification_unverified_provenance,no_city_or_time;salary_unit_unverified;not_real_available_workforce
516,No,3,Graduate,No,3466,150,1,Rural,Y,https://www.kaggle.com/datasets/rafunlearnhub/recruitment-data,prototype_recruitment_classification_unverified_provenance,no_city_or_time;salary_unit_unverified;not_real_available_workforce
517,No,2,Graduate,No,2031,113,1,Semiurban,Y,https://www.kaggle.com/datasets/rafunlearnhub/recruitment-data,prototype_recruitment_classification_unverified_provenance,no_city_or_time;salary_unit_unverified;not_real_available_workforce
518,No,,Not Graduate,No,3074,123,0,Semiurban,N,https://www.kaggle.com/datasets/rafunlearnhub/recruitment-data,prototype_recruitment_classification_unverified_provenance,no_city_or_time;salary_unit_unverified;not_real_available_workforce
519,Yes,0,Graduate,No,4683,185,1,Semiurban,N,https://www.kaggle.com/datasets/rafunlearnhub/recruitment-data,prototype_recruitment_classification_unverified_provenance,no_city_or_time;salary_unit_unverified;not_real_available_workforce
520,Yes,0,Not Graduate,No,3400,95,1,Rural,N,https://www.kaggle.com/datasets/rafunlearnhub/recruitment-data,prototype_recruitment_classification_unverified_provenance,no_city_or_time;salary_unit_unverified;not_real_available_workforce
521,No,2,Not Graduate,No,2192,45,1,Semiurban,Y,https://www.kaggle.com/datasets/rafunlearnhub/recruitment-data,prototype_recruitment_classification_unverified_provenance,no_city_or_time;salary_unit_unverified;not_real_available_workforce
522,Yes,0,Graduate,No,2500,55,1,Semiurban,Y,https://www.kaggle.com/datasets/rafunlearnhub/recruitment-data,prototype_recruitment_classification_unverified_provenance,no_city_or_time;salary_unit_unverified;not_real_available_workforce
523,No,3,Graduate,Yes,5677,100,1,Rural,Y,https://www.kaggle.com/datasets/rafunlearnhub/recruitment-data,prototype_recruitment_classification_unverified_provenance,no_city_or_time;salary_unit_unverified;not_real_available_workforce
524,No,2,Graduate,Yes,7948,480,1,Rural,Y,https://www.kaggle.com/datasets/rafunlearnhub/recruitment-data,prototype_recruitment_classification_unverified_provenance,no_city_or_time;salary_unit_unverified;not_real_available_workforce
525,Yes,0,Graduate,No,4680,,1,Semiurban,N,https://www.kaggle.com/datasets/rafunlearnhub/recruitment-data,prototype_recruitment_classification_unverified_provenance,no_city_or_time;salary_unit_unverified;not_real_available_workforce
526,No,2,Graduate,Yes,17500,400,1,Rural,Y,https://www.kaggle.com/datasets/rafunlearnhub/recruitment-data,prototype_recruitment_classification_unverified_provenance,no_city_or_time;salary_unit_unverified;not_real_available_workforce
527,No,0,Graduate,No,3775,110,1,Semiurban,Y,https://www.kaggle.com/datasets/rafunlearnhub/recruitment-data,prototype_recruitment_classification_unverified_provenance,no_city_or_time;salary_unit_unverified;not_real_available_workforce
528,No,1,Not Graduate,No,5285,161,0,Semiurban,Y,https://www.kaggle.com/datasets/rafunlearnhub/recruitment-data,prototype_recruitment_classification_unverified_provenance,no_city_or_time;salary_unit_unverified;not_real_available_workforce
529,Yes,1,Not Graduate,No,2679,94,1,Semiurban,Y,https://www.kaggle.com/datasets/rafunlearnhub/recruitment-data,prototype_recruitment_classification_unverified_provenance,no_city_or_time;salary_unit_unverified;not_real_available_workforce
530,Yes,0,Not Graduate,No,6783,130,1,Semiurban,Y,https://www.kaggle.com/datasets/rafunlearnhub/recruitment-data,prototype_recruitment_classification_unverified_provenance,no_city_or_time;salary_unit_unverified;not_real_available_workforce
531,No,0,Graduate,No,1025,216,,Rural,Y,https://www.kaggle.com/datasets/rafunlearnhub/recruitment-data,prototype_recruitment_classification_unverified_provenance,no_city_or_time;salary_unit_unverified;not_real_available_workforce
532,No,3,Graduate,No,4281,100,1,Urban,Y,https://www.kaggle.com/datasets/rafunlearnhub/recruitment-data,prototype_recruitment_classification_unverified_provenance,no_city_or_time;salary_unit_unverified;not_real_available_workforce
533,Yes,2,Graduate,No,3588,110,0,Rural,N,https://www.kaggle.com/datasets/rafunlearnhub/recruitment-data,prototype_recruitment_classification_unverified_provenance,no_city_or_time;salary_unit_unverified;not_real_available_workforce
534,Yes,1,Graduate,No,11250,196,,Semiurban,N,https://www.kaggle.com/datasets/rafunlearnhub/recruitment-data,prototype_recruitment_classification_unverified_provenance,no_city_or_time;salary_unit_unverified;not_real_available_workforce
535,Yes,0,Not Graduate,Yes,18165,125,1,Urban,Y,https://www.kaggle.com/datasets/rafunlearnhub/recruitment-data,prototype_recruitment_classification_unverified_provenance,no_city_or_time;salary_unit_unverified;not_real_available_workforce
536,Yes,0,Not Graduate,,2550,126,1,Rural,Y,https://www.kaggle.com/datasets/rafunlearnhub/recruitment-data,prototype_recruitment_classification_unverified_provenance,no_city_or_time;salary_unit_unverified;not_real_available_workforce
537,No,0,Graduate,No,6133,324,1,Urban,Y,https://www.kaggle.com/datasets/rafunlearnhub/recruitment-data,prototype_recruitment_classification_unverified_provenance,no_city_or_time;salary_unit_unverified;not_real_available_workforce
538,Yes,2,Graduate,No,3617,107,1,Semiurban,Y,https://www.kaggle.com/datasets/rafunlearnhub/recruitment-data,prototype_recruitment_classification_unverified_provenance,no_city_or_time;salary_unit_unverified;not_real_available_workforce
539,No,0,Not Graduate,No,2917,66,1,Rural,N,https://www.kaggle.com/datasets/rafunlearnhub/recruitment-data,prototype_recruitment_classification_unverified_provenance,no_city_or_time;salary_unit_unverified;not_real_available_workforce
540,No,3,Graduate,No,6417,157,1,Rural,Y,https://www.kaggle.com/datasets/rafunlearnhub/recruitment-data,prototype_recruitment_classification_unverified_provenance,no_city_or_time;salary_unit_unverified;not_real_available_workforce
541,No,1,Graduate,No,4608,140,1,Semiurban,Y,https://www.kaggle.com/datasets/rafunlearnhub/recruitment-data,prototype_recruitment_classification_unverified_provenance,no_city_or_time;salary_unit_unverified;not_real_available_workforce
542,Yes,0,Graduate,No,2138,99,0,Semiurban,N,https://www.kaggle.com/datasets/rafunlearnhub/recruitment-data,prototype_recruitment_classification_unverified_provenance,no_city_or_time;salary_unit_unverified;not_real_available_workforce
543,Yes,1,Graduate,,3652,95,1,Semiurban,Y,https://www.kaggle.com/datasets/rafunlearnhub/recruitment-data,prototype_recruitment_classification_unverified_provenance,no_city_or_time;salary_unit_unverified;not_real_available_workforce
544,No,1,Not Graduate,No,2239,128,1,Urban,Y,https://www.kaggle.com/datasets/rafunlearnhub/recruitment-data,prototype_recruitment_classification_unverified_provenance,no_city_or_time;salary_unit_unverified;not_real_available_workforce
545,No,0,Not Graduate,No,3017,102,,Semiurban,Y,https://www.kaggle.com/datasets/rafunlearnhub/recruitment-data,prototype_recruitment_classification_unverified_provenance,no_city_or_time;salary_unit_unverified;not_real_available_workforce
546,No,0,Graduate,No,2768,155,1,Rural,Y,https://www.kaggle.com/datasets/rafunlearnhub/recruitment-data,prototype_recruitment_classification_unverified_provenance,no_city_or_time;salary_unit_unverified;not_real_available_workforce
547,Yes,0,Not Graduate,No,3358,80,1,Semiurban,N,https://www.kaggle.com/datasets/rafunlearnhub/recruitment-data,prototype_recruitment_classification_unverified_provenance,no_city_or_time;salary_unit_unverified;not_real_available_workforce
548,Yes,0,Graduate,No,2526,145,1,Rural,Y,https://www.kaggle.com/datasets/rafunlearnhub/recruitment-data,prototype_recruitment_classification_unverified_provenance,no_city_or_time;salary_unit_unverified;not_real_available_workforce
549,Yes,0,Graduate,No,5000,103,0,Semiurban,N,https://www.kaggle.com/datasets/rafunlearnhub/recruitment-data,prototype_recruitment_classification_unverified_provenance,no_city_or_time;salary_unit_unverified;not_real_available_workforce
550,No,0,Graduate,No,2785,110,1,Rural,Y,https://www.kaggle.com/datasets/rafunlearnhub/recruitment-data,prototype_recruitment_classification_unverified_provenance,no_city_or_time;salary_unit_unverified;not_real_available_workforce
551,No,2,Graduate,Yes,6633,,0,Rural,N,https://www.kaggle.com/datasets/rafunlearnhub/recruitment-data,prototype_recruitment_classification_unverified_provenance,no_city_or_time;salary_unit_unverified;not_real_available_workforce
552,No,1,Not Graduate,No,2492,,1,Rural,Y,https://www.kaggle.com/datasets/rafunlearnhub/recruitment-data,prototype_recruitment_classification_unverified_provenance,no_city_or_time;salary_unit_unverified;not_real_available_workforce
553,No,1,Graduate,No,3333,158,1,Urban,Y,https://www.kaggle.com/datasets/rafunlearnhub/recruitment-data,prototype_recruitment_classification_unverified_provenance,no_city_or_time;salary_unit_unverified;not_real_available_workforce
554,No,0,Not Graduate,No,2454,181,0,Urban,N,https://www.kaggle.com/datasets/rafunlearnhub/recruitment-data,prototype_recruitment_classification_unverified_provenance,no_city_or_time;salary_unit_unverified;not_real_available_workforce
555,No,0,Graduate,No,3593,132,0,Rural,N,https://www.kaggle.com/datasets/rafunlearnhub/recruitment-data,prototype_recruitment_classification_unverified_provenance,no_city_or_time;salary_unit_unverified;not_real_available_workforce
556,No,1,Graduate,No,5468,26,1,Semiurban,Y,https://www.kaggle.com/datasets/rafunlearnhub/recruitment-data,prototype_recruitment_classification_unverified_provenance,no_city_or_time;salary_unit_unverified;not_real_available_workforce
557,Yes,0,Graduate,No,2667,84,,Urban,Y,https://www.kaggle.com/datasets/rafunlearnhub/recruitment-data,prototype_recruitment_classification_unverified_provenance,no_city_or_time;salary_unit_unverified;not_real_available_workforce
558,No,3,Graduate,Yes,10139,260,1,Semiurban,Y,https://www.kaggle.com/datasets/rafunlearnhub/recruitment-data,prototype_recruitment_classification_unverified_provenance,no_city_or_time;salary_unit_unverified;not_real_available_workforce
559,No,0,Graduate,No,3887,162,1,Semiurban,Y,https://www.kaggle.com/datasets/rafunlearnhub/recruitment-data,prototype_recruitment_classification_unverified_provenance,no_city_or_time;salary_unit_unverified;not_real_available_workforce
560,No,0,Graduate,No,4180,182,1,Semiurban,Y,https://www.kaggle.com/datasets/rafunlearnhub/recruitment-data,prototype_recruitment_classification_unverified_provenance,no_city_or_time;salary_unit_unverified;not_real_available_workforce
561,No,2,Not Graduate,No,3675,108,1,Semiurban,Y,https://www.kaggle.com/datasets/rafunlearnhub/recruitment-data,prototype_recruitment_classification_unverified_provenance,no_city_or_time;salary_unit_unverified;not_real_available_workforce
562,No,1,Graduate,Yes,19484,600,1,Semiurban,Y,https://www.kaggle.com/datasets/rafunlearnhub/recruitment-data,prototype_recruitment_classification_unverified_provenance,no_city_or_time;salary_unit_unverified;not_real_available_workforce
563,No,0,Graduate,No,5923,211,1,Rural,Y,https://www.kaggle.com/datasets/rafunlearnhub/recruitment-data,prototype_recruitment_classification_unverified_provenance,no_city_or_time;salary_unit_unverified;not_real_available_workforce
564,Yes,0,Not Graduate,Yes,5800,132,1,Semiurban,Y,https://www.kaggle.com/datasets/rafunlearnhub/recruitment-data,prototype_recruitment_classification_unverified_provenance,no_city_or_time;salary_unit_unverified;not_real_available_workforce
565,No,2,Graduate,No,8799,258,0,Urban,N,https://www.kaggle.com/datasets/rafunlearnhub/recruitment-data,prototype_recruitment_classification_unverified_provenance,no_city_or_time;salary_unit_unverified;not_real_available_workforce
566,No,0,Not Graduate,No,4467,120,,Rural,Y,https://www.kaggle.com/datasets/rafunlearnhub/recruitment-data,prototype_recruitment_classification_unverified_provenance,no_city_or_time;salary_unit_unverified;not_real_available_workforce
567,Yes,0,Graduate,No,3333,70,1,Urban,Y,https://www.kaggle.com/datasets/rafunlearnhub/recruitment-data,prototype_recruitment_classification_unverified_provenance,no_city_or_time;salary_unit_unverified;not_real_available_workforce
568,No,3,Graduate,No,3400,123,0,Rural,N,https://www.kaggle.com/datasets/rafunlearnhub/recruitment-data,prototype_recruitment_classification_unverified_provenance,no_city_or_time;salary_unit_unverified;not_real_available_workforce
569,Yes,0,Graduate,No,2378,9,1,Urban,N,https://www.kaggle.com/datasets/rafunlearnhub/recruitment-data,prototype_recruitment_classification_unverified_provenance,no_city_or_time;salary_unit_unverified;not_real_available_workforce
570,No,0,Graduate,No,3166,104,0,Urban,N,https://www.kaggle.com/datasets/rafunlearnhub/recruitment-data,prototype_recruitment_classification_unverified_provenance,no_city_or_time;salary_unit_unverified;not_real_available_workforce
571,No,1,Graduate,No,3417,186,1,Urban,Y,https://www.kaggle.com/datasets/rafunlearnhub/recruitment-data,prototype_recruitment_classification_unverified_provenance,no_city_or_time;salary_unit_unverified;not_real_available_workforce
572,No,,Graduate,No,5116,165,0,Urban,N,https://www.kaggle.com/datasets/rafunlearnhub/recruitment-data,prototype_recruitment_classification_unverified_provenance,no_city_or_time;salary_unit_unverified;not_real_available_workforce
573,No,2,Graduate,No,16666,275,1,Urban,Y,https://www.kaggle.com/datasets/rafunlearnhub/recruitment-data,prototype_recruitment_classification_unverified_provenance,no_city_or_time;salary_unit_unverified;not_real_available_workforce
574,No,2,Not Graduate,No,6125,187,1,Semiurban,N,https://www.kaggle.com/datasets/rafunlearnhub/recruitment-data,prototype_recruitment_classification_unverified_provenance,no_city_or_time;salary_unit_unverified;not_real_available_workforce
575,No,3,Graduate,No,6406,150,1,Semiurban,N,https://www.kaggle.com/datasets/rafunlearnhub/recruitment-data,prototype_recruitment_classification_unverified_provenance,no_city_or_time;salary_unit_unverified;not_real_available_workforce
576,No,2,Graduate,No,3159,108,1,Urban,Y,https://www.kaggle.com/datasets/rafunlearnhub/recruitment-data,prototype_recruitment_classification_unverified_provenance,no_city_or_time;salary_unit_unverified;not_real_available_workforce
577,No,0,Graduate,No,3087,136,0,Semiurban,N,https://www.kaggle.com/datasets/rafunlearnhub/recruitment-data,prototype_recruitment_classification_unverified_provenance,no_city_or_time;salary_unit_unverified;not_real_available_workforce
578,Yes,0,Graduate,No,3229,110,1,Urban,Y,https://www.kaggle.com/datasets/rafunlearnhub/recruitment-data,prototype_recruitment_classification_unverified_provenance,no_city_or_time;salary_unit_unverified;not_real_available_workforce
579,No,1,Graduate,No,1782,107,1,Rural,Y,https://www.kaggle.com/datasets/rafunlearnhub/recruitment-data,prototype_recruitment_classification_unverified_provenance,no_city_or_time;salary_unit_unverified;not_real_available_workforce
580,Yes,0,Graduate,,3182,161,1,Urban,Y,https://www.kaggle.com/datasets/rafunlearnhub/recruitment-data,prototype_recruitment_classification_unverified_provenance,no_city_or_time;salary_unit_unverified;not_real_available_workforce
581,No,2,Graduate,No,6540,205,1,Semiurban,Y,https://www.kaggle.com/datasets/rafunlearnhub/recruitment-data,prototype_recruitment_classification_unverified_provenance,no_city_or_time;salary_unit_unverified;not_real_available_workforce
582,Yes,0,Graduate,No,1836,90,1,Urban,N,https://www.kaggle.com/datasets/rafunlearnhub/recruitment-data,prototype_recruitment_classification_unverified_provenance,no_city_or_time;salary_unit_unverified;not_real_available_workforce
583,No,0,Graduate,No,3166,36,1,Semiurban,Y,https://www.kaggle.com/datasets/rafunlearnhub/recruitment-data,prototype_recruitment_classification_unverified_provenance,no_city_or_time;salary_unit_unverified;not_real_available_workforce
584,No,1,Graduate,No,1880,61,,Rural,N,https://www.kaggle.com/datasets/rafunlearnhub/recruitment-data,prototype_recruitment_classification_unverified_provenance,no_city_or_time;salary_unit_unverified;not_real_available_workforce
585,No,1,Graduate,No,2787,146,0,Rural,N,https://www.kaggle.com/datasets/rafunlearnhub/recruitment-data,prototype_recruitment_classification_unverified_provenance,no_city_or_time;salary_unit_unverified;not_real_available_workforce
586,No,1,Graduate,No,4283,172,1,Rural,N,https://www.kaggle.com/datasets/rafunlearnhub/recruitment-data,prototype_recruitment_classification_unverified_provenance,no_city_or_time;salary_unit_unverified;not_real_available_workforce
587,No,0,Graduate,No,2297,104,1,Urban,Y,https://www.kaggle.com/datasets/rafunlearnhub/recruitment-data,prototype_recruitment_classification_unverified_provenance,no_city_or_time;salary_unit_unverified;not_real_available_workforce
588,Yes,0,Not Graduate,No,2165,70,1,Semiurban,Y,https://www.kaggle.com/datasets/rafunlearnhub/recruitment-data,prototype_recruitment_classification_unverified_provenance,no_city_or_time;salary_unit_unverified;not_real_available_workforce
589,Yes,0,Graduate,No,4750,94,1,Semiurban,Y,https://www.kaggle.com/datasets/rafunlearnhub/recruitment-data,prototype_recruitment_classification_unverified_provenance,no_city_or_time;salary_unit_unverified;not_real_available_workforce
590,No,2,Graduate,Yes,2726,106,0,Semiurban,N,https://www.kaggle.com/datasets/rafunlearnhub/recruitment-data,prototype_recruitment_classification_unverified_provenance,no_city_or_time;salary_unit_unverified;not_real_available_workforce
591,No,0,Graduate,No,3000,56,1,Semiurban,Y,https://www.kaggle.com/datasets/rafunlearnhub/recruitment-data,prototype_recruitment_classification_unverified_provenance,no_city_or_time;salary_unit_unverified;not_real_available_workforce
592,No,2,Graduate,Yes,6000,205,1,Semiurban,N,https://www.kaggle.com/datasets/rafunlearnhub/recruitment-data,prototype_recruitment_classification_unverified_provenance,no_city_or_time;salary_unit_unverified;not_real_available_workforce
593,Yes,3,Graduate,Yes,9357,292,1,Semiurban,Y,https://www.kaggle.com/datasets/rafunlearnhub/recruitment-data,prototype_recruitment_classification_unverified_provenance,no_city_or_time;salary_unit_unverified;not_real_available_workforce
594,No,0,Graduate,No,3859,142,1,Rural,Y,https://www.kaggle.com/datasets/rafunlearnhub/recruitment-data,prototype_recruitment_classification_unverified_provenance,no_city_or_time;salary_unit_unverified;not_real_available_workforce
595,No,0,Graduate,Yes,16120,260,1,Urban,Y,https://www.kaggle.com/datasets/rafunlearnhub/recruitment-data,prototype_recruitment_classification_unverified_provenance,no_city_or_time;salary_unit_unverified;not_real_available_workforce
596,Yes,0,Not Graduate,No,3833,110,1,Rural,Y,https://www.kaggle.com/datasets/rafunlearnhub/recruitment-data,prototype_recruitment_classification_unverified_provenance,no_city_or_time;salary_unit_unverified;not_real_available_workforce
597,No,2,Not Graduate,Yes,6383,187,1,Rural,N,https://www.kaggle.com/datasets/rafunlearnhub/recruitment-data,prototype_recruitment_classification_unverified_provenance,no_city_or_time;salary_unit_unverified;not_real_available_workforce
598,Yes,,Graduate,No,2987,88,0,Semiurban,N,https://www.kaggle.com/datasets/rafunlearnhub/recruitment-data,prototype_recruitment_classification_unverified_provenance,no_city_or_time;salary_unit_unverified;not_real_available_workforce
599,No,0,Graduate,Yes,9963,180,1,Rural,Y,https://www.kaggle.com/datasets/rafunlearnhub/recruitment-data,prototype_recruitment_classification_unverified_provenance,no_city_or_time;salary_unit_unverified;not_real_available_workforce
600,No,2,Graduate,No,5780,192,1,Urban,Y,https://www.kaggle.com/datasets/rafunlearnhub/recruitment-data,prototype_recruitment_classification_unverified_provenance,no_city_or_time;salary_unit_unverified;not_real_available_workforce
601,Yes,3,Graduate,,416,350,,Urban,N,https://www.kaggle.com/datasets/rafunlearnhub/recruitment-data,prototype_recruitment_classification_unverified_provenance,no_city_or_time;salary_unit_unverified;not_real_available_workforce
602,No,0,Not Graduate,,2894,155,1,Rural,Y,https://www.kaggle.com/datasets/rafunlearnhub/recruitment-data,prototype_recruitment_classification_unverified_provenance,no_city_or_time;salary_unit_unverified;not_real_available_workforce
603,No,3,Graduate,No,5703,128,1,Urban,Y,https://www.kaggle.com/datasets/rafunlearnhub/recruitment-data,prototype_recruitment_classification_unverified_provenance,no_city_or_time;salary_unit_unverified;not_real_available_workforce
604,Yes,0,Graduate,No,3676,172,1,Rural,Y,https://www.kaggle.com/datasets/rafunlearnhub/recruitment-data,prototype_recruitment_classification_unverified_provenance,no_city_or_time;salary_unit_unverified;not_real_available_workforce
605,No,1,Graduate,No,12000,496,1,Semiurban,Y,https://www.kaggle.com/datasets/rafunlearnhub/recruitment-data,prototype_recruitment_classification_unverified_provenance,no_city_or_time;salary_unit_unverified;not_real_available_workforce
606,No,0,Not Graduate,No,2400,,1,Urban,N,https://www.kaggle.com/datasets/rafunlearnhub/recruitment-data,prototype_recruitment_classification_unverified_provenance,no_city_or_time;salary_unit_unverified;not_real_available_workforce
607,No,1,Graduate,No,3400,173,1,Semiurban,Y,https://www.kaggle.com/datasets/rafunlearnhub/recruitment-data,prototype_recruitment_classification_unverified_provenance,no_city_or_time;salary_unit_unverified;not_real_available_workforce
608,No,2,Not Graduate,No,3987,157,1,Rural,Y,https://www.kaggle.com/datasets/rafunlearnhub/recruitment-data,prototype_recruitment_classification_unverified_provenance,no_city_or_time;salary_unit_unverified;not_real_available_workforce
609,No,0,Graduate,No,3232,108,1,Rural,Y,https://www.kaggle.com/datasets/rafunlearnhub/recruitment-data,prototype_recruitment_classification_unverified_provenance,no_city_or_time;salary_unit_unverified;not_real_available_workforce
610,Yes,0,Graduate,No,2900,71,1,Rural,Y,https://www.kaggle.com/datasets/rafunlearnhub/recruitment-data,prototype_recruitment_classification_unverified_provenance,no_city_or_time;salary_unit_unverified;not_real_available_workforce
611,No,3,Graduate,No,4106,40,1,Rural,Y,https://www.kaggle.com/datasets/rafunlearnhub/recruitment-data,prototype_recruitment_classification_unverified_provenance,no_city_or_time;salary_unit_unverified;not_real_available_workforce
612,No,1,Graduate,No,8072,253,1,Urban,Y,https://www.kaggle.com/datasets/rafunlearnhub/recruitment-data,prototype_recruitment_classification_unverified_provenance,no_city_or_time;salary_unit_unverified;not_real_available_workforce
613,No,2,Graduate,No,7583,187,1,Urban,Y,https://www.kaggle.com/datasets/rafunlearnhub/recruitment-data,prototype_recruitment_classification_unverified_provenance,no_city_or_time;salary_unit_unverified;not_real_available_workforce
614,Yes,0,Graduate,Yes,4583,133,0,Semiurban,N,https://www.kaggle.com/datasets/rafunlearnhub/recruitment-data,prototype_recruitment_classification_unverified_provenance,no_city_or_time;salary_unit_unverified;not_real_available_workforce
