metric,state,financial_year,value,publisher_updated_at,source_url,access_method,quality_flag
Jobseeker Registered,Andaman and Nicobar Islands,2015-16,2159,"15th July, 2026",https://ncs.gov.in/NCSReportDashboard,offline extraction of previously downloaded public dashboard bundle,publisher_snapshot;2026_2027_partial;metric_definitions_require_confirmation
Jobseeker Registered,Andaman and Nicobar Islands,2016-17,39,"15th July, 2026",https://ncs.gov.in/NCSReportDashboard,offline extraction of previously downloaded public dashboard bundle,publisher_snapshot;2026_2027_partial;metric_definitions_require_confirmation
Jobseeker Registered,Andaman and Nicobar Islands,2017-18,1117,"15th July, 2026",https://ncs.gov.in/NCSReportDashboard,offline extraction of previously downloaded public dashboard bundle,publisher_snapshot;2026_2027_partial;metric_definitions_require_confirmation
Jobseeker Registered,Andaman and Nicobar Islands,2018-19,687,"15th July, 2026",https://ncs.gov.in/NCSReportDashboard,offline extraction of previously downloaded public dashboard bundle,publisher_snapshot;2026_2027_partial;metric_definitions_require_confirmation
Jobseeker Registered,Andaman and Nicobar Islands,2019-20,25502,"15th July, 2026",https://ncs.gov.in/NCSReportDashboard,offline extraction of previously downloaded public dashboard bundle,publisher_snapshot;2026_2027_partial;metric_definitions_require_confirmation
Jobseeker Registered,Andaman and Nicobar Islands,2020-21,13251,"15th July, 2026",https://ncs.gov.in/NCSReportDashboard,offline extraction of previously downloaded public dashboard bundle,publisher_snapshot;2026_2027_partial;metric_definitions_require_confirmation
Jobseeker Registered,Andaman and Nicobar Islands,2021-22,3743,"15th July, 2026",https://ncs.gov.in/NCSReportDashboard,offline extraction of previously downloaded public dashboard bundle,publisher_snapshot;2026_2027_partial;metric_definitions_require_confirmation
Jobseeker Registered,Andaman and Nicobar Islands,2022-23,5518,"15th July, 2026",https://ncs.gov.in/NCSReportDashboard,offline extraction of previously downloaded public dashboard bundle,publisher_snapshot;2026_2027_partial;metric_definitions_require_confirmation
Jobseeker Registered,Andaman and Nicobar Islands,2023-24,3282,"15th July, 2026",https://ncs.gov.in/NCSReportDashboard,offline extraction of previously downloaded public dashboard bundle,publisher_snapshot;2026_2027_partial;metric_definitions_require_confirmation
Jobseeker Registered,Andaman and Nicobar Islands,2024-25,2191,"15th July, 2026",https://ncs.gov.in/NCSReportDashboard,offline extraction of previously downloaded public dashboard bundle,publisher_snapshot;2026_2027_partial;metric_definitions_require_confirmation
Jobseeker Registered,Andaman and Nicobar Islands,2025-26,2405,"15th July, 2026",https://ncs.gov.in/NCSReportDashboard,offline extraction of previously downloaded public dashboard bundle,publisher_snapshot;2026_2027_partial;metric_definitions_require_confirmation
Jobseeker Registered,Andaman and Nicobar Islands,2026-2027,751,"15th July, 2026",https://ncs.gov.in/NCSReportDashboard,offline extraction of previously downloaded public dashboard bundle,publisher_snapshot;2026_2027_partial;metric_definitions_require_confirmation
Jobseeker Registered,Andhra Pradesh,2015-16,15090,"15th July, 2026",https://ncs.gov.in/NCSReportDashboard,offline extraction of previously downloaded public dashboard bundle,publisher_snapshot;2026_2027_partial;metric_definitions_require_confirmation
Jobseeker Registered,Andhra Pradesh,2016-17,18328,"15th July, 2026",https://ncs.gov.in/NCSReportDashboard,offline extraction of previously downloaded public dashboard bundle,publisher_snapshot;2026_2027_partial;metric_definitions_require_confirmation
Jobseeker Registered,Andhra Pradesh,2017-18,79008,"15th July, 2026",https://ncs.gov.in/NCSReportDashboard,offline extraction of previously downloaded public dashboard bundle,publisher_snapshot;2026_2027_partial;metric_definitions_require_confirmation
Jobseeker Registered,Andhra Pradesh,2018-19,32598,"15th July, 2026",https://ncs.gov.in/NCSReportDashboard,offline extraction of previously downloaded public dashboard bundle,publisher_snapshot;2026_2027_partial;metric_definitions_require_confirmation
Jobseeker Registered,Andhra Pradesh,2019-20,86360,"15th July, 2026",https://ncs.gov.in/NCSReportDashboard,offline extraction of previously downloaded public dashboard bundle,publisher_snapshot;2026_2027_partial;metric_definitions_require_confirmation
Jobseeker Registered,Andhra Pradesh,2020-21,74487,"15th July, 2026",https://ncs.gov.in/NCSReportDashboard,offline extraction of previously downloaded public dashboard bundle,publisher_snapshot;2026_2027_partial;metric_definitions_require_confirmation
Jobseeker Registered,Andhra Pradesh,2021-22,229848,"15th July, 2026",https://ncs.gov.in/NCSReportDashboard,offline extraction of previously downloaded public dashboard bundle,publisher_snapshot;2026_2027_partial;metric_definitions_require_confirmation
Jobseeker Registered,Andhra Pradesh,2022-23,173863,"15th July, 2026",https://ncs.gov.in/NCSReportDashboard,offline extraction of previously downloaded public dashboard bundle,publisher_snapshot;2026_2027_partial;metric_definitions_require_confirmation
Jobseeker Registered,Andhra Pradesh,2023-24,326578,"15th July, 2026",https://ncs.gov.in/NCSReportDashboard,offline extraction of previously downloaded public dashboard bundle,publisher_snapshot;2026_2027_partial;metric_definitions_require_confirmation
Jobseeker Registered,Andhra Pradesh,2024-25,562860,"15th July, 2026",https://ncs.gov.in/NCSReportDashboard,offline extraction of previously downloaded public dashboard bundle,publisher_snapshot;2026_2027_partial;metric_definitions_require_confirmation
Jobseeker Registered,Andhra Pradesh,2025-26,610783,"15th July, 2026",https://ncs.gov.in/NCSReportDashboard,offline extraction of previously downloaded public dashboard bundle,publisher_snapshot;2026_2027_partial;metric_definitions_require_confirmation
Jobseeker Registered,Andhra Pradesh,2026-2027,110109,"15th July, 2026",https://ncs.gov.in/NCSReportDashboard,offline extraction of previously downloaded public dashboard bundle,publisher_snapshot;2026_2027_partial;metric_definitions_require_confirmation
Jobseeker Registered,Arunachal Pradesh,2015-16,66,"15th July, 2026",https://ncs.gov.in/NCSReportDashboard,offline extraction of previously downloaded public dashboard bundle,publisher_snapshot;2026_2027_partial;metric_definitions_require_confirmation
Jobseeker Registered,Arunachal Pradesh,2016-17,60,"15th July, 2026",https://ncs.gov.in/NCSReportDashboard,offline extraction of previously downloaded public dashboard bundle,publisher_snapshot;2026_2027_partial;metric_definitions_require_confirmation
Jobseeker Registered,Arunachal Pradesh,2017-18,61,"15th July, 2026",https://ncs.gov.in/NCSReportDashboard,offline extraction of previously downloaded public dashboard bundle,publisher_snapshot;2026_2027_partial;metric_definitions_require_confirmation
Jobseeker Registered,Arunachal Pradesh,2018-19,325,"15th July, 2026",https://ncs.gov.in/NCSReportDashboard,offline extraction of previously downloaded public dashboard bundle,publisher_snapshot;2026_2027_partial;metric_definitions_require_confirmation
Jobseeker Registered,Arunachal Pradesh,2019-20,1236,"15th July, 2026",https://ncs.gov.in/NCSReportDashboard,offline extraction of previously downloaded public dashboard bundle,publisher_snapshot;2026_2027_partial;metric_definitions_require_confirmation
Jobseeker Registered,Arunachal Pradesh,2020-21,1122,"15th July, 2026",https://ncs.gov.in/NCSReportDashboard,offline extraction of previously downloaded public dashboard bundle,publisher_snapshot;2026_2027_partial;metric_definitions_require_confirmation
Jobseeker Registered,Arunachal Pradesh,2021-22,48591,"15th July, 2026",https://ncs.gov.in/NCSReportDashboard,offline extraction of previously downloaded public dashboard bundle,publisher_snapshot;2026_2027_partial;metric_definitions_require_confirmation
Jobseeker Registered,Arunachal Pradesh,2022-23,6536,"15th July, 2026",https://ncs.gov.in/NCSReportDashboard,offline extraction of previously downloaded public dashboard bundle,publisher_snapshot;2026_2027_partial;metric_definitions_require_confirmation
Jobseeker Registered,Arunachal Pradesh,2023-24,10251,"15th July, 2026",https://ncs.gov.in/NCSReportDashboard,offline extraction of previously downloaded public dashboard bundle,publisher_snapshot;2026_2027_partial;metric_definitions_require_confirmation
Jobseeker Registered,Arunachal Pradesh,2024-25,48222,"15th July, 2026",https://ncs.gov.in/NCSReportDashboard,offline extraction of previously downloaded public dashboard bundle,publisher_snapshot;2026_2027_partial;metric_definitions_require_confirmation
Jobseeker Registered,Arunachal Pradesh,2025-26,10657,"15th July, 2026",https://ncs.gov.in/NCSReportDashboard,offline extraction of previously downloaded public dashboard bundle,publisher_snapshot;2026_2027_partial;metric_definitions_require_confirmation
Jobseeker Registered,Arunachal Pradesh,2026-2027,3301,"15th July, 2026",https://ncs.gov.in/NCSReportDashboard,offline extraction of previously downloaded public dashboard bundle,publisher_snapshot;2026_2027_partial;metric_definitions_require_confirmation
Jobseeker Registered,Assam,2015-16,5707,"15th July, 2026",https://ncs.gov.in/NCSReportDashboard,offline extraction of previously downloaded public dashboard bundle,publisher_snapshot;2026_2027_partial;metric_definitions_require_confirmation
Jobseeker Registered,Assam,2016-17,2936,"15th July, 2026",https://ncs.gov.in/NCSReportDashboard,offline extraction of previously downloaded public dashboard bundle,publisher_snapshot;2026_2027_partial;metric_definitions_require_confirmation
Jobseeker Registered,Assam,2017-18,20436,"15th July, 2026",https://ncs.gov.in/NCSReportDashboard,offline extraction of previously downloaded public dashboard bundle,publisher_snapshot;2026_2027_partial;metric_definitions_require_confirmation
Jobseeker Registered,Assam,2018-19,6632,"15th July, 2026",https://ncs.gov.in/NCSReportDashboard,offline extraction of previously downloaded public dashboard bundle,publisher_snapshot;2026_2027_partial;metric_definitions_require_confirmation
Jobseeker Registered,Assam,2019-20,24518,"15th July, 2026",https://ncs.gov.in/NCSReportDashboard,offline extraction of previously downloaded public dashboard bundle,publisher_snapshot;2026_2027_partial;metric_definitions_require_confirmation
Jobseeker Registered,Assam,2020-21,71513,"15th July, 2026",https://ncs.gov.in/NCSReportDashboard,offline extraction of previously downloaded public dashboard bundle,publisher_snapshot;2026_2027_partial;metric_definitions_require_confirmation
Jobseeker Registered,Assam,2021-22,339880,"15th July, 2026",https://ncs.gov.in/NCSReportDashboard,offline extraction of previously downloaded public dashboard bundle,publisher_snapshot;2026_2027_partial;metric_definitions_require_confirmation
Jobseeker Registered,Assam,2022-23,1526018,"15th July, 2026",https://ncs.gov.in/NCSReportDashboard,offline extraction of previously downloaded public dashboard bundle,publisher_snapshot;2026_2027_partial;metric_definitions_require_confirmation
Jobseeker Registered,Assam,2023-24,978414,"15th July, 2026",https://ncs.gov.in/NCSReportDashboard,offline extraction of previously downloaded public dashboard bundle,publisher_snapshot;2026_2027_partial;metric_definitions_require_confirmation
Jobseeker Registered,Assam,2024-25,862637,"15th July, 2026",https://ncs.gov.in/NCSReportDashboard,offline extraction of previously downloaded public dashboard bundle,publisher_snapshot;2026_2027_partial;metric_definitions_require_confirmation
Jobseeker Registered,Assam,2025-26,344747,"15th July, 2026",https://ncs.gov.in/NCSReportDashboard,offline extraction of previously downloaded public dashboard bundle,publisher_snapshot;2026_2027_partial;metric_definitions_require_confirmation
Jobseeker Registered,Assam,2026-2027,49954,"15th July, 2026",https://ncs.gov.in/NCSReportDashboard,offline extraction of previously downloaded public dashboard bundle,publisher_snapshot;2026_2027_partial;metric_definitions_require_confirmation
Jobseeker Registered,Bihar,2015-16,12491,"15th July, 2026",https://ncs.gov.in/NCSReportDashboard,offline extraction of previously downloaded public dashboard bundle,publisher_snapshot;2026_2027_partial;metric_definitions_require_confirmation
Jobseeker Registered,Bihar,2016-17,657299,"15th July, 2026",https://ncs.gov.in/NCSReportDashboard,offline extraction of previously downloaded public dashboard bundle,publisher_snapshot;2026_2027_partial;metric_definitions_require_confirmation
Jobseeker Registered,Bihar,2017-18,217072,"15th July, 2026",https://ncs.gov.in/NCSReportDashboard,offline extraction of previously downloaded public dashboard bundle,publisher_snapshot;2026_2027_partial;metric_definitions_require_confirmation
Jobseeker Registered,Bihar,2018-19,187557,"15th July, 2026",https://ncs.gov.in/NCSReportDashboard,offline extraction of previously downloaded public dashboard bundle,publisher_snapshot;2026_2027_partial;metric_definitions_require_confirmation
Jobseeker Registered,Bihar,2019-20,207778,"15th July, 2026",https://ncs.gov.in/NCSReportDashboard,offline extraction of previously downloaded public dashboard bundle,publisher_snapshot;2026_2027_partial;metric_definitions_require_confirmation
Jobseeker Registered,Bihar,2020-21,184756,"15th July, 2026",https://ncs.gov.in/NCSReportDashboard,offline extraction of previously downloaded public dashboard bundle,publisher_snapshot;2026_2027_partial;metric_definitions_require_confirmation
Jobseeker Registered,Bihar,2021-22,324240,"15th July, 2026",https://ncs.gov.in/NCSReportDashboard,offline extraction of previously downloaded public dashboard bundle,publisher_snapshot;2026_2027_partial;metric_definitions_require_confirmation
Jobseeker Registered,Bihar,2022-23,306790,"15th July, 2026",https://ncs.gov.in/NCSReportDashboard,offline extraction of previously downloaded public dashboard bundle,publisher_snapshot;2026_2027_partial;metric_definitions_require_confirmation
Jobseeker Registered,Bihar,2023-24,781368,"15th July, 2026",https://ncs.gov.in/NCSReportDashboard,offline extraction of previously downloaded public dashboard bundle,publisher_snapshot;2026_2027_partial;metric_definitions_require_confirmation
Jobseeker Registered,Bihar,2024-25,922364,"15th July, 2026",https://ncs.gov.in/NCSReportDashboard,offline extraction of previously downloaded public dashboard bundle,publisher_snapshot;2026_2027_partial;metric_definitions_require_confirmation
Jobseeker Registered,Bihar,2025-26,1684455,"15th July, 2026",https://ncs.gov.in/NCSReportDashboard,offline extraction of previously downloaded public dashboard bundle,publisher_snapshot;2026_2027_partial;metric_definitions_require_confirmation
Jobseeker Registered,Bihar,2026-2027,243672,"15th July, 2026",https://ncs.gov.in/NCSReportDashboard,offline extraction of previously downloaded public dashboard bundle,publisher_snapshot;2026_2027_partial;metric_definitions_require_confirmation
Jobseeker Registered,Chandigarh,2015-16,2337,"15th July, 2026",https://ncs.gov.in/NCSReportDashboard,offline extraction of previously downloaded public dashboard bundle,publisher_snapshot;2026_2027_partial;metric_definitions_require_confirmation
Jobseeker Registered,Chandigarh,2016-17,4919,"15th July, 2026",https://ncs.gov.in/NCSReportDashboard,offline extraction of previously downloaded public dashboard bundle,publisher_snapshot;2026_2027_partial;metric_definitions_require_confirmation
Jobseeker Registered,Chandigarh,2017-18,4817,"15th July, 2026",https://ncs.gov.in/NCSReportDashboard,offline extraction of previously downloaded public dashboard bundle,publisher_snapshot;2026_2027_partial;metric_definitions_require_confirmation
Jobseeker Registered,Chandigarh,2018-19,4735,"15th July, 2026",https://ncs.gov.in/NCSReportDashboard,offline extraction of previously downloaded public dashboard bundle,publisher_snapshot;2026_2027_partial;metric_definitions_require_confirmation
Jobseeker Registered,Chandigarh,2019-20,3965,"15th July, 2026",https://ncs.gov.in/NCSReportDashboard,offline extraction of previously downloaded public dashboard bundle,publisher_snapshot;2026_2027_partial;metric_definitions_require_confirmation
Jobseeker Registered,Chandigarh,2020-21,3484,"15th July, 2026",https://ncs.gov.in/NCSReportDashboard,offline extraction of previously downloaded public dashboard bundle,publisher_snapshot;2026_2027_partial;metric_definitions_require_confirmation
Jobseeker Registered,Chandigarh,2021-22,14803,"15th July, 2026",https://ncs.gov.in/NCSReportDashboard,offline extraction of previously downloaded public dashboard bundle,publisher_snapshot;2026_2027_partial;metric_definitions_require_confirmation
Jobseeker Registered,Chandigarh,2022-23,5209,"15th July, 2026",https://ncs.gov.in/NCSReportDashboard,offline extraction of previously downloaded public dashboard bundle,publisher_snapshot;2026_2027_partial;metric_definitions_require_confirmation
Jobseeker Registered,Chandigarh,2023-24,8472,"15th July, 2026",https://ncs.gov.in/NCSReportDashboard,offline extraction of previously downloaded public dashboard bundle,publisher_snapshot;2026_2027_partial;metric_definitions_require_confirmation
Jobseeker Registered,Chandigarh,2024-25,11351,"15th July, 2026",https://ncs.gov.in/NCSReportDashboard,offline extraction of previously downloaded public dashboard bundle,publisher_snapshot;2026_2027_partial;metric_definitions_require_confirmation
Jobseeker Registered,Chandigarh,2025-26,6371,"15th July, 2026",https://ncs.gov.in/NCSReportDashboard,offline extraction of previously downloaded public dashboard bundle,publisher_snapshot;2026_2027_partial;metric_definitions_require_confirmation
Jobseeker Registered,Chandigarh,2026-2027,3612,"15th July, 2026",https://ncs.gov.in/NCSReportDashboard,offline extraction of previously downloaded public dashboard bundle,publisher_snapshot;2026_2027_partial;metric_definitions_require_confirmation
Jobseeker Registered,Chhattisgarh,2015-16,65095,"15th July, 2026",https://ncs.gov.in/NCSReportDashboard,offline extraction of previously downloaded public dashboard bundle,publisher_snapshot;2026_2027_partial;metric_definitions_require_confirmation
Jobseeker Registered,Chhattisgarh,2016-17,7117,"15th July, 2026",https://ncs.gov.in/NCSReportDashboard,offline extraction of previously downloaded public dashboard bundle,publisher_snapshot;2026_2027_partial;metric_definitions_require_confirmation
Jobseeker Registered,Chhattisgarh,2017-18,24636,"15th July, 2026",https://ncs.gov.in/NCSReportDashboard,offline extraction of previously downloaded public dashboard bundle,publisher_snapshot;2026_2027_partial;metric_definitions_require_confirmation
Jobseeker Registered,Chhattisgarh,2018-19,35177,"15th July, 2026",https://ncs.gov.in/NCSReportDashboard,offline extraction of previously downloaded public dashboard bundle,publisher_snapshot;2026_2027_partial;metric_definitions_require_confirmation
Jobseeker Registered,Chhattisgarh,2019-20,30760,"15th July, 2026",https://ncs.gov.in/NCSReportDashboard,offline extraction of previously downloaded public dashboard bundle,publisher_snapshot;2026_2027_partial;metric_definitions_require_confirmation
Jobseeker Registered,Chhattisgarh,2020-21,31217,"15th July, 2026",https://ncs.gov.in/NCSReportDashboard,offline extraction of previously downloaded public dashboard bundle,publisher_snapshot;2026_2027_partial;metric_definitions_require_confirmation
Jobseeker Registered,Chhattisgarh,2021-22,68806,"15th July, 2026",https://ncs.gov.in/NCSReportDashboard,offline extraction of previously downloaded public dashboard bundle,publisher_snapshot;2026_2027_partial;metric_definitions_require_confirmation
Jobseeker Registered,Chhattisgarh,2022-23,46725,"15th July, 2026",https://ncs.gov.in/NCSReportDashboard,offline extraction of previously downloaded public dashboard bundle,publisher_snapshot;2026_2027_partial;metric_definitions_require_confirmation
Jobseeker Registered,Chhattisgarh,2023-24,196849,"15th July, 2026",https://ncs.gov.in/NCSReportDashboard,offline extraction of previously downloaded public dashboard bundle,publisher_snapshot;2026_2027_partial;metric_definitions_require_confirmation
Jobseeker Registered,Chhattisgarh,2024-25,273235,"15th July, 2026",https://ncs.gov.in/NCSReportDashboard,offline extraction of previously downloaded public dashboard bundle,publisher_snapshot;2026_2027_partial;metric_definitions_require_confirmation
Jobseeker Registered,Chhattisgarh,2025-26,500349,"15th July, 2026",https://ncs.gov.in/NCSReportDashboard,offline extraction of previously downloaded public dashboard bundle,publisher_snapshot;2026_2027_partial;metric_definitions_require_confirmation
Jobseeker Registered,Chhattisgarh,2026-2027,110264,"15th July, 2026",https://ncs.gov.in/NCSReportDashboard,offline extraction of previously downloaded public dashboard bundle,publisher_snapshot;2026_2027_partial;metric_definitions_require_confirmation
Jobseeker Registered,Delhi,2015-16,49029,"15th July, 2026",https://ncs.gov.in/NCSReportDashboard,offline extraction of previously downloaded public dashboard bundle,publisher_snapshot;2026_2027_partial;metric_definitions_require_confirmation
Jobseeker Registered,Delhi,2016-17,15614,"15th July, 2026",https://ncs.gov.in/NCSReportDashboard,offline extraction of previously downloaded public dashboard bundle,publisher_snapshot;2026_2027_partial;metric_definitions_require_confirmation
Jobseeker Registered,Delhi,2017-18,69950,"15th July, 2026",https://ncs.gov.in/NCSReportDashboard,offline extraction of previously downloaded public dashboard bundle,publisher_snapshot;2026_2027_partial;metric_definitions_require_confirmation
Jobseeker Registered,Delhi,2018-19,15765,"15th July, 2026",https://ncs.gov.in/NCSReportDashboard,offline extraction of previously downloaded public dashboard bundle,publisher_snapshot;2026_2027_partial;metric_definitions_require_confirmation
Jobseeker Registered,Delhi,2019-20,25916,"15th July, 2026",https://ncs.gov.in/NCSReportDashboard,offline extraction of previously downloaded public dashboard bundle,publisher_snapshot;2026_2027_partial;metric_definitions_require_confirmation
Jobseeker Registered,Delhi,2020-21,43167,"15th July, 2026",https://ncs.gov.in/NCSReportDashboard,offline extraction of previously downloaded public dashboard bundle,publisher_snapshot;2026_2027_partial;metric_definitions_require_confirmation
Jobseeker Registered,Delhi,2021-22,110080,"15th July, 2026",https://ncs.gov.in/NCSReportDashboard,offline extraction of previously downloaded public dashboard bundle,publisher_snapshot;2026_2027_partial;metric_definitions_require_confirmation
Jobseeker Registered,Delhi,2022-23,88419,"15th July, 2026",https://ncs.gov.in/NCSReportDashboard,offline extraction of previously downloaded public dashboard bundle,publisher_snapshot;2026_2027_partial;metric_definitions_require_confirmation
Jobseeker Registered,Delhi,2023-24,150758,"15th July, 2026",https://ncs.gov.in/NCSReportDashboard,offline extraction of previously downloaded public dashboard bundle,publisher_snapshot;2026_2027_partial;metric_definitions_require_confirmation
Jobseeker Registered,Delhi,2024-25,157091,"15th July, 2026",https://ncs.gov.in/NCSReportDashboard,offline extraction of previously downloaded public dashboard bundle,publisher_snapshot;2026_2027_partial;metric_definitions_require_confirmation
Jobseeker Registered,Delhi,2025-26,106216,"15th July, 2026",https://ncs.gov.in/NCSReportDashboard,offline extraction of previously downloaded public dashboard bundle,publisher_snapshot;2026_2027_partial;metric_definitions_require_confirmation
Jobseeker Registered,Delhi,2026-2027,61454,"15th July, 2026",https://ncs.gov.in/NCSReportDashboard,offline extraction of previously downloaded public dashboard bundle,publisher_snapshot;2026_2027_partial;metric_definitions_require_confirmation
Jobseeker Registered,Goa,2015-16,3377,"15th July, 2026",https://ncs.gov.in/NCSReportDashboard,offline extraction of previously downloaded public dashboard bundle,publisher_snapshot;2026_2027_partial;metric_definitions_require_confirmation
Jobseeker Registered,Goa,2016-17,959,"15th July, 2026",https://ncs.gov.in/NCSReportDashboard,offline extraction of previously downloaded public dashboard bundle,publisher_snapshot;2026_2027_partial;metric_definitions_require_confirmation
Jobseeker Registered,Goa,2017-18,1550,"15th July, 2026",https://ncs.gov.in/NCSReportDashboard,offline extraction of previously downloaded public dashboard bundle,publisher_snapshot;2026_2027_partial;metric_definitions_require_confirmation
Jobseeker Registered,Goa,2018-19,45038,"15th July, 2026",https://ncs.gov.in/NCSReportDashboard,offline extraction of previously downloaded public dashboard bundle,publisher_snapshot;2026_2027_partial;metric_definitions_require_confirmation
Jobseeker Registered,Goa,2019-20,1864,"15th July, 2026",https://ncs.gov.in/NCSReportDashboard,offline extraction of previously downloaded public dashboard bundle,publisher_snapshot;2026_2027_partial;metric_definitions_require_confirmation
Jobseeker Registered,Goa,2020-21,32764,"15th July, 2026",https://ncs.gov.in/NCSReportDashboard,offline extraction of previously downloaded public dashboard bundle,publisher_snapshot;2026_2027_partial;metric_definitions_require_confirmation
Jobseeker Registered,Goa,2021-22,8308,"15th July, 2026",https://ncs.gov.in/NCSReportDashboard,offline extraction of previously downloaded public dashboard bundle,publisher_snapshot;2026_2027_partial;metric_definitions_require_confirmation
Jobseeker Registered,Goa,2022-23,15704,"15th July, 2026",https://ncs.gov.in/NCSReportDashboard,offline extraction of previously downloaded public dashboard bundle,publisher_snapshot;2026_2027_partial;metric_definitions_require_confirmation
Jobseeker Registered,Goa,2023-24,36371,"15th July, 2026",https://ncs.gov.in/NCSReportDashboard,offline extraction of previously downloaded public dashboard bundle,publisher_snapshot;2026_2027_partial;metric_definitions_require_confirmation
Jobseeker Registered,Goa,2024-25,17477,"15th July, 2026",https://ncs.gov.in/NCSReportDashboard,offline extraction of previously downloaded public dashboard bundle,publisher_snapshot;2026_2027_partial;metric_definitions_require_confirmation
Jobseeker Registered,Goa,2025-26,16587,"15th July, 2026",https://ncs.gov.in/NCSReportDashboard,offline extraction of previously downloaded public dashboard bundle,publisher_snapshot;2026_2027_partial;metric_definitions_require_confirmation
Jobseeker Registered,Goa,2026-2027,1931,"15th July, 2026",https://ncs.gov.in/NCSReportDashboard,offline extraction of previously downloaded public dashboard bundle,publisher_snapshot;2026_2027_partial;metric_definitions_require_confirmation
Jobseeker Registered,Gujarat,2015-16,10587,"15th July, 2026",https://ncs.gov.in/NCSReportDashboard,offline extraction of previously downloaded public dashboard bundle,publisher_snapshot;2026_2027_partial;metric_definitions_require_confirmation
Jobseeker Registered,Gujarat,2016-17,22579,"15th July, 2026",https://ncs.gov.in/NCSReportDashboard,offline extraction of previously downloaded public dashboard bundle,publisher_snapshot;2026_2027_partial;metric_definitions_require_confirmation
Jobseeker Registered,Gujarat,2017-18,60692,"15th July, 2026",https://ncs.gov.in/NCSReportDashboard,offline extraction of previously downloaded public dashboard bundle,publisher_snapshot;2026_2027_partial;metric_definitions_require_confirmation
Jobseeker Registered,Gujarat,2018-19,49476,"15th July, 2026",https://ncs.gov.in/NCSReportDashboard,offline extraction of previously downloaded public dashboard bundle,publisher_snapshot;2026_2027_partial;metric_definitions_require_confirmation
Jobseeker Registered,Gujarat,2019-20,79285,"15th July, 2026",https://ncs.gov.in/NCSReportDashboard,offline extraction of previously downloaded public dashboard bundle,publisher_snapshot;2026_2027_partial;metric_definitions_require_confirmation
Jobseeker Registered,Gujarat,2020-21,77304,"15th July, 2026",https://ncs.gov.in/NCSReportDashboard,offline extraction of previously downloaded public dashboard bundle,publisher_snapshot;2026_2027_partial;metric_definitions_require_confirmation
Jobseeker Registered,Gujarat,2021-22,214471,"15th July, 2026",https://ncs.gov.in/NCSReportDashboard,offline extraction of previously downloaded public dashboard bundle,publisher_snapshot;2026_2027_partial;metric_definitions_require_confirmation
Jobseeker Registered,Gujarat,2022-23,580478,"15th July, 2026",https://ncs.gov.in/NCSReportDashboard,offline extraction of previously downloaded public dashboard bundle,publisher_snapshot;2026_2027_partial;metric_definitions_require_confirmation
Jobseeker Registered,Gujarat,2023-24,382437,"15th July, 2026",https://ncs.gov.in/NCSReportDashboard,offline extraction of previously downloaded public dashboard bundle,publisher_snapshot;2026_2027_partial;metric_definitions_require_confirmation
Jobseeker Registered,Gujarat,2024-25,382341,"15th July, 2026",https://ncs.gov.in/NCSReportDashboard,offline extraction of previously downloaded public dashboard bundle,publisher_snapshot;2026_2027_partial;metric_definitions_require_confirmation
Jobseeker Registered,Gujarat,2025-26,313743,"15th July, 2026",https://ncs.gov.in/NCSReportDashboard,offline extraction of previously downloaded public dashboard bundle,publisher_snapshot;2026_2027_partial;metric_definitions_require_confirmation
Jobseeker Registered,Gujarat,2026-2027,200899,"15th July, 2026",https://ncs.gov.in/NCSReportDashboard,offline extraction of previously downloaded public dashboard bundle,publisher_snapshot;2026_2027_partial;metric_definitions_require_confirmation
Jobseeker Registered,Haryana,2015-16,11013,"15th July, 2026",https://ncs.gov.in/NCSReportDashboard,offline extraction of previously downloaded public dashboard bundle,publisher_snapshot;2026_2027_partial;metric_definitions_require_confirmation
Jobseeker Registered,Haryana,2016-17,5388,"15th July, 2026",https://ncs.gov.in/NCSReportDashboard,offline extraction of previously downloaded public dashboard bundle,publisher_snapshot;2026_2027_partial;metric_definitions_require_confirmation
Jobseeker Registered,Haryana,2017-18,104063,"15th July, 2026",https://ncs.gov.in/NCSReportDashboard,offline extraction of previously downloaded public dashboard bundle,publisher_snapshot;2026_2027_partial;metric_definitions_require_confirmation
Jobseeker Registered,Haryana,2018-19,13483,"15th July, 2026",https://ncs.gov.in/NCSReportDashboard,offline extraction of previously downloaded public dashboard bundle,publisher_snapshot;2026_2027_partial;metric_definitions_require_confirmation
Jobseeker Registered,Haryana,2019-20,22087,"15th July, 2026",https://ncs.gov.in/NCSReportDashboard,offline extraction of previously downloaded public dashboard bundle,publisher_snapshot;2026_2027_partial;metric_definitions_require_confirmation
Jobseeker Registered,Haryana,2020-21,43815,"15th July, 2026",https://ncs.gov.in/NCSReportDashboard,offline extraction of previously downloaded public dashboard bundle,publisher_snapshot;2026_2027_partial;metric_definitions_require_confirmation
Jobseeker Registered,Haryana,2021-22,163967,"15th July, 2026",https://ncs.gov.in/NCSReportDashboard,offline extraction of previously downloaded public dashboard bundle,publisher_snapshot;2026_2027_partial;metric_definitions_require_confirmation
Jobseeker Registered,Haryana,2022-23,116572,"15th July, 2026",https://ncs.gov.in/NCSReportDashboard,offline extraction of previously downloaded public dashboard bundle,publisher_snapshot;2026_2027_partial;metric_definitions_require_confirmation
Jobseeker Registered,Haryana,2023-24,115870,"15th July, 2026",https://ncs.gov.in/NCSReportDashboard,offline extraction of previously downloaded public dashboard bundle,publisher_snapshot;2026_2027_partial;metric_definitions_require_confirmation
Jobseeker Registered,Haryana,2024-25,137155,"15th July, 2026",https://ncs.gov.in/NCSReportDashboard,offline extraction of previously downloaded public dashboard bundle,publisher_snapshot;2026_2027_partial;metric_definitions_require_confirmation
Jobseeker Registered,Haryana,2025-26,319510,"15th July, 2026",https://ncs.gov.in/NCSReportDashboard,offline extraction of previously downloaded public dashboard bundle,publisher_snapshot;2026_2027_partial;metric_definitions_require_confirmation
Jobseeker Registered,Haryana,2026-2027,64818,"15th July, 2026",https://ncs.gov.in/NCSReportDashboard,offline extraction of previously downloaded public dashboard bundle,publisher_snapshot;2026_2027_partial;metric_definitions_require_confirmation
Jobseeker Registered,Himachal Pradesh,2015-16,5515,"15th July, 2026",https://ncs.gov.in/NCSReportDashboard,offline extraction of previously downloaded public dashboard bundle,publisher_snapshot;2026_2027_partial;metric_definitions_require_confirmation
Jobseeker Registered,Himachal Pradesh,2016-17,3163,"15th July, 2026",https://ncs.gov.in/NCSReportDashboard,offline extraction of previously downloaded public dashboard bundle,publisher_snapshot;2026_2027_partial;metric_definitions_require_confirmation
Jobseeker Registered,Himachal Pradesh,2017-18,13162,"15th July, 2026",https://ncs.gov.in/NCSReportDashboard,offline extraction of previously downloaded public dashboard bundle,publisher_snapshot;2026_2027_partial;metric_definitions_require_confirmation
Jobseeker Registered,Himachal Pradesh,2018-19,5082,"15th July, 2026",https://ncs.gov.in/NCSReportDashboard,offline extraction of previously downloaded public dashboard bundle,publisher_snapshot;2026_2027_partial;metric_definitions_require_confirmation
Jobseeker Registered,Himachal Pradesh,2019-20,70266,"15th July, 2026",https://ncs.gov.in/NCSReportDashboard,offline extraction of previously downloaded public dashboard bundle,publisher_snapshot;2026_2027_partial;metric_definitions_require_confirmation
Jobseeker Registered,Himachal Pradesh,2020-21,187165,"15th July, 2026",https://ncs.gov.in/NCSReportDashboard,offline extraction of previously downloaded public dashboard bundle,publisher_snapshot;2026_2027_partial;metric_definitions_require_confirmation
Jobseeker Registered,Himachal Pradesh,2021-22,156826,"15th July, 2026",https://ncs.gov.in/NCSReportDashboard,offline extraction of previously downloaded public dashboard bundle,publisher_snapshot;2026_2027_partial;metric_definitions_require_confirmation
Jobseeker Registered,Himachal Pradesh,2022-23,96197,"15th July, 2026",https://ncs.gov.in/NCSReportDashboard,offline extraction of previously downloaded public dashboard bundle,publisher_snapshot;2026_2027_partial;metric_definitions_require_confirmation
Jobseeker Registered,Himachal Pradesh,2023-24,85760,"15th July, 2026",https://ncs.gov.in/NCSReportDashboard,offline extraction of previously downloaded public dashboard bundle,publisher_snapshot;2026_2027_partial;metric_definitions_require_confirmation
Jobseeker Registered,Himachal Pradesh,2024-25,106209,"15th July, 2026",https://ncs.gov.in/NCSReportDashboard,offline extraction of previously downloaded public dashboard bundle,publisher_snapshot;2026_2027_partial;metric_definitions_require_confirmation
Jobseeker Registered,Himachal Pradesh,2025-26,34222,"15th July, 2026",https://ncs.gov.in/NCSReportDashboard,offline extraction of previously downloaded public dashboard bundle,publisher_snapshot;2026_2027_partial;metric_definitions_require_confirmation
Jobseeker Registered,Himachal Pradesh,2026-2027,12740,"15th July, 2026",https://ncs.gov.in/NCSReportDashboard,offline extraction of previously downloaded public dashboard bundle,publisher_snapshot;2026_2027_partial;metric_definitions_require_confirmation
Jobseeker Registered,Jammu and Kashmir,2015-16,4743,"15th July, 2026",https://ncs.gov.in/NCSReportDashboard,offline extraction of previously downloaded public dashboard bundle,publisher_snapshot;2026_2027_partial;metric_definitions_require_confirmation
Jobseeker Registered,Jammu and Kashmir,2016-17,9664,"15th July, 2026",https://ncs.gov.in/NCSReportDashboard,offline extraction of previously downloaded public dashboard bundle,publisher_snapshot;2026_2027_partial;metric_definitions_require_confirmation
Jobseeker Registered,Jammu and Kashmir,2017-18,34853,"15th July, 2026",https://ncs.gov.in/NCSReportDashboard,offline extraction of previously downloaded public dashboard bundle,publisher_snapshot;2026_2027_partial;metric_definitions_require_confirmation
Jobseeker Registered,Jammu and Kashmir,2018-19,8450,"15th July, 2026",https://ncs.gov.in/NCSReportDashboard,offline extraction of previously downloaded public dashboard bundle,publisher_snapshot;2026_2027_partial;metric_definitions_require_confirmation
Jobseeker Registered,Jammu and Kashmir,2019-20,12132,"15th July, 2026",https://ncs.gov.in/NCSReportDashboard,offline extraction of previously downloaded public dashboard bundle,publisher_snapshot;2026_2027_partial;metric_definitions_require_confirmation
Jobseeker Registered,Jammu and Kashmir,2020-21,38656,"15th July, 2026",https://ncs.gov.in/NCSReportDashboard,offline extraction of previously downloaded public dashboard bundle,publisher_snapshot;2026_2027_partial;metric_definitions_require_confirmation
Jobseeker Registered,Jammu and Kashmir,2021-22,101918,"15th July, 2026",https://ncs.gov.in/NCSReportDashboard,offline extraction of previously downloaded public dashboard bundle,publisher_snapshot;2026_2027_partial;metric_definitions_require_confirmation
Jobseeker Registered,Jammu and Kashmir,2022-23,193867,"15th July, 2026",https://ncs.gov.in/NCSReportDashboard,offline extraction of previously downloaded public dashboard bundle,publisher_snapshot;2026_2027_partial;metric_definitions_require_confirmation
Jobseeker Registered,Jammu and Kashmir,2023-24,248318,"15th July, 2026",https://ncs.gov.in/NCSReportDashboard,offline extraction of previously downloaded public dashboard bundle,publisher_snapshot;2026_2027_partial;metric_definitions_require_confirmation
Jobseeker Registered,Jammu and Kashmir,2024-25,139280,"15th July, 2026",https://ncs.gov.in/NCSReportDashboard,offline extraction of previously downloaded public dashboard bundle,publisher_snapshot;2026_2027_partial;metric_definitions_require_confirmation
Jobseeker Registered,Jammu and Kashmir,2025-26,61323,"15th July, 2026",https://ncs.gov.in/NCSReportDashboard,offline extraction of previously downloaded public dashboard bundle,publisher_snapshot;2026_2027_partial;metric_definitions_require_confirmation
Jobseeker Registered,Jammu and Kashmir,2026-2027,26299,"15th July, 2026",https://ncs.gov.in/NCSReportDashboard,offline extraction of previously downloaded public dashboard bundle,publisher_snapshot;2026_2027_partial;metric_definitions_require_confirmation
Jobseeker Registered,Jharkhand,2015-16,27403,"15th July, 2026",https://ncs.gov.in/NCSReportDashboard,offline extraction of previously downloaded public dashboard bundle,publisher_snapshot;2026_2027_partial;metric_definitions_require_confirmation
Jobseeker Registered,Jharkhand,2016-17,5700,"15th July, 2026",https://ncs.gov.in/NCSReportDashboard,offline extraction of previously downloaded public dashboard bundle,publisher_snapshot;2026_2027_partial;metric_definitions_require_confirmation
Jobseeker Registered,Jharkhand,2017-18,14925,"15th July, 2026",https://ncs.gov.in/NCSReportDashboard,offline extraction of previously downloaded public dashboard bundle,publisher_snapshot;2026_2027_partial;metric_definitions_require_confirmation
Jobseeker Registered,Jharkhand,2018-19,8611,"15th July, 2026",https://ncs.gov.in/NCSReportDashboard,offline extraction of previously downloaded public dashboard bundle,publisher_snapshot;2026_2027_partial;metric_definitions_require_confirmation
Jobseeker Registered,Jharkhand,2019-20,32451,"15th July, 2026",https://ncs.gov.in/NCSReportDashboard,offline extraction of previously downloaded public dashboard bundle,publisher_snapshot;2026_2027_partial;metric_definitions_require_confirmation
Jobseeker Registered,Jharkhand,2020-21,60849,"15th July, 2026",https://ncs.gov.in/NCSReportDashboard,offline extraction of previously downloaded public dashboard bundle,publisher_snapshot;2026_2027_partial;metric_definitions_require_confirmation
Jobseeker Registered,Jharkhand,2021-22,787066,"15th July, 2026",https://ncs.gov.in/NCSReportDashboard,offline extraction of previously downloaded public dashboard bundle,publisher_snapshot;2026_2027_partial;metric_definitions_require_confirmation
Jobseeker Registered,Jharkhand,2022-23,175722,"15th July, 2026",https://ncs.gov.in/NCSReportDashboard,offline extraction of previously downloaded public dashboard bundle,publisher_snapshot;2026_2027_partial;metric_definitions_require_confirmation
Jobseeker Registered,Jharkhand,2023-24,344243,"15th July, 2026",https://ncs.gov.in/NCSReportDashboard,offline extraction of previously downloaded public dashboard bundle,publisher_snapshot;2026_2027_partial;metric_definitions_require_confirmation
Jobseeker Registered,Jharkhand,2024-25,463361,"15th July, 2026",https://ncs.gov.in/NCSReportDashboard,offline extraction of previously downloaded public dashboard bundle,publisher_snapshot;2026_2027_partial;metric_definitions_require_confirmation
Jobseeker Registered,Jharkhand,2025-26,267659,"15th July, 2026",https://ncs.gov.in/NCSReportDashboard,offline extraction of previously downloaded public dashboard bundle,publisher_snapshot;2026_2027_partial;metric_definitions_require_confirmation
Jobseeker Registered,Jharkhand,2026-2027,67707,"15th July, 2026",https://ncs.gov.in/NCSReportDashboard,offline extraction of previously downloaded public dashboard bundle,publisher_snapshot;2026_2027_partial;metric_definitions_require_confirmation
Jobseeker Registered,Karnataka,2015-16,32337,"15th July, 2026",https://ncs.gov.in/NCSReportDashboard,offline extraction of previously downloaded public dashboard bundle,publisher_snapshot;2026_2027_partial;metric_definitions_require_confirmation
Jobseeker Registered,Karnataka,2016-17,8298,"15th July, 2026",https://ncs.gov.in/NCSReportDashboard,offline extraction of previously downloaded public dashboard bundle,publisher_snapshot;2026_2027_partial;metric_definitions_require_confirmation
Jobseeker Registered,Karnataka,2017-18,48748,"15th July, 2026",https://ncs.gov.in/NCSReportDashboard,offline extraction of previously downloaded public dashboard bundle,publisher_snapshot;2026_2027_partial;metric_definitions_require_confirmation
Jobseeker Registered,Karnataka,2018-19,44039,"15th July, 2026",https://ncs.gov.in/NCSReportDashboard,offline extraction of previously downloaded public dashboard bundle,publisher_snapshot;2026_2027_partial;metric_definitions_require_confirmation
Jobseeker Registered,Karnataka,2019-20,80301,"15th July, 2026",https://ncs.gov.in/NCSReportDashboard,offline extraction of previously downloaded public dashboard bundle,publisher_snapshot;2026_2027_partial;metric_definitions_require_confirmation
Jobseeker Registered,Karnataka,2020-21,71598,"15th July, 2026",https://ncs.gov.in/NCSReportDashboard,offline extraction of previously downloaded public dashboard bundle,publisher_snapshot;2026_2027_partial;metric_definitions_require_confirmation
Jobseeker Registered,Karnataka,2021-22,204555,"15th July, 2026",https://ncs.gov.in/NCSReportDashboard,offline extraction of previously downloaded public dashboard bundle,publisher_snapshot;2026_2027_partial;metric_definitions_require_confirmation
Jobseeker Registered,Karnataka,2022-23,149679,"15th July, 2026",https://ncs.gov.in/NCSReportDashboard,offline extraction of previously downloaded public dashboard bundle,publisher_snapshot;2026_2027_partial;metric_definitions_require_confirmation
Jobseeker Registered,Karnataka,2023-24,727219,"15th July, 2026",https://ncs.gov.in/NCSReportDashboard,offline extraction of previously downloaded public dashboard bundle,publisher_snapshot;2026_2027_partial;metric_definitions_require_confirmation
Jobseeker Registered,Karnataka,2024-25,1667399,"15th July, 2026",https://ncs.gov.in/NCSReportDashboard,offline extraction of previously downloaded public dashboard bundle,publisher_snapshot;2026_2027_partial;metric_definitions_require_confirmation
Jobseeker Registered,Karnataka,2025-26,266767,"15th July, 2026",https://ncs.gov.in/NCSReportDashboard,offline extraction of previously downloaded public dashboard bundle,publisher_snapshot;2026_2027_partial;metric_definitions_require_confirmation
Jobseeker Registered,Karnataka,2026-2027,70055,"15th July, 2026",https://ncs.gov.in/NCSReportDashboard,offline extraction of previously downloaded public dashboard bundle,publisher_snapshot;2026_2027_partial;metric_definitions_require_confirmation
Jobseeker Registered,Kerala,2015-16,16085,"15th July, 2026",https://ncs.gov.in/NCSReportDashboard,offline extraction of previously downloaded public dashboard bundle,publisher_snapshot;2026_2027_partial;metric_definitions_require_confirmation
Jobseeker Registered,Kerala,2016-17,8404,"15th July, 2026",https://ncs.gov.in/NCSReportDashboard,offline extraction of previously downloaded public dashboard bundle,publisher_snapshot;2026_2027_partial;metric_definitions_require_confirmation
Jobseeker Registered,Kerala,2017-18,42629,"15th July, 2026",https://ncs.gov.in/NCSReportDashboard,offline extraction of previously downloaded public dashboard bundle,publisher_snapshot;2026_2027_partial;metric_definitions_require_confirmation
Jobseeker Registered,Kerala,2018-19,17100,"15th July, 2026",https://ncs.gov.in/NCSReportDashboard,offline extraction of previously downloaded public dashboard bundle,publisher_snapshot;2026_2027_partial;metric_definitions_require_confirmation
Jobseeker Registered,Kerala,2019-20,36021,"15th July, 2026",https://ncs.gov.in/NCSReportDashboard,offline extraction of previously downloaded public dashboard bundle,publisher_snapshot;2026_2027_partial;metric_definitions_require_confirmation
Jobseeker Registered,Kerala,2020-21,61838,"15th July, 2026",https://ncs.gov.in/NCSReportDashboard,offline extraction of previously downloaded public dashboard bundle,publisher_snapshot;2026_2027_partial;metric_definitions_require_confirmation
Jobseeker Registered,Kerala,2021-22,118457,"15th July, 2026",https://ncs.gov.in/NCSReportDashboard,offline extraction of previously downloaded public dashboard bundle,publisher_snapshot;2026_2027_partial;metric_definitions_require_confirmation
Jobseeker Registered,Kerala,2022-23,47732,"15th July, 2026",https://ncs.gov.in/NCSReportDashboard,offline extraction of previously downloaded public dashboard bundle,publisher_snapshot;2026_2027_partial;metric_definitions_require_confirmation
Jobseeker Registered,Kerala,2023-24,127199,"15th July, 2026",https://ncs.gov.in/NCSReportDashboard,offline extraction of previously downloaded public dashboard bundle,publisher_snapshot;2026_2027_partial;metric_definitions_require_confirmation
Jobseeker Registered,Kerala,2024-25,150663,"15th July, 2026",https://ncs.gov.in/NCSReportDashboard,offline extraction of previously downloaded public dashboard bundle,publisher_snapshot;2026_2027_partial;metric_definitions_require_confirmation
Jobseeker Registered,Kerala,2025-26,111308,"15th July, 2026",https://ncs.gov.in/NCSReportDashboard,offline extraction of previously downloaded public dashboard bundle,publisher_snapshot;2026_2027_partial;metric_definitions_require_confirmation
Jobseeker Registered,Kerala,2026-2027,44185,"15th July, 2026",https://ncs.gov.in/NCSReportDashboard,offline extraction of previously downloaded public dashboard bundle,publisher_snapshot;2026_2027_partial;metric_definitions_require_confirmation
Jobseeker Registered,Ladakh,2015-16,24,"15th July, 2026",https://ncs.gov.in/NCSReportDashboard,offline extraction of previously downloaded public dashboard bundle,publisher_snapshot;2026_2027_partial;metric_definitions_require_confirmation
Jobseeker Registered,Ladakh,2016-17,16,"15th July, 2026",https://ncs.gov.in/NCSReportDashboard,offline extraction of previously downloaded public dashboard bundle,publisher_snapshot;2026_2027_partial;metric_definitions_require_confirmation
Jobseeker Registered,Ladakh,2017-18,425,"15th July, 2026",https://ncs.gov.in/NCSReportDashboard,offline extraction of previously downloaded public dashboard bundle,publisher_snapshot;2026_2027_partial;metric_definitions_require_confirmation
Jobseeker Registered,Ladakh,2018-19,329,"15th July, 2026",https://ncs.gov.in/NCSReportDashboard,offline extraction of previously downloaded public dashboard bundle,publisher_snapshot;2026_2027_partial;metric_definitions_require_confirmation
Jobseeker Registered,Ladakh,2019-20,675,"15th July, 2026",https://ncs.gov.in/NCSReportDashboard,offline extraction of previously downloaded public dashboard bundle,publisher_snapshot;2026_2027_partial;metric_definitions_require_confirmation
Jobseeker Registered,Ladakh,2020-21,498,"15th July, 2026",https://ncs.gov.in/NCSReportDashboard,offline extraction of previously downloaded public dashboard bundle,publisher_snapshot;2026_2027_partial;metric_definitions_require_confirmation
Jobseeker Registered,Ladakh,2021-22,2255,"15th July, 2026",https://ncs.gov.in/NCSReportDashboard,offline extraction of previously downloaded public dashboard bundle,publisher_snapshot;2026_2027_partial;metric_definitions_require_confirmation
Jobseeker Registered,Ladakh,2022-23,4126,"15th July, 2026",https://ncs.gov.in/NCSReportDashboard,offline extraction of previously downloaded public dashboard bundle,publisher_snapshot;2026_2027_partial;metric_definitions_require_confirmation
Jobseeker Registered,Ladakh,2023-24,3544,"15th July, 2026",https://ncs.gov.in/NCSReportDashboard,offline extraction of previously downloaded public dashboard bundle,publisher_snapshot;2026_2027_partial;metric_definitions_require_confirmation
Jobseeker Registered,Ladakh,2024-25,2190,"15th July, 2026",https://ncs.gov.in/NCSReportDashboard,offline extraction of previously downloaded public dashboard bundle,publisher_snapshot;2026_2027_partial;metric_definitions_require_confirmation
Jobseeker Registered,Ladakh,2025-26,1722,"15th July, 2026",https://ncs.gov.in/NCSReportDashboard,offline extraction of previously downloaded public dashboard bundle,publisher_snapshot;2026_2027_partial;metric_definitions_require_confirmation
Jobseeker Registered,Ladakh,2026-2027,702,"15th July, 2026",https://ncs.gov.in/NCSReportDashboard,offline extraction of previously downloaded public dashboard bundle,publisher_snapshot;2026_2027_partial;metric_definitions_require_confirmation
Jobseeker Registered,Lakshadweep,2015-16,934,"15th July, 2026",https://ncs.gov.in/NCSReportDashboard,offline extraction of previously downloaded public dashboard bundle,publisher_snapshot;2026_2027_partial;metric_definitions_require_confirmation
Jobseeker Registered,Lakshadweep,2016-17,56,"15th July, 2026",https://ncs.gov.in/NCSReportDashboard,offline extraction of previously downloaded public dashboard bundle,publisher_snapshot;2026_2027_partial;metric_definitions_require_confirmation
Jobseeker Registered,Lakshadweep,2017-18,676,"15th July, 2026",https://ncs.gov.in/NCSReportDashboard,offline extraction of previously downloaded public dashboard bundle,publisher_snapshot;2026_2027_partial;metric_definitions_require_confirmation
Jobseeker Registered,Lakshadweep,2018-19,663,"15th July, 2026",https://ncs.gov.in/NCSReportDashboard,offline extraction of previously downloaded public dashboard bundle,publisher_snapshot;2026_2027_partial;metric_definitions_require_confirmation
Jobseeker Registered,Lakshadweep,2019-20,1799,"15th July, 2026",https://ncs.gov.in/NCSReportDashboard,offline extraction of previously downloaded public dashboard bundle,publisher_snapshot;2026_2027_partial;metric_definitions_require_confirmation
Jobseeker Registered,Lakshadweep,2020-21,1568,"15th July, 2026",https://ncs.gov.in/NCSReportDashboard,offline extraction of previously downloaded public dashboard bundle,publisher_snapshot;2026_2027_partial;metric_definitions_require_confirmation
Jobseeker Registered,Lakshadweep,2021-22,360,"15th July, 2026",https://ncs.gov.in/NCSReportDashboard,offline extraction of previously downloaded public dashboard bundle,publisher_snapshot;2026_2027_partial;metric_definitions_require_confirmation
Jobseeker Registered,Lakshadweep,2022-23,1135,"15th July, 2026",https://ncs.gov.in/NCSReportDashboard,offline extraction of previously downloaded public dashboard bundle,publisher_snapshot;2026_2027_partial;metric_definitions_require_confirmation
Jobseeker Registered,Lakshadweep,2023-24,226,"15th July, 2026",https://ncs.gov.in/NCSReportDashboard,offline extraction of previously downloaded public dashboard bundle,publisher_snapshot;2026_2027_partial;metric_definitions_require_confirmation
Jobseeker Registered,Lakshadweep,2024-25,1032,"15th July, 2026",https://ncs.gov.in/NCSReportDashboard,offline extraction of previously downloaded public dashboard bundle,publisher_snapshot;2026_2027_partial;metric_definitions_require_confirmation
Jobseeker Registered,Lakshadweep,2025-26,1771,"15th July, 2026",https://ncs.gov.in/NCSReportDashboard,offline extraction of previously downloaded public dashboard bundle,publisher_snapshot;2026_2027_partial;metric_definitions_require_confirmation
Jobseeker Registered,Lakshadweep,2026-2027,423,"15th July, 2026",https://ncs.gov.in/NCSReportDashboard,offline extraction of previously downloaded public dashboard bundle,publisher_snapshot;2026_2027_partial;metric_definitions_require_confirmation
Jobseeker Registered,Madhya Pradesh,2015-16,120459,"15th July, 2026",https://ncs.gov.in/NCSReportDashboard,offline extraction of previously downloaded public dashboard bundle,publisher_snapshot;2026_2027_partial;metric_definitions_require_confirmation
Jobseeker Registered,Madhya Pradesh,2016-17,17519,"15th July, 2026",https://ncs.gov.in/NCSReportDashboard,offline extraction of previously downloaded public dashboard bundle,publisher_snapshot;2026_2027_partial;metric_definitions_require_confirmation
Jobseeker Registered,Madhya Pradesh,2017-18,133898,"15th July, 2026",https://ncs.gov.in/NCSReportDashboard,offline extraction of previously downloaded public dashboard bundle,publisher_snapshot;2026_2027_partial;metric_definitions_require_confirmation
Jobseeker Registered,Madhya Pradesh,2018-19,36000.0,"15th July, 2026",https://ncs.gov.in/NCSReportDashboard,offline extraction of previously downloaded public dashboard bundle,publisher_snapshot;2026_2027_partial;metric_definitions_require_confirmation
Jobseeker Registered,Madhya Pradesh,2019-20,59176,"15th July, 2026",https://ncs.gov.in/NCSReportDashboard,offline extraction of previously downloaded public dashboard bundle,publisher_snapshot;2026_2027_partial;metric_definitions_require_confirmation
Jobseeker Registered,Madhya Pradesh,2020-21,72730,"15th July, 2026",https://ncs.gov.in/NCSReportDashboard,offline extraction of previously downloaded public dashboard bundle,publisher_snapshot;2026_2027_partial;metric_definitions_require_confirmation
Jobseeker Registered,Madhya Pradesh,2021-22,679331,"15th July, 2026",https://ncs.gov.in/NCSReportDashboard,offline extraction of previously downloaded public dashboard bundle,publisher_snapshot;2026_2027_partial;metric_definitions_require_confirmation
Jobseeker Registered,Madhya Pradesh,2022-23,327195,"15th July, 2026",https://ncs.gov.in/NCSReportDashboard,offline extraction of previously downloaded public dashboard bundle,publisher_snapshot;2026_2027_partial;metric_definitions_require_confirmation
Jobseeker Registered,Madhya Pradesh,2023-24,475751,"15th July, 2026",https://ncs.gov.in/NCSReportDashboard,offline extraction of previously downloaded public dashboard bundle,publisher_snapshot;2026_2027_partial;metric_definitions_require_confirmation
Jobseeker Registered,Madhya Pradesh,2024-25,2497308,"15th July, 2026",https://ncs.gov.in/NCSReportDashboard,offline extraction of previously downloaded public dashboard bundle,publisher_snapshot;2026_2027_partial;metric_definitions_require_confirmation
Jobseeker Registered,Madhya Pradesh,2025-26,676630,"15th July, 2026",https://ncs.gov.in/NCSReportDashboard,offline extraction of previously downloaded public dashboard bundle,publisher_snapshot;2026_2027_partial;metric_definitions_require_confirmation
Jobseeker Registered,Madhya Pradesh,2026-2027,288157,"15th July, 2026",https://ncs.gov.in/NCSReportDashboard,offline extraction of previously downloaded public dashboard bundle,publisher_snapshot;2026_2027_partial;metric_definitions_require_confirmation
Jobseeker Registered,Maharashtra,2015-16,733569,"15th July, 2026",https://ncs.gov.in/NCSReportDashboard,offline extraction of previously downloaded public dashboard bundle,publisher_snapshot;2026_2027_partial;metric_definitions_require_confirmation
Jobseeker Registered,Maharashtra,2016-17,24382,"15th July, 2026",https://ncs.gov.in/NCSReportDashboard,offline extraction of previously downloaded public dashboard bundle,publisher_snapshot;2026_2027_partial;metric_definitions_require_confirmation
Jobseeker Registered,Maharashtra,2017-18,101500,"15th July, 2026",https://ncs.gov.in/NCSReportDashboard,offline extraction of previously downloaded public dashboard bundle,publisher_snapshot;2026_2027_partial;metric_definitions_require_confirmation
Jobseeker Registered,Maharashtra,2018-19,3144906,"15th July, 2026",https://ncs.gov.in/NCSReportDashboard,offline extraction of previously downloaded public dashboard bundle,publisher_snapshot;2026_2027_partial;metric_definitions_require_confirmation
Jobseeker Registered,Maharashtra,2019-20,622370,"15th July, 2026",https://ncs.gov.in/NCSReportDashboard,offline extraction of previously downloaded public dashboard bundle,publisher_snapshot;2026_2027_partial;metric_definitions_require_confirmation
Jobseeker Registered,Maharashtra,2020-21,195550,"15th July, 2026",https://ncs.gov.in/NCSReportDashboard,offline extraction of previously downloaded public dashboard bundle,publisher_snapshot;2026_2027_partial;metric_definitions_require_confirmation
Jobseeker Registered,Maharashtra,2021-22,469132,"15th July, 2026",https://ncs.gov.in/NCSReportDashboard,offline extraction of previously downloaded public dashboard bundle,publisher_snapshot;2026_2027_partial;metric_definitions_require_confirmation
Jobseeker Registered,Maharashtra,2022-23,272547,"15th July, 2026",https://ncs.gov.in/NCSReportDashboard,offline extraction of previously downloaded public dashboard bundle,publisher_snapshot;2026_2027_partial;metric_definitions_require_confirmation
Jobseeker Registered,Maharashtra,2023-24,1027640,"15th July, 2026",https://ncs.gov.in/NCSReportDashboard,offline extraction of previously downloaded public dashboard bundle,publisher_snapshot;2026_2027_partial;metric_definitions_require_confirmation
Jobseeker Registered,Maharashtra,2024-25,2718461,"15th July, 2026",https://ncs.gov.in/NCSReportDashboard,offline extraction of previously downloaded public dashboard bundle,publisher_snapshot;2026_2027_partial;metric_definitions_require_confirmation
Jobseeker Registered,Maharashtra,2025-26,722068,"15th July, 2026",https://ncs.gov.in/NCSReportDashboard,offline extraction of previously downloaded public dashboard bundle,publisher_snapshot;2026_2027_partial;metric_definitions_require_confirmation
Jobseeker Registered,Maharashtra,2026-2027,253189,"15th July, 2026",https://ncs.gov.in/NCSReportDashboard,offline extraction of previously downloaded public dashboard bundle,publisher_snapshot;2026_2027_partial;metric_definitions_require_confirmation
Jobseeker Registered,Manipur,2015-16,10569,"15th July, 2026",https://ncs.gov.in/NCSReportDashboard,offline extraction of previously downloaded public dashboard bundle,publisher_snapshot;2026_2027_partial;metric_definitions_require_confirmation
Jobseeker Registered,Manipur,2016-17,1547,"15th July, 2026",https://ncs.gov.in/NCSReportDashboard,offline extraction of previously downloaded public dashboard bundle,publisher_snapshot;2026_2027_partial;metric_definitions_require_confirmation
Jobseeker Registered,Manipur,2017-18,2693,"15th July, 2026",https://ncs.gov.in/NCSReportDashboard,offline extraction of previously downloaded public dashboard bundle,publisher_snapshot;2026_2027_partial;metric_definitions_require_confirmation
Jobseeker Registered,Manipur,2018-19,1693,"15th July, 2026",https://ncs.gov.in/NCSReportDashboard,offline extraction of previously downloaded public dashboard bundle,publisher_snapshot;2026_2027_partial;metric_definitions_require_confirmation
Jobseeker Registered,Manipur,2019-20,4336,"15th July, 2026",https://ncs.gov.in/NCSReportDashboard,offline extraction of previously downloaded public dashboard bundle,publisher_snapshot;2026_2027_partial;metric_definitions_require_confirmation
Jobseeker Registered,Manipur,2020-21,4227,"15th July, 2026",https://ncs.gov.in/NCSReportDashboard,offline extraction of previously downloaded public dashboard bundle,publisher_snapshot;2026_2027_partial;metric_definitions_require_confirmation
Jobseeker Registered,Manipur,2021-22,35697,"15th July, 2026",https://ncs.gov.in/NCSReportDashboard,offline extraction of previously downloaded public dashboard bundle,publisher_snapshot;2026_2027_partial;metric_definitions_require_confirmation
Jobseeker Registered,Manipur,2022-23,128222,"15th July, 2026",https://ncs.gov.in/NCSReportDashboard,offline extraction of previously downloaded public dashboard bundle,publisher_snapshot;2026_2027_partial;metric_definitions_require_confirmation
Jobseeker Registered,Manipur,2023-24,49897,"15th July, 2026",https://ncs.gov.in/NCSReportDashboard,offline extraction of previously downloaded public dashboard bundle,publisher_snapshot;2026_2027_partial;metric_definitions_require_confirmation
Jobseeker Registered,Manipur,2024-25,60302,"15th July, 2026",https://ncs.gov.in/NCSReportDashboard,offline extraction of previously downloaded public dashboard bundle,publisher_snapshot;2026_2027_partial;metric_definitions_require_confirmation
Jobseeker Registered,Manipur,2025-26,15506,"15th July, 2026",https://ncs.gov.in/NCSReportDashboard,offline extraction of previously downloaded public dashboard bundle,publisher_snapshot;2026_2027_partial;metric_definitions_require_confirmation
Jobseeker Registered,Manipur,2026-2027,3330,"15th July, 2026",https://ncs.gov.in/NCSReportDashboard,offline extraction of previously downloaded public dashboard bundle,publisher_snapshot;2026_2027_partial;metric_definitions_require_confirmation
Jobseeker Registered,Meghalaya,2015-16,453,"15th July, 2026",https://ncs.gov.in/NCSReportDashboard,offline extraction of previously downloaded public dashboard bundle,publisher_snapshot;2026_2027_partial;metric_definitions_require_confirmation
Jobseeker Registered,Meghalaya,2016-17,204,"15th July, 2026",https://ncs.gov.in/NCSReportDashboard,offline extraction of previously downloaded public dashboard bundle,publisher_snapshot;2026_2027_partial;metric_definitions_require_confirmation
Jobseeker Registered,Meghalaya,2017-18,1321,"15th July, 2026",https://ncs.gov.in/NCSReportDashboard,offline extraction of previously downloaded public dashboard bundle,publisher_snapshot;2026_2027_partial;metric_definitions_require_confirmation
Jobseeker Registered,Meghalaya,2018-19,384,"15th July, 2026",https://ncs.gov.in/NCSReportDashboard,offline extraction of previously downloaded public dashboard bundle,publisher_snapshot;2026_2027_partial;metric_definitions_require_confirmation
Jobseeker Registered,Meghalaya,2019-20,653,"15th July, 2026",https://ncs.gov.in/NCSReportDashboard,offline extraction of previously downloaded public dashboard bundle,publisher_snapshot;2026_2027_partial;metric_definitions_require_confirmation
Jobseeker Registered,Meghalaya,2020-21,1895,"15th July, 2026",https://ncs.gov.in/NCSReportDashboard,offline extraction of previously downloaded public dashboard bundle,publisher_snapshot;2026_2027_partial;metric_definitions_require_confirmation
Jobseeker Registered,Meghalaya,2021-22,22580,"15th July, 2026",https://ncs.gov.in/NCSReportDashboard,offline extraction of previously downloaded public dashboard bundle,publisher_snapshot;2026_2027_partial;metric_definitions_require_confirmation
Jobseeker Registered,Meghalaya,2022-23,13853,"15th July, 2026",https://ncs.gov.in/NCSReportDashboard,offline extraction of previously downloaded public dashboard bundle,publisher_snapshot;2026_2027_partial;metric_definitions_require_confirmation
Jobseeker Registered,Meghalaya,2023-24,19882,"15th July, 2026",https://ncs.gov.in/NCSReportDashboard,offline extraction of previously downloaded public dashboard bundle,publisher_snapshot;2026_2027_partial;metric_definitions_require_confirmation
Jobseeker Registered,Meghalaya,2024-25,24304,"15th July, 2026",https://ncs.gov.in/NCSReportDashboard,offline extraction of previously downloaded public dashboard bundle,publisher_snapshot;2026_2027_partial;metric_definitions_require_confirmation
Jobseeker Registered,Meghalaya,2025-26,22796,"15th July, 2026",https://ncs.gov.in/NCSReportDashboard,offline extraction of previously downloaded public dashboard bundle,publisher_snapshot;2026_2027_partial;metric_definitions_require_confirmation
Jobseeker Registered,Meghalaya,2026-2027,7594,"15th July, 2026",https://ncs.gov.in/NCSReportDashboard,offline extraction of previously downloaded public dashboard bundle,publisher_snapshot;2026_2027_partial;metric_definitions_require_confirmation
Jobseeker Registered,Mizoram,2015-16,56,"15th July, 2026",https://ncs.gov.in/NCSReportDashboard,offline extraction of previously downloaded public dashboard bundle,publisher_snapshot;2026_2027_partial;metric_definitions_require_confirmation
Jobseeker Registered,Mizoram,2016-17,16,"15th July, 2026",https://ncs.gov.in/NCSReportDashboard,offline extraction of previously downloaded public dashboard bundle,publisher_snapshot;2026_2027_partial;metric_definitions_require_confirmation
Jobseeker Registered,Mizoram,2017-18,66,"15th July, 2026",https://ncs.gov.in/NCSReportDashboard,offline extraction of previously downloaded public dashboard bundle,publisher_snapshot;2026_2027_partial;metric_definitions_require_confirmation
Jobseeker Registered,Mizoram,2018-19,115,"15th July, 2026",https://ncs.gov.in/NCSReportDashboard,offline extraction of previously downloaded public dashboard bundle,publisher_snapshot;2026_2027_partial;metric_definitions_require_confirmation
Jobseeker Registered,Mizoram,2019-20,2586,"15th July, 2026",https://ncs.gov.in/NCSReportDashboard,offline extraction of previously downloaded public dashboard bundle,publisher_snapshot;2026_2027_partial;metric_definitions_require_confirmation
Jobseeker Registered,Mizoram,2020-21,469,"15th July, 2026",https://ncs.gov.in/NCSReportDashboard,offline extraction of previously downloaded public dashboard bundle,publisher_snapshot;2026_2027_partial;metric_definitions_require_confirmation
Jobseeker Registered,Mizoram,2021-22,14208,"15th July, 2026",https://ncs.gov.in/NCSReportDashboard,offline extraction of previously downloaded public dashboard bundle,publisher_snapshot;2026_2027_partial;metric_definitions_require_confirmation
Jobseeker Registered,Mizoram,2022-23,4093,"15th July, 2026",https://ncs.gov.in/NCSReportDashboard,offline extraction of previously downloaded public dashboard bundle,publisher_snapshot;2026_2027_partial;metric_definitions_require_confirmation
Jobseeker Registered,Mizoram,2023-24,7099,"15th July, 2026",https://ncs.gov.in/NCSReportDashboard,offline extraction of previously downloaded public dashboard bundle,publisher_snapshot;2026_2027_partial;metric_definitions_require_confirmation
Jobseeker Registered,Mizoram,2024-25,2670,"15th July, 2026",https://ncs.gov.in/NCSReportDashboard,offline extraction of previously downloaded public dashboard bundle,publisher_snapshot;2026_2027_partial;metric_definitions_require_confirmation
Jobseeker Registered,Mizoram,2025-26,5841,"15th July, 2026",https://ncs.gov.in/NCSReportDashboard,offline extraction of previously downloaded public dashboard bundle,publisher_snapshot;2026_2027_partial;metric_definitions_require_confirmation
Jobseeker Registered,Mizoram,2026-2027,698,"15th July, 2026",https://ncs.gov.in/NCSReportDashboard,offline extraction of previously downloaded public dashboard bundle,publisher_snapshot;2026_2027_partial;metric_definitions_require_confirmation
Jobseeker Registered,Nagaland,2015-16,877,"15th July, 2026",https://ncs.gov.in/NCSReportDashboard,offline extraction of previously downloaded public dashboard bundle,publisher_snapshot;2026_2027_partial;metric_definitions_require_confirmation
Jobseeker Registered,Nagaland,2016-17,64,"15th July, 2026",https://ncs.gov.in/NCSReportDashboard,offline extraction of previously downloaded public dashboard bundle,publisher_snapshot;2026_2027_partial;metric_definitions_require_confirmation
Jobseeker Registered,Nagaland,2017-18,1552,"15th July, 2026",https://ncs.gov.in/NCSReportDashboard,offline extraction of previously downloaded public dashboard bundle,publisher_snapshot;2026_2027_partial;metric_definitions_require_confirmation
Jobseeker Registered,Nagaland,2018-19,94,"15th July, 2026",https://ncs.gov.in/NCSReportDashboard,offline extraction of previously downloaded public dashboard bundle,publisher_snapshot;2026_2027_partial;metric_definitions_require_confirmation
Jobseeker Registered,Nagaland,2019-20,6011,"15th July, 2026",https://ncs.gov.in/NCSReportDashboard,offline extraction of previously downloaded public dashboard bundle,publisher_snapshot;2026_2027_partial;metric_definitions_require_confirmation
Jobseeker Registered,Nagaland,2020-21,2275,"15th July, 2026",https://ncs.gov.in/NCSReportDashboard,offline extraction of previously downloaded public dashboard bundle,publisher_snapshot;2026_2027_partial;metric_definitions_require_confirmation
Jobseeker Registered,Nagaland,2021-22,16600,"15th July, 2026",https://ncs.gov.in/NCSReportDashboard,offline extraction of previously downloaded public dashboard bundle,publisher_snapshot;2026_2027_partial;metric_definitions_require_confirmation
Jobseeker Registered,Nagaland,2022-23,8244,"15th July, 2026",https://ncs.gov.in/NCSReportDashboard,offline extraction of previously downloaded public dashboard bundle,publisher_snapshot;2026_2027_partial;metric_definitions_require_confirmation
Jobseeker Registered,Nagaland,2023-24,11151,"15th July, 2026",https://ncs.gov.in/NCSReportDashboard,offline extraction of previously downloaded public dashboard bundle,publisher_snapshot;2026_2027_partial;metric_definitions_require_confirmation
Jobseeker Registered,Nagaland,2024-25,19925,"15th July, 2026",https://ncs.gov.in/NCSReportDashboard,offline extraction of previously downloaded public dashboard bundle,publisher_snapshot;2026_2027_partial;metric_definitions_require_confirmation
Jobseeker Registered,Nagaland,2025-26,10959,"15th July, 2026",https://ncs.gov.in/NCSReportDashboard,offline extraction of previously downloaded public dashboard bundle,publisher_snapshot;2026_2027_partial;metric_definitions_require_confirmation
Jobseeker Registered,Nagaland,2026-2027,3885,"15th July, 2026",https://ncs.gov.in/NCSReportDashboard,offline extraction of previously downloaded public dashboard bundle,publisher_snapshot;2026_2027_partial;metric_definitions_require_confirmation
Jobseeker Registered,State Not Specified,2015-16,789173,"15th July, 2026",https://ncs.gov.in/NCSReportDashboard,offline extraction of previously downloaded public dashboard bundle,publisher_snapshot;2026_2027_partial;metric_definitions_require_confirmation
Jobseeker Registered,State Not Specified,2016-17,0,"15th July, 2026",https://ncs.gov.in/NCSReportDashboard,offline extraction of previously downloaded public dashboard bundle,publisher_snapshot;2026_2027_partial;metric_definitions_require_confirmation
Jobseeker Registered,State Not Specified,2017-18,30,"15th July, 2026",https://ncs.gov.in/NCSReportDashboard,offline extraction of previously downloaded public dashboard bundle,publisher_snapshot;2026_2027_partial;metric_definitions_require_confirmation
Jobseeker Registered,State Not Specified,2018-19,0,"15th July, 2026",https://ncs.gov.in/NCSReportDashboard,offline extraction of previously downloaded public dashboard bundle,publisher_snapshot;2026_2027_partial;metric_definitions_require_confirmation
Jobseeker Registered,State Not Specified,2019-20,0,"15th July, 2026",https://ncs.gov.in/NCSReportDashboard,offline extraction of previously downloaded public dashboard bundle,publisher_snapshot;2026_2027_partial;metric_definitions_require_confirmation
Jobseeker Registered,State Not Specified,2020-21,0,"15th July, 2026",https://ncs.gov.in/NCSReportDashboard,offline extraction of previously downloaded public dashboard bundle,publisher_snapshot;2026_2027_partial;metric_definitions_require_confirmation
Jobseeker Registered,State Not Specified,2021-22,0,"15th July, 2026",https://ncs.gov.in/NCSReportDashboard,offline extraction of previously downloaded public dashboard bundle,publisher_snapshot;2026_2027_partial;metric_definitions_require_confirmation
Jobseeker Registered,State Not Specified,2022-23,0,"15th July, 2026",https://ncs.gov.in/NCSReportDashboard,offline extraction of previously downloaded public dashboard bundle,publisher_snapshot;2026_2027_partial;metric_definitions_require_confirmation
Jobseeker Registered,State Not Specified,2023-24,0,"15th July, 2026",https://ncs.gov.in/NCSReportDashboard,offline extraction of previously downloaded public dashboard bundle,publisher_snapshot;2026_2027_partial;metric_definitions_require_confirmation
Jobseeker Registered,State Not Specified,2024-25,0,"15th July, 2026",https://ncs.gov.in/NCSReportDashboard,offline extraction of previously downloaded public dashboard bundle,publisher_snapshot;2026_2027_partial;metric_definitions_require_confirmation
Jobseeker Registered,State Not Specified,2025-26,135597,"15th July, 2026",https://ncs.gov.in/NCSReportDashboard,offline extraction of previously downloaded public dashboard bundle,publisher_snapshot;2026_2027_partial;metric_definitions_require_confirmation
Jobseeker Registered,State Not Specified,2026-2027,21336,"15th July, 2026",https://ncs.gov.in/NCSReportDashboard,offline extraction of previously downloaded public dashboard bundle,publisher_snapshot;2026_2027_partial;metric_definitions_require_confirmation
Jobseeker Registered,Odisha,2015-16,15396,"15th July, 2026",https://ncs.gov.in/NCSReportDashboard,offline extraction of previously downloaded public dashboard bundle,publisher_snapshot;2026_2027_partial;metric_definitions_require_confirmation
Jobseeker Registered,Odisha,2016-17,12501,"15th July, 2026",https://ncs.gov.in/NCSReportDashboard,offline extraction of previously downloaded public dashboard bundle,publisher_snapshot;2026_2027_partial;metric_definitions_require_confirmation
Jobseeker Registered,Odisha,2017-18,39868,"15th July, 2026",https://ncs.gov.in/NCSReportDashboard,offline extraction of previously downloaded public dashboard bundle,publisher_snapshot;2026_2027_partial;metric_definitions_require_confirmation
Jobseeker Registered,Odisha,2018-19,19232,"15th July, 2026",https://ncs.gov.in/NCSReportDashboard,offline extraction of previously downloaded public dashboard bundle,publisher_snapshot;2026_2027_partial;metric_definitions_require_confirmation
Jobseeker Registered,Odisha,2019-20,57006,"15th July, 2026",https://ncs.gov.in/NCSReportDashboard,offline extraction of previously downloaded public dashboard bundle,publisher_snapshot;2026_2027_partial;metric_definitions_require_confirmation
Jobseeker Registered,Odisha,2020-21,67227,"15th July, 2026",https://ncs.gov.in/NCSReportDashboard,offline extraction of previously downloaded public dashboard bundle,publisher_snapshot;2026_2027_partial;metric_definitions_require_confirmation
Jobseeker Registered,Odisha,2021-22,144985,"15th July, 2026",https://ncs.gov.in/NCSReportDashboard,offline extraction of previously downloaded public dashboard bundle,publisher_snapshot;2026_2027_partial;metric_definitions_require_confirmation
Jobseeker Registered,Odisha,2022-23,102612,"15th July, 2026",https://ncs.gov.in/NCSReportDashboard,offline extraction of previously downloaded public dashboard bundle,publisher_snapshot;2026_2027_partial;metric_definitions_require_confirmation
Jobseeker Registered,Odisha,2023-24,173136,"15th July, 2026",https://ncs.gov.in/NCSReportDashboard,offline extraction of previously downloaded public dashboard bundle,publisher_snapshot;2026_2027_partial;metric_definitions_require_confirmation
Jobseeker Registered,Odisha,2024-25,319590,"15th July, 2026",https://ncs.gov.in/NCSReportDashboard,offline extraction of previously downloaded public dashboard bundle,publisher_snapshot;2026_2027_partial;metric_definitions_require_confirmation
Jobseeker Registered,Odisha,2025-26,225847,"15th July, 2026",https://ncs.gov.in/NCSReportDashboard,offline extraction of previously downloaded public dashboard bundle,publisher_snapshot;2026_2027_partial;metric_definitions_require_confirmation
Jobseeker Registered,Odisha,2026-2027,71566,"15th July, 2026",https://ncs.gov.in/NCSReportDashboard,offline extraction of previously downloaded public dashboard bundle,publisher_snapshot;2026_2027_partial;metric_definitions_require_confirmation
Jobseeker Registered,Puducherry,2015-16,1006,"15th July, 2026",https://ncs.gov.in/NCSReportDashboard,offline extraction of previously downloaded public dashboard bundle,publisher_snapshot;2026_2027_partial;metric_definitions_require_confirmation
Jobseeker Registered,Puducherry,2016-17,1208,"15th July, 2026",https://ncs.gov.in/NCSReportDashboard,offline extraction of previously downloaded public dashboard bundle,publisher_snapshot;2026_2027_partial;metric_definitions_require_confirmation
Jobseeker Registered,Puducherry,2017-18,3228,"15th July, 2026",https://ncs.gov.in/NCSReportDashboard,offline extraction of previously downloaded public dashboard bundle,publisher_snapshot;2026_2027_partial;metric_definitions_require_confirmation
Jobseeker Registered,Puducherry,2018-19,74203,"15th July, 2026",https://ncs.gov.in/NCSReportDashboard,offline extraction of previously downloaded public dashboard bundle,publisher_snapshot;2026_2027_partial;metric_definitions_require_confirmation
Jobseeker Registered,Puducherry,2019-20,23192,"15th July, 2026",https://ncs.gov.in/NCSReportDashboard,offline extraction of previously downloaded public dashboard bundle,publisher_snapshot;2026_2027_partial;metric_definitions_require_confirmation
Jobseeker Registered,Puducherry,2020-21,13068,"15th July, 2026",https://ncs.gov.in/NCSReportDashboard,offline extraction of previously downloaded public dashboard bundle,publisher_snapshot;2026_2027_partial;metric_definitions_require_confirmation
Jobseeker Registered,Puducherry,2021-22,9414,"15th July, 2026",https://ncs.gov.in/NCSReportDashboard,offline extraction of previously downloaded public dashboard bundle,publisher_snapshot;2026_2027_partial;metric_definitions_require_confirmation
Jobseeker Registered,Puducherry,2022-23,8943,"15th July, 2026",https://ncs.gov.in/NCSReportDashboard,offline extraction of previously downloaded public dashboard bundle,publisher_snapshot;2026_2027_partial;metric_definitions_require_confirmation
Jobseeker Registered,Puducherry,2023-24,41847,"15th July, 2026",https://ncs.gov.in/NCSReportDashboard,offline extraction of previously downloaded public dashboard bundle,publisher_snapshot;2026_2027_partial;metric_definitions_require_confirmation
Jobseeker Registered,Puducherry,2024-25,29604,"15th July, 2026",https://ncs.gov.in/NCSReportDashboard,offline extraction of previously downloaded public dashboard bundle,publisher_snapshot;2026_2027_partial;metric_definitions_require_confirmation
Jobseeker Registered,Puducherry,2025-26,18558,"15th July, 2026",https://ncs.gov.in/NCSReportDashboard,offline extraction of previously downloaded public dashboard bundle,publisher_snapshot;2026_2027_partial;metric_definitions_require_confirmation
Jobseeker Registered,Puducherry,2026-2027,1769,"15th July, 2026",https://ncs.gov.in/NCSReportDashboard,offline extraction of previously downloaded public dashboard bundle,publisher_snapshot;2026_2027_partial;metric_definitions_require_confirmation
Jobseeker Registered,Punjab,2015-16,24489,"15th July, 2026",https://ncs.gov.in/NCSReportDashboard,offline extraction of previously downloaded public dashboard bundle,publisher_snapshot;2026_2027_partial;metric_definitions_require_confirmation
Jobseeker Registered,Punjab,2016-17,15654,"15th July, 2026",https://ncs.gov.in/NCSReportDashboard,offline extraction of previously downloaded public dashboard bundle,publisher_snapshot;2026_2027_partial;metric_definitions_require_confirmation
Jobseeker Registered,Punjab,2017-18,83105,"15th July, 2026",https://ncs.gov.in/NCSReportDashboard,offline extraction of previously downloaded public dashboard bundle,publisher_snapshot;2026_2027_partial;metric_definitions_require_confirmation
Jobseeker Registered,Punjab,2018-19,17931,"15th July, 2026",https://ncs.gov.in/NCSReportDashboard,offline extraction of previously downloaded public dashboard bundle,publisher_snapshot;2026_2027_partial;metric_definitions_require_confirmation
Jobseeker Registered,Punjab,2019-20,45851,"15th July, 2026",https://ncs.gov.in/NCSReportDashboard,offline extraction of previously downloaded public dashboard bundle,publisher_snapshot;2026_2027_partial;metric_definitions_require_confirmation
Jobseeker Registered,Punjab,2020-21,274581,"15th July, 2026",https://ncs.gov.in/NCSReportDashboard,offline extraction of previously downloaded public dashboard bundle,publisher_snapshot;2026_2027_partial;metric_definitions_require_confirmation
Jobseeker Registered,Punjab,2021-22,312971,"15th July, 2026",https://ncs.gov.in/NCSReportDashboard,offline extraction of previously downloaded public dashboard bundle,publisher_snapshot;2026_2027_partial;metric_definitions_require_confirmation
Jobseeker Registered,Punjab,2022-23,168094,"15th July, 2026",https://ncs.gov.in/NCSReportDashboard,offline extraction of previously downloaded public dashboard bundle,publisher_snapshot;2026_2027_partial;metric_definitions_require_confirmation
Jobseeker Registered,Punjab,2023-24,219423,"15th July, 2026",https://ncs.gov.in/NCSReportDashboard,offline extraction of previously downloaded public dashboard bundle,publisher_snapshot;2026_2027_partial;metric_definitions_require_confirmation
Jobseeker Registered,Punjab,2024-25,281358,"15th July, 2026",https://ncs.gov.in/NCSReportDashboard,offline extraction of previously downloaded public dashboard bundle,publisher_snapshot;2026_2027_partial;metric_definitions_require_confirmation
Jobseeker Registered,Punjab,2025-26,384198,"15th July, 2026",https://ncs.gov.in/NCSReportDashboard,offline extraction of previously downloaded public dashboard bundle,publisher_snapshot;2026_2027_partial;metric_definitions_require_confirmation
Jobseeker Registered,Punjab,2026-2027,84542,"15th July, 2026",https://ncs.gov.in/NCSReportDashboard,offline extraction of previously downloaded public dashboard bundle,publisher_snapshot;2026_2027_partial;metric_definitions_require_confirmation
Jobseeker Registered,Rajasthan,2015-16,13141,"15th July, 2026",https://ncs.gov.in/NCSReportDashboard,offline extraction of previously downloaded public dashboard bundle,publisher_snapshot;2026_2027_partial;metric_definitions_require_confirmation
Jobseeker Registered,Rajasthan,2016-17,385544,"15th July, 2026",https://ncs.gov.in/NCSReportDashboard,offline extraction of previously downloaded public dashboard bundle,publisher_snapshot;2026_2027_partial;metric_definitions_require_confirmation
Jobseeker Registered,Rajasthan,2017-18,298205,"15th July, 2026",https://ncs.gov.in/NCSReportDashboard,offline extraction of previously downloaded public dashboard bundle,publisher_snapshot;2026_2027_partial;metric_definitions_require_confirmation
Jobseeker Registered,Rajasthan,2018-19,193399,"15th July, 2026",https://ncs.gov.in/NCSReportDashboard,offline extraction of previously downloaded public dashboard bundle,publisher_snapshot;2026_2027_partial;metric_definitions_require_confirmation
Jobseeker Registered,Rajasthan,2019-20,69152,"15th July, 2026",https://ncs.gov.in/NCSReportDashboard,offline extraction of previously downloaded public dashboard bundle,publisher_snapshot;2026_2027_partial;metric_definitions_require_confirmation
Jobseeker Registered,Rajasthan,2020-21,196613,"15th July, 2026",https://ncs.gov.in/NCSReportDashboard,offline extraction of previously downloaded public dashboard bundle,publisher_snapshot;2026_2027_partial;metric_definitions_require_confirmation
Jobseeker Registered,Rajasthan,2021-22,271137,"15th July, 2026",https://ncs.gov.in/NCSReportDashboard,offline extraction of previously downloaded public dashboard bundle,publisher_snapshot;2026_2027_partial;metric_definitions_require_confirmation
Jobseeker Registered,Rajasthan,2022-23,186674,"15th July, 2026",https://ncs.gov.in/NCSReportDashboard,offline extraction of previously downloaded public dashboard bundle,publisher_snapshot;2026_2027_partial;metric_definitions_require_confirmation
Jobseeker Registered,Rajasthan,2023-24,961321,"15th July, 2026",https://ncs.gov.in/NCSReportDashboard,offline extraction of previously downloaded public dashboard bundle,publisher_snapshot;2026_2027_partial;metric_definitions_require_confirmation
Jobseeker Registered,Rajasthan,2024-25,869513,"15th July, 2026",https://ncs.gov.in/NCSReportDashboard,offline extraction of previously downloaded public dashboard bundle,publisher_snapshot;2026_2027_partial;metric_definitions_require_confirmation
Jobseeker Registered,Rajasthan,2025-26,1241687,"15th July, 2026",https://ncs.gov.in/NCSReportDashboard,offline extraction of previously downloaded public dashboard bundle,publisher_snapshot;2026_2027_partial;metric_definitions_require_confirmation
Jobseeker Registered,Rajasthan,2026-2027,313958,"15th July, 2026",https://ncs.gov.in/NCSReportDashboard,offline extraction of previously downloaded public dashboard bundle,publisher_snapshot;2026_2027_partial;metric_definitions_require_confirmation
Jobseeker Registered,Sikkim,2015-16,222,"15th July, 2026",https://ncs.gov.in/NCSReportDashboard,offline extraction of previously downloaded public dashboard bundle,publisher_snapshot;2026_2027_partial;metric_definitions_require_confirmation
Jobseeker Registered,Sikkim,2016-17,70,"15th July, 2026",https://ncs.gov.in/NCSReportDashboard,offline extraction of previously downloaded public dashboard bundle,publisher_snapshot;2026_2027_partial;metric_definitions_require_confirmation
Jobseeker Registered,Sikkim,2017-18,1109,"15th July, 2026",https://ncs.gov.in/NCSReportDashboard,offline extraction of previously downloaded public dashboard bundle,publisher_snapshot;2026_2027_partial;metric_definitions_require_confirmation
Jobseeker Registered,Sikkim,2018-19,283,"15th July, 2026",https://ncs.gov.in/NCSReportDashboard,offline extraction of previously downloaded public dashboard bundle,publisher_snapshot;2026_2027_partial;metric_definitions_require_confirmation
Jobseeker Registered,Sikkim,2019-20,1254,"15th July, 2026",https://ncs.gov.in/NCSReportDashboard,offline extraction of previously downloaded public dashboard bundle,publisher_snapshot;2026_2027_partial;metric_definitions_require_confirmation
Jobseeker Registered,Sikkim,2020-21,401,"15th July, 2026",https://ncs.gov.in/NCSReportDashboard,offline extraction of previously downloaded public dashboard bundle,publisher_snapshot;2026_2027_partial;metric_definitions_require_confirmation
Jobseeker Registered,Sikkim,2021-22,4782,"15th July, 2026",https://ncs.gov.in/NCSReportDashboard,offline extraction of previously downloaded public dashboard bundle,publisher_snapshot;2026_2027_partial;metric_definitions_require_confirmation
Jobseeker Registered,Sikkim,2022-23,3587,"15th July, 2026",https://ncs.gov.in/NCSReportDashboard,offline extraction of previously downloaded public dashboard bundle,publisher_snapshot;2026_2027_partial;metric_definitions_require_confirmation
Jobseeker Registered,Sikkim,2023-24,11419,"15th July, 2026",https://ncs.gov.in/NCSReportDashboard,offline extraction of previously downloaded public dashboard bundle,publisher_snapshot;2026_2027_partial;metric_definitions_require_confirmation
Jobseeker Registered,Sikkim,2024-25,16348,"15th July, 2026",https://ncs.gov.in/NCSReportDashboard,offline extraction of previously downloaded public dashboard bundle,publisher_snapshot;2026_2027_partial;metric_definitions_require_confirmation
Jobseeker Registered,Sikkim,2025-26,7877,"15th July, 2026",https://ncs.gov.in/NCSReportDashboard,offline extraction of previously downloaded public dashboard bundle,publisher_snapshot;2026_2027_partial;metric_definitions_require_confirmation
Jobseeker Registered,Sikkim,2026-2027,1275,"15th July, 2026",https://ncs.gov.in/NCSReportDashboard,offline extraction of previously downloaded public dashboard bundle,publisher_snapshot;2026_2027_partial;metric_definitions_require_confirmation
Jobseeker Registered,Tamil Nadu,2015-16,50823,"15th July, 2026",https://ncs.gov.in/NCSReportDashboard,offline extraction of previously downloaded public dashboard bundle,publisher_snapshot;2026_2027_partial;metric_definitions_require_confirmation
Jobseeker Registered,Tamil Nadu,2016-17,14754,"15th July, 2026",https://ncs.gov.in/NCSReportDashboard,offline extraction of previously downloaded public dashboard bundle,publisher_snapshot;2026_2027_partial;metric_definitions_require_confirmation
Jobseeker Registered,Tamil Nadu,2017-18,88232,"15th July, 2026",https://ncs.gov.in/NCSReportDashboard,offline extraction of previously downloaded public dashboard bundle,publisher_snapshot;2026_2027_partial;metric_definitions_require_confirmation
Jobseeker Registered,Tamil Nadu,2018-19,39496,"15th July, 2026",https://ncs.gov.in/NCSReportDashboard,offline extraction of previously downloaded public dashboard bundle,publisher_snapshot;2026_2027_partial;metric_definitions_require_confirmation
Jobseeker Registered,Tamil Nadu,2019-20,132163,"15th July, 2026",https://ncs.gov.in/NCSReportDashboard,offline extraction of previously downloaded public dashboard bundle,publisher_snapshot;2026_2027_partial;metric_definitions_require_confirmation
Jobseeker Registered,Tamil Nadu,2020-21,128777,"15th July, 2026",https://ncs.gov.in/NCSReportDashboard,offline extraction of previously downloaded public dashboard bundle,publisher_snapshot;2026_2027_partial;metric_definitions_require_confirmation
Jobseeker Registered,Tamil Nadu,2021-22,449237,"15th July, 2026",https://ncs.gov.in/NCSReportDashboard,offline extraction of previously downloaded public dashboard bundle,publisher_snapshot;2026_2027_partial;metric_definitions_require_confirmation
Jobseeker Registered,Tamil Nadu,2022-23,130548,"15th July, 2026",https://ncs.gov.in/NCSReportDashboard,offline extraction of previously downloaded public dashboard bundle,publisher_snapshot;2026_2027_partial;metric_definitions_require_confirmation
Jobseeker Registered,Tamil Nadu,2023-24,249092,"15th July, 2026",https://ncs.gov.in/NCSReportDashboard,offline extraction of previously downloaded public dashboard bundle,publisher_snapshot;2026_2027_partial;metric_definitions_require_confirmation
Jobseeker Registered,Tamil Nadu,2024-25,511001,"15th July, 2026",https://ncs.gov.in/NCSReportDashboard,offline extraction of previously downloaded public dashboard bundle,publisher_snapshot;2026_2027_partial;metric_definitions_require_confirmation
Jobseeker Registered,Tamil Nadu,2025-26,441284,"15th July, 2026",https://ncs.gov.in/NCSReportDashboard,offline extraction of previously downloaded public dashboard bundle,publisher_snapshot;2026_2027_partial;metric_definitions_require_confirmation
Jobseeker Registered,Tamil Nadu,2026-2027,135936,"15th July, 2026",https://ncs.gov.in/NCSReportDashboard,offline extraction of previously downloaded public dashboard bundle,publisher_snapshot;2026_2027_partial;metric_definitions_require_confirmation
Jobseeker Registered,Telangana,2015-16,18172,"15th July, 2026",https://ncs.gov.in/NCSReportDashboard,offline extraction of previously downloaded public dashboard bundle,publisher_snapshot;2026_2027_partial;metric_definitions_require_confirmation
Jobseeker Registered,Telangana,2016-17,8067,"15th July, 2026",https://ncs.gov.in/NCSReportDashboard,offline extraction of previously downloaded public dashboard bundle,publisher_snapshot;2026_2027_partial;metric_definitions_require_confirmation
Jobseeker Registered,Telangana,2017-18,72398,"15th July, 2026",https://ncs.gov.in/NCSReportDashboard,offline extraction of previously downloaded public dashboard bundle,publisher_snapshot;2026_2027_partial;metric_definitions_require_confirmation
Jobseeker Registered,Telangana,2018-19,15685,"15th July, 2026",https://ncs.gov.in/NCSReportDashboard,offline extraction of previously downloaded public dashboard bundle,publisher_snapshot;2026_2027_partial;metric_definitions_require_confirmation
Jobseeker Registered,Telangana,2019-20,196266,"15th July, 2026",https://ncs.gov.in/NCSReportDashboard,offline extraction of previously downloaded public dashboard bundle,publisher_snapshot;2026_2027_partial;metric_definitions_require_confirmation
Jobseeker Registered,Telangana,2020-21,78885,"15th July, 2026",https://ncs.gov.in/NCSReportDashboard,offline extraction of previously downloaded public dashboard bundle,publisher_snapshot;2026_2027_partial;metric_definitions_require_confirmation
Jobseeker Registered,Telangana,2021-22,193692,"15th July, 2026",https://ncs.gov.in/NCSReportDashboard,offline extraction of previously downloaded public dashboard bundle,publisher_snapshot;2026_2027_partial;metric_definitions_require_confirmation
Jobseeker Registered,Telangana,2022-23,71823,"15th July, 2026",https://ncs.gov.in/NCSReportDashboard,offline extraction of previously downloaded public dashboard bundle,publisher_snapshot;2026_2027_partial;metric_definitions_require_confirmation
Jobseeker Registered,Telangana,2023-24,181521,"15th July, 2026",https://ncs.gov.in/NCSReportDashboard,offline extraction of previously downloaded public dashboard bundle,publisher_snapshot;2026_2027_partial;metric_definitions_require_confirmation
Jobseeker Registered,Telangana,2024-25,215083,"15th July, 2026",https://ncs.gov.in/NCSReportDashboard,offline extraction of previously downloaded public dashboard bundle,publisher_snapshot;2026_2027_partial;metric_definitions_require_confirmation
Jobseeker Registered,Telangana,2025-26,150871,"15th July, 2026",https://ncs.gov.in/NCSReportDashboard,offline extraction of previously downloaded public dashboard bundle,publisher_snapshot;2026_2027_partial;metric_definitions_require_confirmation
Jobseeker Registered,Telangana,2026-2027,67235,"15th July, 2026",https://ncs.gov.in/NCSReportDashboard,offline extraction of previously downloaded public dashboard bundle,publisher_snapshot;2026_2027_partial;metric_definitions_require_confirmation
Jobseeker Registered,The Dadra and Nagar Haveli And Daman And Diu,2015-16,307,"15th July, 2026",https://ncs.gov.in/NCSReportDashboard,offline extraction of previously downloaded public dashboard bundle,publisher_snapshot;2026_2027_partial;metric_definitions_require_confirmation
Jobseeker Registered,The Dadra and Nagar Haveli And Daman And Diu,2016-17,72,"15th July, 2026",https://ncs.gov.in/NCSReportDashboard,offline extraction of previously downloaded public dashboard bundle,publisher_snapshot;2026_2027_partial;metric_definitions_require_confirmation
Jobseeker Registered,The Dadra and Nagar Haveli And Daman And Diu,2017-18,1100,"15th July, 2026",https://ncs.gov.in/NCSReportDashboard,offline extraction of previously downloaded public dashboard bundle,publisher_snapshot;2026_2027_partial;metric_definitions_require_confirmation
Jobseeker Registered,The Dadra and Nagar Haveli And Daman And Diu,2018-19,411,"15th July, 2026",https://ncs.gov.in/NCSReportDashboard,offline extraction of previously downloaded public dashboard bundle,publisher_snapshot;2026_2027_partial;metric_definitions_require_confirmation
Jobseeker Registered,The Dadra and Nagar Haveli And Daman And Diu,2019-20,679,"15th July, 2026",https://ncs.gov.in/NCSReportDashboard,offline extraction of previously downloaded public dashboard bundle,publisher_snapshot;2026_2027_partial;metric_definitions_require_confirmation
Jobseeker Registered,The Dadra and Nagar Haveli And Daman And Diu,2020-21,392,"15th July, 2026",https://ncs.gov.in/NCSReportDashboard,offline extraction of previously downloaded public dashboard bundle,publisher_snapshot;2026_2027_partial;metric_definitions_require_confirmation
Jobseeker Registered,The Dadra and Nagar Haveli And Daman And Diu,2021-22,1685,"15th July, 2026",https://ncs.gov.in/NCSReportDashboard,offline extraction of previously downloaded public dashboard bundle,publisher_snapshot;2026_2027_partial;metric_definitions_require_confirmation
Jobseeker Registered,The Dadra and Nagar Haveli And Daman And Diu,2022-23,264,"15th July, 2026",https://ncs.gov.in/NCSReportDashboard,offline extraction of previously downloaded public dashboard bundle,publisher_snapshot;2026_2027_partial;metric_definitions_require_confirmation
Jobseeker Registered,The Dadra and Nagar Haveli And Daman And Diu,2023-24,349,"15th July, 2026",https://ncs.gov.in/NCSReportDashboard,offline extraction of previously downloaded public dashboard bundle,publisher_snapshot;2026_2027_partial;metric_definitions_require_confirmation
Jobseeker Registered,The Dadra and Nagar Haveli And Daman And Diu,2024-25,374,"15th July, 2026",https://ncs.gov.in/NCSReportDashboard,offline extraction of previously downloaded public dashboard bundle,publisher_snapshot;2026_2027_partial;metric_definitions_require_confirmation
Jobseeker Registered,The Dadra and Nagar Haveli And Daman And Diu,2025-26,383,"15th July, 2026",https://ncs.gov.in/NCSReportDashboard,offline extraction of previously downloaded public dashboard bundle,publisher_snapshot;2026_2027_partial;metric_definitions_require_confirmation
Jobseeker Registered,The Dadra and Nagar Haveli And Daman And Diu,2026-2027,455,"15th July, 2026",https://ncs.gov.in/NCSReportDashboard,offline extraction of previously downloaded public dashboard bundle,publisher_snapshot;2026_2027_partial;metric_definitions_require_confirmation
Jobseeker Registered,Tripura,2015-16,9921,"15th July, 2026",https://ncs.gov.in/NCSReportDashboard,offline extraction of previously downloaded public dashboard bundle,publisher_snapshot;2026_2027_partial;metric_definitions_require_confirmation
Jobseeker Registered,Tripura,2016-17,15462,"15th July, 2026",https://ncs.gov.in/NCSReportDashboard,offline extraction of previously downloaded public dashboard bundle,publisher_snapshot;2026_2027_partial;metric_definitions_require_confirmation
Jobseeker Registered,Tripura,2017-18,37919,"15th July, 2026",https://ncs.gov.in/NCSReportDashboard,offline extraction of previously downloaded public dashboard bundle,publisher_snapshot;2026_2027_partial;metric_definitions_require_confirmation
Jobseeker Registered,Tripura,2018-19,81098,"15th July, 2026",https://ncs.gov.in/NCSReportDashboard,offline extraction of previously downloaded public dashboard bundle,publisher_snapshot;2026_2027_partial;metric_definitions_require_confirmation
Jobseeker Registered,Tripura,2019-20,47835,"15th July, 2026",https://ncs.gov.in/NCSReportDashboard,offline extraction of previously downloaded public dashboard bundle,publisher_snapshot;2026_2027_partial;metric_definitions_require_confirmation
Jobseeker Registered,Tripura,2020-21,50825,"15th July, 2026",https://ncs.gov.in/NCSReportDashboard,offline extraction of previously downloaded public dashboard bundle,publisher_snapshot;2026_2027_partial;metric_definitions_require_confirmation
Jobseeker Registered,Tripura,2021-22,76666,"15th July, 2026",https://ncs.gov.in/NCSReportDashboard,offline extraction of previously downloaded public dashboard bundle,publisher_snapshot;2026_2027_partial;metric_definitions_require_confirmation
Jobseeker Registered,Tripura,2022-23,31995,"15th July, 2026",https://ncs.gov.in/NCSReportDashboard,offline extraction of previously downloaded public dashboard bundle,publisher_snapshot;2026_2027_partial;metric_definitions_require_confirmation
Jobseeker Registered,Tripura,2023-24,38720,"15th July, 2026",https://ncs.gov.in/NCSReportDashboard,offline extraction of previously downloaded public dashboard bundle,publisher_snapshot;2026_2027_partial;metric_definitions_require_confirmation
Jobseeker Registered,Tripura,2024-25,30130,"15th July, 2026",https://ncs.gov.in/NCSReportDashboard,offline extraction of previously downloaded public dashboard bundle,publisher_snapshot;2026_2027_partial;metric_definitions_require_confirmation
Jobseeker Registered,Tripura,2025-26,21648,"15th July, 2026",https://ncs.gov.in/NCSReportDashboard,offline extraction of previously downloaded public dashboard bundle,publisher_snapshot;2026_2027_partial;metric_definitions_require_confirmation
Jobseeker Registered,Tripura,2026-2027,132103,"15th July, 2026",https://ncs.gov.in/NCSReportDashboard,offline extraction of previously downloaded public dashboard bundle,publisher_snapshot;2026_2027_partial;metric_definitions_require_confirmation
Jobseeker Registered,Uttar Pradesh,2015-16,29173,"15th July, 2026",https://ncs.gov.in/NCSReportDashboard,offline extraction of previously downloaded public dashboard bundle,publisher_snapshot;2026_2027_partial;metric_definitions_require_confirmation
Jobseeker Registered,Uttar Pradesh,2016-17,27183,"15th July, 2026",https://ncs.gov.in/NCSReportDashboard,offline extraction of previously downloaded public dashboard bundle,publisher_snapshot;2026_2027_partial;metric_definitions_require_confirmation
Jobseeker Registered,Uttar Pradesh,2017-18,372217,"15th July, 2026",https://ncs.gov.in/NCSReportDashboard,offline extraction of previously downloaded public dashboard bundle,publisher_snapshot;2026_2027_partial;metric_definitions_require_confirmation
Jobseeker Registered,Uttar Pradesh,2018-19,157348,"15th July, 2026",https://ncs.gov.in/NCSReportDashboard,offline extraction of previously downloaded public dashboard bundle,publisher_snapshot;2026_2027_partial;metric_definitions_require_confirmation
Jobseeker Registered,Uttar Pradesh,2019-20,841049,"15th July, 2026",https://ncs.gov.in/NCSReportDashboard,offline extraction of previously downloaded public dashboard bundle,publisher_snapshot;2026_2027_partial;metric_definitions_require_confirmation
Jobseeker Registered,Uttar Pradesh,2020-21,549525,"15th July, 2026",https://ncs.gov.in/NCSReportDashboard,offline extraction of previously downloaded public dashboard bundle,publisher_snapshot;2026_2027_partial;metric_definitions_require_confirmation
Jobseeker Registered,Uttar Pradesh,2021-22,583637,"15th July, 2026",https://ncs.gov.in/NCSReportDashboard,offline extraction of previously downloaded public dashboard bundle,publisher_snapshot;2026_2027_partial;metric_definitions_require_confirmation
Jobseeker Registered,Uttar Pradesh,2022-23,301224,"15th July, 2026",https://ncs.gov.in/NCSReportDashboard,offline extraction of previously downloaded public dashboard bundle,publisher_snapshot;2026_2027_partial;metric_definitions_require_confirmation
Jobseeker Registered,Uttar Pradesh,2023-24,785370,"15th July, 2026",https://ncs.gov.in/NCSReportDashboard,offline extraction of previously downloaded public dashboard bundle,publisher_snapshot;2026_2027_partial;metric_definitions_require_confirmation
Jobseeker Registered,Uttar Pradesh,2024-25,749727,"15th July, 2026",https://ncs.gov.in/NCSReportDashboard,offline extraction of previously downloaded public dashboard bundle,publisher_snapshot;2026_2027_partial;metric_definitions_require_confirmation
Jobseeker Registered,Uttar Pradesh,2025-26,685916,"15th July, 2026",https://ncs.gov.in/NCSReportDashboard,offline extraction of previously downloaded public dashboard bundle,publisher_snapshot;2026_2027_partial;metric_definitions_require_confirmation
Jobseeker Registered,Uttar Pradesh,2026-2027,299357,"15th July, 2026",https://ncs.gov.in/NCSReportDashboard,offline extraction of previously downloaded public dashboard bundle,publisher_snapshot;2026_2027_partial;metric_definitions_require_confirmation
Jobseeker Registered,Uttarakhand,2015-16,5315,"15th July, 2026",https://ncs.gov.in/NCSReportDashboard,offline extraction of previously downloaded public dashboard bundle,publisher_snapshot;2026_2027_partial;metric_definitions_require_confirmation
Jobseeker Registered,Uttarakhand,2016-17,7664,"15th July, 2026",https://ncs.gov.in/NCSReportDashboard,offline extraction of previously downloaded public dashboard bundle,publisher_snapshot;2026_2027_partial;metric_definitions_require_confirmation
Jobseeker Registered,Uttarakhand,2017-18,24006,"15th July, 2026",https://ncs.gov.in/NCSReportDashboard,offline extraction of previously downloaded public dashboard bundle,publisher_snapshot;2026_2027_partial;metric_definitions_require_confirmation
Jobseeker Registered,Uttarakhand,2018-19,8201,"15th July, 2026",https://ncs.gov.in/NCSReportDashboard,offline extraction of previously downloaded public dashboard bundle,publisher_snapshot;2026_2027_partial;metric_definitions_require_confirmation
Jobseeker Registered,Uttarakhand,2019-20,18812,"15th July, 2026",https://ncs.gov.in/NCSReportDashboard,offline extraction of previously downloaded public dashboard bundle,publisher_snapshot;2026_2027_partial;metric_definitions_require_confirmation
Jobseeker Registered,Uttarakhand,2020-21,15837,"15th July, 2026",https://ncs.gov.in/NCSReportDashboard,offline extraction of previously downloaded public dashboard bundle,publisher_snapshot;2026_2027_partial;metric_definitions_require_confirmation
Jobseeker Registered,Uttarakhand,2021-22,97766,"15th July, 2026",https://ncs.gov.in/NCSReportDashboard,offline extraction of previously downloaded public dashboard bundle,publisher_snapshot;2026_2027_partial;metric_definitions_require_confirmation
Jobseeker Registered,Uttarakhand,2022-23,152655,"15th July, 2026",https://ncs.gov.in/NCSReportDashboard,offline extraction of previously downloaded public dashboard bundle,publisher_snapshot;2026_2027_partial;metric_definitions_require_confirmation
Jobseeker Registered,Uttarakhand,2023-24,119987,"15th July, 2026",https://ncs.gov.in/NCSReportDashboard,offline extraction of previously downloaded public dashboard bundle,publisher_snapshot;2026_2027_partial;metric_definitions_require_confirmation
Jobseeker Registered,Uttarakhand,2024-25,77134,"15th July, 2026",https://ncs.gov.in/NCSReportDashboard,offline extraction of previously downloaded public dashboard bundle,publisher_snapshot;2026_2027_partial;metric_definitions_require_confirmation
Jobseeker Registered,Uttarakhand,2025-26,52347,"15th July, 2026",https://ncs.gov.in/NCSReportDashboard,offline extraction of previously downloaded public dashboard bundle,publisher_snapshot;2026_2027_partial;metric_definitions_require_confirmation
Jobseeker Registered,Uttarakhand,2026-2027,22889,"15th July, 2026",https://ncs.gov.in/NCSReportDashboard,offline extraction of previously downloaded public dashboard bundle,publisher_snapshot;2026_2027_partial;metric_definitions_require_confirmation
Jobseeker Registered,West Bengal,2015-16,1658213,"15th July, 2026",https://ncs.gov.in/NCSReportDashboard,offline extraction of previously downloaded public dashboard bundle,publisher_snapshot;2026_2027_partial;metric_definitions_require_confirmation
Jobseeker Registered,West Bengal,2016-17,175683,"15th July, 2026",https://ncs.gov.in/NCSReportDashboard,offline extraction of previously downloaded public dashboard bundle,publisher_snapshot;2026_2027_partial;metric_definitions_require_confirmation
Jobseeker Registered,West Bengal,2017-18,308963,"15th July, 2026",https://ncs.gov.in/NCSReportDashboard,offline extraction of previously downloaded public dashboard bundle,publisher_snapshot;2026_2027_partial;metric_definitions_require_confirmation
Jobseeker Registered,West Bengal,2018-19,206850,"15th July, 2026",https://ncs.gov.in/NCSReportDashboard,offline extraction of previously downloaded public dashboard bundle,publisher_snapshot;2026_2027_partial;metric_definitions_require_confirmation
Jobseeker Registered,West Bengal,2019-20,140206,"15th July, 2026",https://ncs.gov.in/NCSReportDashboard,offline extraction of previously downloaded public dashboard bundle,publisher_snapshot;2026_2027_partial;metric_definitions_require_confirmation
Jobseeker Registered,West Bengal,2020-21,195168,"15th July, 2026",https://ncs.gov.in/NCSReportDashboard,offline extraction of previously downloaded public dashboard bundle,publisher_snapshot;2026_2027_partial;metric_definitions_require_confirmation
Jobseeker Registered,West Bengal,2021-22,260220,"15th July, 2026",https://ncs.gov.in/NCSReportDashboard,offline extraction of previously downloaded public dashboard bundle,publisher_snapshot;2026_2027_partial;metric_definitions_require_confirmation
Jobseeker Registered,West Bengal,2022-23,146548,"15th July, 2026",https://ncs.gov.in/NCSReportDashboard,offline extraction of previously downloaded public dashboard bundle,publisher_snapshot;2026_2027_partial;metric_definitions_require_confirmation
Jobseeker Registered,West Bengal,2023-24,433533,"15th July, 2026",https://ncs.gov.in/NCSReportDashboard,offline extraction of previously downloaded public dashboard bundle,publisher_snapshot;2026_2027_partial;metric_definitions_require_confirmation
Jobseeker Registered,West Bengal,2024-25,247647,"15th July, 2026",https://ncs.gov.in/NCSReportDashboard,offline extraction of previously downloaded public dashboard bundle,publisher_snapshot;2026_2027_partial;metric_definitions_require_confirmation
Jobseeker Registered,West Bengal,2025-26,146730,"15th July, 2026",https://ncs.gov.in/NCSReportDashboard,offline extraction of previously downloaded public dashboard bundle,publisher_snapshot;2026_2027_partial;metric_definitions_require_confirmation
Jobseeker Registered,West Bengal,2026-2027,134972,"15th July, 2026",https://ncs.gov.in/NCSReportDashboard,offline extraction of previously downloaded public dashboard bundle,publisher_snapshot;2026_2027_partial;metric_definitions_require_confirmation
Active Jobseekers,Andaman and Nicobar Islands,2015-16,3,"15th July, 2026",https://ncs.gov.in/NCSReportDashboard,offline extraction of previously downloaded public dashboard bundle,publisher_snapshot;2026_2027_partial;metric_definitions_require_confirmation
Active Jobseekers,Andaman and Nicobar Islands,2016-17,1,"15th July, 2026",https://ncs.gov.in/NCSReportDashboard,offline extraction of previously downloaded public dashboard bundle,publisher_snapshot;2026_2027_partial;metric_definitions_require_confirmation
Active Jobseekers,Andaman and Nicobar Islands,2017-18,0,"15th July, 2026",https://ncs.gov.in/NCSReportDashboard,offline extraction of previously downloaded public dashboard bundle,publisher_snapshot;2026_2027_partial;metric_definitions_require_confirmation
Active Jobseekers,Andaman and Nicobar Islands,2018-19,0,"15th July, 2026",https://ncs.gov.in/NCSReportDashboard,offline extraction of previously downloaded public dashboard bundle,publisher_snapshot;2026_2027_partial;metric_definitions_require_confirmation
Active Jobseekers,Andaman and Nicobar Islands,2019-20,6,"15th July, 2026",https://ncs.gov.in/NCSReportDashboard,offline extraction of previously downloaded public dashboard bundle,publisher_snapshot;2026_2027_partial;metric_definitions_require_confirmation
Active Jobseekers,Andaman and Nicobar Islands,2020-21,9,"15th July, 2026",https://ncs.gov.in/NCSReportDashboard,offline extraction of previously downloaded public dashboard bundle,publisher_snapshot;2026_2027_partial;metric_definitions_require_confirmation
Active Jobseekers,Andaman and Nicobar Islands,2021-22,10,"15th July, 2026",https://ncs.gov.in/NCSReportDashboard,offline extraction of previously downloaded public dashboard bundle,publisher_snapshot;2026_2027_partial;metric_definitions_require_confirmation
Active Jobseekers,Andaman and Nicobar Islands,2022-23,15,"15th July, 2026",https://ncs.gov.in/NCSReportDashboard,offline extraction of previously downloaded public dashboard bundle,publisher_snapshot;2026_2027_partial;metric_definitions_require_confirmation
Active Jobseekers,Andaman and Nicobar Islands,2023-24,357,"15th July, 2026",https://ncs.gov.in/NCSReportDashboard,offline extraction of previously downloaded public dashboard bundle,publisher_snapshot;2026_2027_partial;metric_definitions_require_confirmation
Active Jobseekers,Andaman and Nicobar Islands,2024-25,2102,"15th July, 2026",https://ncs.gov.in/NCSReportDashboard,offline extraction of previously downloaded public dashboard bundle,publisher_snapshot;2026_2027_partial;metric_definitions_require_confirmation
Active Jobseekers,Andaman and Nicobar Islands,2025-26,2393,"15th July, 2026",https://ncs.gov.in/NCSReportDashboard,offline extraction of previously downloaded public dashboard bundle,publisher_snapshot;2026_2027_partial;metric_definitions_require_confirmation
Active Jobseekers,Andaman and Nicobar Islands,2026-2027,751,"15th July, 2026",https://ncs.gov.in/NCSReportDashboard,offline extraction of previously downloaded public dashboard bundle,publisher_snapshot;2026_2027_partial;metric_definitions_require_confirmation
Active Jobseekers,Andhra Pradesh,2015-16,77,"15th July, 2026",https://ncs.gov.in/NCSReportDashboard,offline extraction of previously downloaded public dashboard bundle,publisher_snapshot;2026_2027_partial;metric_definitions_require_confirmation
Active Jobseekers,Andhra Pradesh,2016-17,110,"15th July, 2026",https://ncs.gov.in/NCSReportDashboard,offline extraction of previously downloaded public dashboard bundle,publisher_snapshot;2026_2027_partial;metric_definitions_require_confirmation
Active Jobseekers,Andhra Pradesh,2017-18,266,"15th July, 2026",https://ncs.gov.in/NCSReportDashboard,offline extraction of previously downloaded public dashboard bundle,publisher_snapshot;2026_2027_partial;metric_definitions_require_confirmation
Active Jobseekers,Andhra Pradesh,2018-19,314,"15th July, 2026",https://ncs.gov.in/NCSReportDashboard,offline extraction of previously downloaded public dashboard bundle,publisher_snapshot;2026_2027_partial;metric_definitions_require_confirmation
Active Jobseekers,Andhra Pradesh,2019-20,640,"15th July, 2026",https://ncs.gov.in/NCSReportDashboard,offline extraction of previously downloaded public dashboard bundle,publisher_snapshot;2026_2027_partial;metric_definitions_require_confirmation
Active Jobseekers,Andhra Pradesh,2020-21,1037,"15th July, 2026",https://ncs.gov.in/NCSReportDashboard,offline extraction of previously downloaded public dashboard bundle,publisher_snapshot;2026_2027_partial;metric_definitions_require_confirmation
Active Jobseekers,Andhra Pradesh,2021-22,1844,"15th July, 2026",https://ncs.gov.in/NCSReportDashboard,offline extraction of previously downloaded public dashboard bundle,publisher_snapshot;2026_2027_partial;metric_definitions_require_confirmation
Active Jobseekers,Andhra Pradesh,2022-23,2086,"15th July, 2026",https://ncs.gov.in/NCSReportDashboard,offline extraction of previously downloaded public dashboard bundle,publisher_snapshot;2026_2027_partial;metric_definitions_require_confirmation
Active Jobseekers,Andhra Pradesh,2023-24,45427,"15th July, 2026",https://ncs.gov.in/NCSReportDashboard,offline extraction of previously downloaded public dashboard bundle,publisher_snapshot;2026_2027_partial;metric_definitions_require_confirmation
Active Jobseekers,Andhra Pradesh,2024-25,538728,"15th July, 2026",https://ncs.gov.in/NCSReportDashboard,offline extraction of previously downloaded public dashboard bundle,publisher_snapshot;2026_2027_partial;metric_definitions_require_confirmation
Active Jobseekers,Andhra Pradesh,2025-26,608405,"15th July, 2026",https://ncs.gov.in/NCSReportDashboard,offline extraction of previously downloaded public dashboard bundle,publisher_snapshot;2026_2027_partial;metric_definitions_require_confirmation
Active Jobseekers,Andhra Pradesh,2026-2027,110049,"15th July, 2026",https://ncs.gov.in/NCSReportDashboard,offline extraction of previously downloaded public dashboard bundle,publisher_snapshot;2026_2027_partial;metric_definitions_require_confirmation
Active Jobseekers,Arunachal Pradesh,2015-16,1,"15th July, 2026",https://ncs.gov.in/NCSReportDashboard,offline extraction of previously downloaded public dashboard bundle,publisher_snapshot;2026_2027_partial;metric_definitions_require_confirmation
Active Jobseekers,Arunachal Pradesh,2016-17,1,"15th July, 2026",https://ncs.gov.in/NCSReportDashboard,offline extraction of previously downloaded public dashboard bundle,publisher_snapshot;2026_2027_partial;metric_definitions_require_confirmation
Active Jobseekers,Arunachal Pradesh,2017-18,0,"15th July, 2026",https://ncs.gov.in/NCSReportDashboard,offline extraction of previously downloaded public dashboard bundle,publisher_snapshot;2026_2027_partial;metric_definitions_require_confirmation
Active Jobseekers,Arunachal Pradesh,2018-19,3,"15th July, 2026",https://ncs.gov.in/NCSReportDashboard,offline extraction of previously downloaded public dashboard bundle,publisher_snapshot;2026_2027_partial;metric_definitions_require_confirmation
Active Jobseekers,Arunachal Pradesh,2019-20,5,"15th July, 2026",https://ncs.gov.in/NCSReportDashboard,offline extraction of previously downloaded public dashboard bundle,publisher_snapshot;2026_2027_partial;metric_definitions_require_confirmation
Active Jobseekers,Arunachal Pradesh,2020-21,18,"15th July, 2026",https://ncs.gov.in/NCSReportDashboard,offline extraction of previously downloaded public dashboard bundle,publisher_snapshot;2026_2027_partial;metric_definitions_require_confirmation
Active Jobseekers,Arunachal Pradesh,2021-22,30,"15th July, 2026",https://ncs.gov.in/NCSReportDashboard,offline extraction of previously downloaded public dashboard bundle,publisher_snapshot;2026_2027_partial;metric_definitions_require_confirmation
Active Jobseekers,Arunachal Pradesh,2022-23,73,"15th July, 2026",https://ncs.gov.in/NCSReportDashboard,offline extraction of previously downloaded public dashboard bundle,publisher_snapshot;2026_2027_partial;metric_definitions_require_confirmation
Active Jobseekers,Arunachal Pradesh,2023-24,807,"15th July, 2026",https://ncs.gov.in/NCSReportDashboard,offline extraction of previously downloaded public dashboard bundle,publisher_snapshot;2026_2027_partial;metric_definitions_require_confirmation
Active Jobseekers,Arunachal Pradesh,2024-25,47827,"15th July, 2026",https://ncs.gov.in/NCSReportDashboard,offline extraction of previously downloaded public dashboard bundle,publisher_snapshot;2026_2027_partial;metric_definitions_require_confirmation
Active Jobseekers,Arunachal Pradesh,2025-26,10643,"15th July, 2026",https://ncs.gov.in/NCSReportDashboard,offline extraction of previously downloaded public dashboard bundle,publisher_snapshot;2026_2027_partial;metric_definitions_require_confirmation
Active Jobseekers,Arunachal Pradesh,2026-2027,3301,"15th July, 2026",https://ncs.gov.in/NCSReportDashboard,offline extraction of previously downloaded public dashboard bundle,publisher_snapshot;2026_2027_partial;metric_definitions_require_confirmation
Active Jobseekers,Assam,2015-16,38,"15th July, 2026",https://ncs.gov.in/NCSReportDashboard,offline extraction of previously downloaded public dashboard bundle,publisher_snapshot;2026_2027_partial;metric_definitions_require_confirmation
Active Jobseekers,Assam,2016-17,24,"15th July, 2026",https://ncs.gov.in/NCSReportDashboard,offline extraction of previously downloaded public dashboard bundle,publisher_snapshot;2026_2027_partial;metric_definitions_require_confirmation
Active Jobseekers,Assam,2017-18,36,"15th July, 2026",https://ncs.gov.in/NCSReportDashboard,offline extraction of previously downloaded public dashboard bundle,publisher_snapshot;2026_2027_partial;metric_definitions_require_confirmation
Active Jobseekers,Assam,2018-19,56,"15th July, 2026",https://ncs.gov.in/NCSReportDashboard,offline extraction of previously downloaded public dashboard bundle,publisher_snapshot;2026_2027_partial;metric_definitions_require_confirmation
Active Jobseekers,Assam,2019-20,150,"15th July, 2026",https://ncs.gov.in/NCSReportDashboard,offline extraction of previously downloaded public dashboard bundle,publisher_snapshot;2026_2027_partial;metric_definitions_require_confirmation
Active Jobseekers,Assam,2020-21,337,"15th July, 2026",https://ncs.gov.in/NCSReportDashboard,offline extraction of previously downloaded public dashboard bundle,publisher_snapshot;2026_2027_partial;metric_definitions_require_confirmation
Active Jobseekers,Assam,2021-22,339,"15th July, 2026",https://ncs.gov.in/NCSReportDashboard,offline extraction of previously downloaded public dashboard bundle,publisher_snapshot;2026_2027_partial;metric_definitions_require_confirmation
Active Jobseekers,Assam,2022-23,2092,"15th July, 2026",https://ncs.gov.in/NCSReportDashboard,offline extraction of previously downloaded public dashboard bundle,publisher_snapshot;2026_2027_partial;metric_definitions_require_confirmation
Active Jobseekers,Assam,2023-24,357714,"15th July, 2026",https://ncs.gov.in/NCSReportDashboard,offline extraction of previously downloaded public dashboard bundle,publisher_snapshot;2026_2027_partial;metric_definitions_require_confirmation
Active Jobseekers,Assam,2024-25,794048,"15th July, 2026",https://ncs.gov.in/NCSReportDashboard,offline extraction of previously downloaded public dashboard bundle,publisher_snapshot;2026_2027_partial;metric_definitions_require_confirmation
Active Jobseekers,Assam,2025-26,343409,"15th July, 2026",https://ncs.gov.in/NCSReportDashboard,offline extraction of previously downloaded public dashboard bundle,publisher_snapshot;2026_2027_partial;metric_definitions_require_confirmation
Active Jobseekers,Assam,2026-2027,49937,"15th July, 2026",https://ncs.gov.in/NCSReportDashboard,offline extraction of previously downloaded public dashboard bundle,publisher_snapshot;2026_2027_partial;metric_definitions_require_confirmation
Active Jobseekers,Bihar,2015-16,152,"15th July, 2026",https://ncs.gov.in/NCSReportDashboard,offline extraction of previously downloaded public dashboard bundle,publisher_snapshot;2026_2027_partial;metric_definitions_require_confirmation
Active Jobseekers,Bihar,2016-17,1208,"15th July, 2026",https://ncs.gov.in/NCSReportDashboard,offline extraction of previously downloaded public dashboard bundle,publisher_snapshot;2026_2027_partial;metric_definitions_require_confirmation
Active Jobseekers,Bihar,2017-18,1542,"15th July, 2026",https://ncs.gov.in/NCSReportDashboard,offline extraction of previously downloaded public dashboard bundle,publisher_snapshot;2026_2027_partial;metric_definitions_require_confirmation
Active Jobseekers,Bihar,2018-19,2102,"15th July, 2026",https://ncs.gov.in/NCSReportDashboard,offline extraction of previously downloaded public dashboard bundle,publisher_snapshot;2026_2027_partial;metric_definitions_require_confirmation
Active Jobseekers,Bihar,2019-20,2713,"15th July, 2026",https://ncs.gov.in/NCSReportDashboard,offline extraction of previously downloaded public dashboard bundle,publisher_snapshot;2026_2027_partial;metric_definitions_require_confirmation
Active Jobseekers,Bihar,2020-21,2265,"15th July, 2026",https://ncs.gov.in/NCSReportDashboard,offline extraction of previously downloaded public dashboard bundle,publisher_snapshot;2026_2027_partial;metric_definitions_require_confirmation
Active Jobseekers,Bihar,2021-22,2734,"15th July, 2026",https://ncs.gov.in/NCSReportDashboard,offline extraction of previously downloaded public dashboard bundle,publisher_snapshot;2026_2027_partial;metric_definitions_require_confirmation
Active Jobseekers,Bihar,2022-23,4473,"15th July, 2026",https://ncs.gov.in/NCSReportDashboard,offline extraction of previously downloaded public dashboard bundle,publisher_snapshot;2026_2027_partial;metric_definitions_require_confirmation
Active Jobseekers,Bihar,2023-24,133800,"15th July, 2026",https://ncs.gov.in/NCSReportDashboard,offline extraction of previously downloaded public dashboard bundle,publisher_snapshot;2026_2027_partial;metric_definitions_require_confirmation
Active Jobseekers,Bihar,2024-25,901118,"15th July, 2026",https://ncs.gov.in/NCSReportDashboard,offline extraction of previously downloaded public dashboard bundle,publisher_snapshot;2026_2027_partial;metric_definitions_require_confirmation
Active Jobseekers,Bihar,2025-26,1683361,"15th July, 2026",https://ncs.gov.in/NCSReportDashboard,offline extraction of previously downloaded public dashboard bundle,publisher_snapshot;2026_2027_partial;metric_definitions_require_confirmation
Active Jobseekers,Bihar,2026-2027,243636,"15th July, 2026",https://ncs.gov.in/NCSReportDashboard,offline extraction of previously downloaded public dashboard bundle,publisher_snapshot;2026_2027_partial;metric_definitions_require_confirmation
Active Jobseekers,Chandigarh,2015-16,14,"15th July, 2026",https://ncs.gov.in/NCSReportDashboard,offline extraction of previously downloaded public dashboard bundle,publisher_snapshot;2026_2027_partial;metric_definitions_require_confirmation
Active Jobseekers,Chandigarh,2016-17,59,"15th July, 2026",https://ncs.gov.in/NCSReportDashboard,offline extraction of previously downloaded public dashboard bundle,publisher_snapshot;2026_2027_partial;metric_definitions_require_confirmation
Active Jobseekers,Chandigarh,2017-18,60,"15th July, 2026",https://ncs.gov.in/NCSReportDashboard,offline extraction of previously downloaded public dashboard bundle,publisher_snapshot;2026_2027_partial;metric_definitions_require_confirmation
Active Jobseekers,Chandigarh,2018-19,52,"15th July, 2026",https://ncs.gov.in/NCSReportDashboard,offline extraction of previously downloaded public dashboard bundle,publisher_snapshot;2026_2027_partial;metric_definitions_require_confirmation
Active Jobseekers,Chandigarh,2019-20,52,"15th July, 2026",https://ncs.gov.in/NCSReportDashboard,offline extraction of previously downloaded public dashboard bundle,publisher_snapshot;2026_2027_partial;metric_definitions_require_confirmation
Active Jobseekers,Chandigarh,2020-21,77,"15th July, 2026",https://ncs.gov.in/NCSReportDashboard,offline extraction of previously downloaded public dashboard bundle,publisher_snapshot;2026_2027_partial;metric_definitions_require_confirmation
Active Jobseekers,Chandigarh,2021-22,88,"15th July, 2026",https://ncs.gov.in/NCSReportDashboard,offline extraction of previously downloaded public dashboard bundle,publisher_snapshot;2026_2027_partial;metric_definitions_require_confirmation
Active Jobseekers,Chandigarh,2022-23,93,"15th July, 2026",https://ncs.gov.in/NCSReportDashboard,offline extraction of previously downloaded public dashboard bundle,publisher_snapshot;2026_2027_partial;metric_definitions_require_confirmation
Active Jobseekers,Chandigarh,2023-24,1307,"15th July, 2026",https://ncs.gov.in/NCSReportDashboard,offline extraction of previously downloaded public dashboard bundle,publisher_snapshot;2026_2027_partial;metric_definitions_require_confirmation
Active Jobseekers,Chandigarh,2024-25,10850,"15th July, 2026",https://ncs.gov.in/NCSReportDashboard,offline extraction of previously downloaded public dashboard bundle,publisher_snapshot;2026_2027_partial;metric_definitions_require_confirmation
Active Jobseekers,Chandigarh,2025-26,6354,"15th July, 2026",https://ncs.gov.in/NCSReportDashboard,offline extraction of previously downloaded public dashboard bundle,publisher_snapshot;2026_2027_partial;metric_definitions_require_confirmation
Active Jobseekers,Chandigarh,2026-2027,3609,"15th July, 2026",https://ncs.gov.in/NCSReportDashboard,offline extraction of previously downloaded public dashboard bundle,publisher_snapshot;2026_2027_partial;metric_definitions_require_confirmation
Active Jobseekers,Chhattisgarh,2015-16,52,"15th July, 2026",https://ncs.gov.in/NCSReportDashboard,offline extraction of previously downloaded public dashboard bundle,publisher_snapshot;2026_2027_partial;metric_definitions_require_confirmation
Active Jobseekers,Chhattisgarh,2016-17,37,"15th July, 2026",https://ncs.gov.in/NCSReportDashboard,offline extraction of previously downloaded public dashboard bundle,publisher_snapshot;2026_2027_partial;metric_definitions_require_confirmation
Active Jobseekers,Chhattisgarh,2017-18,58,"15th July, 2026",https://ncs.gov.in/NCSReportDashboard,offline extraction of previously downloaded public dashboard bundle,publisher_snapshot;2026_2027_partial;metric_definitions_require_confirmation
Active Jobseekers,Chhattisgarh,2018-19,148,"15th July, 2026",https://ncs.gov.in/NCSReportDashboard,offline extraction of previously downloaded public dashboard bundle,publisher_snapshot;2026_2027_partial;metric_definitions_require_confirmation
Active Jobseekers,Chhattisgarh,2019-20,155,"15th July, 2026",https://ncs.gov.in/NCSReportDashboard,offline extraction of previously downloaded public dashboard bundle,publisher_snapshot;2026_2027_partial;metric_definitions_require_confirmation
Active Jobseekers,Chhattisgarh,2020-21,265,"15th July, 2026",https://ncs.gov.in/NCSReportDashboard,offline extraction of previously downloaded public dashboard bundle,publisher_snapshot;2026_2027_partial;metric_definitions_require_confirmation
Active Jobseekers,Chhattisgarh,2021-22,335,"15th July, 2026",https://ncs.gov.in/NCSReportDashboard,offline extraction of previously downloaded public dashboard bundle,publisher_snapshot;2026_2027_partial;metric_definitions_require_confirmation
Active Jobseekers,Chhattisgarh,2022-23,486,"15th July, 2026",https://ncs.gov.in/NCSReportDashboard,offline extraction of previously downloaded public dashboard bundle,publisher_snapshot;2026_2027_partial;metric_definitions_require_confirmation
Active Jobseekers,Chhattisgarh,2023-24,36455,"15th July, 2026",https://ncs.gov.in/NCSReportDashboard,offline extraction of previously downloaded public dashboard bundle,publisher_snapshot;2026_2027_partial;metric_definitions_require_confirmation
Active Jobseekers,Chhattisgarh,2024-25,262460,"15th July, 2026",https://ncs.gov.in/NCSReportDashboard,offline extraction of previously downloaded public dashboard bundle,publisher_snapshot;2026_2027_partial;metric_definitions_require_confirmation
Active Jobseekers,Chhattisgarh,2025-26,487062,"15th July, 2026",https://ncs.gov.in/NCSReportDashboard,offline extraction of previously downloaded public dashboard bundle,publisher_snapshot;2026_2027_partial;metric_definitions_require_confirmation
Active Jobseekers,Chhattisgarh,2026-2027,109189,"15th July, 2026",https://ncs.gov.in/NCSReportDashboard,offline extraction of previously downloaded public dashboard bundle,publisher_snapshot;2026_2027_partial;metric_definitions_require_confirmation
Active Jobseekers,Delhi,2015-16,285,"15th July, 2026",https://ncs.gov.in/NCSReportDashboard,offline extraction of previously downloaded public dashboard bundle,publisher_snapshot;2026_2027_partial;metric_definitions_require_confirmation
Active Jobseekers,Delhi,2016-17,238,"15th July, 2026",https://ncs.gov.in/NCSReportDashboard,offline extraction of previously downloaded public dashboard bundle,publisher_snapshot;2026_2027_partial;metric_definitions_require_confirmation
Active Jobseekers,Delhi,2017-18,283,"15th July, 2026",https://ncs.gov.in/NCSReportDashboard,offline extraction of previously downloaded public dashboard bundle,publisher_snapshot;2026_2027_partial;metric_definitions_require_confirmation
Active Jobseekers,Delhi,2018-19,436,"15th July, 2026",https://ncs.gov.in/NCSReportDashboard,offline extraction of previously downloaded public dashboard bundle,publisher_snapshot;2026_2027_partial;metric_definitions_require_confirmation
Active Jobseekers,Delhi,2019-20,622,"15th July, 2026",https://ncs.gov.in/NCSReportDashboard,offline extraction of previously downloaded public dashboard bundle,publisher_snapshot;2026_2027_partial;metric_definitions_require_confirmation
Active Jobseekers,Delhi,2020-21,1254,"15th July, 2026",https://ncs.gov.in/NCSReportDashboard,offline extraction of previously downloaded public dashboard bundle,publisher_snapshot;2026_2027_partial;metric_definitions_require_confirmation
Active Jobseekers,Delhi,2021-22,1405,"15th July, 2026",https://ncs.gov.in/NCSReportDashboard,offline extraction of previously downloaded public dashboard bundle,publisher_snapshot;2026_2027_partial;metric_definitions_require_confirmation
Active Jobseekers,Delhi,2022-23,2236,"15th July, 2026",https://ncs.gov.in/NCSReportDashboard,offline extraction of previously downloaded public dashboard bundle,publisher_snapshot;2026_2027_partial;metric_definitions_require_confirmation
Active Jobseekers,Delhi,2023-24,24961,"15th July, 2026",https://ncs.gov.in/NCSReportDashboard,offline extraction of previously downloaded public dashboard bundle,publisher_snapshot;2026_2027_partial;metric_definitions_require_confirmation
Active Jobseekers,Delhi,2024-25,148659,"15th July, 2026",https://ncs.gov.in/NCSReportDashboard,offline extraction of previously downloaded public dashboard bundle,publisher_snapshot;2026_2027_partial;metric_definitions_require_confirmation
Active Jobseekers,Delhi,2025-26,105925,"15th July, 2026",https://ncs.gov.in/NCSReportDashboard,offline extraction of previously downloaded public dashboard bundle,publisher_snapshot;2026_2027_partial;metric_definitions_require_confirmation
Active Jobseekers,Delhi,2026-2027,61435,"15th July, 2026",https://ncs.gov.in/NCSReportDashboard,offline extraction of previously downloaded public dashboard bundle,publisher_snapshot;2026_2027_partial;metric_definitions_require_confirmation
Active Jobseekers,Goa,2015-16,14,"15th July, 2026",https://ncs.gov.in/NCSReportDashboard,offline extraction of previously downloaded public dashboard bundle,publisher_snapshot;2026_2027_partial;metric_definitions_require_confirmation
Active Jobseekers,Goa,2016-17,6,"15th July, 2026",https://ncs.gov.in/NCSReportDashboard,offline extraction of previously downloaded public dashboard bundle,publisher_snapshot;2026_2027_partial;metric_definitions_require_confirmation
Active Jobseekers,Goa,2017-18,8,"15th July, 2026",https://ncs.gov.in/NCSReportDashboard,offline extraction of previously downloaded public dashboard bundle,publisher_snapshot;2026_2027_partial;metric_definitions_require_confirmation
Active Jobseekers,Goa,2018-19,22,"15th July, 2026",https://ncs.gov.in/NCSReportDashboard,offline extraction of previously downloaded public dashboard bundle,publisher_snapshot;2026_2027_partial;metric_definitions_require_confirmation
Active Jobseekers,Goa,2019-20,20,"15th July, 2026",https://ncs.gov.in/NCSReportDashboard,offline extraction of previously downloaded public dashboard bundle,publisher_snapshot;2026_2027_partial;metric_definitions_require_confirmation
Active Jobseekers,Goa,2020-21,71,"15th July, 2026",https://ncs.gov.in/NCSReportDashboard,offline extraction of previously downloaded public dashboard bundle,publisher_snapshot;2026_2027_partial;metric_definitions_require_confirmation
Active Jobseekers,Goa,2021-22,54,"15th July, 2026",https://ncs.gov.in/NCSReportDashboard,offline extraction of previously downloaded public dashboard bundle,publisher_snapshot;2026_2027_partial;metric_definitions_require_confirmation
Active Jobseekers,Goa,2022-23,219,"15th July, 2026",https://ncs.gov.in/NCSReportDashboard,offline extraction of previously downloaded public dashboard bundle,publisher_snapshot;2026_2027_partial;metric_definitions_require_confirmation
Active Jobseekers,Goa,2023-24,3433,"15th July, 2026",https://ncs.gov.in/NCSReportDashboard,offline extraction of previously downloaded public dashboard bundle,publisher_snapshot;2026_2027_partial;metric_definitions_require_confirmation
Active Jobseekers,Goa,2024-25,17050,"15th July, 2026",https://ncs.gov.in/NCSReportDashboard,offline extraction of previously downloaded public dashboard bundle,publisher_snapshot;2026_2027_partial;metric_definitions_require_confirmation
Active Jobseekers,Goa,2025-26,16579,"15th July, 2026",https://ncs.gov.in/NCSReportDashboard,offline extraction of previously downloaded public dashboard bundle,publisher_snapshot;2026_2027_partial;metric_definitions_require_confirmation
Active Jobseekers,Goa,2026-2027,1931,"15th July, 2026",https://ncs.gov.in/NCSReportDashboard,offline extraction of previously downloaded public dashboard bundle,publisher_snapshot;2026_2027_partial;metric_definitions_require_confirmation
Active Jobseekers,Gujarat,2015-16,66,"15th July, 2026",https://ncs.gov.in/NCSReportDashboard,offline extraction of previously downloaded public dashboard bundle,publisher_snapshot;2026_2027_partial;metric_definitions_require_confirmation
Active Jobseekers,Gujarat,2016-17,129,"15th July, 2026",https://ncs.gov.in/NCSReportDashboard,offline extraction of previously downloaded public dashboard bundle,publisher_snapshot;2026_2027_partial;metric_definitions_require_confirmation
Active Jobseekers,Gujarat,2017-18,234,"15th July, 2026",https://ncs.gov.in/NCSReportDashboard,offline extraction of previously downloaded public dashboard bundle,publisher_snapshot;2026_2027_partial;metric_definitions_require_confirmation
Active Jobseekers,Gujarat,2018-19,313,"15th July, 2026",https://ncs.gov.in/NCSReportDashboard,offline extraction of previously downloaded public dashboard bundle,publisher_snapshot;2026_2027_partial;metric_definitions_require_confirmation
Active Jobseekers,Gujarat,2019-20,399,"15th July, 2026",https://ncs.gov.in/NCSReportDashboard,offline extraction of previously downloaded public dashboard bundle,publisher_snapshot;2026_2027_partial;metric_definitions_require_confirmation
Active Jobseekers,Gujarat,2020-21,661,"15th July, 2026",https://ncs.gov.in/NCSReportDashboard,offline extraction of previously downloaded public dashboard bundle,publisher_snapshot;2026_2027_partial;metric_definitions_require_confirmation
Active Jobseekers,Gujarat,2021-22,724,"15th July, 2026",https://ncs.gov.in/NCSReportDashboard,offline extraction of previously downloaded public dashboard bundle,publisher_snapshot;2026_2027_partial;metric_definitions_require_confirmation
Active Jobseekers,Gujarat,2022-23,1614,"15th July, 2026",https://ncs.gov.in/NCSReportDashboard,offline extraction of previously downloaded public dashboard bundle,publisher_snapshot;2026_2027_partial;metric_definitions_require_confirmation
Active Jobseekers,Gujarat,2023-24,37088,"15th July, 2026",https://ncs.gov.in/NCSReportDashboard,offline extraction of previously downloaded public dashboard bundle,publisher_snapshot;2026_2027_partial;metric_definitions_require_confirmation
Active Jobseekers,Gujarat,2024-25,374419,"15th July, 2026",https://ncs.gov.in/NCSReportDashboard,offline extraction of previously downloaded public dashboard bundle,publisher_snapshot;2026_2027_partial;metric_definitions_require_confirmation
Active Jobseekers,Gujarat,2025-26,313588,"15th July, 2026",https://ncs.gov.in/NCSReportDashboard,offline extraction of previously downloaded public dashboard bundle,publisher_snapshot;2026_2027_partial;metric_definitions_require_confirmation
Active Jobseekers,Gujarat,2026-2027,200894,"15th July, 2026",https://ncs.gov.in/NCSReportDashboard,offline extraction of previously downloaded public dashboard bundle,publisher_snapshot;2026_2027_partial;metric_definitions_require_confirmation
Active Jobseekers,Haryana,2015-16,107,"15th July, 2026",https://ncs.gov.in/NCSReportDashboard,offline extraction of previously downloaded public dashboard bundle,publisher_snapshot;2026_2027_partial;metric_definitions_require_confirmation
Active Jobseekers,Haryana,2016-17,76,"15th July, 2026",https://ncs.gov.in/NCSReportDashboard,offline extraction of previously downloaded public dashboard bundle,publisher_snapshot;2026_2027_partial;metric_definitions_require_confirmation
Active Jobseekers,Haryana,2017-18,144,"15th July, 2026",https://ncs.gov.in/NCSReportDashboard,offline extraction of previously downloaded public dashboard bundle,publisher_snapshot;2026_2027_partial;metric_definitions_require_confirmation
Active Jobseekers,Haryana,2018-19,212,"15th July, 2026",https://ncs.gov.in/NCSReportDashboard,offline extraction of previously downloaded public dashboard bundle,publisher_snapshot;2026_2027_partial;metric_definitions_require_confirmation
Active Jobseekers,Haryana,2019-20,327,"15th July, 2026",https://ncs.gov.in/NCSReportDashboard,offline extraction of previously downloaded public dashboard bundle,publisher_snapshot;2026_2027_partial;metric_definitions_require_confirmation
Active Jobseekers,Haryana,2020-21,681,"15th July, 2026",https://ncs.gov.in/NCSReportDashboard,offline extraction of previously downloaded public dashboard bundle,publisher_snapshot;2026_2027_partial;metric_definitions_require_confirmation
Active Jobseekers,Haryana,2021-22,977,"15th July, 2026",https://ncs.gov.in/NCSReportDashboard,offline extraction of previously downloaded public dashboard bundle,publisher_snapshot;2026_2027_partial;metric_definitions_require_confirmation
Active Jobseekers,Haryana,2022-23,1340,"15th July, 2026",https://ncs.gov.in/NCSReportDashboard,offline extraction of previously downloaded public dashboard bundle,publisher_snapshot;2026_2027_partial;metric_definitions_require_confirmation
Active Jobseekers,Haryana,2023-24,19360,"15th July, 2026",https://ncs.gov.in/NCSReportDashboard,offline extraction of previously downloaded public dashboard bundle,publisher_snapshot;2026_2027_partial;metric_definitions_require_confirmation
Active Jobseekers,Haryana,2024-25,125448,"15th July, 2026",https://ncs.gov.in/NCSReportDashboard,offline extraction of previously downloaded public dashboard bundle,publisher_snapshot;2026_2027_partial;metric_definitions_require_confirmation
Active Jobseekers,Haryana,2025-26,317910,"15th July, 2026",https://ncs.gov.in/NCSReportDashboard,offline extraction of previously downloaded public dashboard bundle,publisher_snapshot;2026_2027_partial;metric_definitions_require_confirmation
Active Jobseekers,Haryana,2026-2027,64659,"15th July, 2026",https://ncs.gov.in/NCSReportDashboard,offline extraction of previously downloaded public dashboard bundle,publisher_snapshot;2026_2027_partial;metric_definitions_require_confirmation
Active Jobseekers,Himachal Pradesh,2015-16,21,"15th July, 2026",https://ncs.gov.in/NCSReportDashboard,offline extraction of previously downloaded public dashboard bundle,publisher_snapshot;2026_2027_partial;metric_definitions_require_confirmation
Active Jobseekers,Himachal Pradesh,2016-17,11,"15th July, 2026",https://ncs.gov.in/NCSReportDashboard,offline extraction of previously downloaded public dashboard bundle,publisher_snapshot;2026_2027_partial;metric_definitions_require_confirmation
Active Jobseekers,Himachal Pradesh,2017-18,30,"15th July, 2026",https://ncs.gov.in/NCSReportDashboard,offline extraction of previously downloaded public dashboard bundle,publisher_snapshot;2026_2027_partial;metric_definitions_require_confirmation
Active Jobseekers,Himachal Pradesh,2018-19,32,"15th July, 2026",https://ncs.gov.in/NCSReportDashboard,offline extraction of previously downloaded public dashboard bundle,publisher_snapshot;2026_2027_partial;metric_definitions_require_confirmation
Active Jobseekers,Himachal Pradesh,2019-20,93,"15th July, 2026",https://ncs.gov.in/NCSReportDashboard,offline extraction of previously downloaded public dashboard bundle,publisher_snapshot;2026_2027_partial;metric_definitions_require_confirmation
Active Jobseekers,Himachal Pradesh,2020-21,249,"15th July, 2026",https://ncs.gov.in/NCSReportDashboard,offline extraction of previously downloaded public dashboard bundle,publisher_snapshot;2026_2027_partial;metric_definitions_require_confirmation
Active Jobseekers,Himachal Pradesh,2021-22,318,"15th July, 2026",https://ncs.gov.in/NCSReportDashboard,offline extraction of previously downloaded public dashboard bundle,publisher_snapshot;2026_2027_partial;metric_definitions_require_confirmation
Active Jobseekers,Himachal Pradesh,2022-23,298,"15th July, 2026",https://ncs.gov.in/NCSReportDashboard,offline extraction of previously downloaded public dashboard bundle,publisher_snapshot;2026_2027_partial;metric_definitions_require_confirmation
Active Jobseekers,Himachal Pradesh,2023-24,9299,"15th July, 2026",https://ncs.gov.in/NCSReportDashboard,offline extraction of previously downloaded public dashboard bundle,publisher_snapshot;2026_2027_partial;metric_definitions_require_confirmation
Active Jobseekers,Himachal Pradesh,2024-25,103319,"15th July, 2026",https://ncs.gov.in/NCSReportDashboard,offline extraction of previously downloaded public dashboard bundle,publisher_snapshot;2026_2027_partial;metric_definitions_require_confirmation
Active Jobseekers,Himachal Pradesh,2025-26,34150,"15th July, 2026",https://ncs.gov.in/NCSReportDashboard,offline extraction of previously downloaded public dashboard bundle,publisher_snapshot;2026_2027_partial;metric_definitions_require_confirmation
Active Jobseekers,Himachal Pradesh,2026-2027,12735,"15th July, 2026",https://ncs.gov.in/NCSReportDashboard,offline extraction of previously downloaded public dashboard bundle,publisher_snapshot;2026_2027_partial;metric_definitions_require_confirmation
Active Jobseekers,Jammu and Kashmir,2015-16,18,"15th July, 2026",https://ncs.gov.in/NCSReportDashboard,offline extraction of previously downloaded public dashboard bundle,publisher_snapshot;2026_2027_partial;metric_definitions_require_confirmation
Active Jobseekers,Jammu and Kashmir,2016-17,20,"15th July, 2026",https://ncs.gov.in/NCSReportDashboard,offline extraction of previously downloaded public dashboard bundle,publisher_snapshot;2026_2027_partial;metric_definitions_require_confirmation
Active Jobseekers,Jammu and Kashmir,2017-18,35,"15th July, 2026",https://ncs.gov.in/NCSReportDashboard,offline extraction of previously downloaded public dashboard bundle,publisher_snapshot;2026_2027_partial;metric_definitions_require_confirmation
Active Jobseekers,Jammu and Kashmir,2018-19,70,"15th July, 2026",https://ncs.gov.in/NCSReportDashboard,offline extraction of previously downloaded public dashboard bundle,publisher_snapshot;2026_2027_partial;metric_definitions_require_confirmation
Active Jobseekers,Jammu and Kashmir,2019-20,85,"15th July, 2026",https://ncs.gov.in/NCSReportDashboard,offline extraction of previously downloaded public dashboard bundle,publisher_snapshot;2026_2027_partial;metric_definitions_require_confirmation
Active Jobseekers,Jammu and Kashmir,2020-21,150,"15th July, 2026",https://ncs.gov.in/NCSReportDashboard,offline extraction of previously downloaded public dashboard bundle,publisher_snapshot;2026_2027_partial;metric_definitions_require_confirmation
Active Jobseekers,Jammu and Kashmir,2021-22,294,"15th July, 2026",https://ncs.gov.in/NCSReportDashboard,offline extraction of previously downloaded public dashboard bundle,publisher_snapshot;2026_2027_partial;metric_definitions_require_confirmation
Active Jobseekers,Jammu and Kashmir,2022-23,1203,"15th July, 2026",https://ncs.gov.in/NCSReportDashboard,offline extraction of previously downloaded public dashboard bundle,publisher_snapshot;2026_2027_partial;metric_definitions_require_confirmation
Active Jobseekers,Jammu and Kashmir,2023-24,24511,"15th July, 2026",https://ncs.gov.in/NCSReportDashboard,offline extraction of previously downloaded public dashboard bundle,publisher_snapshot;2026_2027_partial;metric_definitions_require_confirmation
Active Jobseekers,Jammu and Kashmir,2024-25,136430,"15th July, 2026",https://ncs.gov.in/NCSReportDashboard,offline extraction of previously downloaded public dashboard bundle,publisher_snapshot;2026_2027_partial;metric_definitions_require_confirmation
Active Jobseekers,Jammu and Kashmir,2025-26,61172,"15th July, 2026",https://ncs.gov.in/NCSReportDashboard,offline extraction of previously downloaded public dashboard bundle,publisher_snapshot;2026_2027_partial;metric_definitions_require_confirmation
Active Jobseekers,Jammu and Kashmir,2026-2027,26297,"15th July, 2026",https://ncs.gov.in/NCSReportDashboard,offline extraction of previously downloaded public dashboard bundle,publisher_snapshot;2026_2027_partial;metric_definitions_require_confirmation
Active Jobseekers,Jharkhand,2015-16,87,"15th July, 2026",https://ncs.gov.in/NCSReportDashboard,offline extraction of previously downloaded public dashboard bundle,publisher_snapshot;2026_2027_partial;metric_definitions_require_confirmation
Active Jobseekers,Jharkhand,2016-17,40,"15th July, 2026",https://ncs.gov.in/NCSReportDashboard,offline extraction of previously downloaded public dashboard bundle,publisher_snapshot;2026_2027_partial;metric_definitions_require_confirmation
Active Jobseekers,Jharkhand,2017-18,76,"15th July, 2026",https://ncs.gov.in/NCSReportDashboard,offline extraction of previously downloaded public dashboard bundle,publisher_snapshot;2026_2027_partial;metric_definitions_require_confirmation
Active Jobseekers,Jharkhand,2018-19,173,"15th July, 2026",https://ncs.gov.in/NCSReportDashboard,offline extraction of previously downloaded public dashboard bundle,publisher_snapshot;2026_2027_partial;metric_definitions_require_confirmation
Active Jobseekers,Jharkhand,2019-20,263,"15th July, 2026",https://ncs.gov.in/NCSReportDashboard,offline extraction of previously downloaded public dashboard bundle,publisher_snapshot;2026_2027_partial;metric_definitions_require_confirmation
Active Jobseekers,Jharkhand,2020-21,493,"15th July, 2026",https://ncs.gov.in/NCSReportDashboard,offline extraction of previously downloaded public dashboard bundle,publisher_snapshot;2026_2027_partial;metric_definitions_require_confirmation
Active Jobseekers,Jharkhand,2021-22,1459,"15th July, 2026",https://ncs.gov.in/NCSReportDashboard,offline extraction of previously downloaded public dashboard bundle,publisher_snapshot;2026_2027_partial;metric_definitions_require_confirmation
Active Jobseekers,Jharkhand,2022-23,1150,"15th July, 2026",https://ncs.gov.in/NCSReportDashboard,offline extraction of previously downloaded public dashboard bundle,publisher_snapshot;2026_2027_partial;metric_definitions_require_confirmation
Active Jobseekers,Jharkhand,2023-24,55587,"15th July, 2026",https://ncs.gov.in/NCSReportDashboard,offline extraction of previously downloaded public dashboard bundle,publisher_snapshot;2026_2027_partial;metric_definitions_require_confirmation
Active Jobseekers,Jharkhand,2024-25,451402,"15th July, 2026",https://ncs.gov.in/NCSReportDashboard,offline extraction of previously downloaded public dashboard bundle,publisher_snapshot;2026_2027_partial;metric_definitions_require_confirmation
Active Jobseekers,Jharkhand,2025-26,263406,"15th July, 2026",https://ncs.gov.in/NCSReportDashboard,offline extraction of previously downloaded public dashboard bundle,publisher_snapshot;2026_2027_partial;metric_definitions_require_confirmation
Active Jobseekers,Jharkhand,2026-2027,67439,"15th July, 2026",https://ncs.gov.in/NCSReportDashboard,offline extraction of previously downloaded public dashboard bundle,publisher_snapshot;2026_2027_partial;metric_definitions_require_confirmation
Active Jobseekers,Karnataka,2015-16,76,"15th July, 2026",https://ncs.gov.in/NCSReportDashboard,offline extraction of previously downloaded public dashboard bundle,publisher_snapshot;2026_2027_partial;metric_definitions_require_confirmation
Active Jobseekers,Karnataka,2016-17,51,"15th July, 2026",https://ncs.gov.in/NCSReportDashboard,offline extraction of previously downloaded public dashboard bundle,publisher_snapshot;2026_2027_partial;metric_definitions_require_confirmation
Active Jobseekers,Karnataka,2017-18,91,"15th July, 2026",https://ncs.gov.in/NCSReportDashboard,offline extraction of previously downloaded public dashboard bundle,publisher_snapshot;2026_2027_partial;metric_definitions_require_confirmation
Active Jobseekers,Karnataka,2018-19,219,"15th July, 2026",https://ncs.gov.in/NCSReportDashboard,offline extraction of previously downloaded public dashboard bundle,publisher_snapshot;2026_2027_partial;metric_definitions_require_confirmation
Active Jobseekers,Karnataka,2019-20,384,"15th July, 2026",https://ncs.gov.in/NCSReportDashboard,offline extraction of previously downloaded public dashboard bundle,publisher_snapshot;2026_2027_partial;metric_definitions_require_confirmation
Active Jobseekers,Karnataka,2020-21,614,"15th July, 2026",https://ncs.gov.in/NCSReportDashboard,offline extraction of previously downloaded public dashboard bundle,publisher_snapshot;2026_2027_partial;metric_definitions_require_confirmation
Active Jobseekers,Karnataka,2021-22,914,"15th July, 2026",https://ncs.gov.in/NCSReportDashboard,offline extraction of previously downloaded public dashboard bundle,publisher_snapshot;2026_2027_partial;metric_definitions_require_confirmation
Active Jobseekers,Karnataka,2022-23,1014,"15th July, 2026",https://ncs.gov.in/NCSReportDashboard,offline extraction of previously downloaded public dashboard bundle,publisher_snapshot;2026_2027_partial;metric_definitions_require_confirmation
Active Jobseekers,Karnataka,2023-24,353714,"15th July, 2026",https://ncs.gov.in/NCSReportDashboard,offline extraction of previously downloaded public dashboard bundle,publisher_snapshot;2026_2027_partial;metric_definitions_require_confirmation
Active Jobseekers,Karnataka,2024-25,1657667,"15th July, 2026",https://ncs.gov.in/NCSReportDashboard,offline extraction of previously downloaded public dashboard bundle,publisher_snapshot;2026_2027_partial;metric_definitions_require_confirmation
Active Jobseekers,Karnataka,2025-26,266502,"15th July, 2026",https://ncs.gov.in/NCSReportDashboard,offline extraction of previously downloaded public dashboard bundle,publisher_snapshot;2026_2027_partial;metric_definitions_require_confirmation
Active Jobseekers,Karnataka,2026-2027,70049,"15th July, 2026",https://ncs.gov.in/NCSReportDashboard,offline extraction of previously downloaded public dashboard bundle,publisher_snapshot;2026_2027_partial;metric_definitions_require_confirmation
Active Jobseekers,Kerala,2015-16,131,"15th July, 2026",https://ncs.gov.in/NCSReportDashboard,offline extraction of previously downloaded public dashboard bundle,publisher_snapshot;2026_2027_partial;metric_definitions_require_confirmation
Active Jobseekers,Kerala,2016-17,70,"15th July, 2026",https://ncs.gov.in/NCSReportDashboard,offline extraction of previously downloaded public dashboard bundle,publisher_snapshot;2026_2027_partial;metric_definitions_require_confirmation
Active Jobseekers,Kerala,2017-18,193,"15th July, 2026",https://ncs.gov.in/NCSReportDashboard,offline extraction of previously downloaded public dashboard bundle,publisher_snapshot;2026_2027_partial;metric_definitions_require_confirmation
Active Jobseekers,Kerala,2018-19,239,"15th July, 2026",https://ncs.gov.in/NCSReportDashboard,offline extraction of previously downloaded public dashboard bundle,publisher_snapshot;2026_2027_partial;metric_definitions_require_confirmation
Active Jobseekers,Kerala,2019-20,379,"15th July, 2026",https://ncs.gov.in/NCSReportDashboard,offline extraction of previously downloaded public dashboard bundle,publisher_snapshot;2026_2027_partial;metric_definitions_require_confirmation
Active Jobseekers,Kerala,2020-21,1069,"15th July, 2026",https://ncs.gov.in/NCSReportDashboard,offline extraction of previously downloaded public dashboard bundle,publisher_snapshot;2026_2027_partial;metric_definitions_require_confirmation
Active Jobseekers,Kerala,2021-22,1228,"15th July, 2026",https://ncs.gov.in/NCSReportDashboard,offline extraction of previously downloaded public dashboard bundle,publisher_snapshot;2026_2027_partial;metric_definitions_require_confirmation
Active Jobseekers,Kerala,2022-23,1245,"15th July, 2026",https://ncs.gov.in/NCSReportDashboard,offline extraction of previously downloaded public dashboard bundle,publisher_snapshot;2026_2027_partial;metric_definitions_require_confirmation
Active Jobseekers,Kerala,2023-24,16012,"15th July, 2026",https://ncs.gov.in/NCSReportDashboard,offline extraction of previously downloaded public dashboard bundle,publisher_snapshot;2026_2027_partial;metric_definitions_require_confirmation
Active Jobseekers,Kerala,2024-25,145014,"15th July, 2026",https://ncs.gov.in/NCSReportDashboard,offline extraction of previously downloaded public dashboard bundle,publisher_snapshot;2026_2027_partial;metric_definitions_require_confirmation
Active Jobseekers,Kerala,2025-26,111186,"15th July, 2026",https://ncs.gov.in/NCSReportDashboard,offline extraction of previously downloaded public dashboard bundle,publisher_snapshot;2026_2027_partial;metric_definitions_require_confirmation
Active Jobseekers,Kerala,2026-2027,44199,"15th July, 2026",https://ncs.gov.in/NCSReportDashboard,offline extraction of previously downloaded public dashboard bundle,publisher_snapshot;2026_2027_partial;metric_definitions_require_confirmation
Active Jobseekers,Ladakh,2015-16,0,"15th July, 2026",https://ncs.gov.in/NCSReportDashboard,offline extraction of previously downloaded public dashboard bundle,publisher_snapshot;2026_2027_partial;metric_definitions_require_confirmation
Active Jobseekers,Ladakh,2016-17,0,"15th July, 2026",https://ncs.gov.in/NCSReportDashboard,offline extraction of previously downloaded public dashboard bundle,publisher_snapshot;2026_2027_partial;metric_definitions_require_confirmation
Active Jobseekers,Ladakh,2017-18,0,"15th July, 2026",https://ncs.gov.in/NCSReportDashboard,offline extraction of previously downloaded public dashboard bundle,publisher_snapshot;2026_2027_partial;metric_definitions_require_confirmation
Active Jobseekers,Ladakh,2018-19,4,"15th July, 2026",https://ncs.gov.in/NCSReportDashboard,offline extraction of previously downloaded public dashboard bundle,publisher_snapshot;2026_2027_partial;metric_definitions_require_confirmation
Active Jobseekers,Ladakh,2019-20,0,"15th July, 2026",https://ncs.gov.in/NCSReportDashboard,offline extraction of previously downloaded public dashboard bundle,publisher_snapshot;2026_2027_partial;metric_definitions_require_confirmation
Active Jobseekers,Ladakh,2020-21,8,"15th July, 2026",https://ncs.gov.in/NCSReportDashboard,offline extraction of previously downloaded public dashboard bundle,publisher_snapshot;2026_2027_partial;metric_definitions_require_confirmation
Active Jobseekers,Ladakh,2021-22,5,"15th July, 2026",https://ncs.gov.in/NCSReportDashboard,offline extraction of previously downloaded public dashboard bundle,publisher_snapshot;2026_2027_partial;metric_definitions_require_confirmation
Active Jobseekers,Ladakh,2022-23,15,"15th July, 2026",https://ncs.gov.in/NCSReportDashboard,offline extraction of previously downloaded public dashboard bundle,publisher_snapshot;2026_2027_partial;metric_definitions_require_confirmation
Active Jobseekers,Ladakh,2023-24,414,"15th July, 2026",https://ncs.gov.in/NCSReportDashboard,offline extraction of previously downloaded public dashboard bundle,publisher_snapshot;2026_2027_partial;metric_definitions_require_confirmation
Active Jobseekers,Ladakh,2024-25,2167,"15th July, 2026",https://ncs.gov.in/NCSReportDashboard,offline extraction of previously downloaded public dashboard bundle,publisher_snapshot;2026_2027_partial;metric_definitions_require_confirmation
Active Jobseekers,Ladakh,2025-26,1720,"15th July, 2026",https://ncs.gov.in/NCSReportDashboard,offline extraction of previously downloaded public dashboard bundle,publisher_snapshot;2026_2027_partial;metric_definitions_require_confirmation
Active Jobseekers,Ladakh,2026-2027,702,"15th July, 2026",https://ncs.gov.in/NCSReportDashboard,offline extraction of previously downloaded public dashboard bundle,publisher_snapshot;2026_2027_partial;metric_definitions_require_confirmation
Active Jobseekers,Lakshadweep,2015-16,1,"15th July, 2026",https://ncs.gov.in/NCSReportDashboard,offline extraction of previously downloaded public dashboard bundle,publisher_snapshot;2026_2027_partial;metric_definitions_require_confirmation
Active Jobseekers,Lakshadweep,2016-17,0,"15th July, 2026",https://ncs.gov.in/NCSReportDashboard,offline extraction of previously downloaded public dashboard bundle,publisher_snapshot;2026_2027_partial;metric_definitions_require_confirmation
Active Jobseekers,Lakshadweep,2017-18,1,"15th July, 2026",https://ncs.gov.in/NCSReportDashboard,offline extraction of previously downloaded public dashboard bundle,publisher_snapshot;2026_2027_partial;metric_definitions_require_confirmation
Active Jobseekers,Lakshadweep,2018-19,5,"15th July, 2026",https://ncs.gov.in/NCSReportDashboard,offline extraction of previously downloaded public dashboard bundle,publisher_snapshot;2026_2027_partial;metric_definitions_require_confirmation
Active Jobseekers,Lakshadweep,2019-20,9,"15th July, 2026",https://ncs.gov.in/NCSReportDashboard,offline extraction of previously downloaded public dashboard bundle,publisher_snapshot;2026_2027_partial;metric_definitions_require_confirmation
Active Jobseekers,Lakshadweep,2020-21,3,"15th July, 2026",https://ncs.gov.in/NCSReportDashboard,offline extraction of previously downloaded public dashboard bundle,publisher_snapshot;2026_2027_partial;metric_definitions_require_confirmation
Active Jobseekers,Lakshadweep,2021-22,2,"15th July, 2026",https://ncs.gov.in/NCSReportDashboard,offline extraction of previously downloaded public dashboard bundle,publisher_snapshot;2026_2027_partial;metric_definitions_require_confirmation
Active Jobseekers,Lakshadweep,2022-23,2,"15th July, 2026",https://ncs.gov.in/NCSReportDashboard,offline extraction of previously downloaded public dashboard bundle,publisher_snapshot;2026_2027_partial;metric_definitions_require_confirmation
Active Jobseekers,Lakshadweep,2023-24,21,"15th July, 2026",https://ncs.gov.in/NCSReportDashboard,offline extraction of previously downloaded public dashboard bundle,publisher_snapshot;2026_2027_partial;metric_definitions_require_confirmation
Active Jobseekers,Lakshadweep,2024-25,1010,"15th July, 2026",https://ncs.gov.in/NCSReportDashboard,offline extraction of previously downloaded public dashboard bundle,publisher_snapshot;2026_2027_partial;metric_definitions_require_confirmation
Active Jobseekers,Lakshadweep,2025-26,1765,"15th July, 2026",https://ncs.gov.in/NCSReportDashboard,offline extraction of previously downloaded public dashboard bundle,publisher_snapshot;2026_2027_partial;metric_definitions_require_confirmation
Active Jobseekers,Lakshadweep,2026-2027,423,"15th July, 2026",https://ncs.gov.in/NCSReportDashboard,offline extraction of previously downloaded public dashboard bundle,publisher_snapshot;2026_2027_partial;metric_definitions_require_confirmation
Active Jobseekers,Madhya Pradesh,2015-16,219,"15th July, 2026",https://ncs.gov.in/NCSReportDashboard,offline extraction of previously downloaded public dashboard bundle,publisher_snapshot;2026_2027_partial;metric_definitions_require_confirmation
Active Jobseekers,Madhya Pradesh,2016-17,105,"15th July, 2026",https://ncs.gov.in/NCSReportDashboard,offline extraction of previously downloaded public dashboard bundle,publisher_snapshot;2026_2027_partial;metric_definitions_require_confirmation
Active Jobseekers,Madhya Pradesh,2017-18,267,"15th July, 2026",https://ncs.gov.in/NCSReportDashboard,offline extraction of previously downloaded public dashboard bundle,publisher_snapshot;2026_2027_partial;metric_definitions_require_confirmation
Active Jobseekers,Madhya Pradesh,2018-19,349,"15th July, 2026",https://ncs.gov.in/NCSReportDashboard,offline extraction of previously downloaded public dashboard bundle,publisher_snapshot;2026_2027_partial;metric_definitions_require_confirmation
Active Jobseekers,Madhya Pradesh,2019-20,428,"15th July, 2026",https://ncs.gov.in/NCSReportDashboard,offline extraction of previously downloaded public dashboard bundle,publisher_snapshot;2026_2027_partial;metric_definitions_require_confirmation
Active Jobseekers,Madhya Pradesh,2020-21,957,"15th July, 2026",https://ncs.gov.in/NCSReportDashboard,offline extraction of previously downloaded public dashboard bundle,publisher_snapshot;2026_2027_partial;metric_definitions_require_confirmation
Active Jobseekers,Madhya Pradesh,2021-22,1327,"15th July, 2026",https://ncs.gov.in/NCSReportDashboard,offline extraction of previously downloaded public dashboard bundle,publisher_snapshot;2026_2027_partial;metric_definitions_require_confirmation
Active Jobseekers,Madhya Pradesh,2022-23,1407,"15th July, 2026",https://ncs.gov.in/NCSReportDashboard,offline extraction of previously downloaded public dashboard bundle,publisher_snapshot;2026_2027_partial;metric_definitions_require_confirmation
Active Jobseekers,Madhya Pradesh,2023-24,76549,"15th July, 2026",https://ncs.gov.in/NCSReportDashboard,offline extraction of previously downloaded public dashboard bundle,publisher_snapshot;2026_2027_partial;metric_definitions_require_confirmation
Active Jobseekers,Madhya Pradesh,2024-25,2487597,"15th July, 2026",https://ncs.gov.in/NCSReportDashboard,offline extraction of previously downloaded public dashboard bundle,publisher_snapshot;2026_2027_partial;metric_definitions_require_confirmation
Active Jobseekers,Madhya Pradesh,2025-26,676291,"15th July, 2026",https://ncs.gov.in/NCSReportDashboard,offline extraction of previously downloaded public dashboard bundle,publisher_snapshot;2026_2027_partial;metric_definitions_require_confirmation
Active Jobseekers,Madhya Pradesh,2026-2027,288159,"15th July, 2026",https://ncs.gov.in/NCSReportDashboard,offline extraction of previously downloaded public dashboard bundle,publisher_snapshot;2026_2027_partial;metric_definitions_require_confirmation
Active Jobseekers,Maharashtra,2015-16,584,"15th July, 2026",https://ncs.gov.in/NCSReportDashboard,offline extraction of previously downloaded public dashboard bundle,publisher_snapshot;2026_2027_partial;metric_definitions_require_confirmation
Active Jobseekers,Maharashtra,2016-17,196,"15th July, 2026",https://ncs.gov.in/NCSReportDashboard,offline extraction of previously downloaded public dashboard bundle,publisher_snapshot;2026_2027_partial;metric_definitions_require_confirmation
Active Jobseekers,Maharashtra,2017-18,293,"15th July, 2026",https://ncs.gov.in/NCSReportDashboard,offline extraction of previously downloaded public dashboard bundle,publisher_snapshot;2026_2027_partial;metric_definitions_require_confirmation
Active Jobseekers,Maharashtra,2018-19,1069,"15th July, 2026",https://ncs.gov.in/NCSReportDashboard,offline extraction of previously downloaded public dashboard bundle,publisher_snapshot;2026_2027_partial;metric_definitions_require_confirmation
Active Jobseekers,Maharashtra,2019-20,1303,"15th July, 2026",https://ncs.gov.in/NCSReportDashboard,offline extraction of previously downloaded public dashboard bundle,publisher_snapshot;2026_2027_partial;metric_definitions_require_confirmation
Active Jobseekers,Maharashtra,2020-21,2285,"15th July, 2026",https://ncs.gov.in/NCSReportDashboard,offline extraction of previously downloaded public dashboard bundle,publisher_snapshot;2026_2027_partial;metric_definitions_require_confirmation
Active Jobseekers,Maharashtra,2021-22,2415,"15th July, 2026",https://ncs.gov.in/NCSReportDashboard,offline extraction of previously downloaded public dashboard bundle,publisher_snapshot;2026_2027_partial;metric_definitions_require_confirmation
Active Jobseekers,Maharashtra,2022-23,2932,"15th July, 2026",https://ncs.gov.in/NCSReportDashboard,offline extraction of previously downloaded public dashboard bundle,publisher_snapshot;2026_2027_partial;metric_definitions_require_confirmation
Active Jobseekers,Maharashtra,2023-24,266926,"15th July, 2026",https://ncs.gov.in/NCSReportDashboard,offline extraction of previously downloaded public dashboard bundle,publisher_snapshot;2026_2027_partial;metric_definitions_require_confirmation
Active Jobseekers,Maharashtra,2024-25,2699895,"15th July, 2026",https://ncs.gov.in/NCSReportDashboard,offline extraction of previously downloaded public dashboard bundle,publisher_snapshot;2026_2027_partial;metric_definitions_require_confirmation
Active Jobseekers,Maharashtra,2025-26,721095,"15th July, 2026",https://ncs.gov.in/NCSReportDashboard,offline extraction of previously downloaded public dashboard bundle,publisher_snapshot;2026_2027_partial;metric_definitions_require_confirmation
Active Jobseekers,Maharashtra,2026-2027,253162,"15th July, 2026",https://ncs.gov.in/NCSReportDashboard,offline extraction of previously downloaded public dashboard bundle,publisher_snapshot;2026_2027_partial;metric_definitions_require_confirmation
Active Jobseekers,Manipur,2015-16,1,"15th July, 2026",https://ncs.gov.in/NCSReportDashboard,offline extraction of previously downloaded public dashboard bundle,publisher_snapshot;2026_2027_partial;metric_definitions_require_confirmation
Active Jobseekers,Manipur,2016-17,5,"15th July, 2026",https://ncs.gov.in/NCSReportDashboard,offline extraction of previously downloaded public dashboard bundle,publisher_snapshot;2026_2027_partial;metric_definitions_require_confirmation
Active Jobseekers,Manipur,2017-18,7,"15th July, 2026",https://ncs.gov.in/NCSReportDashboard,offline extraction of previously downloaded public dashboard bundle,publisher_snapshot;2026_2027_partial;metric_definitions_require_confirmation
Active Jobseekers,Manipur,2018-19,8,"15th July, 2026",https://ncs.gov.in/NCSReportDashboard,offline extraction of previously downloaded public dashboard bundle,publisher_snapshot;2026_2027_partial;metric_definitions_require_confirmation
Active Jobseekers,Manipur,2019-20,9,"15th July, 2026",https://ncs.gov.in/NCSReportDashboard,offline extraction of previously downloaded public dashboard bundle,publisher_snapshot;2026_2027_partial;metric_definitions_require_confirmation
Active Jobseekers,Manipur,2020-21,28,"15th July, 2026",https://ncs.gov.in/NCSReportDashboard,offline extraction of previously downloaded public dashboard bundle,publisher_snapshot;2026_2027_partial;metric_definitions_require_confirmation
Active Jobseekers,Manipur,2021-22,48,"15th July, 2026",https://ncs.gov.in/NCSReportDashboard,offline extraction of previously downloaded public dashboard bundle,publisher_snapshot;2026_2027_partial;metric_definitions_require_confirmation
Active Jobseekers,Manipur,2022-23,134,"15th July, 2026",https://ncs.gov.in/NCSReportDashboard,offline extraction of previously downloaded public dashboard bundle,publisher_snapshot;2026_2027_partial;metric_definitions_require_confirmation
Active Jobseekers,Manipur,2023-24,20638,"15th July, 2026",https://ncs.gov.in/NCSReportDashboard,offline extraction of previously downloaded public dashboard bundle,publisher_snapshot;2026_2027_partial;metric_definitions_require_confirmation
Active Jobseekers,Manipur,2024-25,59318,"15th July, 2026",https://ncs.gov.in/NCSReportDashboard,offline extraction of previously downloaded public dashboard bundle,publisher_snapshot;2026_2027_partial;metric_definitions_require_confirmation
Active Jobseekers,Manipur,2025-26,15309,"15th July, 2026",https://ncs.gov.in/NCSReportDashboard,offline extraction of previously downloaded public dashboard bundle,publisher_snapshot;2026_2027_partial;metric_definitions_require_confirmation
Active Jobseekers,Manipur,2026-2027,3329,"15th July, 2026",https://ncs.gov.in/NCSReportDashboard,offline extraction of previously downloaded public dashboard bundle,publisher_snapshot;2026_2027_partial;metric_definitions_require_confirmation
Active Jobseekers,Meghalaya,2015-16,5,"15th July, 2026",https://ncs.gov.in/NCSReportDashboard,offline extraction of previously downloaded public dashboard bundle,publisher_snapshot;2026_2027_partial;metric_definitions_require_confirmation
Active Jobseekers,Meghalaya,2016-17,2,"15th July, 2026",https://ncs.gov.in/NCSReportDashboard,offline extraction of previously downloaded public dashboard bundle,publisher_snapshot;2026_2027_partial;metric_definitions_require_confirmation
Active Jobseekers,Meghalaya,2017-18,1,"15th July, 2026",https://ncs.gov.in/NCSReportDashboard,offline extraction of previously downloaded public dashboard bundle,publisher_snapshot;2026_2027_partial;metric_definitions_require_confirmation
Active Jobseekers,Meghalaya,2018-19,5,"15th July, 2026",https://ncs.gov.in/NCSReportDashboard,offline extraction of previously downloaded public dashboard bundle,publisher_snapshot;2026_2027_partial;metric_definitions_require_confirmation
Active Jobseekers,Meghalaya,2019-20,9,"15th July, 2026",https://ncs.gov.in/NCSReportDashboard,offline extraction of previously downloaded public dashboard bundle,publisher_snapshot;2026_2027_partial;metric_definitions_require_confirmation
Active Jobseekers,Meghalaya,2020-21,30,"15th July, 2026",https://ncs.gov.in/NCSReportDashboard,offline extraction of previously downloaded public dashboard bundle,publisher_snapshot;2026_2027_partial;metric_definitions_require_confirmation
Active Jobseekers,Meghalaya,2021-22,73,"15th July, 2026",https://ncs.gov.in/NCSReportDashboard,offline extraction of previously downloaded public dashboard bundle,publisher_snapshot;2026_2027_partial;metric_definitions_require_confirmation
Active Jobseekers,Meghalaya,2022-23,210,"15th July, 2026",https://ncs.gov.in/NCSReportDashboard,offline extraction of previously downloaded public dashboard bundle,publisher_snapshot;2026_2027_partial;metric_definitions_require_confirmation
Active Jobseekers,Meghalaya,2023-24,1978,"15th July, 2026",https://ncs.gov.in/NCSReportDashboard,offline extraction of previously downloaded public dashboard bundle,publisher_snapshot;2026_2027_partial;metric_definitions_require_confirmation
Active Jobseekers,Meghalaya,2024-25,23978,"15th July, 2026",https://ncs.gov.in/NCSReportDashboard,offline extraction of previously downloaded public dashboard bundle,publisher_snapshot;2026_2027_partial;metric_definitions_require_confirmation
Active Jobseekers,Meghalaya,2025-26,22774,"15th July, 2026",https://ncs.gov.in/NCSReportDashboard,offline extraction of previously downloaded public dashboard bundle,publisher_snapshot;2026_2027_partial;metric_definitions_require_confirmation
Active Jobseekers,Meghalaya,2026-2027,7594,"15th July, 2026",https://ncs.gov.in/NCSReportDashboard,offline extraction of previously downloaded public dashboard bundle,publisher_snapshot;2026_2027_partial;metric_definitions_require_confirmation
Active Jobseekers,Mizoram,2015-16,1,"15th July, 2026",https://ncs.gov.in/NCSReportDashboard,offline extraction of previously downloaded public dashboard bundle,publisher_snapshot;2026_2027_partial;metric_definitions_require_confirmation
Active Jobseekers,Mizoram,2016-17,0,"15th July, 2026",https://ncs.gov.in/NCSReportDashboard,offline extraction of previously downloaded public dashboard bundle,publisher_snapshot;2026_2027_partial;metric_definitions_require_confirmation
Active Jobseekers,Mizoram,2017-18,1,"15th July, 2026",https://ncs.gov.in/NCSReportDashboard,offline extraction of previously downloaded public dashboard bundle,publisher_snapshot;2026_2027_partial;metric_definitions_require_confirmation
Active Jobseekers,Mizoram,2018-19,1,"15th July, 2026",https://ncs.gov.in/NCSReportDashboard,offline extraction of previously downloaded public dashboard bundle,publisher_snapshot;2026_2027_partial;metric_definitions_require_confirmation
Active Jobseekers,Mizoram,2019-20,1,"15th July, 2026",https://ncs.gov.in/NCSReportDashboard,offline extraction of previously downloaded public dashboard bundle,publisher_snapshot;2026_2027_partial;metric_definitions_require_confirmation
Active Jobseekers,Mizoram,2020-21,7,"15th July, 2026",https://ncs.gov.in/NCSReportDashboard,offline extraction of previously downloaded public dashboard bundle,publisher_snapshot;2026_2027_partial;metric_definitions_require_confirmation
Active Jobseekers,Mizoram,2021-22,8,"15th July, 2026",https://ncs.gov.in/NCSReportDashboard,offline extraction of previously downloaded public dashboard bundle,publisher_snapshot;2026_2027_partial;metric_definitions_require_confirmation
Active Jobseekers,Mizoram,2022-23,6,"15th July, 2026",https://ncs.gov.in/NCSReportDashboard,offline extraction of previously downloaded public dashboard bundle,publisher_snapshot;2026_2027_partial;metric_definitions_require_confirmation
Active Jobseekers,Mizoram,2023-24,527,"15th July, 2026",https://ncs.gov.in/NCSReportDashboard,offline extraction of previously downloaded public dashboard bundle,publisher_snapshot;2026_2027_partial;metric_definitions_require_confirmation
Active Jobseekers,Mizoram,2024-25,2572,"15th July, 2026",https://ncs.gov.in/NCSReportDashboard,offline extraction of previously downloaded public dashboard bundle,publisher_snapshot;2026_2027_partial;metric_definitions_require_confirmation
Active Jobseekers,Mizoram,2025-26,5837,"15th July, 2026",https://ncs.gov.in/NCSReportDashboard,offline extraction of previously downloaded public dashboard bundle,publisher_snapshot;2026_2027_partial;metric_definitions_require_confirmation
Active Jobseekers,Mizoram,2026-2027,698,"15th July, 2026",https://ncs.gov.in/NCSReportDashboard,offline extraction of previously downloaded public dashboard bundle,publisher_snapshot;2026_2027_partial;metric_definitions_require_confirmation
Active Jobseekers,Nagaland,2015-16,1,"15th July, 2026",https://ncs.gov.in/NCSReportDashboard,offline extraction of previously downloaded public dashboard bundle,publisher_snapshot;2026_2027_partial;metric_definitions_require_confirmation
Active Jobseekers,Nagaland,2016-17,0,"15th July, 2026",https://ncs.gov.in/NCSReportDashboard,offline extraction of previously downloaded public dashboard bundle,publisher_snapshot;2026_2027_partial;metric_definitions_require_confirmation
Active Jobseekers,Nagaland,2017-18,3,"15th July, 2026",https://ncs.gov.in/NCSReportDashboard,offline extraction of previously downloaded public dashboard bundle,publisher_snapshot;2026_2027_partial;metric_definitions_require_confirmation
Active Jobseekers,Nagaland,2018-19,1,"15th July, 2026",https://ncs.gov.in/NCSReportDashboard,offline extraction of previously downloaded public dashboard bundle,publisher_snapshot;2026_2027_partial;metric_definitions_require_confirmation
Active Jobseekers,Nagaland,2019-20,13,"15th July, 2026",https://ncs.gov.in/NCSReportDashboard,offline extraction of previously downloaded public dashboard bundle,publisher_snapshot;2026_2027_partial;metric_definitions_require_confirmation
Active Jobseekers,Nagaland,2020-21,11,"15th July, 2026",https://ncs.gov.in/NCSReportDashboard,offline extraction of previously downloaded public dashboard bundle,publisher_snapshot;2026_2027_partial;metric_definitions_require_confirmation
Active Jobseekers,Nagaland,2021-22,19,"15th July, 2026",https://ncs.gov.in/NCSReportDashboard,offline extraction of previously downloaded public dashboard bundle,publisher_snapshot;2026_2027_partial;metric_definitions_require_confirmation
Active Jobseekers,Nagaland,2022-23,58,"15th July, 2026",https://ncs.gov.in/NCSReportDashboard,offline extraction of previously downloaded public dashboard bundle,publisher_snapshot;2026_2027_partial;metric_definitions_require_confirmation
Active Jobseekers,Nagaland,2023-24,1753,"15th July, 2026",https://ncs.gov.in/NCSReportDashboard,offline extraction of previously downloaded public dashboard bundle,publisher_snapshot;2026_2027_partial;metric_definitions_require_confirmation
Active Jobseekers,Nagaland,2024-25,19691,"15th July, 2026",https://ncs.gov.in/NCSReportDashboard,offline extraction of previously downloaded public dashboard bundle,publisher_snapshot;2026_2027_partial;metric_definitions_require_confirmation
Active Jobseekers,Nagaland,2025-26,10942,"15th July, 2026",https://ncs.gov.in/NCSReportDashboard,offline extraction of previously downloaded public dashboard bundle,publisher_snapshot;2026_2027_partial;metric_definitions_require_confirmation
Active Jobseekers,Nagaland,2026-2027,3884,"15th July, 2026",https://ncs.gov.in/NCSReportDashboard,offline extraction of previously downloaded public dashboard bundle,publisher_snapshot;2026_2027_partial;metric_definitions_require_confirmation
Active Jobseekers,State Not Specified,2015-16,169,"15th July, 2026",https://ncs.gov.in/NCSReportDashboard,offline extraction of previously downloaded public dashboard bundle,publisher_snapshot;2026_2027_partial;metric_definitions_require_confirmation
Active Jobseekers,State Not Specified,2016-17,0,"15th July, 2026",https://ncs.gov.in/NCSReportDashboard,offline extraction of previously downloaded public dashboard bundle,publisher_snapshot;2026_2027_partial;metric_definitions_require_confirmation
Active Jobseekers,State Not Specified,2017-18,0,"15th July, 2026",https://ncs.gov.in/NCSReportDashboard,offline extraction of previously downloaded public dashboard bundle,publisher_snapshot;2026_2027_partial;metric_definitions_require_confirmation
Active Jobseekers,State Not Specified,2018-19,0,"15th July, 2026",https://ncs.gov.in/NCSReportDashboard,offline extraction of previously downloaded public dashboard bundle,publisher_snapshot;2026_2027_partial;metric_definitions_require_confirmation
Active Jobseekers,State Not Specified,2019-20,0,"15th July, 2026",https://ncs.gov.in/NCSReportDashboard,offline extraction of previously downloaded public dashboard bundle,publisher_snapshot;2026_2027_partial;metric_definitions_require_confirmation
Active Jobseekers,State Not Specified,2020-21,0,"15th July, 2026",https://ncs.gov.in/NCSReportDashboard,offline extraction of previously downloaded public dashboard bundle,publisher_snapshot;2026_2027_partial;metric_definitions_require_confirmation
Active Jobseekers,State Not Specified,2021-22,0,"15th July, 2026",https://ncs.gov.in/NCSReportDashboard,offline extraction of previously downloaded public dashboard bundle,publisher_snapshot;2026_2027_partial;metric_definitions_require_confirmation
Active Jobseekers,State Not Specified,2022-23,0,"15th July, 2026",https://ncs.gov.in/NCSReportDashboard,offline extraction of previously downloaded public dashboard bundle,publisher_snapshot;2026_2027_partial;metric_definitions_require_confirmation
Active Jobseekers,State Not Specified,2023-24,0,"15th July, 2026",https://ncs.gov.in/NCSReportDashboard,offline extraction of previously downloaded public dashboard bundle,publisher_snapshot;2026_2027_partial;metric_definitions_require_confirmation
Active Jobseekers,State Not Specified,2024-25,0,"15th July, 2026",https://ncs.gov.in/NCSReportDashboard,offline extraction of previously downloaded public dashboard bundle,publisher_snapshot;2026_2027_partial;metric_definitions_require_confirmation
Active Jobseekers,State Not Specified,2025-26,135597,"15th July, 2026",https://ncs.gov.in/NCSReportDashboard,offline extraction of previously downloaded public dashboard bundle,publisher_snapshot;2026_2027_partial;metric_definitions_require_confirmation
Active Jobseekers,State Not Specified,2026-2027,21336,"15th July, 2026",https://ncs.gov.in/NCSReportDashboard,offline extraction of previously downloaded public dashboard bundle,publisher_snapshot;2026_2027_partial;metric_definitions_require_confirmation
Active Jobseekers,Odisha,2015-16,56,"15th July, 2026",https://ncs.gov.in/NCSReportDashboard,offline extraction of previously downloaded public dashboard bundle,publisher_snapshot;2026_2027_partial;metric_definitions_require_confirmation
Active Jobseekers,Odisha,2016-17,58,"15th July, 2026",https://ncs.gov.in/NCSReportDashboard,offline extraction of previously downloaded public dashboard bundle,publisher_snapshot;2026_2027_partial;metric_definitions_require_confirmation
Active Jobseekers,Odisha,2017-18,189,"15th July, 2026",https://ncs.gov.in/NCSReportDashboard,offline extraction of previously downloaded public dashboard bundle,publisher_snapshot;2026_2027_partial;metric_definitions_require_confirmation
Active Jobseekers,Odisha,2018-19,296,"15th July, 2026",https://ncs.gov.in/NCSReportDashboard,offline extraction of previously downloaded public dashboard bundle,publisher_snapshot;2026_2027_partial;metric_definitions_require_confirmation
Active Jobseekers,Odisha,2019-20,351,"15th July, 2026",https://ncs.gov.in/NCSReportDashboard,offline extraction of previously downloaded public dashboard bundle,publisher_snapshot;2026_2027_partial;metric_definitions_require_confirmation
Active Jobseekers,Odisha,2020-21,614,"15th July, 2026",https://ncs.gov.in/NCSReportDashboard,offline extraction of previously downloaded public dashboard bundle,publisher_snapshot;2026_2027_partial;metric_definitions_require_confirmation
Active Jobseekers,Odisha,2021-22,845,"15th July, 2026",https://ncs.gov.in/NCSReportDashboard,offline extraction of previously downloaded public dashboard bundle,publisher_snapshot;2026_2027_partial;metric_definitions_require_confirmation
Active Jobseekers,Odisha,2022-23,1085,"15th July, 2026",https://ncs.gov.in/NCSReportDashboard,offline extraction of previously downloaded public dashboard bundle,publisher_snapshot;2026_2027_partial;metric_definitions_require_confirmation
Active Jobseekers,Odisha,2023-24,32838,"15th July, 2026",https://ncs.gov.in/NCSReportDashboard,offline extraction of previously downloaded public dashboard bundle,publisher_snapshot;2026_2027_partial;metric_definitions_require_confirmation
Active Jobseekers,Odisha,2024-25,312350,"15th July, 2026",https://ncs.gov.in/NCSReportDashboard,offline extraction of previously downloaded public dashboard bundle,publisher_snapshot;2026_2027_partial;metric_definitions_require_confirmation
Active Jobseekers,Odisha,2025-26,225572,"15th July, 2026",https://ncs.gov.in/NCSReportDashboard,offline extraction of previously downloaded public dashboard bundle,publisher_snapshot;2026_2027_partial;metric_definitions_require_confirmation
Active Jobseekers,Odisha,2026-2027,71623,"15th July, 2026",https://ncs.gov.in/NCSReportDashboard,offline extraction of previously downloaded public dashboard bundle,publisher_snapshot;2026_2027_partial;metric_definitions_require_confirmation
Active Jobseekers,Puducherry,2015-16,9,"15th July, 2026",https://ncs.gov.in/NCSReportDashboard,offline extraction of previously downloaded public dashboard bundle,publisher_snapshot;2026_2027_partial;metric_definitions_require_confirmation
Active Jobseekers,Puducherry,2016-17,7,"15th July, 2026",https://ncs.gov.in/NCSReportDashboard,offline extraction of previously downloaded public dashboard bundle,publisher_snapshot;2026_2027_partial;metric_definitions_require_confirmation
Active Jobseekers,Puducherry,2017-18,5,"15th July, 2026",https://ncs.gov.in/NCSReportDashboard,offline extraction of previously downloaded public dashboard bundle,publisher_snapshot;2026_2027_partial;metric_definitions_require_confirmation
Active Jobseekers,Puducherry,2018-19,13,"15th July, 2026",https://ncs.gov.in/NCSReportDashboard,offline extraction of previously downloaded public dashboard bundle,publisher_snapshot;2026_2027_partial;metric_definitions_require_confirmation
Active Jobseekers,Puducherry,2019-20,25,"15th July, 2026",https://ncs.gov.in/NCSReportDashboard,offline extraction of previously downloaded public dashboard bundle,publisher_snapshot;2026_2027_partial;metric_definitions_require_confirmation
Active Jobseekers,Puducherry,2020-21,48,"15th July, 2026",https://ncs.gov.in/NCSReportDashboard,offline extraction of previously downloaded public dashboard bundle,publisher_snapshot;2026_2027_partial;metric_definitions_require_confirmation
Active Jobseekers,Puducherry,2021-22,90,"15th July, 2026",https://ncs.gov.in/NCSReportDashboard,offline extraction of previously downloaded public dashboard bundle,publisher_snapshot;2026_2027_partial;metric_definitions_require_confirmation
Active Jobseekers,Puducherry,2022-23,70,"15th July, 2026",https://ncs.gov.in/NCSReportDashboard,offline extraction of previously downloaded public dashboard bundle,publisher_snapshot;2026_2027_partial;metric_definitions_require_confirmation
Active Jobseekers,Puducherry,2023-24,2724,"15th July, 2026",https://ncs.gov.in/NCSReportDashboard,offline extraction of previously downloaded public dashboard bundle,publisher_snapshot;2026_2027_partial;metric_definitions_require_confirmation
Active Jobseekers,Puducherry,2024-25,29325,"15th July, 2026",https://ncs.gov.in/NCSReportDashboard,offline extraction of previously downloaded public dashboard bundle,publisher_snapshot;2026_2027_partial;metric_definitions_require_confirmation
Active Jobseekers,Puducherry,2025-26,18551,"15th July, 2026",https://ncs.gov.in/NCSReportDashboard,offline extraction of previously downloaded public dashboard bundle,publisher_snapshot;2026_2027_partial;metric_definitions_require_confirmation
Active Jobseekers,Puducherry,2026-2027,1769,"15th July, 2026",https://ncs.gov.in/NCSReportDashboard,offline extraction of previously downloaded public dashboard bundle,publisher_snapshot;2026_2027_partial;metric_definitions_require_confirmation
Active Jobseekers,Punjab,2015-16,65,"15th July, 2026",https://ncs.gov.in/NCSReportDashboard,offline extraction of previously downloaded public dashboard bundle,publisher_snapshot;2026_2027_partial;metric_definitions_require_confirmation
Active Jobseekers,Punjab,2016-17,41,"15th July, 2026",https://ncs.gov.in/NCSReportDashboard,offline extraction of previously downloaded public dashboard bundle,publisher_snapshot;2026_2027_partial;metric_definitions_require_confirmation
Active Jobseekers,Punjab,2017-18,85,"15th July, 2026",https://ncs.gov.in/NCSReportDashboard,offline extraction of previously downloaded public dashboard bundle,publisher_snapshot;2026_2027_partial;metric_definitions_require_confirmation
Active Jobseekers,Punjab,2018-19,79,"15th July, 2026",https://ncs.gov.in/NCSReportDashboard,offline extraction of previously downloaded public dashboard bundle,publisher_snapshot;2026_2027_partial;metric_definitions_require_confirmation
Active Jobseekers,Punjab,2019-20,175,"15th July, 2026",https://ncs.gov.in/NCSReportDashboard,offline extraction of previously downloaded public dashboard bundle,publisher_snapshot;2026_2027_partial;metric_definitions_require_confirmation
Active Jobseekers,Punjab,2020-21,321,"15th July, 2026",https://ncs.gov.in/NCSReportDashboard,offline extraction of previously downloaded public dashboard bundle,publisher_snapshot;2026_2027_partial;metric_definitions_require_confirmation
Active Jobseekers,Punjab,2021-22,370,"15th July, 2026",https://ncs.gov.in/NCSReportDashboard,offline extraction of previously downloaded public dashboard bundle,publisher_snapshot;2026_2027_partial;metric_definitions_require_confirmation
Active Jobseekers,Punjab,2022-23,569,"15th July, 2026",https://ncs.gov.in/NCSReportDashboard,offline extraction of previously downloaded public dashboard bundle,publisher_snapshot;2026_2027_partial;metric_definitions_require_confirmation
Active Jobseekers,Punjab,2023-24,35795,"15th July, 2026",https://ncs.gov.in/NCSReportDashboard,offline extraction of previously downloaded public dashboard bundle,publisher_snapshot;2026_2027_partial;metric_definitions_require_confirmation
Active Jobseekers,Punjab,2024-25,276431,"15th July, 2026",https://ncs.gov.in/NCSReportDashboard,offline extraction of previously downloaded public dashboard bundle,publisher_snapshot;2026_2027_partial;metric_definitions_require_confirmation
Active Jobseekers,Punjab,2025-26,383758,"15th July, 2026",https://ncs.gov.in/NCSReportDashboard,offline extraction of previously downloaded public dashboard bundle,publisher_snapshot;2026_2027_partial;metric_definitions_require_confirmation
Active Jobseekers,Punjab,2026-2027,84533,"15th July, 2026",https://ncs.gov.in/NCSReportDashboard,offline extraction of previously downloaded public dashboard bundle,publisher_snapshot;2026_2027_partial;metric_definitions_require_confirmation
Active Jobseekers,Rajasthan,2015-16,84,"15th July, 2026",https://ncs.gov.in/NCSReportDashboard,offline extraction of previously downloaded public dashboard bundle,publisher_snapshot;2026_2027_partial;metric_definitions_require_confirmation
Active Jobseekers,Rajasthan,2016-17,219,"15th July, 2026",https://ncs.gov.in/NCSReportDashboard,offline extraction of previously downloaded public dashboard bundle,publisher_snapshot;2026_2027_partial;metric_definitions_require_confirmation
Active Jobseekers,Rajasthan,2017-18,358,"15th July, 2026",https://ncs.gov.in/NCSReportDashboard,offline extraction of previously downloaded public dashboard bundle,publisher_snapshot;2026_2027_partial;metric_definitions_require_confirmation
Active Jobseekers,Rajasthan,2018-19,377,"15th July, 2026",https://ncs.gov.in/NCSReportDashboard,offline extraction of previously downloaded public dashboard bundle,publisher_snapshot;2026_2027_partial;metric_definitions_require_confirmation
Active Jobseekers,Rajasthan,2019-20,517,"15th July, 2026",https://ncs.gov.in/NCSReportDashboard,offline extraction of previously downloaded public dashboard bundle,publisher_snapshot;2026_2027_partial;metric_definitions_require_confirmation
Active Jobseekers,Rajasthan,2020-21,862,"15th July, 2026",https://ncs.gov.in/NCSReportDashboard,offline extraction of previously downloaded public dashboard bundle,publisher_snapshot;2026_2027_partial;metric_definitions_require_confirmation
Active Jobseekers,Rajasthan,2021-22,961,"15th July, 2026",https://ncs.gov.in/NCSReportDashboard,offline extraction of previously downloaded public dashboard bundle,publisher_snapshot;2026_2027_partial;metric_definitions_require_confirmation
Active Jobseekers,Rajasthan,2022-23,1213,"15th July, 2026",https://ncs.gov.in/NCSReportDashboard,offline extraction of previously downloaded public dashboard bundle,publisher_snapshot;2026_2027_partial;metric_definitions_require_confirmation
Active Jobseekers,Rajasthan,2023-24,191510,"15th July, 2026",https://ncs.gov.in/NCSReportDashboard,offline extraction of previously downloaded public dashboard bundle,publisher_snapshot;2026_2027_partial;metric_definitions_require_confirmation
Active Jobseekers,Rajasthan,2024-25,849082,"15th July, 2026",https://ncs.gov.in/NCSReportDashboard,offline extraction of previously downloaded public dashboard bundle,publisher_snapshot;2026_2027_partial;metric_definitions_require_confirmation
Active Jobseekers,Rajasthan,2025-26,1239893,"15th July, 2026",https://ncs.gov.in/NCSReportDashboard,offline extraction of previously downloaded public dashboard bundle,publisher_snapshot;2026_2027_partial;metric_definitions_require_confirmation
Active Jobseekers,Rajasthan,2026-2027,313939,"15th July, 2026",https://ncs.gov.in/NCSReportDashboard,offline extraction of previously downloaded public dashboard bundle,publisher_snapshot;2026_2027_partial;metric_definitions_require_confirmation
Active Jobseekers,Sikkim,2015-16,1,"15th July, 2026",https://ncs.gov.in/NCSReportDashboard,offline extraction of previously downloaded public dashboard bundle,publisher_snapshot;2026_2027_partial;metric_definitions_require_confirmation
Active Jobseekers,Sikkim,2016-17,0,"15th July, 2026",https://ncs.gov.in/NCSReportDashboard,offline extraction of previously downloaded public dashboard bundle,publisher_snapshot;2026_2027_partial;metric_definitions_require_confirmation
Active Jobseekers,Sikkim,2017-18,0,"15th July, 2026",https://ncs.gov.in/NCSReportDashboard,offline extraction of previously downloaded public dashboard bundle,publisher_snapshot;2026_2027_partial;metric_definitions_require_confirmation
Active Jobseekers,Sikkim,2018-19,6,"15th July, 2026",https://ncs.gov.in/NCSReportDashboard,offline extraction of previously downloaded public dashboard bundle,publisher_snapshot;2026_2027_partial;metric_definitions_require_confirmation
Active Jobseekers,Sikkim,2019-20,5,"15th July, 2026",https://ncs.gov.in/NCSReportDashboard,offline extraction of previously downloaded public dashboard bundle,publisher_snapshot;2026_2027_partial;metric_definitions_require_confirmation
Active Jobseekers,Sikkim,2020-21,3,"15th July, 2026",https://ncs.gov.in/NCSReportDashboard,offline extraction of previously downloaded public dashboard bundle,publisher_snapshot;2026_2027_partial;metric_definitions_require_confirmation
Active Jobseekers,Sikkim,2021-22,12,"15th July, 2026",https://ncs.gov.in/NCSReportDashboard,offline extraction of previously downloaded public dashboard bundle,publisher_snapshot;2026_2027_partial;metric_definitions_require_confirmation
Active Jobseekers,Sikkim,2022-23,16,"15th July, 2026",https://ncs.gov.in/NCSReportDashboard,offline extraction of previously downloaded public dashboard bundle,publisher_snapshot;2026_2027_partial;metric_definitions_require_confirmation
Active Jobseekers,Sikkim,2023-24,1060,"15th July, 2026",https://ncs.gov.in/NCSReportDashboard,offline extraction of previously downloaded public dashboard bundle,publisher_snapshot;2026_2027_partial;metric_definitions_require_confirmation
Active Jobseekers,Sikkim,2024-25,16266,"15th July, 2026",https://ncs.gov.in/NCSReportDashboard,offline extraction of previously downloaded public dashboard bundle,publisher_snapshot;2026_2027_partial;metric_definitions_require_confirmation
Active Jobseekers,Sikkim,2025-26,7871,"15th July, 2026",https://ncs.gov.in/NCSReportDashboard,offline extraction of previously downloaded public dashboard bundle,publisher_snapshot;2026_2027_partial;metric_definitions_require_confirmation
Active Jobseekers,Sikkim,2026-2027,1275,"15th July, 2026",https://ncs.gov.in/NCSReportDashboard,offline extraction of previously downloaded public dashboard bundle,publisher_snapshot;2026_2027_partial;metric_definitions_require_confirmation
Active Jobseekers,Tamil Nadu,2015-16,144,"15th July, 2026",https://ncs.gov.in/NCSReportDashboard,offline extraction of previously downloaded public dashboard bundle,publisher_snapshot;2026_2027_partial;metric_definitions_require_confirmation
Active Jobseekers,Tamil Nadu,2016-17,83,"15th July, 2026",https://ncs.gov.in/NCSReportDashboard,offline extraction of previously downloaded public dashboard bundle,publisher_snapshot;2026_2027_partial;metric_definitions_require_confirmation
Active Jobseekers,Tamil Nadu,2017-18,185,"15th July, 2026",https://ncs.gov.in/NCSReportDashboard,offline extraction of previously downloaded public dashboard bundle,publisher_snapshot;2026_2027_partial;metric_definitions_require_confirmation
Active Jobseekers,Tamil Nadu,2018-19,371,"15th July, 2026",https://ncs.gov.in/NCSReportDashboard,offline extraction of previously downloaded public dashboard bundle,publisher_snapshot;2026_2027_partial;metric_definitions_require_confirmation
Active Jobseekers,Tamil Nadu,2019-20,727,"15th July, 2026",https://ncs.gov.in/NCSReportDashboard,offline extraction of previously downloaded public dashboard bundle,publisher_snapshot;2026_2027_partial;metric_definitions_require_confirmation
Active Jobseekers,Tamil Nadu,2020-21,1591,"15th July, 2026",https://ncs.gov.in/NCSReportDashboard,offline extraction of previously downloaded public dashboard bundle,publisher_snapshot;2026_2027_partial;metric_definitions_require_confirmation
Active Jobseekers,Tamil Nadu,2021-22,2678,"15th July, 2026",https://ncs.gov.in/NCSReportDashboard,offline extraction of previously downloaded public dashboard bundle,publisher_snapshot;2026_2027_partial;metric_definitions_require_confirmation
Active Jobseekers,Tamil Nadu,2022-23,1112,"15th July, 2026",https://ncs.gov.in/NCSReportDashboard,offline extraction of previously downloaded public dashboard bundle,publisher_snapshot;2026_2027_partial;metric_definitions_require_confirmation
Active Jobseekers,Tamil Nadu,2023-24,22589,"15th July, 2026",https://ncs.gov.in/NCSReportDashboard,offline extraction of previously downloaded public dashboard bundle,publisher_snapshot;2026_2027_partial;metric_definitions_require_confirmation
Active Jobseekers,Tamil Nadu,2024-25,499818,"15th July, 2026",https://ncs.gov.in/NCSReportDashboard,offline extraction of previously downloaded public dashboard bundle,publisher_snapshot;2026_2027_partial;metric_definitions_require_confirmation
Active Jobseekers,Tamil Nadu,2025-26,441034,"15th July, 2026",https://ncs.gov.in/NCSReportDashboard,offline extraction of previously downloaded public dashboard bundle,publisher_snapshot;2026_2027_partial;metric_definitions_require_confirmation
Active Jobseekers,Tamil Nadu,2026-2027,135928,"15th July, 2026",https://ncs.gov.in/NCSReportDashboard,offline extraction of previously downloaded public dashboard bundle,publisher_snapshot;2026_2027_partial;metric_definitions_require_confirmation
Active Jobseekers,Telangana,2015-16,71,"15th July, 2026",https://ncs.gov.in/NCSReportDashboard,offline extraction of previously downloaded public dashboard bundle,publisher_snapshot;2026_2027_partial;metric_definitions_require_confirmation
Active Jobseekers,Telangana,2016-17,69,"15th July, 2026",https://ncs.gov.in/NCSReportDashboard,offline extraction of previously downloaded public dashboard bundle,publisher_snapshot;2026_2027_partial;metric_definitions_require_confirmation
Active Jobseekers,Telangana,2017-18,139,"15th July, 2026",https://ncs.gov.in/NCSReportDashboard,offline extraction of previously downloaded public dashboard bundle,publisher_snapshot;2026_2027_partial;metric_definitions_require_confirmation
Active Jobseekers,Telangana,2018-19,182,"15th July, 2026",https://ncs.gov.in/NCSReportDashboard,offline extraction of previously downloaded public dashboard bundle,publisher_snapshot;2026_2027_partial;metric_definitions_require_confirmation
Active Jobseekers,Telangana,2019-20,535,"15th July, 2026",https://ncs.gov.in/NCSReportDashboard,offline extraction of previously downloaded public dashboard bundle,publisher_snapshot;2026_2027_partial;metric_definitions_require_confirmation
Active Jobseekers,Telangana,2020-21,703,"15th July, 2026",https://ncs.gov.in/NCSReportDashboard,offline extraction of previously downloaded public dashboard bundle,publisher_snapshot;2026_2027_partial;metric_definitions_require_confirmation
Active Jobseekers,Telangana,2021-22,1157,"15th July, 2026",https://ncs.gov.in/NCSReportDashboard,offline extraction of previously downloaded public dashboard bundle,publisher_snapshot;2026_2027_partial;metric_definitions_require_confirmation
Active Jobseekers,Telangana,2022-23,762,"15th July, 2026",https://ncs.gov.in/NCSReportDashboard,offline extraction of previously downloaded public dashboard bundle,publisher_snapshot;2026_2027_partial;metric_definitions_require_confirmation
Active Jobseekers,Telangana,2023-24,28408,"15th July, 2026",https://ncs.gov.in/NCSReportDashboard,offline extraction of previously downloaded public dashboard bundle,publisher_snapshot;2026_2027_partial;metric_definitions_require_confirmation
Active Jobseekers,Telangana,2024-25,197105,"15th July, 2026",https://ncs.gov.in/NCSReportDashboard,offline extraction of previously downloaded public dashboard bundle,publisher_snapshot;2026_2027_partial;metric_definitions_require_confirmation
Active Jobseekers,Telangana,2025-26,149049,"15th July, 2026",https://ncs.gov.in/NCSReportDashboard,offline extraction of previously downloaded public dashboard bundle,publisher_snapshot;2026_2027_partial;metric_definitions_require_confirmation
Active Jobseekers,Telangana,2026-2027,67223,"15th July, 2026",https://ncs.gov.in/NCSReportDashboard,offline extraction of previously downloaded public dashboard bundle,publisher_snapshot;2026_2027_partial;metric_definitions_require_confirmation
Active Jobseekers,The Dadra and Nagar Haveli And Daman And Diu,2015-16,0,"15th July, 2026",https://ncs.gov.in/NCSReportDashboard,offline extraction of previously downloaded public dashboard bundle,publisher_snapshot;2026_2027_partial;metric_definitions_require_confirmation
Active Jobseekers,The Dadra and Nagar Haveli And Daman And Diu,2016-17,0,"15th July, 2026",https://ncs.gov.in/NCSReportDashboard,offline extraction of previously downloaded public dashboard bundle,publisher_snapshot;2026_2027_partial;metric_definitions_require_confirmation
Active Jobseekers,The Dadra and Nagar Haveli And Daman And Diu,2017-18,4,"15th July, 2026",https://ncs.gov.in/NCSReportDashboard,offline extraction of previously downloaded public dashboard bundle,publisher_snapshot;2026_2027_partial;metric_definitions_require_confirmation
Active Jobseekers,The Dadra and Nagar Haveli And Daman And Diu,2018-19,5,"15th July, 2026",https://ncs.gov.in/NCSReportDashboard,offline extraction of previously downloaded public dashboard bundle,publisher_snapshot;2026_2027_partial;metric_definitions_require_confirmation
Active Jobseekers,The Dadra and Nagar Haveli And Daman And Diu,2019-20,9,"15th July, 2026",https://ncs.gov.in/NCSReportDashboard,offline extraction of previously downloaded public dashboard bundle,publisher_snapshot;2026_2027_partial;metric_definitions_require_confirmation
Active Jobseekers,The Dadra and Nagar Haveli And Daman And Diu,2020-21,8,"15th July, 2026",https://ncs.gov.in/NCSReportDashboard,offline extraction of previously downloaded public dashboard bundle,publisher_snapshot;2026_2027_partial;metric_definitions_require_confirmation
Active Jobseekers,The Dadra and Nagar Haveli And Daman And Diu,2021-22,10,"15th July, 2026",https://ncs.gov.in/NCSReportDashboard,offline extraction of previously downloaded public dashboard bundle,publisher_snapshot;2026_2027_partial;metric_definitions_require_confirmation
Active Jobseekers,The Dadra and Nagar Haveli And Daman And Diu,2022-23,15,"15th July, 2026",https://ncs.gov.in/NCSReportDashboard,offline extraction of previously downloaded public dashboard bundle,publisher_snapshot;2026_2027_partial;metric_definitions_require_confirmation
Active Jobseekers,The Dadra and Nagar Haveli And Daman And Diu,2023-24,15,"15th July, 2026",https://ncs.gov.in/NCSReportDashboard,offline extraction of previously downloaded public dashboard bundle,publisher_snapshot;2026_2027_partial;metric_definitions_require_confirmation
Active Jobseekers,The Dadra and Nagar Haveli And Daman And Diu,2024-25,308,"15th July, 2026",https://ncs.gov.in/NCSReportDashboard,offline extraction of previously downloaded public dashboard bundle,publisher_snapshot;2026_2027_partial;metric_definitions_require_confirmation
Active Jobseekers,The Dadra and Nagar Haveli And Daman And Diu,2025-26,382,"15th July, 2026",https://ncs.gov.in/NCSReportDashboard,offline extraction of previously downloaded public dashboard bundle,publisher_snapshot;2026_2027_partial;metric_definitions_require_confirmation
Active Jobseekers,The Dadra and Nagar Haveli And Daman And Diu,2026-2027,455,"15th July, 2026",https://ncs.gov.in/NCSReportDashboard,offline extraction of previously downloaded public dashboard bundle,publisher_snapshot;2026_2027_partial;metric_definitions_require_confirmation
Active Jobseekers,Tripura,2015-16,222,"15th July, 2026",https://ncs.gov.in/NCSReportDashboard,offline extraction of previously downloaded public dashboard bundle,publisher_snapshot;2026_2027_partial;metric_definitions_require_confirmation
Active Jobseekers,Tripura,2016-17,307,"15th July, 2026",https://ncs.gov.in/NCSReportDashboard,offline extraction of previously downloaded public dashboard bundle,publisher_snapshot;2026_2027_partial;metric_definitions_require_confirmation
Active Jobseekers,Tripura,2017-18,881,"15th July, 2026",https://ncs.gov.in/NCSReportDashboard,offline extraction of previously downloaded public dashboard bundle,publisher_snapshot;2026_2027_partial;metric_definitions_require_confirmation
Active Jobseekers,Tripura,2018-19,1803,"15th July, 2026",https://ncs.gov.in/NCSReportDashboard,offline extraction of previously downloaded public dashboard bundle,publisher_snapshot;2026_2027_partial;metric_definitions_require_confirmation
Active Jobseekers,Tripura,2019-20,1357,"15th July, 2026",https://ncs.gov.in/NCSReportDashboard,offline extraction of previously downloaded public dashboard bundle,publisher_snapshot;2026_2027_partial;metric_definitions_require_confirmation
Active Jobseekers,Tripura,2020-21,1484,"15th July, 2026",https://ncs.gov.in/NCSReportDashboard,offline extraction of previously downloaded public dashboard bundle,publisher_snapshot;2026_2027_partial;metric_definitions_require_confirmation
Active Jobseekers,Tripura,2021-22,1059,"15th July, 2026",https://ncs.gov.in/NCSReportDashboard,offline extraction of previously downloaded public dashboard bundle,publisher_snapshot;2026_2027_partial;metric_definitions_require_confirmation
Active Jobseekers,Tripura,2022-23,1113,"15th July, 2026",https://ncs.gov.in/NCSReportDashboard,offline extraction of previously downloaded public dashboard bundle,publisher_snapshot;2026_2027_partial;metric_definitions_require_confirmation
Active Jobseekers,Tripura,2023-24,6536,"15th July, 2026",https://ncs.gov.in/NCSReportDashboard,offline extraction of previously downloaded public dashboard bundle,publisher_snapshot;2026_2027_partial;metric_definitions_require_confirmation
Active Jobseekers,Tripura,2024-25,28415,"15th July, 2026",https://ncs.gov.in/NCSReportDashboard,offline extraction of previously downloaded public dashboard bundle,publisher_snapshot;2026_2027_partial;metric_definitions_require_confirmation
Active Jobseekers,Tripura,2025-26,21426,"15th July, 2026",https://ncs.gov.in/NCSReportDashboard,offline extraction of previously downloaded public dashboard bundle,publisher_snapshot;2026_2027_partial;metric_definitions_require_confirmation
Active Jobseekers,Tripura,2026-2027,130925,"15th July, 2026",https://ncs.gov.in/NCSReportDashboard,offline extraction of previously downloaded public dashboard bundle,publisher_snapshot;2026_2027_partial;metric_definitions_require_confirmation
Active Jobseekers,Uttar Pradesh,2015-16,421,"15th July, 2026",https://ncs.gov.in/NCSReportDashboard,offline extraction of previously downloaded public dashboard bundle,publisher_snapshot;2026_2027_partial;metric_definitions_require_confirmation
Active Jobseekers,Uttar Pradesh,2016-17,359,"15th July, 2026",https://ncs.gov.in/NCSReportDashboard,offline extraction of previously downloaded public dashboard bundle,publisher_snapshot;2026_2027_partial;metric_definitions_require_confirmation
Active Jobseekers,Uttar Pradesh,2017-18,1005,"15th July, 2026",https://ncs.gov.in/NCSReportDashboard,offline extraction of previously downloaded public dashboard bundle,publisher_snapshot;2026_2027_partial;metric_definitions_require_confirmation
Active Jobseekers,Uttar Pradesh,2018-19,1118,"15th July, 2026",https://ncs.gov.in/NCSReportDashboard,offline extraction of previously downloaded public dashboard bundle,publisher_snapshot;2026_2027_partial;metric_definitions_require_confirmation
Active Jobseekers,Uttar Pradesh,2019-20,2614,"15th July, 2026",https://ncs.gov.in/NCSReportDashboard,offline extraction of previously downloaded public dashboard bundle,publisher_snapshot;2026_2027_partial;metric_definitions_require_confirmation
Active Jobseekers,Uttar Pradesh,2020-21,2962,"15th July, 2026",https://ncs.gov.in/NCSReportDashboard,offline extraction of previously downloaded public dashboard bundle,publisher_snapshot;2026_2027_partial;metric_definitions_require_confirmation
Active Jobseekers,Uttar Pradesh,2021-22,3088,"15th July, 2026",https://ncs.gov.in/NCSReportDashboard,offline extraction of previously downloaded public dashboard bundle,publisher_snapshot;2026_2027_partial;metric_definitions_require_confirmation
Active Jobseekers,Uttar Pradesh,2022-23,4879,"15th July, 2026",https://ncs.gov.in/NCSReportDashboard,offline extraction of previously downloaded public dashboard bundle,publisher_snapshot;2026_2027_partial;metric_definitions_require_confirmation
Active Jobseekers,Uttar Pradesh,2023-24,207536,"15th July, 2026",https://ncs.gov.in/NCSReportDashboard,offline extraction of previously downloaded public dashboard bundle,publisher_snapshot;2026_2027_partial;metric_definitions_require_confirmation
Active Jobseekers,Uttar Pradesh,2024-25,722626,"15th July, 2026",https://ncs.gov.in/NCSReportDashboard,offline extraction of previously downloaded public dashboard bundle,publisher_snapshot;2026_2027_partial;metric_definitions_require_confirmation
Active Jobseekers,Uttar Pradesh,2025-26,684796,"15th July, 2026",https://ncs.gov.in/NCSReportDashboard,offline extraction of previously downloaded public dashboard bundle,publisher_snapshot;2026_2027_partial;metric_definitions_require_confirmation
Active Jobseekers,Uttar Pradesh,2026-2027,299329,"15th July, 2026",https://ncs.gov.in/NCSReportDashboard,offline extraction of previously downloaded public dashboard bundle,publisher_snapshot;2026_2027_partial;metric_definitions_require_confirmation
Active Jobseekers,Uttarakhand,2015-16,51,"15th July, 2026",https://ncs.gov.in/NCSReportDashboard,offline extraction of previously downloaded public dashboard bundle,publisher_snapshot;2026_2027_partial;metric_definitions_require_confirmation
Active Jobseekers,Uttarakhand,2016-17,43,"15th July, 2026",https://ncs.gov.in/NCSReportDashboard,offline extraction of previously downloaded public dashboard bundle,publisher_snapshot;2026_2027_partial;metric_definitions_require_confirmation
Active Jobseekers,Uttarakhand,2017-18,85,"15th July, 2026",https://ncs.gov.in/NCSReportDashboard,offline extraction of previously downloaded public dashboard bundle,publisher_snapshot;2026_2027_partial;metric_definitions_require_confirmation
Active Jobseekers,Uttarakhand,2018-19,134,"15th July, 2026",https://ncs.gov.in/NCSReportDashboard,offline extraction of previously downloaded public dashboard bundle,publisher_snapshot;2026_2027_partial;metric_definitions_require_confirmation
Active Jobseekers,Uttarakhand,2019-20,316,"15th July, 2026",https://ncs.gov.in/NCSReportDashboard,offline extraction of previously downloaded public dashboard bundle,publisher_snapshot;2026_2027_partial;metric_definitions_require_confirmation
Active Jobseekers,Uttarakhand,2020-21,299,"15th July, 2026",https://ncs.gov.in/NCSReportDashboard,offline extraction of previously downloaded public dashboard bundle,publisher_snapshot;2026_2027_partial;metric_definitions_require_confirmation
Active Jobseekers,Uttarakhand,2021-22,404,"15th July, 2026",https://ncs.gov.in/NCSReportDashboard,offline extraction of previously downloaded public dashboard bundle,publisher_snapshot;2026_2027_partial;metric_definitions_require_confirmation
Active Jobseekers,Uttarakhand,2022-23,646,"15th July, 2026",https://ncs.gov.in/NCSReportDashboard,offline extraction of previously downloaded public dashboard bundle,publisher_snapshot;2026_2027_partial;metric_definitions_require_confirmation
Active Jobseekers,Uttarakhand,2023-24,12520,"15th July, 2026",https://ncs.gov.in/NCSReportDashboard,offline extraction of previously downloaded public dashboard bundle,publisher_snapshot;2026_2027_partial;metric_definitions_require_confirmation
Active Jobseekers,Uttarakhand,2024-25,74303,"15th July, 2026",https://ncs.gov.in/NCSReportDashboard,offline extraction of previously downloaded public dashboard bundle,publisher_snapshot;2026_2027_partial;metric_definitions_require_confirmation
Active Jobseekers,Uttarakhand,2025-26,52157,"15th July, 2026",https://ncs.gov.in/NCSReportDashboard,offline extraction of previously downloaded public dashboard bundle,publisher_snapshot;2026_2027_partial;metric_definitions_require_confirmation
Active Jobseekers,Uttarakhand,2026-2027,22881,"15th July, 2026",https://ncs.gov.in/NCSReportDashboard,offline extraction of previously downloaded public dashboard bundle,publisher_snapshot;2026_2027_partial;metric_definitions_require_confirmation
Active Jobseekers,West Bengal,2015-16,3248,"15th July, 2026",https://ncs.gov.in/NCSReportDashboard,offline extraction of previously downloaded public dashboard bundle,publisher_snapshot;2026_2027_partial;metric_definitions_require_confirmation
Active Jobseekers,West Bengal,2016-17,510,"15th July, 2026",https://ncs.gov.in/NCSReportDashboard,offline extraction of previously downloaded public dashboard bundle,publisher_snapshot;2026_2027_partial;metric_definitions_require_confirmation
Active Jobseekers,West Bengal,2017-18,706,"15th July, 2026",https://ncs.gov.in/NCSReportDashboard,offline extraction of previously downloaded public dashboard bundle,publisher_snapshot;2026_2027_partial;metric_definitions_require_confirmation
Active Jobseekers,West Bengal,2018-19,970,"15th July, 2026",https://ncs.gov.in/NCSReportDashboard,offline extraction of previously downloaded public dashboard bundle,publisher_snapshot;2026_2027_partial;metric_definitions_require_confirmation
Active Jobseekers,West Bengal,2019-20,1197,"15th July, 2026",https://ncs.gov.in/NCSReportDashboard,offline extraction of previously downloaded public dashboard bundle,publisher_snapshot;2026_2027_partial;metric_definitions_require_confirmation
Active Jobseekers,West Bengal,2020-21,3189,"15th July, 2026",https://ncs.gov.in/NCSReportDashboard,offline extraction of previously downloaded public dashboard bundle,publisher_snapshot;2026_2027_partial;metric_definitions_require_confirmation
Active Jobseekers,West Bengal,2021-22,2089,"15th July, 2026",https://ncs.gov.in/NCSReportDashboard,offline extraction of previously downloaded public dashboard bundle,publisher_snapshot;2026_2027_partial;metric_definitions_require_confirmation
Active Jobseekers,West Bengal,2022-23,2700,"15th July, 2026",https://ncs.gov.in/NCSReportDashboard,offline extraction of previously downloaded public dashboard bundle,publisher_snapshot;2026_2027_partial;metric_definitions_require_confirmation
Active Jobseekers,West Bengal,2023-24,46835,"15th July, 2026",https://ncs.gov.in/NCSReportDashboard,offline extraction of previously downloaded public dashboard bundle,publisher_snapshot;2026_2027_partial;metric_definitions_require_confirmation
Active Jobseekers,West Bengal,2024-25,238454,"15th July, 2026",https://ncs.gov.in/NCSReportDashboard,offline extraction of previously downloaded public dashboard bundle,publisher_snapshot;2026_2027_partial;metric_definitions_require_confirmation
Active Jobseekers,West Bengal,2025-26,146446,"15th July, 2026",https://ncs.gov.in/NCSReportDashboard,offline extraction of previously downloaded public dashboard bundle,publisher_snapshot;2026_2027_partial;metric_definitions_require_confirmation
Active Jobseekers,West Bengal,2026-2027,134961,"15th July, 2026",https://ncs.gov.in/NCSReportDashboard,offline extraction of previously downloaded public dashboard bundle,publisher_snapshot;2026_2027_partial;metric_definitions_require_confirmation
Vacancies,Andaman and Nicobar Islands,2015-16,0,"15th July, 2026",https://ncs.gov.in/NCSReportDashboard,offline extraction of previously downloaded public dashboard bundle,publisher_snapshot;2026_2027_partial;metric_definitions_require_confirmation
Vacancies,Andaman and Nicobar Islands,2016-17,148,"15th July, 2026",https://ncs.gov.in/NCSReportDashboard,offline extraction of previously downloaded public dashboard bundle,publisher_snapshot;2026_2027_partial;metric_definitions_require_confirmation
Vacancies,Andaman and Nicobar Islands,2017-18,203,"15th July, 2026",https://ncs.gov.in/NCSReportDashboard,offline extraction of previously downloaded public dashboard bundle,publisher_snapshot;2026_2027_partial;metric_definitions_require_confirmation
Vacancies,Andaman and Nicobar Islands,2018-19,106,"15th July, 2026",https://ncs.gov.in/NCSReportDashboard,offline extraction of previously downloaded public dashboard bundle,publisher_snapshot;2026_2027_partial;metric_definitions_require_confirmation
Vacancies,Andaman and Nicobar Islands,2019-20,705,"15th July, 2026",https://ncs.gov.in/NCSReportDashboard,offline extraction of previously downloaded public dashboard bundle,publisher_snapshot;2026_2027_partial;metric_definitions_require_confirmation
Vacancies,Andaman and Nicobar Islands,2020-21,68,"15th July, 2026",https://ncs.gov.in/NCSReportDashboard,offline extraction of previously downloaded public dashboard bundle,publisher_snapshot;2026_2027_partial;metric_definitions_require_confirmation
Vacancies,Andaman and Nicobar Islands,2021-22,347,"15th July, 2026",https://ncs.gov.in/NCSReportDashboard,offline extraction of previously downloaded public dashboard bundle,publisher_snapshot;2026_2027_partial;metric_definitions_require_confirmation
Vacancies,Andaman and Nicobar Islands,2022-23,40,"15th July, 2026",https://ncs.gov.in/NCSReportDashboard,offline extraction of previously downloaded public dashboard bundle,publisher_snapshot;2026_2027_partial;metric_definitions_require_confirmation
Vacancies,Andaman and Nicobar Islands,2023-24,580,"15th July, 2026",https://ncs.gov.in/NCSReportDashboard,offline extraction of previously downloaded public dashboard bundle,publisher_snapshot;2026_2027_partial;metric_definitions_require_confirmation
Vacancies,Andaman and Nicobar Islands,2024-25,466,"15th July, 2026",https://ncs.gov.in/NCSReportDashboard,offline extraction of previously downloaded public dashboard bundle,publisher_snapshot;2026_2027_partial;metric_definitions_require_confirmation
Vacancies,Andaman and Nicobar Islands,2025-26,21624,"15th July, 2026",https://ncs.gov.in/NCSReportDashboard,offline extraction of previously downloaded public dashboard bundle,publisher_snapshot;2026_2027_partial;metric_definitions_require_confirmation
Vacancies,Andaman and Nicobar Islands,2026-2027,307,"15th July, 2026",https://ncs.gov.in/NCSReportDashboard,offline extraction of previously downloaded public dashboard bundle,publisher_snapshot;2026_2027_partial;metric_definitions_require_confirmation
Vacancies,Andhra Pradesh,2015-16,9,"15th July, 2026",https://ncs.gov.in/NCSReportDashboard,offline extraction of previously downloaded public dashboard bundle,publisher_snapshot;2026_2027_partial;metric_definitions_require_confirmation
Vacancies,Andhra Pradesh,2016-17,4804,"15th July, 2026",https://ncs.gov.in/NCSReportDashboard,offline extraction of previously downloaded public dashboard bundle,publisher_snapshot;2026_2027_partial;metric_definitions_require_confirmation
Vacancies,Andhra Pradesh,2017-18,6942,"15th July, 2026",https://ncs.gov.in/NCSReportDashboard,offline extraction of previously downloaded public dashboard bundle,publisher_snapshot;2026_2027_partial;metric_definitions_require_confirmation
Vacancies,Andhra Pradesh,2018-19,11579,"15th July, 2026",https://ncs.gov.in/NCSReportDashboard,offline extraction of previously downloaded public dashboard bundle,publisher_snapshot;2026_2027_partial;metric_definitions_require_confirmation
Vacancies,Andhra Pradesh,2019-20,53177,"15th July, 2026",https://ncs.gov.in/NCSReportDashboard,offline extraction of previously downloaded public dashboard bundle,publisher_snapshot;2026_2027_partial;metric_definitions_require_confirmation
Vacancies,Andhra Pradesh,2020-21,24478,"15th July, 2026",https://ncs.gov.in/NCSReportDashboard,offline extraction of previously downloaded public dashboard bundle,publisher_snapshot;2026_2027_partial;metric_definitions_require_confirmation
Vacancies,Andhra Pradesh,2021-22,11933,"15th July, 2026",https://ncs.gov.in/NCSReportDashboard,offline extraction of previously downloaded public dashboard bundle,publisher_snapshot;2026_2027_partial;metric_definitions_require_confirmation
Vacancies,Andhra Pradesh,2022-23,18433,"15th July, 2026",https://ncs.gov.in/NCSReportDashboard,offline extraction of previously downloaded public dashboard bundle,publisher_snapshot;2026_2027_partial;metric_definitions_require_confirmation
Vacancies,Andhra Pradesh,2023-24,62869,"15th July, 2026",https://ncs.gov.in/NCSReportDashboard,offline extraction of previously downloaded public dashboard bundle,publisher_snapshot;2026_2027_partial;metric_definitions_require_confirmation
Vacancies,Andhra Pradesh,2024-25,75957,"15th July, 2026",https://ncs.gov.in/NCSReportDashboard,offline extraction of previously downloaded public dashboard bundle,publisher_snapshot;2026_2027_partial;metric_definitions_require_confirmation
Vacancies,Andhra Pradesh,2025-26,231121,"15th July, 2026",https://ncs.gov.in/NCSReportDashboard,offline extraction of previously downloaded public dashboard bundle,publisher_snapshot;2026_2027_partial;metric_definitions_require_confirmation
Vacancies,Andhra Pradesh,2026-2027,87975,"15th July, 2026",https://ncs.gov.in/NCSReportDashboard,offline extraction of previously downloaded public dashboard bundle,publisher_snapshot;2026_2027_partial;metric_definitions_require_confirmation
Vacancies,Arunachal Pradesh,2015-16,0,"15th July, 2026",https://ncs.gov.in/NCSReportDashboard,offline extraction of previously downloaded public dashboard bundle,publisher_snapshot;2026_2027_partial;metric_definitions_require_confirmation
Vacancies,Arunachal Pradesh,2016-17,394,"15th July, 2026",https://ncs.gov.in/NCSReportDashboard,offline extraction of previously downloaded public dashboard bundle,publisher_snapshot;2026_2027_partial;metric_definitions_require_confirmation
Vacancies,Arunachal Pradesh,2017-18,45,"15th July, 2026",https://ncs.gov.in/NCSReportDashboard,offline extraction of previously downloaded public dashboard bundle,publisher_snapshot;2026_2027_partial;metric_definitions_require_confirmation
Vacancies,Arunachal Pradesh,2018-19,1232,"15th July, 2026",https://ncs.gov.in/NCSReportDashboard,offline extraction of previously downloaded public dashboard bundle,publisher_snapshot;2026_2027_partial;metric_definitions_require_confirmation
Vacancies,Arunachal Pradesh,2019-20,2326,"15th July, 2026",https://ncs.gov.in/NCSReportDashboard,offline extraction of previously downloaded public dashboard bundle,publisher_snapshot;2026_2027_partial;metric_definitions_require_confirmation
Vacancies,Arunachal Pradesh,2020-21,466,"15th July, 2026",https://ncs.gov.in/NCSReportDashboard,offline extraction of previously downloaded public dashboard bundle,publisher_snapshot;2026_2027_partial;metric_definitions_require_confirmation
Vacancies,Arunachal Pradesh,2021-22,229,"15th July, 2026",https://ncs.gov.in/NCSReportDashboard,offline extraction of previously downloaded public dashboard bundle,publisher_snapshot;2026_2027_partial;metric_definitions_require_confirmation
Vacancies,Arunachal Pradesh,2022-23,380,"15th July, 2026",https://ncs.gov.in/NCSReportDashboard,offline extraction of previously downloaded public dashboard bundle,publisher_snapshot;2026_2027_partial;metric_definitions_require_confirmation
Vacancies,Arunachal Pradesh,2023-24,9134,"15th July, 2026",https://ncs.gov.in/NCSReportDashboard,offline extraction of previously downloaded public dashboard bundle,publisher_snapshot;2026_2027_partial;metric_definitions_require_confirmation
Vacancies,Arunachal Pradesh,2024-25,10159,"15th July, 2026",https://ncs.gov.in/NCSReportDashboard,offline extraction of previously downloaded public dashboard bundle,publisher_snapshot;2026_2027_partial;metric_definitions_require_confirmation
Vacancies,Arunachal Pradesh,2025-26,34547,"15th July, 2026",https://ncs.gov.in/NCSReportDashboard,offline extraction of previously downloaded public dashboard bundle,publisher_snapshot;2026_2027_partial;metric_definitions_require_confirmation
Vacancies,Arunachal Pradesh,2026-2027,9007,"15th July, 2026",https://ncs.gov.in/NCSReportDashboard,offline extraction of previously downloaded public dashboard bundle,publisher_snapshot;2026_2027_partial;metric_definitions_require_confirmation
Vacancies,Assam,2015-16,742,"15th July, 2026",https://ncs.gov.in/NCSReportDashboard,offline extraction of previously downloaded public dashboard bundle,publisher_snapshot;2026_2027_partial;metric_definitions_require_confirmation
Vacancies,Assam,2016-17,5066,"15th July, 2026",https://ncs.gov.in/NCSReportDashboard,offline extraction of previously downloaded public dashboard bundle,publisher_snapshot;2026_2027_partial;metric_definitions_require_confirmation
Vacancies,Assam,2017-18,640,"15th July, 2026",https://ncs.gov.in/NCSReportDashboard,offline extraction of previously downloaded public dashboard bundle,publisher_snapshot;2026_2027_partial;metric_definitions_require_confirmation
Vacancies,Assam,2018-19,3686,"15th July, 2026",https://ncs.gov.in/NCSReportDashboard,offline extraction of previously downloaded public dashboard bundle,publisher_snapshot;2026_2027_partial;metric_definitions_require_confirmation
Vacancies,Assam,2019-20,19208,"15th July, 2026",https://ncs.gov.in/NCSReportDashboard,offline extraction of previously downloaded public dashboard bundle,publisher_snapshot;2026_2027_partial;metric_definitions_require_confirmation
Vacancies,Assam,2020-21,6038,"15th July, 2026",https://ncs.gov.in/NCSReportDashboard,offline extraction of previously downloaded public dashboard bundle,publisher_snapshot;2026_2027_partial;metric_definitions_require_confirmation
Vacancies,Assam,2021-22,2796,"15th July, 2026",https://ncs.gov.in/NCSReportDashboard,offline extraction of previously downloaded public dashboard bundle,publisher_snapshot;2026_2027_partial;metric_definitions_require_confirmation
Vacancies,Assam,2022-23,9926,"15th July, 2026",https://ncs.gov.in/NCSReportDashboard,offline extraction of previously downloaded public dashboard bundle,publisher_snapshot;2026_2027_partial;metric_definitions_require_confirmation
Vacancies,Assam,2023-24,25137,"15th July, 2026",https://ncs.gov.in/NCSReportDashboard,offline extraction of previously downloaded public dashboard bundle,publisher_snapshot;2026_2027_partial;metric_definitions_require_confirmation
Vacancies,Assam,2024-25,78323,"15th July, 2026",https://ncs.gov.in/NCSReportDashboard,offline extraction of previously downloaded public dashboard bundle,publisher_snapshot;2026_2027_partial;metric_definitions_require_confirmation
Vacancies,Assam,2025-26,324443,"15th July, 2026",https://ncs.gov.in/NCSReportDashboard,offline extraction of previously downloaded public dashboard bundle,publisher_snapshot;2026_2027_partial;metric_definitions_require_confirmation
Vacancies,Assam,2026-2027,81477,"15th July, 2026",https://ncs.gov.in/NCSReportDashboard,offline extraction of previously downloaded public dashboard bundle,publisher_snapshot;2026_2027_partial;metric_definitions_require_confirmation
Vacancies,Bihar,2015-16,1,"15th July, 2026",https://ncs.gov.in/NCSReportDashboard,offline extraction of previously downloaded public dashboard bundle,publisher_snapshot;2026_2027_partial;metric_definitions_require_confirmation
Vacancies,Bihar,2016-17,9373,"15th July, 2026",https://ncs.gov.in/NCSReportDashboard,offline extraction of previously downloaded public dashboard bundle,publisher_snapshot;2026_2027_partial;metric_definitions_require_confirmation
Vacancies,Bihar,2017-18,27851,"15th July, 2026",https://ncs.gov.in/NCSReportDashboard,offline extraction of previously downloaded public dashboard bundle,publisher_snapshot;2026_2027_partial;metric_definitions_require_confirmation
Vacancies,Bihar,2018-19,20149,"15th July, 2026",https://ncs.gov.in/NCSReportDashboard,offline extraction of previously downloaded public dashboard bundle,publisher_snapshot;2026_2027_partial;metric_definitions_require_confirmation
Vacancies,Bihar,2019-20,62781,"15th July, 2026",https://ncs.gov.in/NCSReportDashboard,offline extraction of previously downloaded public dashboard bundle,publisher_snapshot;2026_2027_partial;metric_definitions_require_confirmation
Vacancies,Bihar,2020-21,25484,"15th July, 2026",https://ncs.gov.in/NCSReportDashboard,offline extraction of previously downloaded public dashboard bundle,publisher_snapshot;2026_2027_partial;metric_definitions_require_confirmation
Vacancies,Bihar,2021-22,5587,"15th July, 2026",https://ncs.gov.in/NCSReportDashboard,offline extraction of previously downloaded public dashboard bundle,publisher_snapshot;2026_2027_partial;metric_definitions_require_confirmation
Vacancies,Bihar,2022-23,41471,"15th July, 2026",https://ncs.gov.in/NCSReportDashboard,offline extraction of previously downloaded public dashboard bundle,publisher_snapshot;2026_2027_partial;metric_definitions_require_confirmation
Vacancies,Bihar,2023-24,214363,"15th July, 2026",https://ncs.gov.in/NCSReportDashboard,offline extraction of previously downloaded public dashboard bundle,publisher_snapshot;2026_2027_partial;metric_definitions_require_confirmation
Vacancies,Bihar,2024-25,273517,"15th July, 2026",https://ncs.gov.in/NCSReportDashboard,offline extraction of previously downloaded public dashboard bundle,publisher_snapshot;2026_2027_partial;metric_definitions_require_confirmation
Vacancies,Bihar,2025-26,580490,"15th July, 2026",https://ncs.gov.in/NCSReportDashboard,offline extraction of previously downloaded public dashboard bundle,publisher_snapshot;2026_2027_partial;metric_definitions_require_confirmation
Vacancies,Bihar,2026-2027,144653,"15th July, 2026",https://ncs.gov.in/NCSReportDashboard,offline extraction of previously downloaded public dashboard bundle,publisher_snapshot;2026_2027_partial;metric_definitions_require_confirmation
Vacancies,Chandigarh,2015-16,7,"15th July, 2026",https://ncs.gov.in/NCSReportDashboard,offline extraction of previously downloaded public dashboard bundle,publisher_snapshot;2026_2027_partial;metric_definitions_require_confirmation
Vacancies,Chandigarh,2016-17,1589,"15th July, 2026",https://ncs.gov.in/NCSReportDashboard,offline extraction of previously downloaded public dashboard bundle,publisher_snapshot;2026_2027_partial;metric_definitions_require_confirmation
Vacancies,Chandigarh,2017-18,3403,"15th July, 2026",https://ncs.gov.in/NCSReportDashboard,offline extraction of previously downloaded public dashboard bundle,publisher_snapshot;2026_2027_partial;metric_definitions_require_confirmation
Vacancies,Chandigarh,2018-19,51227,"15th July, 2026",https://ncs.gov.in/NCSReportDashboard,offline extraction of previously downloaded public dashboard bundle,publisher_snapshot;2026_2027_partial;metric_definitions_require_confirmation
Vacancies,Chandigarh,2019-20,13592,"15th July, 2026",https://ncs.gov.in/NCSReportDashboard,offline extraction of previously downloaded public dashboard bundle,publisher_snapshot;2026_2027_partial;metric_definitions_require_confirmation
Vacancies,Chandigarh,2020-21,2252,"15th July, 2026",https://ncs.gov.in/NCSReportDashboard,offline extraction of previously downloaded public dashboard bundle,publisher_snapshot;2026_2027_partial;metric_definitions_require_confirmation
Vacancies,Chandigarh,2021-22,7710,"15th July, 2026",https://ncs.gov.in/NCSReportDashboard,offline extraction of previously downloaded public dashboard bundle,publisher_snapshot;2026_2027_partial;metric_definitions_require_confirmation
Vacancies,Chandigarh,2022-23,1368,"15th July, 2026",https://ncs.gov.in/NCSReportDashboard,offline extraction of previously downloaded public dashboard bundle,publisher_snapshot;2026_2027_partial;metric_definitions_require_confirmation
Vacancies,Chandigarh,2023-24,4536,"15th July, 2026",https://ncs.gov.in/NCSReportDashboard,offline extraction of previously downloaded public dashboard bundle,publisher_snapshot;2026_2027_partial;metric_definitions_require_confirmation
Vacancies,Chandigarh,2024-25,7956,"15th July, 2026",https://ncs.gov.in/NCSReportDashboard,offline extraction of previously downloaded public dashboard bundle,publisher_snapshot;2026_2027_partial;metric_definitions_require_confirmation
Vacancies,Chandigarh,2025-26,138467,"15th July, 2026",https://ncs.gov.in/NCSReportDashboard,offline extraction of previously downloaded public dashboard bundle,publisher_snapshot;2026_2027_partial;metric_definitions_require_confirmation
Vacancies,Chandigarh,2026-2027,6299,"15th July, 2026",https://ncs.gov.in/NCSReportDashboard,offline extraction of previously downloaded public dashboard bundle,publisher_snapshot;2026_2027_partial;metric_definitions_require_confirmation
Vacancies,Chhattisgarh,2015-16,13,"15th July, 2026",https://ncs.gov.in/NCSReportDashboard,offline extraction of previously downloaded public dashboard bundle,publisher_snapshot;2026_2027_partial;metric_definitions_require_confirmation
Vacancies,Chhattisgarh,2016-17,11576,"15th July, 2026",https://ncs.gov.in/NCSReportDashboard,offline extraction of previously downloaded public dashboard bundle,publisher_snapshot;2026_2027_partial;metric_definitions_require_confirmation
Vacancies,Chhattisgarh,2017-18,7312,"15th July, 2026",https://ncs.gov.in/NCSReportDashboard,offline extraction of previously downloaded public dashboard bundle,publisher_snapshot;2026_2027_partial;metric_definitions_require_confirmation
Vacancies,Chhattisgarh,2018-19,3975,"15th July, 2026",https://ncs.gov.in/NCSReportDashboard,offline extraction of previously downloaded public dashboard bundle,publisher_snapshot;2026_2027_partial;metric_definitions_require_confirmation
Vacancies,Chhattisgarh,2019-20,14946,"15th July, 2026",https://ncs.gov.in/NCSReportDashboard,offline extraction of previously downloaded public dashboard bundle,publisher_snapshot;2026_2027_partial;metric_definitions_require_confirmation
Vacancies,Chhattisgarh,2020-21,11502,"15th July, 2026",https://ncs.gov.in/NCSReportDashboard,offline extraction of previously downloaded public dashboard bundle,publisher_snapshot;2026_2027_partial;metric_definitions_require_confirmation
Vacancies,Chhattisgarh,2021-22,2832,"15th July, 2026",https://ncs.gov.in/NCSReportDashboard,offline extraction of previously downloaded public dashboard bundle,publisher_snapshot;2026_2027_partial;metric_definitions_require_confirmation
Vacancies,Chhattisgarh,2022-23,10574,"15th July, 2026",https://ncs.gov.in/NCSReportDashboard,offline extraction of previously downloaded public dashboard bundle,publisher_snapshot;2026_2027_partial;metric_definitions_require_confirmation
Vacancies,Chhattisgarh,2023-24,36098,"15th July, 2026",https://ncs.gov.in/NCSReportDashboard,offline extraction of previously downloaded public dashboard bundle,publisher_snapshot;2026_2027_partial;metric_definitions_require_confirmation
Vacancies,Chhattisgarh,2024-25,90726,"15th July, 2026",https://ncs.gov.in/NCSReportDashboard,offline extraction of previously downloaded public dashboard bundle,publisher_snapshot;2026_2027_partial;metric_definitions_require_confirmation
Vacancies,Chhattisgarh,2025-26,199169,"15th July, 2026",https://ncs.gov.in/NCSReportDashboard,offline extraction of previously downloaded public dashboard bundle,publisher_snapshot;2026_2027_partial;metric_definitions_require_confirmation
Vacancies,Chhattisgarh,2026-2027,36923,"15th July, 2026",https://ncs.gov.in/NCSReportDashboard,offline extraction of previously downloaded public dashboard bundle,publisher_snapshot;2026_2027_partial;metric_definitions_require_confirmation
Vacancies,Delhi,2015-16,5096,"15th July, 2026",https://ncs.gov.in/NCSReportDashboard,offline extraction of previously downloaded public dashboard bundle,publisher_snapshot;2026_2027_partial;metric_definitions_require_confirmation
Vacancies,Delhi,2016-17,13453,"15th July, 2026",https://ncs.gov.in/NCSReportDashboard,offline extraction of previously downloaded public dashboard bundle,publisher_snapshot;2026_2027_partial;metric_definitions_require_confirmation
Vacancies,Delhi,2017-18,23993,"15th July, 2026",https://ncs.gov.in/NCSReportDashboard,offline extraction of previously downloaded public dashboard bundle,publisher_snapshot;2026_2027_partial;metric_definitions_require_confirmation
Vacancies,Delhi,2018-19,45447,"15th July, 2026",https://ncs.gov.in/NCSReportDashboard,offline extraction of previously downloaded public dashboard bundle,publisher_snapshot;2026_2027_partial;metric_definitions_require_confirmation
Vacancies,Delhi,2019-20,100860,"15th July, 2026",https://ncs.gov.in/NCSReportDashboard,offline extraction of previously downloaded public dashboard bundle,publisher_snapshot;2026_2027_partial;metric_definitions_require_confirmation
Vacancies,Delhi,2020-21,33891,"15th July, 2026",https://ncs.gov.in/NCSReportDashboard,offline extraction of previously downloaded public dashboard bundle,publisher_snapshot;2026_2027_partial;metric_definitions_require_confirmation
Vacancies,Delhi,2021-22,49026,"15th July, 2026",https://ncs.gov.in/NCSReportDashboard,offline extraction of previously downloaded public dashboard bundle,publisher_snapshot;2026_2027_partial;metric_definitions_require_confirmation
Vacancies,Delhi,2022-23,42547,"15th July, 2026",https://ncs.gov.in/NCSReportDashboard,offline extraction of previously downloaded public dashboard bundle,publisher_snapshot;2026_2027_partial;metric_definitions_require_confirmation
Vacancies,Delhi,2023-24,71538,"15th July, 2026",https://ncs.gov.in/NCSReportDashboard,offline extraction of previously downloaded public dashboard bundle,publisher_snapshot;2026_2027_partial;metric_definitions_require_confirmation
Vacancies,Delhi,2024-25,74900,"15th July, 2026",https://ncs.gov.in/NCSReportDashboard,offline extraction of previously downloaded public dashboard bundle,publisher_snapshot;2026_2027_partial;metric_definitions_require_confirmation
Vacancies,Delhi,2025-26,329073,"15th July, 2026",https://ncs.gov.in/NCSReportDashboard,offline extraction of previously downloaded public dashboard bundle,publisher_snapshot;2026_2027_partial;metric_definitions_require_confirmation
Vacancies,Delhi,2026-2027,33909,"15th July, 2026",https://ncs.gov.in/NCSReportDashboard,offline extraction of previously downloaded public dashboard bundle,publisher_snapshot;2026_2027_partial;metric_definitions_require_confirmation
Vacancies,Goa,2015-16,0,"15th July, 2026",https://ncs.gov.in/NCSReportDashboard,offline extraction of previously downloaded public dashboard bundle,publisher_snapshot;2026_2027_partial;metric_definitions_require_confirmation
Vacancies,Goa,2016-17,512,"15th July, 2026",https://ncs.gov.in/NCSReportDashboard,offline extraction of previously downloaded public dashboard bundle,publisher_snapshot;2026_2027_partial;metric_definitions_require_confirmation
Vacancies,Goa,2017-18,1822,"15th July, 2026",https://ncs.gov.in/NCSReportDashboard,offline extraction of previously downloaded public dashboard bundle,publisher_snapshot;2026_2027_partial;metric_definitions_require_confirmation
Vacancies,Goa,2018-19,2595,"15th July, 2026",https://ncs.gov.in/NCSReportDashboard,offline extraction of previously downloaded public dashboard bundle,publisher_snapshot;2026_2027_partial;metric_definitions_require_confirmation
Vacancies,Goa,2019-20,13057,"15th July, 2026",https://ncs.gov.in/NCSReportDashboard,offline extraction of previously downloaded public dashboard bundle,publisher_snapshot;2026_2027_partial;metric_definitions_require_confirmation
Vacancies,Goa,2020-21,682,"15th July, 2026",https://ncs.gov.in/NCSReportDashboard,offline extraction of previously downloaded public dashboard bundle,publisher_snapshot;2026_2027_partial;metric_definitions_require_confirmation
Vacancies,Goa,2021-22,2312,"15th July, 2026",https://ncs.gov.in/NCSReportDashboard,offline extraction of previously downloaded public dashboard bundle,publisher_snapshot;2026_2027_partial;metric_definitions_require_confirmation
Vacancies,Goa,2022-23,1790,"15th July, 2026",https://ncs.gov.in/NCSReportDashboard,offline extraction of previously downloaded public dashboard bundle,publisher_snapshot;2026_2027_partial;metric_definitions_require_confirmation
Vacancies,Goa,2023-24,5363,"15th July, 2026",https://ncs.gov.in/NCSReportDashboard,offline extraction of previously downloaded public dashboard bundle,publisher_snapshot;2026_2027_partial;metric_definitions_require_confirmation
Vacancies,Goa,2024-25,4172,"15th July, 2026",https://ncs.gov.in/NCSReportDashboard,offline extraction of previously downloaded public dashboard bundle,publisher_snapshot;2026_2027_partial;metric_definitions_require_confirmation
Vacancies,Goa,2025-26,18015,"15th July, 2026",https://ncs.gov.in/NCSReportDashboard,offline extraction of previously downloaded public dashboard bundle,publisher_snapshot;2026_2027_partial;metric_definitions_require_confirmation
Vacancies,Goa,2026-2027,9360,"15th July, 2026",https://ncs.gov.in/NCSReportDashboard,offline extraction of previously downloaded public dashboard bundle,publisher_snapshot;2026_2027_partial;metric_definitions_require_confirmation
Vacancies,Gujarat,2015-16,816,"15th July, 2026",https://ncs.gov.in/NCSReportDashboard,offline extraction of previously downloaded public dashboard bundle,publisher_snapshot;2026_2027_partial;metric_definitions_require_confirmation
Vacancies,Gujarat,2016-17,22286,"15th July, 2026",https://ncs.gov.in/NCSReportDashboard,offline extraction of previously downloaded public dashboard bundle,publisher_snapshot;2026_2027_partial;metric_definitions_require_confirmation
Vacancies,Gujarat,2017-18,29140,"15th July, 2026",https://ncs.gov.in/NCSReportDashboard,offline extraction of previously downloaded public dashboard bundle,publisher_snapshot;2026_2027_partial;metric_definitions_require_confirmation
Vacancies,Gujarat,2018-19,17367,"15th July, 2026",https://ncs.gov.in/NCSReportDashboard,offline extraction of previously downloaded public dashboard bundle,publisher_snapshot;2026_2027_partial;metric_definitions_require_confirmation
Vacancies,Gujarat,2019-20,95891,"15th July, 2026",https://ncs.gov.in/NCSReportDashboard,offline extraction of previously downloaded public dashboard bundle,publisher_snapshot;2026_2027_partial;metric_definitions_require_confirmation
Vacancies,Gujarat,2020-21,35219,"15th July, 2026",https://ncs.gov.in/NCSReportDashboard,offline extraction of previously downloaded public dashboard bundle,publisher_snapshot;2026_2027_partial;metric_definitions_require_confirmation
Vacancies,Gujarat,2021-22,36224,"15th July, 2026",https://ncs.gov.in/NCSReportDashboard,offline extraction of previously downloaded public dashboard bundle,publisher_snapshot;2026_2027_partial;metric_definitions_require_confirmation
Vacancies,Gujarat,2022-23,46575,"15th July, 2026",https://ncs.gov.in/NCSReportDashboard,offline extraction of previously downloaded public dashboard bundle,publisher_snapshot;2026_2027_partial;metric_definitions_require_confirmation
Vacancies,Gujarat,2023-24,147194,"15th July, 2026",https://ncs.gov.in/NCSReportDashboard,offline extraction of previously downloaded public dashboard bundle,publisher_snapshot;2026_2027_partial;metric_definitions_require_confirmation
Vacancies,Gujarat,2024-25,161904,"15th July, 2026",https://ncs.gov.in/NCSReportDashboard,offline extraction of previously downloaded public dashboard bundle,publisher_snapshot;2026_2027_partial;metric_definitions_require_confirmation
Vacancies,Gujarat,2025-26,703171,"15th July, 2026",https://ncs.gov.in/NCSReportDashboard,offline extraction of previously downloaded public dashboard bundle,publisher_snapshot;2026_2027_partial;metric_definitions_require_confirmation
Vacancies,Gujarat,2026-2027,103282,"15th July, 2026",https://ncs.gov.in/NCSReportDashboard,offline extraction of previously downloaded public dashboard bundle,publisher_snapshot;2026_2027_partial;metric_definitions_require_confirmation
Vacancies,Haryana,2015-16,3971,"15th July, 2026",https://ncs.gov.in/NCSReportDashboard,offline extraction of previously downloaded public dashboard bundle,publisher_snapshot;2026_2027_partial;metric_definitions_require_confirmation
Vacancies,Haryana,2016-17,12579,"15th July, 2026",https://ncs.gov.in/NCSReportDashboard,offline extraction of previously downloaded public dashboard bundle,publisher_snapshot;2026_2027_partial;metric_definitions_require_confirmation
Vacancies,Haryana,2017-18,13524,"15th July, 2026",https://ncs.gov.in/NCSReportDashboard,offline extraction of previously downloaded public dashboard bundle,publisher_snapshot;2026_2027_partial;metric_definitions_require_confirmation
Vacancies,Haryana,2018-19,22367,"15th July, 2026",https://ncs.gov.in/NCSReportDashboard,offline extraction of previously downloaded public dashboard bundle,publisher_snapshot;2026_2027_partial;metric_definitions_require_confirmation
Vacancies,Haryana,2019-20,91460,"15th July, 2026",https://ncs.gov.in/NCSReportDashboard,offline extraction of previously downloaded public dashboard bundle,publisher_snapshot;2026_2027_partial;metric_definitions_require_confirmation
Vacancies,Haryana,2020-21,29120,"15th July, 2026",https://ncs.gov.in/NCSReportDashboard,offline extraction of previously downloaded public dashboard bundle,publisher_snapshot;2026_2027_partial;metric_definitions_require_confirmation
Vacancies,Haryana,2021-22,19954,"15th July, 2026",https://ncs.gov.in/NCSReportDashboard,offline extraction of previously downloaded public dashboard bundle,publisher_snapshot;2026_2027_partial;metric_definitions_require_confirmation
Vacancies,Haryana,2022-23,18461,"15th July, 2026",https://ncs.gov.in/NCSReportDashboard,offline extraction of previously downloaded public dashboard bundle,publisher_snapshot;2026_2027_partial;metric_definitions_require_confirmation
Vacancies,Haryana,2023-24,75056,"15th July, 2026",https://ncs.gov.in/NCSReportDashboard,offline extraction of previously downloaded public dashboard bundle,publisher_snapshot;2026_2027_partial;metric_definitions_require_confirmation
Vacancies,Haryana,2024-25,91560,"15th July, 2026",https://ncs.gov.in/NCSReportDashboard,offline extraction of previously downloaded public dashboard bundle,publisher_snapshot;2026_2027_partial;metric_definitions_require_confirmation
Vacancies,Haryana,2025-26,330074,"15th July, 2026",https://ncs.gov.in/NCSReportDashboard,offline extraction of previously downloaded public dashboard bundle,publisher_snapshot;2026_2027_partial;metric_definitions_require_confirmation
Vacancies,Haryana,2026-2027,86943,"15th July, 2026",https://ncs.gov.in/NCSReportDashboard,offline extraction of previously downloaded public dashboard bundle,publisher_snapshot;2026_2027_partial;metric_definitions_require_confirmation
Vacancies,Himachal Pradesh,2015-16,5,"15th July, 2026",https://ncs.gov.in/NCSReportDashboard,offline extraction of previously downloaded public dashboard bundle,publisher_snapshot;2026_2027_partial;metric_definitions_require_confirmation
Vacancies,Himachal Pradesh,2016-17,768,"15th July, 2026",https://ncs.gov.in/NCSReportDashboard,offline extraction of previously downloaded public dashboard bundle,publisher_snapshot;2026_2027_partial;metric_definitions_require_confirmation
Vacancies,Himachal Pradesh,2017-18,9595,"15th July, 2026",https://ncs.gov.in/NCSReportDashboard,offline extraction of previously downloaded public dashboard bundle,publisher_snapshot;2026_2027_partial;metric_definitions_require_confirmation
Vacancies,Himachal Pradesh,2018-19,2240,"15th July, 2026",https://ncs.gov.in/NCSReportDashboard,offline extraction of previously downloaded public dashboard bundle,publisher_snapshot;2026_2027_partial;metric_definitions_require_confirmation
Vacancies,Himachal Pradesh,2019-20,8187,"15th July, 2026",https://ncs.gov.in/NCSReportDashboard,offline extraction of previously downloaded public dashboard bundle,publisher_snapshot;2026_2027_partial;metric_definitions_require_confirmation
Vacancies,Himachal Pradesh,2020-21,9193,"15th July, 2026",https://ncs.gov.in/NCSReportDashboard,offline extraction of previously downloaded public dashboard bundle,publisher_snapshot;2026_2027_partial;metric_definitions_require_confirmation
Vacancies,Himachal Pradesh,2021-22,695,"15th July, 2026",https://ncs.gov.in/NCSReportDashboard,offline extraction of previously downloaded public dashboard bundle,publisher_snapshot;2026_2027_partial;metric_definitions_require_confirmation
Vacancies,Himachal Pradesh,2022-23,3789,"15th July, 2026",https://ncs.gov.in/NCSReportDashboard,offline extraction of previously downloaded public dashboard bundle,publisher_snapshot;2026_2027_partial;metric_definitions_require_confirmation
Vacancies,Himachal Pradesh,2023-24,15253,"15th July, 2026",https://ncs.gov.in/NCSReportDashboard,offline extraction of previously downloaded public dashboard bundle,publisher_snapshot;2026_2027_partial;metric_definitions_require_confirmation
Vacancies,Himachal Pradesh,2024-25,11015,"15th July, 2026",https://ncs.gov.in/NCSReportDashboard,offline extraction of previously downloaded public dashboard bundle,publisher_snapshot;2026_2027_partial;metric_definitions_require_confirmation
Vacancies,Himachal Pradesh,2025-26,89640,"15th July, 2026",https://ncs.gov.in/NCSReportDashboard,offline extraction of previously downloaded public dashboard bundle,publisher_snapshot;2026_2027_partial;metric_definitions_require_confirmation
Vacancies,Himachal Pradesh,2026-2027,19512,"15th July, 2026",https://ncs.gov.in/NCSReportDashboard,offline extraction of previously downloaded public dashboard bundle,publisher_snapshot;2026_2027_partial;metric_definitions_require_confirmation
Vacancies,Jammu and Kashmir,2015-16,0,"15th July, 2026",https://ncs.gov.in/NCSReportDashboard,offline extraction of previously downloaded public dashboard bundle,publisher_snapshot;2026_2027_partial;metric_definitions_require_confirmation
Vacancies,Jammu and Kashmir,2016-17,6051,"15th July, 2026",https://ncs.gov.in/NCSReportDashboard,offline extraction of previously downloaded public dashboard bundle,publisher_snapshot;2026_2027_partial;metric_definitions_require_confirmation
Vacancies,Jammu and Kashmir,2017-18,1761,"15th July, 2026",https://ncs.gov.in/NCSReportDashboard,offline extraction of previously downloaded public dashboard bundle,publisher_snapshot;2026_2027_partial;metric_definitions_require_confirmation
Vacancies,Jammu and Kashmir,2018-19,11074,"15th July, 2026",https://ncs.gov.in/NCSReportDashboard,offline extraction of previously downloaded public dashboard bundle,publisher_snapshot;2026_2027_partial;metric_definitions_require_confirmation
Vacancies,Jammu and Kashmir,2019-20,3827,"15th July, 2026",https://ncs.gov.in/NCSReportDashboard,offline extraction of previously downloaded public dashboard bundle,publisher_snapshot;2026_2027_partial;metric_definitions_require_confirmation
Vacancies,Jammu and Kashmir,2020-21,14325,"15th July, 2026",https://ncs.gov.in/NCSReportDashboard,offline extraction of previously downloaded public dashboard bundle,publisher_snapshot;2026_2027_partial;metric_definitions_require_confirmation
Vacancies,Jammu and Kashmir,2021-22,702,"15th July, 2026",https://ncs.gov.in/NCSReportDashboard,offline extraction of previously downloaded public dashboard bundle,publisher_snapshot;2026_2027_partial;metric_definitions_require_confirmation
Vacancies,Jammu and Kashmir,2022-23,3671,"15th July, 2026",https://ncs.gov.in/NCSReportDashboard,offline extraction of previously downloaded public dashboard bundle,publisher_snapshot;2026_2027_partial;metric_definitions_require_confirmation
Vacancies,Jammu and Kashmir,2023-24,29089,"15th July, 2026",https://ncs.gov.in/NCSReportDashboard,offline extraction of previously downloaded public dashboard bundle,publisher_snapshot;2026_2027_partial;metric_definitions_require_confirmation
Vacancies,Jammu and Kashmir,2024-25,64015,"15th July, 2026",https://ncs.gov.in/NCSReportDashboard,offline extraction of previously downloaded public dashboard bundle,publisher_snapshot;2026_2027_partial;metric_definitions_require_confirmation
Vacancies,Jammu and Kashmir,2025-26,113364,"15th July, 2026",https://ncs.gov.in/NCSReportDashboard,offline extraction of previously downloaded public dashboard bundle,publisher_snapshot;2026_2027_partial;metric_definitions_require_confirmation
Vacancies,Jammu and Kashmir,2026-2027,48998,"15th July, 2026",https://ncs.gov.in/NCSReportDashboard,offline extraction of previously downloaded public dashboard bundle,publisher_snapshot;2026_2027_partial;metric_definitions_require_confirmation
Vacancies,Jharkhand,2015-16,358,"15th July, 2026",https://ncs.gov.in/NCSReportDashboard,offline extraction of previously downloaded public dashboard bundle,publisher_snapshot;2026_2027_partial;metric_definitions_require_confirmation
Vacancies,Jharkhand,2016-17,8415,"15th July, 2026",https://ncs.gov.in/NCSReportDashboard,offline extraction of previously downloaded public dashboard bundle,publisher_snapshot;2026_2027_partial;metric_definitions_require_confirmation
Vacancies,Jharkhand,2017-18,3365,"15th July, 2026",https://ncs.gov.in/NCSReportDashboard,offline extraction of previously downloaded public dashboard bundle,publisher_snapshot;2026_2027_partial;metric_definitions_require_confirmation
Vacancies,Jharkhand,2018-19,78360,"15th July, 2026",https://ncs.gov.in/NCSReportDashboard,offline extraction of previously downloaded public dashboard bundle,publisher_snapshot;2026_2027_partial;metric_definitions_require_confirmation
Vacancies,Jharkhand,2019-20,16726,"15th July, 2026",https://ncs.gov.in/NCSReportDashboard,offline extraction of previously downloaded public dashboard bundle,publisher_snapshot;2026_2027_partial;metric_definitions_require_confirmation
Vacancies,Jharkhand,2020-21,14213,"15th July, 2026",https://ncs.gov.in/NCSReportDashboard,offline extraction of previously downloaded public dashboard bundle,publisher_snapshot;2026_2027_partial;metric_definitions_require_confirmation
Vacancies,Jharkhand,2021-22,3358,"15th July, 2026",https://ncs.gov.in/NCSReportDashboard,offline extraction of previously downloaded public dashboard bundle,publisher_snapshot;2026_2027_partial;metric_definitions_require_confirmation
Vacancies,Jharkhand,2022-23,12956,"15th July, 2026",https://ncs.gov.in/NCSReportDashboard,offline extraction of previously downloaded public dashboard bundle,publisher_snapshot;2026_2027_partial;metric_definitions_require_confirmation
Vacancies,Jharkhand,2023-24,121508,"15th July, 2026",https://ncs.gov.in/NCSReportDashboard,offline extraction of previously downloaded public dashboard bundle,publisher_snapshot;2026_2027_partial;metric_definitions_require_confirmation
Vacancies,Jharkhand,2024-25,142125,"15th July, 2026",https://ncs.gov.in/NCSReportDashboard,offline extraction of previously downloaded public dashboard bundle,publisher_snapshot;2026_2027_partial;metric_definitions_require_confirmation
Vacancies,Jharkhand,2025-26,347301,"15th July, 2026",https://ncs.gov.in/NCSReportDashboard,offline extraction of previously downloaded public dashboard bundle,publisher_snapshot;2026_2027_partial;metric_definitions_require_confirmation
Vacancies,Jharkhand,2026-2027,69750,"15th July, 2026",https://ncs.gov.in/NCSReportDashboard,offline extraction of previously downloaded public dashboard bundle,publisher_snapshot;2026_2027_partial;metric_definitions_require_confirmation
Vacancies,Karnataka,2015-16,4219,"15th July, 2026",https://ncs.gov.in/NCSReportDashboard,offline extraction of previously downloaded public dashboard bundle,publisher_snapshot;2026_2027_partial;metric_definitions_require_confirmation
Vacancies,Karnataka,2016-17,190376,"15th July, 2026",https://ncs.gov.in/NCSReportDashboard,offline extraction of previously downloaded public dashboard bundle,publisher_snapshot;2026_2027_partial;metric_definitions_require_confirmation
Vacancies,Karnataka,2017-18,130830,"15th July, 2026",https://ncs.gov.in/NCSReportDashboard,offline extraction of previously downloaded public dashboard bundle,publisher_snapshot;2026_2027_partial;metric_definitions_require_confirmation
Vacancies,Karnataka,2018-19,96757,"15th July, 2026",https://ncs.gov.in/NCSReportDashboard,offline extraction of previously downloaded public dashboard bundle,publisher_snapshot;2026_2027_partial;metric_definitions_require_confirmation
Vacancies,Karnataka,2019-20,312276,"15th July, 2026",https://ncs.gov.in/NCSReportDashboard,offline extraction of previously downloaded public dashboard bundle,publisher_snapshot;2026_2027_partial;metric_definitions_require_confirmation
Vacancies,Karnataka,2020-21,68553,"15th July, 2026",https://ncs.gov.in/NCSReportDashboard,offline extraction of previously downloaded public dashboard bundle,publisher_snapshot;2026_2027_partial;metric_definitions_require_confirmation
Vacancies,Karnataka,2021-22,92097,"15th July, 2026",https://ncs.gov.in/NCSReportDashboard,offline extraction of previously downloaded public dashboard bundle,publisher_snapshot;2026_2027_partial;metric_definitions_require_confirmation
Vacancies,Karnataka,2022-23,83223,"15th July, 2026",https://ncs.gov.in/NCSReportDashboard,offline extraction of previously downloaded public dashboard bundle,publisher_snapshot;2026_2027_partial;metric_definitions_require_confirmation
Vacancies,Karnataka,2023-24,327858,"15th July, 2026",https://ncs.gov.in/NCSReportDashboard,offline extraction of previously downloaded public dashboard bundle,publisher_snapshot;2026_2027_partial;metric_definitions_require_confirmation
Vacancies,Karnataka,2024-25,240434,"15th July, 2026",https://ncs.gov.in/NCSReportDashboard,offline extraction of previously downloaded public dashboard bundle,publisher_snapshot;2026_2027_partial;metric_definitions_require_confirmation
Vacancies,Karnataka,2025-26,624978,"15th July, 2026",https://ncs.gov.in/NCSReportDashboard,offline extraction of previously downloaded public dashboard bundle,publisher_snapshot;2026_2027_partial;metric_definitions_require_confirmation
Vacancies,Karnataka,2026-2027,99441,"15th July, 2026",https://ncs.gov.in/NCSReportDashboard,offline extraction of previously downloaded public dashboard bundle,publisher_snapshot;2026_2027_partial;metric_definitions_require_confirmation
Vacancies,Kerala,2015-16,722,"15th July, 2026",https://ncs.gov.in/NCSReportDashboard,offline extraction of previously downloaded public dashboard bundle,publisher_snapshot;2026_2027_partial;metric_definitions_require_confirmation
Vacancies,Kerala,2016-17,5971,"15th July, 2026",https://ncs.gov.in/NCSReportDashboard,offline extraction of previously downloaded public dashboard bundle,publisher_snapshot;2026_2027_partial;metric_definitions_require_confirmation
Vacancies,Kerala,2017-18,9100,"15th July, 2026",https://ncs.gov.in/NCSReportDashboard,offline extraction of previously downloaded public dashboard bundle,publisher_snapshot;2026_2027_partial;metric_definitions_require_confirmation
Vacancies,Kerala,2018-19,6999,"15th July, 2026",https://ncs.gov.in/NCSReportDashboard,offline extraction of previously downloaded public dashboard bundle,publisher_snapshot;2026_2027_partial;metric_definitions_require_confirmation
Vacancies,Kerala,2019-20,42559,"15th July, 2026",https://ncs.gov.in/NCSReportDashboard,offline extraction of previously downloaded public dashboard bundle,publisher_snapshot;2026_2027_partial;metric_definitions_require_confirmation
Vacancies,Kerala,2020-21,7360,"15th July, 2026",https://ncs.gov.in/NCSReportDashboard,offline extraction of previously downloaded public dashboard bundle,publisher_snapshot;2026_2027_partial;metric_definitions_require_confirmation
Vacancies,Kerala,2021-22,5509,"15th July, 2026",https://ncs.gov.in/NCSReportDashboard,offline extraction of previously downloaded public dashboard bundle,publisher_snapshot;2026_2027_partial;metric_definitions_require_confirmation
Vacancies,Kerala,2022-23,15658,"15th July, 2026",https://ncs.gov.in/NCSReportDashboard,offline extraction of previously downloaded public dashboard bundle,publisher_snapshot;2026_2027_partial;metric_definitions_require_confirmation
Vacancies,Kerala,2023-24,53685,"15th July, 2026",https://ncs.gov.in/NCSReportDashboard,offline extraction of previously downloaded public dashboard bundle,publisher_snapshot;2026_2027_partial;metric_definitions_require_confirmation
Vacancies,Kerala,2024-25,70607,"15th July, 2026",https://ncs.gov.in/NCSReportDashboard,offline extraction of previously downloaded public dashboard bundle,publisher_snapshot;2026_2027_partial;metric_definitions_require_confirmation
Vacancies,Kerala,2025-26,110756,"15th July, 2026",https://ncs.gov.in/NCSReportDashboard,offline extraction of previously downloaded public dashboard bundle,publisher_snapshot;2026_2027_partial;metric_definitions_require_confirmation
Vacancies,Kerala,2026-2027,38204,"15th July, 2026",https://ncs.gov.in/NCSReportDashboard,offline extraction of previously downloaded public dashboard bundle,publisher_snapshot;2026_2027_partial;metric_definitions_require_confirmation
Vacancies,Ladakh,2015-16,0,"15th July, 2026",https://ncs.gov.in/NCSReportDashboard,offline extraction of previously downloaded public dashboard bundle,publisher_snapshot;2026_2027_partial;metric_definitions_require_confirmation
Vacancies,Ladakh,2016-17,0,"15th July, 2026",https://ncs.gov.in/NCSReportDashboard,offline extraction of previously downloaded public dashboard bundle,publisher_snapshot;2026_2027_partial;metric_definitions_require_confirmation
Vacancies,Ladakh,2017-18,0,"15th July, 2026",https://ncs.gov.in/NCSReportDashboard,offline extraction of previously downloaded public dashboard bundle,publisher_snapshot;2026_2027_partial;metric_definitions_require_confirmation
Vacancies,Ladakh,2018-19,16,"15th July, 2026",https://ncs.gov.in/NCSReportDashboard,offline extraction of previously downloaded public dashboard bundle,publisher_snapshot;2026_2027_partial;metric_definitions_require_confirmation
Vacancies,Ladakh,2019-20,0,"15th July, 2026",https://ncs.gov.in/NCSReportDashboard,offline extraction of previously downloaded public dashboard bundle,publisher_snapshot;2026_2027_partial;metric_definitions_require_confirmation
Vacancies,Ladakh,2020-21,15,"15th July, 2026",https://ncs.gov.in/NCSReportDashboard,offline extraction of previously downloaded public dashboard bundle,publisher_snapshot;2026_2027_partial;metric_definitions_require_confirmation
Vacancies,Ladakh,2021-22,11,"15th July, 2026",https://ncs.gov.in/NCSReportDashboard,offline extraction of previously downloaded public dashboard bundle,publisher_snapshot;2026_2027_partial;metric_definitions_require_confirmation
Vacancies,Ladakh,2022-23,0,"15th July, 2026",https://ncs.gov.in/NCSReportDashboard,offline extraction of previously downloaded public dashboard bundle,publisher_snapshot;2026_2027_partial;metric_definitions_require_confirmation
Vacancies,Ladakh,2023-24,6,"15th July, 2026",https://ncs.gov.in/NCSReportDashboard,offline extraction of previously downloaded public dashboard bundle,publisher_snapshot;2026_2027_partial;metric_definitions_require_confirmation
Vacancies,Ladakh,2024-25,288,"15th July, 2026",https://ncs.gov.in/NCSReportDashboard,offline extraction of previously downloaded public dashboard bundle,publisher_snapshot;2026_2027_partial;metric_definitions_require_confirmation
Vacancies,Ladakh,2025-26,815,"15th July, 2026",https://ncs.gov.in/NCSReportDashboard,offline extraction of previously downloaded public dashboard bundle,publisher_snapshot;2026_2027_partial;metric_definitions_require_confirmation
Vacancies,Ladakh,2026-2027,590,"15th July, 2026",https://ncs.gov.in/NCSReportDashboard,offline extraction of previously downloaded public dashboard bundle,publisher_snapshot;2026_2027_partial;metric_definitions_require_confirmation
Vacancies,Lakshadweep,2015-16,369,"15th July, 2026",https://ncs.gov.in/NCSReportDashboard,offline extraction of previously downloaded public dashboard bundle,publisher_snapshot;2026_2027_partial;metric_definitions_require_confirmation
Vacancies,Lakshadweep,2016-17,0,"15th July, 2026",https://ncs.gov.in/NCSReportDashboard,offline extraction of previously downloaded public dashboard bundle,publisher_snapshot;2026_2027_partial;metric_definitions_require_confirmation
Vacancies,Lakshadweep,2017-18,414,"15th July, 2026",https://ncs.gov.in/NCSReportDashboard,offline extraction of previously downloaded public dashboard bundle,publisher_snapshot;2026_2027_partial;metric_definitions_require_confirmation
Vacancies,Lakshadweep,2018-19,0,"15th July, 2026",https://ncs.gov.in/NCSReportDashboard,offline extraction of previously downloaded public dashboard bundle,publisher_snapshot;2026_2027_partial;metric_definitions_require_confirmation
Vacancies,Lakshadweep,2019-20,217,"15th July, 2026",https://ncs.gov.in/NCSReportDashboard,offline extraction of previously downloaded public dashboard bundle,publisher_snapshot;2026_2027_partial;metric_definitions_require_confirmation
Vacancies,Lakshadweep,2020-21,360,"15th July, 2026",https://ncs.gov.in/NCSReportDashboard,offline extraction of previously downloaded public dashboard bundle,publisher_snapshot;2026_2027_partial;metric_definitions_require_confirmation
Vacancies,Lakshadweep,2021-22,1,"15th July, 2026",https://ncs.gov.in/NCSReportDashboard,offline extraction of previously downloaded public dashboard bundle,publisher_snapshot;2026_2027_partial;metric_definitions_require_confirmation
Vacancies,Lakshadweep,2022-23,91,"15th July, 2026",https://ncs.gov.in/NCSReportDashboard,offline extraction of previously downloaded public dashboard bundle,publisher_snapshot;2026_2027_partial;metric_definitions_require_confirmation
Vacancies,Lakshadweep,2023-24,1083,"15th July, 2026",https://ncs.gov.in/NCSReportDashboard,offline extraction of previously downloaded public dashboard bundle,publisher_snapshot;2026_2027_partial;metric_definitions_require_confirmation
Vacancies,Lakshadweep,2024-25,519,"15th July, 2026",https://ncs.gov.in/NCSReportDashboard,offline extraction of previously downloaded public dashboard bundle,publisher_snapshot;2026_2027_partial;metric_definitions_require_confirmation
Vacancies,Lakshadweep,2025-26,192,"15th July, 2026",https://ncs.gov.in/NCSReportDashboard,offline extraction of previously downloaded public dashboard bundle,publisher_snapshot;2026_2027_partial;metric_definitions_require_confirmation
Vacancies,Lakshadweep,2026-2027,19,"15th July, 2026",https://ncs.gov.in/NCSReportDashboard,offline extraction of previously downloaded public dashboard bundle,publisher_snapshot;2026_2027_partial;metric_definitions_require_confirmation
Vacancies,Madhya Pradesh,2015-16,746,"15th July, 2026",https://ncs.gov.in/NCSReportDashboard,offline extraction of previously downloaded public dashboard bundle,publisher_snapshot;2026_2027_partial;metric_definitions_require_confirmation
Vacancies,Madhya Pradesh,2016-17,7504,"15th July, 2026",https://ncs.gov.in/NCSReportDashboard,offline extraction of previously downloaded public dashboard bundle,publisher_snapshot;2026_2027_partial;metric_definitions_require_confirmation
Vacancies,Madhya Pradesh,2017-18,21284,"15th July, 2026",https://ncs.gov.in/NCSReportDashboard,offline extraction of previously downloaded public dashboard bundle,publisher_snapshot;2026_2027_partial;metric_definitions_require_confirmation
Vacancies,Madhya Pradesh,2018-19,17339,"15th July, 2026",https://ncs.gov.in/NCSReportDashboard,offline extraction of previously downloaded public dashboard bundle,publisher_snapshot;2026_2027_partial;metric_definitions_require_confirmation
Vacancies,Madhya Pradesh,2019-20,43919,"15th July, 2026",https://ncs.gov.in/NCSReportDashboard,offline extraction of previously downloaded public dashboard bundle,publisher_snapshot;2026_2027_partial;metric_definitions_require_confirmation
Vacancies,Madhya Pradesh,2020-21,16257,"15th July, 2026",https://ncs.gov.in/NCSReportDashboard,offline extraction of previously downloaded public dashboard bundle,publisher_snapshot;2026_2027_partial;metric_definitions_require_confirmation
Vacancies,Madhya Pradesh,2021-22,7802,"15th July, 2026",https://ncs.gov.in/NCSReportDashboard,offline extraction of previously downloaded public dashboard bundle,publisher_snapshot;2026_2027_partial;metric_definitions_require_confirmation
Vacancies,Madhya Pradesh,2022-23,22964,"15th July, 2026",https://ncs.gov.in/NCSReportDashboard,offline extraction of previously downloaded public dashboard bundle,publisher_snapshot;2026_2027_partial;metric_definitions_require_confirmation
Vacancies,Madhya Pradesh,2023-24,41637,"15th July, 2026",https://ncs.gov.in/NCSReportDashboard,offline extraction of previously downloaded public dashboard bundle,publisher_snapshot;2026_2027_partial;metric_definitions_require_confirmation
Vacancies,Madhya Pradesh,2024-25,61995,"15th July, 2026",https://ncs.gov.in/NCSReportDashboard,offline extraction of previously downloaded public dashboard bundle,publisher_snapshot;2026_2027_partial;metric_definitions_require_confirmation
Vacancies,Madhya Pradesh,2025-26,288118,"15th July, 2026",https://ncs.gov.in/NCSReportDashboard,offline extraction of previously downloaded public dashboard bundle,publisher_snapshot;2026_2027_partial;metric_definitions_require_confirmation
Vacancies,Madhya Pradesh,2026-2027,101850,"15th July, 2026",https://ncs.gov.in/NCSReportDashboard,offline extraction of previously downloaded public dashboard bundle,publisher_snapshot;2026_2027_partial;metric_definitions_require_confirmation
Vacancies,Maharashtra,2015-16,3746,"15th July, 2026",https://ncs.gov.in/NCSReportDashboard,offline extraction of previously downloaded public dashboard bundle,publisher_snapshot;2026_2027_partial;metric_definitions_require_confirmation
Vacancies,Maharashtra,2016-17,204466,"15th July, 2026",https://ncs.gov.in/NCSReportDashboard,offline extraction of previously downloaded public dashboard bundle,publisher_snapshot;2026_2027_partial;metric_definitions_require_confirmation
Vacancies,Maharashtra,2017-18,116145,"15th July, 2026",https://ncs.gov.in/NCSReportDashboard,offline extraction of previously downloaded public dashboard bundle,publisher_snapshot;2026_2027_partial;metric_definitions_require_confirmation
Vacancies,Maharashtra,2018-19,104409,"15th July, 2026",https://ncs.gov.in/NCSReportDashboard,offline extraction of previously downloaded public dashboard bundle,publisher_snapshot;2026_2027_partial;metric_definitions_require_confirmation
Vacancies,Maharashtra,2019-20,304566,"15th July, 2026",https://ncs.gov.in/NCSReportDashboard,offline extraction of previously downloaded public dashboard bundle,publisher_snapshot;2026_2027_partial;metric_definitions_require_confirmation
Vacancies,Maharashtra,2020-21,76927,"15th July, 2026",https://ncs.gov.in/NCSReportDashboard,offline extraction of previously downloaded public dashboard bundle,publisher_snapshot;2026_2027_partial;metric_definitions_require_confirmation
Vacancies,Maharashtra,2021-22,89530,"15th July, 2026",https://ncs.gov.in/NCSReportDashboard,offline extraction of previously downloaded public dashboard bundle,publisher_snapshot;2026_2027_partial;metric_definitions_require_confirmation
Vacancies,Maharashtra,2022-23,119141,"15th July, 2026",https://ncs.gov.in/NCSReportDashboard,offline extraction of previously downloaded public dashboard bundle,publisher_snapshot;2026_2027_partial;metric_definitions_require_confirmation
Vacancies,Maharashtra,2023-24,313528,"15th July, 2026",https://ncs.gov.in/NCSReportDashboard,offline extraction of previously downloaded public dashboard bundle,publisher_snapshot;2026_2027_partial;metric_definitions_require_confirmation
Vacancies,Maharashtra,2024-25,305636,"15th July, 2026",https://ncs.gov.in/NCSReportDashboard,offline extraction of previously downloaded public dashboard bundle,publisher_snapshot;2026_2027_partial;metric_definitions_require_confirmation
Vacancies,Maharashtra,2025-26,897580,"15th July, 2026",https://ncs.gov.in/NCSReportDashboard,offline extraction of previously downloaded public dashboard bundle,publisher_snapshot;2026_2027_partial;metric_definitions_require_confirmation
Vacancies,Maharashtra,2026-2027,214210,"15th July, 2026",https://ncs.gov.in/NCSReportDashboard,offline extraction of previously downloaded public dashboard bundle,publisher_snapshot;2026_2027_partial;metric_definitions_require_confirmation
Vacancies,Manipur,2015-16,0,"15th July, 2026",https://ncs.gov.in/NCSReportDashboard,offline extraction of previously downloaded public dashboard bundle,publisher_snapshot;2026_2027_partial;metric_definitions_require_confirmation
Vacancies,Manipur,2016-17,54,"15th July, 2026",https://ncs.gov.in/NCSReportDashboard,offline extraction of previously downloaded public dashboard bundle,publisher_snapshot;2026_2027_partial;metric_definitions_require_confirmation
Vacancies,Manipur,2017-18,436,"15th July, 2026",https://ncs.gov.in/NCSReportDashboard,offline extraction of previously downloaded public dashboard bundle,publisher_snapshot;2026_2027_partial;metric_definitions_require_confirmation
Vacancies,Manipur,2018-19,276,"15th July, 2026",https://ncs.gov.in/NCSReportDashboard,offline extraction of previously downloaded public dashboard bundle,publisher_snapshot;2026_2027_partial;metric_definitions_require_confirmation
Vacancies,Manipur,2019-20,1120,"15th July, 2026",https://ncs.gov.in/NCSReportDashboard,offline extraction of previously downloaded public dashboard bundle,publisher_snapshot;2026_2027_partial;metric_definitions_require_confirmation
Vacancies,Manipur,2020-21,105,"15th July, 2026",https://ncs.gov.in/NCSReportDashboard,offline extraction of previously downloaded public dashboard bundle,publisher_snapshot;2026_2027_partial;metric_definitions_require_confirmation
Vacancies,Manipur,2021-22,23,"15th July, 2026",https://ncs.gov.in/NCSReportDashboard,offline extraction of previously downloaded public dashboard bundle,publisher_snapshot;2026_2027_partial;metric_definitions_require_confirmation
Vacancies,Manipur,2022-23,138,"15th July, 2026",https://ncs.gov.in/NCSReportDashboard,offline extraction of previously downloaded public dashboard bundle,publisher_snapshot;2026_2027_partial;metric_definitions_require_confirmation
Vacancies,Manipur,2023-24,2389,"15th July, 2026",https://ncs.gov.in/NCSReportDashboard,offline extraction of previously downloaded public dashboard bundle,publisher_snapshot;2026_2027_partial;metric_definitions_require_confirmation
Vacancies,Manipur,2024-25,5698,"15th July, 2026",https://ncs.gov.in/NCSReportDashboard,offline extraction of previously downloaded public dashboard bundle,publisher_snapshot;2026_2027_partial;metric_definitions_require_confirmation
Vacancies,Manipur,2025-26,23773,"15th July, 2026",https://ncs.gov.in/NCSReportDashboard,offline extraction of previously downloaded public dashboard bundle,publisher_snapshot;2026_2027_partial;metric_definitions_require_confirmation
Vacancies,Manipur,2026-2027,12152,"15th July, 2026",https://ncs.gov.in/NCSReportDashboard,offline extraction of previously downloaded public dashboard bundle,publisher_snapshot;2026_2027_partial;metric_definitions_require_confirmation
Vacancies,Meghalaya,2015-16,756,"15th July, 2026",https://ncs.gov.in/NCSReportDashboard,offline extraction of previously downloaded public dashboard bundle,publisher_snapshot;2026_2027_partial;metric_definitions_require_confirmation
Vacancies,Meghalaya,2016-17,10,"15th July, 2026",https://ncs.gov.in/NCSReportDashboard,offline extraction of previously downloaded public dashboard bundle,publisher_snapshot;2026_2027_partial;metric_definitions_require_confirmation
Vacancies,Meghalaya,2017-18,17,"15th July, 2026",https://ncs.gov.in/NCSReportDashboard,offline extraction of previously downloaded public dashboard bundle,publisher_snapshot;2026_2027_partial;metric_definitions_require_confirmation
Vacancies,Meghalaya,2018-19,4,"15th July, 2026",https://ncs.gov.in/NCSReportDashboard,offline extraction of previously downloaded public dashboard bundle,publisher_snapshot;2026_2027_partial;metric_definitions_require_confirmation
Vacancies,Meghalaya,2019-20,77,"15th July, 2026",https://ncs.gov.in/NCSReportDashboard,offline extraction of previously downloaded public dashboard bundle,publisher_snapshot;2026_2027_partial;metric_definitions_require_confirmation
Vacancies,Meghalaya,2020-21,66,"15th July, 2026",https://ncs.gov.in/NCSReportDashboard,offline extraction of previously downloaded public dashboard bundle,publisher_snapshot;2026_2027_partial;metric_definitions_require_confirmation
Vacancies,Meghalaya,2021-22,46,"15th July, 2026",https://ncs.gov.in/NCSReportDashboard,offline extraction of previously downloaded public dashboard bundle,publisher_snapshot;2026_2027_partial;metric_definitions_require_confirmation
Vacancies,Meghalaya,2022-23,239,"15th July, 2026",https://ncs.gov.in/NCSReportDashboard,offline extraction of previously downloaded public dashboard bundle,publisher_snapshot;2026_2027_partial;metric_definitions_require_confirmation
Vacancies,Meghalaya,2023-24,7785,"15th July, 2026",https://ncs.gov.in/NCSReportDashboard,offline extraction of previously downloaded public dashboard bundle,publisher_snapshot;2026_2027_partial;metric_definitions_require_confirmation
Vacancies,Meghalaya,2024-25,11085,"15th July, 2026",https://ncs.gov.in/NCSReportDashboard,offline extraction of previously downloaded public dashboard bundle,publisher_snapshot;2026_2027_partial;metric_definitions_require_confirmation
Vacancies,Meghalaya,2025-26,14930,"15th July, 2026",https://ncs.gov.in/NCSReportDashboard,offline extraction of previously downloaded public dashboard bundle,publisher_snapshot;2026_2027_partial;metric_definitions_require_confirmation
Vacancies,Meghalaya,2026-2027,9137,"15th July, 2026",https://ncs.gov.in/NCSReportDashboard,offline extraction of previously downloaded public dashboard bundle,publisher_snapshot;2026_2027_partial;metric_definitions_require_confirmation
Vacancies,Mizoram,2015-16,0,"15th July, 2026",https://ncs.gov.in/NCSReportDashboard,offline extraction of previously downloaded public dashboard bundle,publisher_snapshot;2026_2027_partial;metric_definitions_require_confirmation
Vacancies,Mizoram,2016-17,12,"15th July, 2026",https://ncs.gov.in/NCSReportDashboard,offline extraction of previously downloaded public dashboard bundle,publisher_snapshot;2026_2027_partial;metric_definitions_require_confirmation
Vacancies,Mizoram,2017-18,46,"15th July, 2026",https://ncs.gov.in/NCSReportDashboard,offline extraction of previously downloaded public dashboard bundle,publisher_snapshot;2026_2027_partial;metric_definitions_require_confirmation
Vacancies,Mizoram,2018-19,123,"15th July, 2026",https://ncs.gov.in/NCSReportDashboard,offline extraction of previously downloaded public dashboard bundle,publisher_snapshot;2026_2027_partial;metric_definitions_require_confirmation
Vacancies,Mizoram,2019-20,388,"15th July, 2026",https://ncs.gov.in/NCSReportDashboard,offline extraction of previously downloaded public dashboard bundle,publisher_snapshot;2026_2027_partial;metric_definitions_require_confirmation
Vacancies,Mizoram,2020-21,30,"15th July, 2026",https://ncs.gov.in/NCSReportDashboard,offline extraction of previously downloaded public dashboard bundle,publisher_snapshot;2026_2027_partial;metric_definitions_require_confirmation
Vacancies,Mizoram,2021-22,35,"15th July, 2026",https://ncs.gov.in/NCSReportDashboard,offline extraction of previously downloaded public dashboard bundle,publisher_snapshot;2026_2027_partial;metric_definitions_require_confirmation
Vacancies,Mizoram,2022-23,106,"15th July, 2026",https://ncs.gov.in/NCSReportDashboard,offline extraction of previously downloaded public dashboard bundle,publisher_snapshot;2026_2027_partial;metric_definitions_require_confirmation
Vacancies,Mizoram,2023-24,1487,"15th July, 2026",https://ncs.gov.in/NCSReportDashboard,offline extraction of previously downloaded public dashboard bundle,publisher_snapshot;2026_2027_partial;metric_definitions_require_confirmation
Vacancies,Mizoram,2024-25,3575,"15th July, 2026",https://ncs.gov.in/NCSReportDashboard,offline extraction of previously downloaded public dashboard bundle,publisher_snapshot;2026_2027_partial;metric_definitions_require_confirmation
Vacancies,Mizoram,2025-26,9779,"15th July, 2026",https://ncs.gov.in/NCSReportDashboard,offline extraction of previously downloaded public dashboard bundle,publisher_snapshot;2026_2027_partial;metric_definitions_require_confirmation
Vacancies,Mizoram,2026-2027,5471,"15th July, 2026",https://ncs.gov.in/NCSReportDashboard,offline extraction of previously downloaded public dashboard bundle,publisher_snapshot;2026_2027_partial;metric_definitions_require_confirmation
Vacancies,Multiple States,2015-16,35983,"15th July, 2026",https://ncs.gov.in/NCSReportDashboard,offline extraction of previously downloaded public dashboard bundle,publisher_snapshot;2026_2027_partial;metric_definitions_require_confirmation
Vacancies,Multiple States,2016-17,104674,"15th July, 2026",https://ncs.gov.in/NCSReportDashboard,offline extraction of previously downloaded public dashboard bundle,publisher_snapshot;2026_2027_partial;metric_definitions_require_confirmation
Vacancies,Multiple States,2017-18,74625,"15th July, 2026",https://ncs.gov.in/NCSReportDashboard,offline extraction of previously downloaded public dashboard bundle,publisher_snapshot;2026_2027_partial;metric_definitions_require_confirmation
Vacancies,Multiple States,2018-19,81290,"15th July, 2026",https://ncs.gov.in/NCSReportDashboard,offline extraction of previously downloaded public dashboard bundle,publisher_snapshot;2026_2027_partial;metric_definitions_require_confirmation
Vacancies,Multiple States,2019-20,381375,"15th July, 2026",https://ncs.gov.in/NCSReportDashboard,offline extraction of previously downloaded public dashboard bundle,publisher_snapshot;2026_2027_partial;metric_definitions_require_confirmation
Vacancies,Multiple States,2020-21,189601,"15th July, 2026",https://ncs.gov.in/NCSReportDashboard,offline extraction of previously downloaded public dashboard bundle,publisher_snapshot;2026_2027_partial;metric_definitions_require_confirmation
Vacancies,Multiple States,2021-22,293764,"15th July, 2026",https://ncs.gov.in/NCSReportDashboard,offline extraction of previously downloaded public dashboard bundle,publisher_snapshot;2026_2027_partial;metric_definitions_require_confirmation
Vacancies,Multiple States,2022-23,857180,"15th July, 2026",https://ncs.gov.in/NCSReportDashboard,offline extraction of previously downloaded public dashboard bundle,publisher_snapshot;2026_2027_partial;metric_definitions_require_confirmation
Vacancies,Multiple States,2023-24,2729035,"15th July, 2026",https://ncs.gov.in/NCSReportDashboard,offline extraction of previously downloaded public dashboard bundle,publisher_snapshot;2026_2027_partial;metric_definitions_require_confirmation
Vacancies,Multiple States,2024-25,8937078,"15th July, 2026",https://ncs.gov.in/NCSReportDashboard,offline extraction of previously downloaded public dashboard bundle,publisher_snapshot;2026_2027_partial;metric_definitions_require_confirmation
Vacancies,Multiple States,2025-26,15603016,"15th July, 2026",https://ncs.gov.in/NCSReportDashboard,offline extraction of previously downloaded public dashboard bundle,publisher_snapshot;2026_2027_partial;metric_definitions_require_confirmation
Vacancies,Multiple States,2026-2027,1975267,"15th July, 2026",https://ncs.gov.in/NCSReportDashboard,offline extraction of previously downloaded public dashboard bundle,publisher_snapshot;2026_2027_partial;metric_definitions_require_confirmation
Vacancies,Nagaland,2015-16,0,"15th July, 2026",https://ncs.gov.in/NCSReportDashboard,offline extraction of previously downloaded public dashboard bundle,publisher_snapshot;2026_2027_partial;metric_definitions_require_confirmation
Vacancies,Nagaland,2016-17,22,"15th July, 2026",https://ncs.gov.in/NCSReportDashboard,offline extraction of previously downloaded public dashboard bundle,publisher_snapshot;2026_2027_partial;metric_definitions_require_confirmation
Vacancies,Nagaland,2017-18,400,"15th July, 2026",https://ncs.gov.in/NCSReportDashboard,offline extraction of previously downloaded public dashboard bundle,publisher_snapshot;2026_2027_partial;metric_definitions_require_confirmation
Vacancies,Nagaland,2018-19,84,"15th July, 2026",https://ncs.gov.in/NCSReportDashboard,offline extraction of previously downloaded public dashboard bundle,publisher_snapshot;2026_2027_partial;metric_definitions_require_confirmation
Vacancies,Nagaland,2019-20,415,"15th July, 2026",https://ncs.gov.in/NCSReportDashboard,offline extraction of previously downloaded public dashboard bundle,publisher_snapshot;2026_2027_partial;metric_definitions_require_confirmation
Vacancies,Nagaland,2020-21,43,"15th July, 2026",https://ncs.gov.in/NCSReportDashboard,offline extraction of previously downloaded public dashboard bundle,publisher_snapshot;2026_2027_partial;metric_definitions_require_confirmation
Vacancies,Nagaland,2021-22,24,"15th July, 2026",https://ncs.gov.in/NCSReportDashboard,offline extraction of previously downloaded public dashboard bundle,publisher_snapshot;2026_2027_partial;metric_definitions_require_confirmation
Vacancies,Nagaland,2022-23,93,"15th July, 2026",https://ncs.gov.in/NCSReportDashboard,offline extraction of previously downloaded public dashboard bundle,publisher_snapshot;2026_2027_partial;metric_definitions_require_confirmation
Vacancies,Nagaland,2023-24,1639,"15th July, 2026",https://ncs.gov.in/NCSReportDashboard,offline extraction of previously downloaded public dashboard bundle,publisher_snapshot;2026_2027_partial;metric_definitions_require_confirmation
Vacancies,Nagaland,2024-25,4769,"15th July, 2026",https://ncs.gov.in/NCSReportDashboard,offline extraction of previously downloaded public dashboard bundle,publisher_snapshot;2026_2027_partial;metric_definitions_require_confirmation
Vacancies,Nagaland,2025-26,56436,"15th July, 2026",https://ncs.gov.in/NCSReportDashboard,offline extraction of previously downloaded public dashboard bundle,publisher_snapshot;2026_2027_partial;metric_definitions_require_confirmation
Vacancies,Nagaland,2026-2027,12586,"15th July, 2026",https://ncs.gov.in/NCSReportDashboard,offline extraction of previously downloaded public dashboard bundle,publisher_snapshot;2026_2027_partial;metric_definitions_require_confirmation
Vacancies,Odisha,2015-16,0,"15th July, 2026",https://ncs.gov.in/NCSReportDashboard,offline extraction of previously downloaded public dashboard bundle,publisher_snapshot;2026_2027_partial;metric_definitions_require_confirmation
Vacancies,Odisha,2016-17,14345,"15th July, 2026",https://ncs.gov.in/NCSReportDashboard,offline extraction of previously downloaded public dashboard bundle,publisher_snapshot;2026_2027_partial;metric_definitions_require_confirmation
Vacancies,Odisha,2017-18,11796,"15th July, 2026",https://ncs.gov.in/NCSReportDashboard,offline extraction of previously downloaded public dashboard bundle,publisher_snapshot;2026_2027_partial;metric_definitions_require_confirmation
Vacancies,Odisha,2018-19,12784,"15th July, 2026",https://ncs.gov.in/NCSReportDashboard,offline extraction of previously downloaded public dashboard bundle,publisher_snapshot;2026_2027_partial;metric_definitions_require_confirmation
Vacancies,Odisha,2019-20,17262,"15th July, 2026",https://ncs.gov.in/NCSReportDashboard,offline extraction of previously downloaded public dashboard bundle,publisher_snapshot;2026_2027_partial;metric_definitions_require_confirmation
Vacancies,Odisha,2020-21,6541,"15th July, 2026",https://ncs.gov.in/NCSReportDashboard,offline extraction of previously downloaded public dashboard bundle,publisher_snapshot;2026_2027_partial;metric_definitions_require_confirmation
Vacancies,Odisha,2021-22,11670,"15th July, 2026",https://ncs.gov.in/NCSReportDashboard,offline extraction of previously downloaded public dashboard bundle,publisher_snapshot;2026_2027_partial;metric_definitions_require_confirmation
Vacancies,Odisha,2022-23,12744,"15th July, 2026",https://ncs.gov.in/NCSReportDashboard,offline extraction of previously downloaded public dashboard bundle,publisher_snapshot;2026_2027_partial;metric_definitions_require_confirmation
Vacancies,Odisha,2023-24,196747,"15th July, 2026",https://ncs.gov.in/NCSReportDashboard,offline extraction of previously downloaded public dashboard bundle,publisher_snapshot;2026_2027_partial;metric_definitions_require_confirmation
Vacancies,Odisha,2024-25,203854,"15th July, 2026",https://ncs.gov.in/NCSReportDashboard,offline extraction of previously downloaded public dashboard bundle,publisher_snapshot;2026_2027_partial;metric_definitions_require_confirmation
Vacancies,Odisha,2025-26,391759,"15th July, 2026",https://ncs.gov.in/NCSReportDashboard,offline extraction of previously downloaded public dashboard bundle,publisher_snapshot;2026_2027_partial;metric_definitions_require_confirmation
Vacancies,Odisha,2026-2027,92741,"15th July, 2026",https://ncs.gov.in/NCSReportDashboard,offline extraction of previously downloaded public dashboard bundle,publisher_snapshot;2026_2027_partial;metric_definitions_require_confirmation
Vacancies,PAN India,2015-16,81381,"15th July, 2026",https://ncs.gov.in/NCSReportDashboard,offline extraction of previously downloaded public dashboard bundle,publisher_snapshot;2026_2027_partial;metric_definitions_require_confirmation
Vacancies,PAN India,2016-17,78649,"15th July, 2026",https://ncs.gov.in/NCSReportDashboard,offline extraction of previously downloaded public dashboard bundle,publisher_snapshot;2026_2027_partial;metric_definitions_require_confirmation
Vacancies,PAN India,2017-18,122271,"15th July, 2026",https://ncs.gov.in/NCSReportDashboard,offline extraction of previously downloaded public dashboard bundle,publisher_snapshot;2026_2027_partial;metric_definitions_require_confirmation
Vacancies,PAN India,2018-19,804196,"15th July, 2026",https://ncs.gov.in/NCSReportDashboard,offline extraction of previously downloaded public dashboard bundle,publisher_snapshot;2026_2027_partial;metric_definitions_require_confirmation
Vacancies,PAN India,2019-20,498644,"15th July, 2026",https://ncs.gov.in/NCSReportDashboard,offline extraction of previously downloaded public dashboard bundle,publisher_snapshot;2026_2027_partial;metric_definitions_require_confirmation
Vacancies,PAN India,2020-21,429845,"15th July, 2026",https://ncs.gov.in/NCSReportDashboard,offline extraction of previously downloaded public dashboard bundle,publisher_snapshot;2026_2027_partial;metric_definitions_require_confirmation
Vacancies,PAN India,2021-22,292290,"15th July, 2026",https://ncs.gov.in/NCSReportDashboard,offline extraction of previously downloaded public dashboard bundle,publisher_snapshot;2026_2027_partial;metric_definitions_require_confirmation
Vacancies,PAN India,2022-23,926073,"15th July, 2026",https://ncs.gov.in/NCSReportDashboard,offline extraction of previously downloaded public dashboard bundle,publisher_snapshot;2026_2027_partial;metric_definitions_require_confirmation
Vacancies,PAN India,2023-24,3830273,"15th July, 2026",https://ncs.gov.in/NCSReportDashboard,offline extraction of previously downloaded public dashboard bundle,publisher_snapshot;2026_2027_partial;metric_definitions_require_confirmation
Vacancies,PAN India,2024-25,15367865,"15th July, 2026",https://ncs.gov.in/NCSReportDashboard,offline extraction of previously downloaded public dashboard bundle,publisher_snapshot;2026_2027_partial;metric_definitions_require_confirmation
Vacancies,PAN India,2025-26,16581833,"15th July, 2026",https://ncs.gov.in/NCSReportDashboard,offline extraction of previously downloaded public dashboard bundle,publisher_snapshot;2026_2027_partial;metric_definitions_require_confirmation
Vacancies,PAN India,2026-2027,1317992,"15th July, 2026",https://ncs.gov.in/NCSReportDashboard,offline extraction of previously downloaded public dashboard bundle,publisher_snapshot;2026_2027_partial;metric_definitions_require_confirmation
Vacancies,Puducherry,2015-16,13,"15th July, 2026",https://ncs.gov.in/NCSReportDashboard,offline extraction of previously downloaded public dashboard bundle,publisher_snapshot;2026_2027_partial;metric_definitions_require_confirmation
Vacancies,Puducherry,2016-17,393,"15th July, 2026",https://ncs.gov.in/NCSReportDashboard,offline extraction of previously downloaded public dashboard bundle,publisher_snapshot;2026_2027_partial;metric_definitions_require_confirmation
Vacancies,Puducherry,2017-18,1059,"15th July, 2026",https://ncs.gov.in/NCSReportDashboard,offline extraction of previously downloaded public dashboard bundle,publisher_snapshot;2026_2027_partial;metric_definitions_require_confirmation
Vacancies,Puducherry,2018-19,279,"15th July, 2026",https://ncs.gov.in/NCSReportDashboard,offline extraction of previously downloaded public dashboard bundle,publisher_snapshot;2026_2027_partial;metric_definitions_require_confirmation
Vacancies,Puducherry,2019-20,1895,"15th July, 2026",https://ncs.gov.in/NCSReportDashboard,offline extraction of previously downloaded public dashboard bundle,publisher_snapshot;2026_2027_partial;metric_definitions_require_confirmation
Vacancies,Puducherry,2020-21,540,"15th July, 2026",https://ncs.gov.in/NCSReportDashboard,offline extraction of previously downloaded public dashboard bundle,publisher_snapshot;2026_2027_partial;metric_definitions_require_confirmation
Vacancies,Puducherry,2021-22,593,"15th July, 2026",https://ncs.gov.in/NCSReportDashboard,offline extraction of previously downloaded public dashboard bundle,publisher_snapshot;2026_2027_partial;metric_definitions_require_confirmation
Vacancies,Puducherry,2022-23,665,"15th July, 2026",https://ncs.gov.in/NCSReportDashboard,offline extraction of previously downloaded public dashboard bundle,publisher_snapshot;2026_2027_partial;metric_definitions_require_confirmation
Vacancies,Puducherry,2023-24,4387,"15th July, 2026",https://ncs.gov.in/NCSReportDashboard,offline extraction of previously downloaded public dashboard bundle,publisher_snapshot;2026_2027_partial;metric_definitions_require_confirmation
Vacancies,Puducherry,2024-25,7853,"15th July, 2026",https://ncs.gov.in/NCSReportDashboard,offline extraction of previously downloaded public dashboard bundle,publisher_snapshot;2026_2027_partial;metric_definitions_require_confirmation
Vacancies,Puducherry,2025-26,8449,"15th July, 2026",https://ncs.gov.in/NCSReportDashboard,offline extraction of previously downloaded public dashboard bundle,publisher_snapshot;2026_2027_partial;metric_definitions_require_confirmation
Vacancies,Puducherry,2026-2027,3377,"15th July, 2026",https://ncs.gov.in/NCSReportDashboard,offline extraction of previously downloaded public dashboard bundle,publisher_snapshot;2026_2027_partial;metric_definitions_require_confirmation
Vacancies,Punjab,2015-16,18,"15th July, 2026",https://ncs.gov.in/NCSReportDashboard,offline extraction of previously downloaded public dashboard bundle,publisher_snapshot;2026_2027_partial;metric_definitions_require_confirmation
Vacancies,Punjab,2016-17,8102,"15th July, 2026",https://ncs.gov.in/NCSReportDashboard,offline extraction of previously downloaded public dashboard bundle,publisher_snapshot;2026_2027_partial;metric_definitions_require_confirmation
Vacancies,Punjab,2017-18,9392,"15th July, 2026",https://ncs.gov.in/NCSReportDashboard,offline extraction of previously downloaded public dashboard bundle,publisher_snapshot;2026_2027_partial;metric_definitions_require_confirmation
Vacancies,Punjab,2018-19,7878,"15th July, 2026",https://ncs.gov.in/NCSReportDashboard,offline extraction of previously downloaded public dashboard bundle,publisher_snapshot;2026_2027_partial;metric_definitions_require_confirmation
Vacancies,Punjab,2019-20,39076,"15th July, 2026",https://ncs.gov.in/NCSReportDashboard,offline extraction of previously downloaded public dashboard bundle,publisher_snapshot;2026_2027_partial;metric_definitions_require_confirmation
Vacancies,Punjab,2020-21,16192,"15th July, 2026",https://ncs.gov.in/NCSReportDashboard,offline extraction of previously downloaded public dashboard bundle,publisher_snapshot;2026_2027_partial;metric_definitions_require_confirmation
Vacancies,Punjab,2021-22,7137,"15th July, 2026",https://ncs.gov.in/NCSReportDashboard,offline extraction of previously downloaded public dashboard bundle,publisher_snapshot;2026_2027_partial;metric_definitions_require_confirmation
Vacancies,Punjab,2022-23,7659,"15th July, 2026",https://ncs.gov.in/NCSReportDashboard,offline extraction of previously downloaded public dashboard bundle,publisher_snapshot;2026_2027_partial;metric_definitions_require_confirmation
Vacancies,Punjab,2023-24,64476,"15th July, 2026",https://ncs.gov.in/NCSReportDashboard,offline extraction of previously downloaded public dashboard bundle,publisher_snapshot;2026_2027_partial;metric_definitions_require_confirmation
Vacancies,Punjab,2024-25,68575,"15th July, 2026",https://ncs.gov.in/NCSReportDashboard,offline extraction of previously downloaded public dashboard bundle,publisher_snapshot;2026_2027_partial;metric_definitions_require_confirmation
Vacancies,Punjab,2025-26,275371,"15th July, 2026",https://ncs.gov.in/NCSReportDashboard,offline extraction of previously downloaded public dashboard bundle,publisher_snapshot;2026_2027_partial;metric_definitions_require_confirmation
Vacancies,Punjab,2026-2027,83004,"15th July, 2026",https://ncs.gov.in/NCSReportDashboard,offline extraction of previously downloaded public dashboard bundle,publisher_snapshot;2026_2027_partial;metric_definitions_require_confirmation
Vacancies,Rajasthan,2015-16,749,"15th July, 2026",https://ncs.gov.in/NCSReportDashboard,offline extraction of previously downloaded public dashboard bundle,publisher_snapshot;2026_2027_partial;metric_definitions_require_confirmation
Vacancies,Rajasthan,2016-17,36417,"15th July, 2026",https://ncs.gov.in/NCSReportDashboard,offline extraction of previously downloaded public dashboard bundle,publisher_snapshot;2026_2027_partial;metric_definitions_require_confirmation
Vacancies,Rajasthan,2017-18,16387,"15th July, 2026",https://ncs.gov.in/NCSReportDashboard,offline extraction of previously downloaded public dashboard bundle,publisher_snapshot;2026_2027_partial;metric_definitions_require_confirmation
Vacancies,Rajasthan,2018-19,17709,"15th July, 2026",https://ncs.gov.in/NCSReportDashboard,offline extraction of previously downloaded public dashboard bundle,publisher_snapshot;2026_2027_partial;metric_definitions_require_confirmation
Vacancies,Rajasthan,2019-20,67923,"15th July, 2026",https://ncs.gov.in/NCSReportDashboard,offline extraction of previously downloaded public dashboard bundle,publisher_snapshot;2026_2027_partial;metric_definitions_require_confirmation
Vacancies,Rajasthan,2020-21,23845,"15th July, 2026",https://ncs.gov.in/NCSReportDashboard,offline extraction of previously downloaded public dashboard bundle,publisher_snapshot;2026_2027_partial;metric_definitions_require_confirmation
Vacancies,Rajasthan,2021-22,22361,"15th July, 2026",https://ncs.gov.in/NCSReportDashboard,offline extraction of previously downloaded public dashboard bundle,publisher_snapshot;2026_2027_partial;metric_definitions_require_confirmation
Vacancies,Rajasthan,2022-23,18690,"15th July, 2026",https://ncs.gov.in/NCSReportDashboard,offline extraction of previously downloaded public dashboard bundle,publisher_snapshot;2026_2027_partial;metric_definitions_require_confirmation
Vacancies,Rajasthan,2023-24,52070,"15th July, 2026",https://ncs.gov.in/NCSReportDashboard,offline extraction of previously downloaded public dashboard bundle,publisher_snapshot;2026_2027_partial;metric_definitions_require_confirmation
Vacancies,Rajasthan,2024-25,97686,"15th July, 2026",https://ncs.gov.in/NCSReportDashboard,offline extraction of previously downloaded public dashboard bundle,publisher_snapshot;2026_2027_partial;metric_definitions_require_confirmation
Vacancies,Rajasthan,2025-26,430080,"15th July, 2026",https://ncs.gov.in/NCSReportDashboard,offline extraction of previously downloaded public dashboard bundle,publisher_snapshot;2026_2027_partial;metric_definitions_require_confirmation
Vacancies,Rajasthan,2026-2027,90147,"15th July, 2026",https://ncs.gov.in/NCSReportDashboard,offline extraction of previously downloaded public dashboard bundle,publisher_snapshot;2026_2027_partial;metric_definitions_require_confirmation
Vacancies,Sikkim,2015-16,379,"15th July, 2026",https://ncs.gov.in/NCSReportDashboard,offline extraction of previously downloaded public dashboard bundle,publisher_snapshot;2026_2027_partial;metric_definitions_require_confirmation
Vacancies,Sikkim,2016-17,105,"15th July, 2026",https://ncs.gov.in/NCSReportDashboard,offline extraction of previously downloaded public dashboard bundle,publisher_snapshot;2026_2027_partial;metric_definitions_require_confirmation
Vacancies,Sikkim,2017-18,39,"15th July, 2026",https://ncs.gov.in/NCSReportDashboard,offline extraction of previously downloaded public dashboard bundle,publisher_snapshot;2026_2027_partial;metric_definitions_require_confirmation
Vacancies,Sikkim,2018-19,616,"15th July, 2026",https://ncs.gov.in/NCSReportDashboard,offline extraction of previously downloaded public dashboard bundle,publisher_snapshot;2026_2027_partial;metric_definitions_require_confirmation
Vacancies,Sikkim,2019-20,377,"15th July, 2026",https://ncs.gov.in/NCSReportDashboard,offline extraction of previously downloaded public dashboard bundle,publisher_snapshot;2026_2027_partial;metric_definitions_require_confirmation
Vacancies,Sikkim,2020-21,54,"15th July, 2026",https://ncs.gov.in/NCSReportDashboard,offline extraction of previously downloaded public dashboard bundle,publisher_snapshot;2026_2027_partial;metric_definitions_require_confirmation
Vacancies,Sikkim,2021-22,40,"15th July, 2026",https://ncs.gov.in/NCSReportDashboard,offline extraction of previously downloaded public dashboard bundle,publisher_snapshot;2026_2027_partial;metric_definitions_require_confirmation
Vacancies,Sikkim,2022-23,141,"15th July, 2026",https://ncs.gov.in/NCSReportDashboard,offline extraction of previously downloaded public dashboard bundle,publisher_snapshot;2026_2027_partial;metric_definitions_require_confirmation
Vacancies,Sikkim,2023-24,1475,"15th July, 2026",https://ncs.gov.in/NCSReportDashboard,offline extraction of previously downloaded public dashboard bundle,publisher_snapshot;2026_2027_partial;metric_definitions_require_confirmation
Vacancies,Sikkim,2024-25,8553,"15th July, 2026",https://ncs.gov.in/NCSReportDashboard,offline extraction of previously downloaded public dashboard bundle,publisher_snapshot;2026_2027_partial;metric_definitions_require_confirmation
Vacancies,Sikkim,2025-26,33070,"15th July, 2026",https://ncs.gov.in/NCSReportDashboard,offline extraction of previously downloaded public dashboard bundle,publisher_snapshot;2026_2027_partial;metric_definitions_require_confirmation
Vacancies,Sikkim,2026-2027,12232,"15th July, 2026",https://ncs.gov.in/NCSReportDashboard,offline extraction of previously downloaded public dashboard bundle,publisher_snapshot;2026_2027_partial;metric_definitions_require_confirmation
Vacancies,Tamil Nadu,2015-16,3389,"15th July, 2026",https://ncs.gov.in/NCSReportDashboard,offline extraction of previously downloaded public dashboard bundle,publisher_snapshot;2026_2027_partial;metric_definitions_require_confirmation
Vacancies,Tamil Nadu,2016-17,79491,"15th July, 2026",https://ncs.gov.in/NCSReportDashboard,offline extraction of previously downloaded public dashboard bundle,publisher_snapshot;2026_2027_partial;metric_definitions_require_confirmation
Vacancies,Tamil Nadu,2017-18,87225,"15th July, 2026",https://ncs.gov.in/NCSReportDashboard,offline extraction of previously downloaded public dashboard bundle,publisher_snapshot;2026_2027_partial;metric_definitions_require_confirmation
Vacancies,Tamil Nadu,2018-19,83521,"15th July, 2026",https://ncs.gov.in/NCSReportDashboard,offline extraction of previously downloaded public dashboard bundle,publisher_snapshot;2026_2027_partial;metric_definitions_require_confirmation
Vacancies,Tamil Nadu,2019-20,249949,"15th July, 2026",https://ncs.gov.in/NCSReportDashboard,offline extraction of previously downloaded public dashboard bundle,publisher_snapshot;2026_2027_partial;metric_definitions_require_confirmation
Vacancies,Tamil Nadu,2020-21,64652,"15th July, 2026",https://ncs.gov.in/NCSReportDashboard,offline extraction of previously downloaded public dashboard bundle,publisher_snapshot;2026_2027_partial;metric_definitions_require_confirmation
Vacancies,Tamil Nadu,2021-22,82908,"15th July, 2026",https://ncs.gov.in/NCSReportDashboard,offline extraction of previously downloaded public dashboard bundle,publisher_snapshot;2026_2027_partial;metric_definitions_require_confirmation
Vacancies,Tamil Nadu,2022-23,105090,"15th July, 2026",https://ncs.gov.in/NCSReportDashboard,offline extraction of previously downloaded public dashboard bundle,publisher_snapshot;2026_2027_partial;metric_definitions_require_confirmation
Vacancies,Tamil Nadu,2023-24,624541,"15th July, 2026",https://ncs.gov.in/NCSReportDashboard,offline extraction of previously downloaded public dashboard bundle,publisher_snapshot;2026_2027_partial;metric_definitions_require_confirmation
Vacancies,Tamil Nadu,2024-25,432027,"15th July, 2026",https://ncs.gov.in/NCSReportDashboard,offline extraction of previously downloaded public dashboard bundle,publisher_snapshot;2026_2027_partial;metric_definitions_require_confirmation
Vacancies,Tamil Nadu,2025-26,539770,"15th July, 2026",https://ncs.gov.in/NCSReportDashboard,offline extraction of previously downloaded public dashboard bundle,publisher_snapshot;2026_2027_partial;metric_definitions_require_confirmation
Vacancies,Tamil Nadu,2026-2027,135167,"15th July, 2026",https://ncs.gov.in/NCSReportDashboard,offline extraction of previously downloaded public dashboard bundle,publisher_snapshot;2026_2027_partial;metric_definitions_require_confirmation
Vacancies,Telangana,2015-16,946,"15th July, 2026",https://ncs.gov.in/NCSReportDashboard,offline extraction of previously downloaded public dashboard bundle,publisher_snapshot;2026_2027_partial;metric_definitions_require_confirmation
Vacancies,Telangana,2016-17,72530,"15th July, 2026",https://ncs.gov.in/NCSReportDashboard,offline extraction of previously downloaded public dashboard bundle,publisher_snapshot;2026_2027_partial;metric_definitions_require_confirmation
Vacancies,Telangana,2017-18,44489,"15th July, 2026",https://ncs.gov.in/NCSReportDashboard,offline extraction of previously downloaded public dashboard bundle,publisher_snapshot;2026_2027_partial;metric_definitions_require_confirmation
Vacancies,Telangana,2018-19,43218,"15th July, 2026",https://ncs.gov.in/NCSReportDashboard,offline extraction of previously downloaded public dashboard bundle,publisher_snapshot;2026_2027_partial;metric_definitions_require_confirmation
Vacancies,Telangana,2019-20,130460,"15th July, 2026",https://ncs.gov.in/NCSReportDashboard,offline extraction of previously downloaded public dashboard bundle,publisher_snapshot;2026_2027_partial;metric_definitions_require_confirmation
Vacancies,Telangana,2020-21,40948,"15th July, 2026",https://ncs.gov.in/NCSReportDashboard,offline extraction of previously downloaded public dashboard bundle,publisher_snapshot;2026_2027_partial;metric_definitions_require_confirmation
Vacancies,Telangana,2021-22,73835,"15th July, 2026",https://ncs.gov.in/NCSReportDashboard,offline extraction of previously downloaded public dashboard bundle,publisher_snapshot;2026_2027_partial;metric_definitions_require_confirmation
Vacancies,Telangana,2022-23,39449,"15th July, 2026",https://ncs.gov.in/NCSReportDashboard,offline extraction of previously downloaded public dashboard bundle,publisher_snapshot;2026_2027_partial;metric_definitions_require_confirmation
Vacancies,Telangana,2023-24,101488,"15th July, 2026",https://ncs.gov.in/NCSReportDashboard,offline extraction of previously downloaded public dashboard bundle,publisher_snapshot;2026_2027_partial;metric_definitions_require_confirmation
Vacancies,Telangana,2024-25,104911,"15th July, 2026",https://ncs.gov.in/NCSReportDashboard,offline extraction of previously downloaded public dashboard bundle,publisher_snapshot;2026_2027_partial;metric_definitions_require_confirmation
Vacancies,Telangana,2025-26,459731,"15th July, 2026",https://ncs.gov.in/NCSReportDashboard,offline extraction of previously downloaded public dashboard bundle,publisher_snapshot;2026_2027_partial;metric_definitions_require_confirmation
Vacancies,Telangana,2026-2027,75557,"15th July, 2026",https://ncs.gov.in/NCSReportDashboard,offline extraction of previously downloaded public dashboard bundle,publisher_snapshot;2026_2027_partial;metric_definitions_require_confirmation
Vacancies,The Dadra and Nagar Haveli And Daman And Diu,2015-16,4,"15th July, 2026",https://ncs.gov.in/NCSReportDashboard,offline extraction of previously downloaded public dashboard bundle,publisher_snapshot;2026_2027_partial;metric_definitions_require_confirmation
Vacancies,The Dadra and Nagar Haveli And Daman And Diu,2016-17,28,"15th July, 2026",https://ncs.gov.in/NCSReportDashboard,offline extraction of previously downloaded public dashboard bundle,publisher_snapshot;2026_2027_partial;metric_definitions_require_confirmation
Vacancies,The Dadra and Nagar Haveli And Daman And Diu,2017-18,62,"15th July, 2026",https://ncs.gov.in/NCSReportDashboard,offline extraction of previously downloaded public dashboard bundle,publisher_snapshot;2026_2027_partial;metric_definitions_require_confirmation
Vacancies,The Dadra and Nagar Haveli And Daman And Diu,2018-19,26,"15th July, 2026",https://ncs.gov.in/NCSReportDashboard,offline extraction of previously downloaded public dashboard bundle,publisher_snapshot;2026_2027_partial;metric_definitions_require_confirmation
Vacancies,The Dadra and Nagar Haveli And Daman And Diu,2019-20,436,"15th July, 2026",https://ncs.gov.in/NCSReportDashboard,offline extraction of previously downloaded public dashboard bundle,publisher_snapshot;2026_2027_partial;metric_definitions_require_confirmation
Vacancies,The Dadra and Nagar Haveli And Daman And Diu,2020-21,164,"15th July, 2026",https://ncs.gov.in/NCSReportDashboard,offline extraction of previously downloaded public dashboard bundle,publisher_snapshot;2026_2027_partial;metric_definitions_require_confirmation
Vacancies,The Dadra and Nagar Haveli And Daman And Diu,2021-22,29,"15th July, 2026",https://ncs.gov.in/NCSReportDashboard,offline extraction of previously downloaded public dashboard bundle,publisher_snapshot;2026_2027_partial;metric_definitions_require_confirmation
Vacancies,The Dadra and Nagar Haveli And Daman And Diu,2022-23,47,"15th July, 2026",https://ncs.gov.in/NCSReportDashboard,offline extraction of previously downloaded public dashboard bundle,publisher_snapshot;2026_2027_partial;metric_definitions_require_confirmation
Vacancies,The Dadra and Nagar Haveli And Daman And Diu,2023-24,1234,"15th July, 2026",https://ncs.gov.in/NCSReportDashboard,offline extraction of previously downloaded public dashboard bundle,publisher_snapshot;2026_2027_partial;metric_definitions_require_confirmation
Vacancies,The Dadra and Nagar Haveli And Daman And Diu,2024-25,1392,"15th July, 2026",https://ncs.gov.in/NCSReportDashboard,offline extraction of previously downloaded public dashboard bundle,publisher_snapshot;2026_2027_partial;metric_definitions_require_confirmation
Vacancies,The Dadra and Nagar Haveli And Daman And Diu,2025-26,2009,"15th July, 2026",https://ncs.gov.in/NCSReportDashboard,offline extraction of previously downloaded public dashboard bundle,publisher_snapshot;2026_2027_partial;metric_definitions_require_confirmation
Vacancies,The Dadra and Nagar Haveli And Daman And Diu,2026-2027,1339,"15th July, 2026",https://ncs.gov.in/NCSReportDashboard,offline extraction of previously downloaded public dashboard bundle,publisher_snapshot;2026_2027_partial;metric_definitions_require_confirmation
Vacancies,Tripura,2015-16,8,"15th July, 2026",https://ncs.gov.in/NCSReportDashboard,offline extraction of previously downloaded public dashboard bundle,publisher_snapshot;2026_2027_partial;metric_definitions_require_confirmation
Vacancies,Tripura,2016-17,465,"15th July, 2026",https://ncs.gov.in/NCSReportDashboard,offline extraction of previously downloaded public dashboard bundle,publisher_snapshot;2026_2027_partial;metric_definitions_require_confirmation
Vacancies,Tripura,2017-18,427,"15th July, 2026",https://ncs.gov.in/NCSReportDashboard,offline extraction of previously downloaded public dashboard bundle,publisher_snapshot;2026_2027_partial;metric_definitions_require_confirmation
Vacancies,Tripura,2018-19,642,"15th July, 2026",https://ncs.gov.in/NCSReportDashboard,offline extraction of previously downloaded public dashboard bundle,publisher_snapshot;2026_2027_partial;metric_definitions_require_confirmation
Vacancies,Tripura,2019-20,1392,"15th July, 2026",https://ncs.gov.in/NCSReportDashboard,offline extraction of previously downloaded public dashboard bundle,publisher_snapshot;2026_2027_partial;metric_definitions_require_confirmation
Vacancies,Tripura,2020-21,457,"15th July, 2026",https://ncs.gov.in/NCSReportDashboard,offline extraction of previously downloaded public dashboard bundle,publisher_snapshot;2026_2027_partial;metric_definitions_require_confirmation
Vacancies,Tripura,2021-22,5421,"15th July, 2026",https://ncs.gov.in/NCSReportDashboard,offline extraction of previously downloaded public dashboard bundle,publisher_snapshot;2026_2027_partial;metric_definitions_require_confirmation
Vacancies,Tripura,2022-23,1009,"15th July, 2026",https://ncs.gov.in/NCSReportDashboard,offline extraction of previously downloaded public dashboard bundle,publisher_snapshot;2026_2027_partial;metric_definitions_require_confirmation
Vacancies,Tripura,2023-24,2567,"15th July, 2026",https://ncs.gov.in/NCSReportDashboard,offline extraction of previously downloaded public dashboard bundle,publisher_snapshot;2026_2027_partial;metric_definitions_require_confirmation
Vacancies,Tripura,2024-25,13780,"15th July, 2026",https://ncs.gov.in/NCSReportDashboard,offline extraction of previously downloaded public dashboard bundle,publisher_snapshot;2026_2027_partial;metric_definitions_require_confirmation
Vacancies,Tripura,2025-26,47292,"15th July, 2026",https://ncs.gov.in/NCSReportDashboard,offline extraction of previously downloaded public dashboard bundle,publisher_snapshot;2026_2027_partial;metric_definitions_require_confirmation
Vacancies,Tripura,2026-2027,11774,"15th July, 2026",https://ncs.gov.in/NCSReportDashboard,offline extraction of previously downloaded public dashboard bundle,publisher_snapshot;2026_2027_partial;metric_definitions_require_confirmation
Vacancies,Uttar Pradesh,2015-16,1203,"15th July, 2026",https://ncs.gov.in/NCSReportDashboard,offline extraction of previously downloaded public dashboard bundle,publisher_snapshot;2026_2027_partial;metric_definitions_require_confirmation
Vacancies,Uttar Pradesh,2016-17,282541,"15th July, 2026",https://ncs.gov.in/NCSReportDashboard,offline extraction of previously downloaded public dashboard bundle,publisher_snapshot;2026_2027_partial;metric_definitions_require_confirmation
Vacancies,Uttar Pradesh,2017-18,84895,"15th July, 2026",https://ncs.gov.in/NCSReportDashboard,offline extraction of previously downloaded public dashboard bundle,publisher_snapshot;2026_2027_partial;metric_definitions_require_confirmation
Vacancies,Uttar Pradesh,2018-19,70367,"15th July, 2026",https://ncs.gov.in/NCSReportDashboard,offline extraction of previously downloaded public dashboard bundle,publisher_snapshot;2026_2027_partial;metric_definitions_require_confirmation
Vacancies,Uttar Pradesh,2019-20,152299,"15th July, 2026",https://ncs.gov.in/NCSReportDashboard,offline extraction of previously downloaded public dashboard bundle,publisher_snapshot;2026_2027_partial;metric_definitions_require_confirmation
Vacancies,Uttar Pradesh,2020-21,51437,"15th July, 2026",https://ncs.gov.in/NCSReportDashboard,offline extraction of previously downloaded public dashboard bundle,publisher_snapshot;2026_2027_partial;metric_definitions_require_confirmation
Vacancies,Uttar Pradesh,2021-22,81439,"15th July, 2026",https://ncs.gov.in/NCSReportDashboard,offline extraction of previously downloaded public dashboard bundle,publisher_snapshot;2026_2027_partial;metric_definitions_require_confirmation
Vacancies,Uttar Pradesh,2022-23,55976,"15th July, 2026",https://ncs.gov.in/NCSReportDashboard,offline extraction of previously downloaded public dashboard bundle,publisher_snapshot;2026_2027_partial;metric_definitions_require_confirmation
Vacancies,Uttar Pradesh,2023-24,169170,"15th July, 2026",https://ncs.gov.in/NCSReportDashboard,offline extraction of previously downloaded public dashboard bundle,publisher_snapshot;2026_2027_partial;metric_definitions_require_confirmation
Vacancies,Uttar Pradesh,2024-25,303821,"15th July, 2026",https://ncs.gov.in/NCSReportDashboard,offline extraction of previously downloaded public dashboard bundle,publisher_snapshot;2026_2027_partial;metric_definitions_require_confirmation
Vacancies,Uttar Pradesh,2025-26,945009,"15th July, 2026",https://ncs.gov.in/NCSReportDashboard,offline extraction of previously downloaded public dashboard bundle,publisher_snapshot;2026_2027_partial;metric_definitions_require_confirmation
Vacancies,Uttar Pradesh,2026-2027,158518,"15th July, 2026",https://ncs.gov.in/NCSReportDashboard,offline extraction of previously downloaded public dashboard bundle,publisher_snapshot;2026_2027_partial;metric_definitions_require_confirmation
Vacancies,Uttarakhand,2015-16,0,"15th July, 2026",https://ncs.gov.in/NCSReportDashboard,offline extraction of previously downloaded public dashboard bundle,publisher_snapshot;2026_2027_partial;metric_definitions_require_confirmation
Vacancies,Uttarakhand,2016-17,64413,"15th July, 2026",https://ncs.gov.in/NCSReportDashboard,offline extraction of previously downloaded public dashboard bundle,publisher_snapshot;2026_2027_partial;metric_definitions_require_confirmation
Vacancies,Uttarakhand,2017-18,8123,"15th July, 2026",https://ncs.gov.in/NCSReportDashboard,offline extraction of previously downloaded public dashboard bundle,publisher_snapshot;2026_2027_partial;metric_definitions_require_confirmation
Vacancies,Uttarakhand,2018-19,19044,"15th July, 2026",https://ncs.gov.in/NCSReportDashboard,offline extraction of previously downloaded public dashboard bundle,publisher_snapshot;2026_2027_partial;metric_definitions_require_confirmation
Vacancies,Uttarakhand,2019-20,13838,"15th July, 2026",https://ncs.gov.in/NCSReportDashboard,offline extraction of previously downloaded public dashboard bundle,publisher_snapshot;2026_2027_partial;metric_definitions_require_confirmation
Vacancies,Uttarakhand,2020-21,8585,"15th July, 2026",https://ncs.gov.in/NCSReportDashboard,offline extraction of previously downloaded public dashboard bundle,publisher_snapshot;2026_2027_partial;metric_definitions_require_confirmation
Vacancies,Uttarakhand,2021-22,7472,"15th July, 2026",https://ncs.gov.in/NCSReportDashboard,offline extraction of previously downloaded public dashboard bundle,publisher_snapshot;2026_2027_partial;metric_definitions_require_confirmation
Vacancies,Uttarakhand,2022-23,15534,"15th July, 2026",https://ncs.gov.in/NCSReportDashboard,offline extraction of previously downloaded public dashboard bundle,publisher_snapshot;2026_2027_partial;metric_definitions_require_confirmation
Vacancies,Uttarakhand,2023-24,15308,"15th July, 2026",https://ncs.gov.in/NCSReportDashboard,offline extraction of previously downloaded public dashboard bundle,publisher_snapshot;2026_2027_partial;metric_definitions_require_confirmation
Vacancies,Uttarakhand,2024-25,36560,"15th July, 2026",https://ncs.gov.in/NCSReportDashboard,offline extraction of previously downloaded public dashboard bundle,publisher_snapshot;2026_2027_partial;metric_definitions_require_confirmation
Vacancies,Uttarakhand,2025-26,121632,"15th July, 2026",https://ncs.gov.in/NCSReportDashboard,offline extraction of previously downloaded public dashboard bundle,publisher_snapshot;2026_2027_partial;metric_definitions_require_confirmation
Vacancies,Uttarakhand,2026-2027,27260,"15th July, 2026",https://ncs.gov.in/NCSReportDashboard,offline extraction of previously downloaded public dashboard bundle,publisher_snapshot;2026_2027_partial;metric_definitions_require_confirmation
Vacancies,West Bengal,2015-16,2427,"15th July, 2026",https://ncs.gov.in/NCSReportDashboard,offline extraction of previously downloaded public dashboard bundle,publisher_snapshot;2026_2027_partial;metric_definitions_require_confirmation
Vacancies,West Bengal,2016-17,42684,"15th July, 2026",https://ncs.gov.in/NCSReportDashboard,offline extraction of previously downloaded public dashboard bundle,publisher_snapshot;2026_2027_partial;metric_definitions_require_confirmation
Vacancies,West Bengal,2017-18,52137,"15th July, 2026",https://ncs.gov.in/NCSReportDashboard,offline extraction of previously downloaded public dashboard bundle,publisher_snapshot;2026_2027_partial;metric_definitions_require_confirmation
Vacancies,West Bengal,2018-19,49834,"15th July, 2026",https://ncs.gov.in/NCSReportDashboard,offline extraction of previously downloaded public dashboard bundle,publisher_snapshot;2026_2027_partial;metric_definitions_require_confirmation
Vacancies,West Bengal,2019-20,243495,"15th July, 2026",https://ncs.gov.in/NCSReportDashboard,offline extraction of previously downloaded public dashboard bundle,publisher_snapshot;2026_2027_partial;metric_definitions_require_confirmation
Vacancies,West Bengal,2020-21,53458,"15th July, 2026",https://ncs.gov.in/NCSReportDashboard,offline extraction of previously downloaded public dashboard bundle,publisher_snapshot;2026_2027_partial;metric_definitions_require_confirmation
Vacancies,West Bengal,2021-22,129327,"15th July, 2026",https://ncs.gov.in/NCSReportDashboard,offline extraction of previously downloaded public dashboard bundle,publisher_snapshot;2026_2027_partial;metric_definitions_require_confirmation
Vacancies,West Bengal,2022-23,1130060,"15th July, 2026",https://ncs.gov.in/NCSReportDashboard,offline extraction of previously downloaded public dashboard bundle,publisher_snapshot;2026_2027_partial;metric_definitions_require_confirmation
Vacancies,West Bengal,2023-24,1569430,"15th July, 2026",https://ncs.gov.in/NCSReportDashboard,offline extraction of previously downloaded public dashboard bundle,publisher_snapshot;2026_2027_partial;metric_definitions_require_confirmation
Vacancies,West Bengal,2024-25,1134560,"15th July, 2026",https://ncs.gov.in/NCSReportDashboard,offline extraction of previously downloaded public dashboard bundle,publisher_snapshot;2026_2027_partial;metric_definitions_require_confirmation
Vacancies,West Bengal,2025-26,1454750,"15th July, 2026",https://ncs.gov.in/NCSReportDashboard,offline extraction of previously downloaded public dashboard bundle,publisher_snapshot;2026_2027_partial;metric_definitions_require_confirmation
Vacancies,West Bengal,2026-2027,252455,"15th July, 2026",https://ncs.gov.in/NCSReportDashboard,offline extraction of previously downloaded public dashboard bundle,publisher_snapshot;2026_2027_partial;metric_definitions_require_confirmation
Active Employer,Andaman and Nicobar Islands,2015-16,0,"15th July, 2026",https://ncs.gov.in/NCSReportDashboard,offline extraction of previously downloaded public dashboard bundle,publisher_snapshot;2026_2027_partial;metric_definitions_require_confirmation
Active Employer,Andaman and Nicobar Islands,2016-17,1,"15th July, 2026",https://ncs.gov.in/NCSReportDashboard,offline extraction of previously downloaded public dashboard bundle,publisher_snapshot;2026_2027_partial;metric_definitions_require_confirmation
Active Employer,Andaman and Nicobar Islands,2017-18,0,"15th July, 2026",https://ncs.gov.in/NCSReportDashboard,offline extraction of previously downloaded public dashboard bundle,publisher_snapshot;2026_2027_partial;metric_definitions_require_confirmation
Active Employer,Andaman and Nicobar Islands,2018-19,3,"15th July, 2026",https://ncs.gov.in/NCSReportDashboard,offline extraction of previously downloaded public dashboard bundle,publisher_snapshot;2026_2027_partial;metric_definitions_require_confirmation
Active Employer,Andaman and Nicobar Islands,2019-20,40,"15th July, 2026",https://ncs.gov.in/NCSReportDashboard,offline extraction of previously downloaded public dashboard bundle,publisher_snapshot;2026_2027_partial;metric_definitions_require_confirmation
Active Employer,Andaman and Nicobar Islands,2020-21,15,"15th July, 2026",https://ncs.gov.in/NCSReportDashboard,offline extraction of previously downloaded public dashboard bundle,publisher_snapshot;2026_2027_partial;metric_definitions_require_confirmation
Active Employer,Andaman and Nicobar Islands,2021-22,14,"15th July, 2026",https://ncs.gov.in/NCSReportDashboard,offline extraction of previously downloaded public dashboard bundle,publisher_snapshot;2026_2027_partial;metric_definitions_require_confirmation
Active Employer,Andaman and Nicobar Islands,2022-23,493,"15th July, 2026",https://ncs.gov.in/NCSReportDashboard,offline extraction of previously downloaded public dashboard bundle,publisher_snapshot;2026_2027_partial;metric_definitions_require_confirmation
Active Employer,Andaman and Nicobar Islands,2023-24,683,"15th July, 2026",https://ncs.gov.in/NCSReportDashboard,offline extraction of previously downloaded public dashboard bundle,publisher_snapshot;2026_2027_partial;metric_definitions_require_confirmation
Active Employer,Andaman and Nicobar Islands,2024-25,752,"15th July, 2026",https://ncs.gov.in/NCSReportDashboard,offline extraction of previously downloaded public dashboard bundle,publisher_snapshot;2026_2027_partial;metric_definitions_require_confirmation
Active Employer,Andaman and Nicobar Islands,2025-26,606,"15th July, 2026",https://ncs.gov.in/NCSReportDashboard,offline extraction of previously downloaded public dashboard bundle,publisher_snapshot;2026_2027_partial;metric_definitions_require_confirmation
Active Employer,Andaman and Nicobar Islands,2026-2027,11,"15th July, 2026",https://ncs.gov.in/NCSReportDashboard,offline extraction of previously downloaded public dashboard bundle,publisher_snapshot;2026_2027_partial;metric_definitions_require_confirmation
Active Employer,Andhra Pradesh,2015-16,8,"15th July, 2026",https://ncs.gov.in/NCSReportDashboard,offline extraction of previously downloaded public dashboard bundle,publisher_snapshot;2026_2027_partial;metric_definitions_require_confirmation
Active Employer,Andhra Pradesh,2016-17,7,"15th July, 2026",https://ncs.gov.in/NCSReportDashboard,offline extraction of previously downloaded public dashboard bundle,publisher_snapshot;2026_2027_partial;metric_definitions_require_confirmation
Active Employer,Andhra Pradesh,2017-18,23,"15th July, 2026",https://ncs.gov.in/NCSReportDashboard,offline extraction of previously downloaded public dashboard bundle,publisher_snapshot;2026_2027_partial;metric_definitions_require_confirmation
Active Employer,Andhra Pradesh,2018-19,27,"15th July, 2026",https://ncs.gov.in/NCSReportDashboard,offline extraction of previously downloaded public dashboard bundle,publisher_snapshot;2026_2027_partial;metric_definitions_require_confirmation
Active Employer,Andhra Pradesh,2019-20,1702,"15th July, 2026",https://ncs.gov.in/NCSReportDashboard,offline extraction of previously downloaded public dashboard bundle,publisher_snapshot;2026_2027_partial;metric_definitions_require_confirmation
Active Employer,Andhra Pradesh,2020-21,2719,"15th July, 2026",https://ncs.gov.in/NCSReportDashboard,offline extraction of previously downloaded public dashboard bundle,publisher_snapshot;2026_2027_partial;metric_definitions_require_confirmation
Active Employer,Andhra Pradesh,2021-22,1303,"15th July, 2026",https://ncs.gov.in/NCSReportDashboard,offline extraction of previously downloaded public dashboard bundle,publisher_snapshot;2026_2027_partial;metric_definitions_require_confirmation
Active Employer,Andhra Pradesh,2022-23,22512,"15th July, 2026",https://ncs.gov.in/NCSReportDashboard,offline extraction of previously downloaded public dashboard bundle,publisher_snapshot;2026_2027_partial;metric_definitions_require_confirmation
Active Employer,Andhra Pradesh,2023-24,40035,"15th July, 2026",https://ncs.gov.in/NCSReportDashboard,offline extraction of previously downloaded public dashboard bundle,publisher_snapshot;2026_2027_partial;metric_definitions_require_confirmation
Active Employer,Andhra Pradesh,2024-25,73034,"15th July, 2026",https://ncs.gov.in/NCSReportDashboard,offline extraction of previously downloaded public dashboard bundle,publisher_snapshot;2026_2027_partial;metric_definitions_require_confirmation
Active Employer,Andhra Pradesh,2025-26,47298,"15th July, 2026",https://ncs.gov.in/NCSReportDashboard,offline extraction of previously downloaded public dashboard bundle,publisher_snapshot;2026_2027_partial;metric_definitions_require_confirmation
Active Employer,Andhra Pradesh,2026-2027,723,"15th July, 2026",https://ncs.gov.in/NCSReportDashboard,offline extraction of previously downloaded public dashboard bundle,publisher_snapshot;2026_2027_partial;metric_definitions_require_confirmation
Active Employer,Arunachal Pradesh,2015-16,0,"15th July, 2026",https://ncs.gov.in/NCSReportDashboard,offline extraction of previously downloaded public dashboard bundle,publisher_snapshot;2026_2027_partial;metric_definitions_require_confirmation
Active Employer,Arunachal Pradesh,2016-17,0,"15th July, 2026",https://ncs.gov.in/NCSReportDashboard,offline extraction of previously downloaded public dashboard bundle,publisher_snapshot;2026_2027_partial;metric_definitions_require_confirmation
Active Employer,Arunachal Pradesh,2017-18,0,"15th July, 2026",https://ncs.gov.in/NCSReportDashboard,offline extraction of previously downloaded public dashboard bundle,publisher_snapshot;2026_2027_partial;metric_definitions_require_confirmation
Active Employer,Arunachal Pradesh,2018-19,0,"15th July, 2026",https://ncs.gov.in/NCSReportDashboard,offline extraction of previously downloaded public dashboard bundle,publisher_snapshot;2026_2027_partial;metric_definitions_require_confirmation
Active Employer,Arunachal Pradesh,2019-20,25,"15th July, 2026",https://ncs.gov.in/NCSReportDashboard,offline extraction of previously downloaded public dashboard bundle,publisher_snapshot;2026_2027_partial;metric_definitions_require_confirmation
Active Employer,Arunachal Pradesh,2020-21,7,"15th July, 2026",https://ncs.gov.in/NCSReportDashboard,offline extraction of previously downloaded public dashboard bundle,publisher_snapshot;2026_2027_partial;metric_definitions_require_confirmation
Active Employer,Arunachal Pradesh,2021-22,5,"15th July, 2026",https://ncs.gov.in/NCSReportDashboard,offline extraction of previously downloaded public dashboard bundle,publisher_snapshot;2026_2027_partial;metric_definitions_require_confirmation
Active Employer,Arunachal Pradesh,2022-23,529,"15th July, 2026",https://ncs.gov.in/NCSReportDashboard,offline extraction of previously downloaded public dashboard bundle,publisher_snapshot;2026_2027_partial;metric_definitions_require_confirmation
Active Employer,Arunachal Pradesh,2023-24,1176,"15th July, 2026",https://ncs.gov.in/NCSReportDashboard,offline extraction of previously downloaded public dashboard bundle,publisher_snapshot;2026_2027_partial;metric_definitions_require_confirmation
Active Employer,Arunachal Pradesh,2024-25,1780,"15th July, 2026",https://ncs.gov.in/NCSReportDashboard,offline extraction of previously downloaded public dashboard bundle,publisher_snapshot;2026_2027_partial;metric_definitions_require_confirmation
Active Employer,Arunachal Pradesh,2025-26,1893,"15th July, 2026",https://ncs.gov.in/NCSReportDashboard,offline extraction of previously downloaded public dashboard bundle,publisher_snapshot;2026_2027_partial;metric_definitions_require_confirmation
Active Employer,Arunachal Pradesh,2026-2027,4,"15th July, 2026",https://ncs.gov.in/NCSReportDashboard,offline extraction of previously downloaded public dashboard bundle,publisher_snapshot;2026_2027_partial;metric_definitions_require_confirmation
Active Employer,Assam,2015-16,2,"15th July, 2026",https://ncs.gov.in/NCSReportDashboard,offline extraction of previously downloaded public dashboard bundle,publisher_snapshot;2026_2027_partial;metric_definitions_require_confirmation
Active Employer,Assam,2016-17,5,"15th July, 2026",https://ncs.gov.in/NCSReportDashboard,offline extraction of previously downloaded public dashboard bundle,publisher_snapshot;2026_2027_partial;metric_definitions_require_confirmation
Active Employer,Assam,2017-18,7,"15th July, 2026",https://ncs.gov.in/NCSReportDashboard,offline extraction of previously downloaded public dashboard bundle,publisher_snapshot;2026_2027_partial;metric_definitions_require_confirmation
Active Employer,Assam,2018-19,9,"15th July, 2026",https://ncs.gov.in/NCSReportDashboard,offline extraction of previously downloaded public dashboard bundle,publisher_snapshot;2026_2027_partial;metric_definitions_require_confirmation
Active Employer,Assam,2019-20,342,"15th July, 2026",https://ncs.gov.in/NCSReportDashboard,offline extraction of previously downloaded public dashboard bundle,publisher_snapshot;2026_2027_partial;metric_definitions_require_confirmation
Active Employer,Assam,2020-21,510,"15th July, 2026",https://ncs.gov.in/NCSReportDashboard,offline extraction of previously downloaded public dashboard bundle,publisher_snapshot;2026_2027_partial;metric_definitions_require_confirmation
Active Employer,Assam,2021-22,392,"15th July, 2026",https://ncs.gov.in/NCSReportDashboard,offline extraction of previously downloaded public dashboard bundle,publisher_snapshot;2026_2027_partial;metric_definitions_require_confirmation
Active Employer,Assam,2022-23,16268,"15th July, 2026",https://ncs.gov.in/NCSReportDashboard,offline extraction of previously downloaded public dashboard bundle,publisher_snapshot;2026_2027_partial;metric_definitions_require_confirmation
Active Employer,Assam,2023-24,38958,"15th July, 2026",https://ncs.gov.in/NCSReportDashboard,offline extraction of previously downloaded public dashboard bundle,publisher_snapshot;2026_2027_partial;metric_definitions_require_confirmation
Active Employer,Assam,2024-25,62780,"15th July, 2026",https://ncs.gov.in/NCSReportDashboard,offline extraction of previously downloaded public dashboard bundle,publisher_snapshot;2026_2027_partial;metric_definitions_require_confirmation
Active Employer,Assam,2025-26,42881,"15th July, 2026",https://ncs.gov.in/NCSReportDashboard,offline extraction of previously downloaded public dashboard bundle,publisher_snapshot;2026_2027_partial;metric_definitions_require_confirmation
Active Employer,Assam,2026-2027,301,"15th July, 2026",https://ncs.gov.in/NCSReportDashboard,offline extraction of previously downloaded public dashboard bundle,publisher_snapshot;2026_2027_partial;metric_definitions_require_confirmation
Active Employer,Bihar,2015-16,2,"15th July, 2026",https://ncs.gov.in/NCSReportDashboard,offline extraction of previously downloaded public dashboard bundle,publisher_snapshot;2026_2027_partial;metric_definitions_require_confirmation
Active Employer,Bihar,2016-17,49,"15th July, 2026",https://ncs.gov.in/NCSReportDashboard,offline extraction of previously downloaded public dashboard bundle,publisher_snapshot;2026_2027_partial;metric_definitions_require_confirmation
Active Employer,Bihar,2017-18,49,"15th July, 2026",https://ncs.gov.in/NCSReportDashboard,offline extraction of previously downloaded public dashboard bundle,publisher_snapshot;2026_2027_partial;metric_definitions_require_confirmation
Active Employer,Bihar,2018-19,95,"15th July, 2026",https://ncs.gov.in/NCSReportDashboard,offline extraction of previously downloaded public dashboard bundle,publisher_snapshot;2026_2027_partial;metric_definitions_require_confirmation
Active Employer,Bihar,2019-20,775,"15th July, 2026",https://ncs.gov.in/NCSReportDashboard,offline extraction of previously downloaded public dashboard bundle,publisher_snapshot;2026_2027_partial;metric_definitions_require_confirmation
Active Employer,Bihar,2020-21,757,"15th July, 2026",https://ncs.gov.in/NCSReportDashboard,offline extraction of previously downloaded public dashboard bundle,publisher_snapshot;2026_2027_partial;metric_definitions_require_confirmation
Active Employer,Bihar,2021-22,615,"15th July, 2026",https://ncs.gov.in/NCSReportDashboard,offline extraction of previously downloaded public dashboard bundle,publisher_snapshot;2026_2027_partial;metric_definitions_require_confirmation
Active Employer,Bihar,2022-23,39598,"15th July, 2026",https://ncs.gov.in/NCSReportDashboard,offline extraction of previously downloaded public dashboard bundle,publisher_snapshot;2026_2027_partial;metric_definitions_require_confirmation
Active Employer,Bihar,2023-24,68154,"15th July, 2026",https://ncs.gov.in/NCSReportDashboard,offline extraction of previously downloaded public dashboard bundle,publisher_snapshot;2026_2027_partial;metric_definitions_require_confirmation
Active Employer,Bihar,2024-25,86368,"15th July, 2026",https://ncs.gov.in/NCSReportDashboard,offline extraction of previously downloaded public dashboard bundle,publisher_snapshot;2026_2027_partial;metric_definitions_require_confirmation
Active Employer,Bihar,2025-26,79103,"15th July, 2026",https://ncs.gov.in/NCSReportDashboard,offline extraction of previously downloaded public dashboard bundle,publisher_snapshot;2026_2027_partial;metric_definitions_require_confirmation
Active Employer,Bihar,2026-2027,1117,"15th July, 2026",https://ncs.gov.in/NCSReportDashboard,offline extraction of previously downloaded public dashboard bundle,publisher_snapshot;2026_2027_partial;metric_definitions_require_confirmation
Active Employer,Chandigarh,2015-16,5,"15th July, 2026",https://ncs.gov.in/NCSReportDashboard,offline extraction of previously downloaded public dashboard bundle,publisher_snapshot;2026_2027_partial;metric_definitions_require_confirmation
Active Employer,Chandigarh,2016-17,3,"15th July, 2026",https://ncs.gov.in/NCSReportDashboard,offline extraction of previously downloaded public dashboard bundle,publisher_snapshot;2026_2027_partial;metric_definitions_require_confirmation
Active Employer,Chandigarh,2017-18,6,"15th July, 2026",https://ncs.gov.in/NCSReportDashboard,offline extraction of previously downloaded public dashboard bundle,publisher_snapshot;2026_2027_partial;metric_definitions_require_confirmation
Active Employer,Chandigarh,2018-19,10,"15th July, 2026",https://ncs.gov.in/NCSReportDashboard,offline extraction of previously downloaded public dashboard bundle,publisher_snapshot;2026_2027_partial;metric_definitions_require_confirmation
Active Employer,Chandigarh,2019-20,171,"15th July, 2026",https://ncs.gov.in/NCSReportDashboard,offline extraction of previously downloaded public dashboard bundle,publisher_snapshot;2026_2027_partial;metric_definitions_require_confirmation
Active Employer,Chandigarh,2020-21,236,"15th July, 2026",https://ncs.gov.in/NCSReportDashboard,offline extraction of previously downloaded public dashboard bundle,publisher_snapshot;2026_2027_partial;metric_definitions_require_confirmation
Active Employer,Chandigarh,2021-22,245,"15th July, 2026",https://ncs.gov.in/NCSReportDashboard,offline extraction of previously downloaded public dashboard bundle,publisher_snapshot;2026_2027_partial;metric_definitions_require_confirmation
Active Employer,Chandigarh,2022-23,1175,"15th July, 2026",https://ncs.gov.in/NCSReportDashboard,offline extraction of previously downloaded public dashboard bundle,publisher_snapshot;2026_2027_partial;metric_definitions_require_confirmation
Active Employer,Chandigarh,2023-24,2236,"15th July, 2026",https://ncs.gov.in/NCSReportDashboard,offline extraction of previously downloaded public dashboard bundle,publisher_snapshot;2026_2027_partial;metric_definitions_require_confirmation
Active Employer,Chandigarh,2024-25,2035,"15th July, 2026",https://ncs.gov.in/NCSReportDashboard,offline extraction of previously downloaded public dashboard bundle,publisher_snapshot;2026_2027_partial;metric_definitions_require_confirmation
Active Employer,Chandigarh,2025-26,1682,"15th July, 2026",https://ncs.gov.in/NCSReportDashboard,offline extraction of previously downloaded public dashboard bundle,publisher_snapshot;2026_2027_partial;metric_definitions_require_confirmation
Active Employer,Chandigarh,2026-2027,98,"15th July, 2026",https://ncs.gov.in/NCSReportDashboard,offline extraction of previously downloaded public dashboard bundle,publisher_snapshot;2026_2027_partial;metric_definitions_require_confirmation
Active Employer,Chhattisgarh,2015-16,8,"15th July, 2026",https://ncs.gov.in/NCSReportDashboard,offline extraction of previously downloaded public dashboard bundle,publisher_snapshot;2026_2027_partial;metric_definitions_require_confirmation
Active Employer,Chhattisgarh,2016-17,14,"15th July, 2026",https://ncs.gov.in/NCSReportDashboard,offline extraction of previously downloaded public dashboard bundle,publisher_snapshot;2026_2027_partial;metric_definitions_require_confirmation
Active Employer,Chhattisgarh,2017-18,14,"15th July, 2026",https://ncs.gov.in/NCSReportDashboard,offline extraction of previously downloaded public dashboard bundle,publisher_snapshot;2026_2027_partial;metric_definitions_require_confirmation
Active Employer,Chhattisgarh,2018-19,23,"15th July, 2026",https://ncs.gov.in/NCSReportDashboard,offline extraction of previously downloaded public dashboard bundle,publisher_snapshot;2026_2027_partial;metric_definitions_require_confirmation
Active Employer,Chhattisgarh,2019-20,845,"15th July, 2026",https://ncs.gov.in/NCSReportDashboard,offline extraction of previously downloaded public dashboard bundle,publisher_snapshot;2026_2027_partial;metric_definitions_require_confirmation
Active Employer,Chhattisgarh,2020-21,1227,"15th July, 2026",https://ncs.gov.in/NCSReportDashboard,offline extraction of previously downloaded public dashboard bundle,publisher_snapshot;2026_2027_partial;metric_definitions_require_confirmation
Active Employer,Chhattisgarh,2021-22,646,"15th July, 2026",https://ncs.gov.in/NCSReportDashboard,offline extraction of previously downloaded public dashboard bundle,publisher_snapshot;2026_2027_partial;metric_definitions_require_confirmation
Active Employer,Chhattisgarh,2022-23,14782,"15th July, 2026",https://ncs.gov.in/NCSReportDashboard,offline extraction of previously downloaded public dashboard bundle,publisher_snapshot;2026_2027_partial;metric_definitions_require_confirmation
Active Employer,Chhattisgarh,2023-24,27361,"15th July, 2026",https://ncs.gov.in/NCSReportDashboard,offline extraction of previously downloaded public dashboard bundle,publisher_snapshot;2026_2027_partial;metric_definitions_require_confirmation
Active Employer,Chhattisgarh,2024-25,38328,"15th July, 2026",https://ncs.gov.in/NCSReportDashboard,offline extraction of previously downloaded public dashboard bundle,publisher_snapshot;2026_2027_partial;metric_definitions_require_confirmation
Active Employer,Chhattisgarh,2025-26,36472,"15th July, 2026",https://ncs.gov.in/NCSReportDashboard,offline extraction of previously downloaded public dashboard bundle,publisher_snapshot;2026_2027_partial;metric_definitions_require_confirmation
Active Employer,Chhattisgarh,2026-2027,391,"15th July, 2026",https://ncs.gov.in/NCSReportDashboard,offline extraction of previously downloaded public dashboard bundle,publisher_snapshot;2026_2027_partial;metric_definitions_require_confirmation
Active Employer,Delhi,2015-16,55,"15th July, 2026",https://ncs.gov.in/NCSReportDashboard,offline extraction of previously downloaded public dashboard bundle,publisher_snapshot;2026_2027_partial;metric_definitions_require_confirmation
Active Employer,Delhi,2016-17,53,"15th July, 2026",https://ncs.gov.in/NCSReportDashboard,offline extraction of previously downloaded public dashboard bundle,publisher_snapshot;2026_2027_partial;metric_definitions_require_confirmation
Active Employer,Delhi,2017-18,79,"15th July, 2026",https://ncs.gov.in/NCSReportDashboard,offline extraction of previously downloaded public dashboard bundle,publisher_snapshot;2026_2027_partial;metric_definitions_require_confirmation
Active Employer,Delhi,2018-19,139,"15th July, 2026",https://ncs.gov.in/NCSReportDashboard,offline extraction of previously downloaded public dashboard bundle,publisher_snapshot;2026_2027_partial;metric_definitions_require_confirmation
Active Employer,Delhi,2019-20,2803,"15th July, 2026",https://ncs.gov.in/NCSReportDashboard,offline extraction of previously downloaded public dashboard bundle,publisher_snapshot;2026_2027_partial;metric_definitions_require_confirmation
Active Employer,Delhi,2020-21,5617,"15th July, 2026",https://ncs.gov.in/NCSReportDashboard,offline extraction of previously downloaded public dashboard bundle,publisher_snapshot;2026_2027_partial;metric_definitions_require_confirmation
Active Employer,Delhi,2021-22,4649,"15th July, 2026",https://ncs.gov.in/NCSReportDashboard,offline extraction of previously downloaded public dashboard bundle,publisher_snapshot;2026_2027_partial;metric_definitions_require_confirmation
Active Employer,Delhi,2022-23,25150,"15th July, 2026",https://ncs.gov.in/NCSReportDashboard,offline extraction of previously downloaded public dashboard bundle,publisher_snapshot;2026_2027_partial;metric_definitions_require_confirmation
Active Employer,Delhi,2023-24,41926,"15th July, 2026",https://ncs.gov.in/NCSReportDashboard,offline extraction of previously downloaded public dashboard bundle,publisher_snapshot;2026_2027_partial;metric_definitions_require_confirmation
Active Employer,Delhi,2024-25,45467,"15th July, 2026",https://ncs.gov.in/NCSReportDashboard,offline extraction of previously downloaded public dashboard bundle,publisher_snapshot;2026_2027_partial;metric_definitions_require_confirmation
Active Employer,Delhi,2025-26,40808,"15th July, 2026",https://ncs.gov.in/NCSReportDashboard,offline extraction of previously downloaded public dashboard bundle,publisher_snapshot;2026_2027_partial;metric_definitions_require_confirmation
Active Employer,Delhi,2026-2027,1203,"15th July, 2026",https://ncs.gov.in/NCSReportDashboard,offline extraction of previously downloaded public dashboard bundle,publisher_snapshot;2026_2027_partial;metric_definitions_require_confirmation
Active Employer,Goa,2015-16,1,"15th July, 2026",https://ncs.gov.in/NCSReportDashboard,offline extraction of previously downloaded public dashboard bundle,publisher_snapshot;2026_2027_partial;metric_definitions_require_confirmation
Active Employer,Goa,2016-17,8,"15th July, 2026",https://ncs.gov.in/NCSReportDashboard,offline extraction of previously downloaded public dashboard bundle,publisher_snapshot;2026_2027_partial;metric_definitions_require_confirmation
Active Employer,Goa,2017-18,5,"15th July, 2026",https://ncs.gov.in/NCSReportDashboard,offline extraction of previously downloaded public dashboard bundle,publisher_snapshot;2026_2027_partial;metric_definitions_require_confirmation
Active Employer,Goa,2018-19,20,"15th July, 2026",https://ncs.gov.in/NCSReportDashboard,offline extraction of previously downloaded public dashboard bundle,publisher_snapshot;2026_2027_partial;metric_definitions_require_confirmation
Active Employer,Goa,2019-20,192,"15th July, 2026",https://ncs.gov.in/NCSReportDashboard,offline extraction of previously downloaded public dashboard bundle,publisher_snapshot;2026_2027_partial;metric_definitions_require_confirmation
Active Employer,Goa,2020-21,436,"15th July, 2026",https://ncs.gov.in/NCSReportDashboard,offline extraction of previously downloaded public dashboard bundle,publisher_snapshot;2026_2027_partial;metric_definitions_require_confirmation
Active Employer,Goa,2021-22,276,"15th July, 2026",https://ncs.gov.in/NCSReportDashboard,offline extraction of previously downloaded public dashboard bundle,publisher_snapshot;2026_2027_partial;metric_definitions_require_confirmation
Active Employer,Goa,2022-23,1952,"15th July, 2026",https://ncs.gov.in/NCSReportDashboard,offline extraction of previously downloaded public dashboard bundle,publisher_snapshot;2026_2027_partial;metric_definitions_require_confirmation
Active Employer,Goa,2023-24,3226,"15th July, 2026",https://ncs.gov.in/NCSReportDashboard,offline extraction of previously downloaded public dashboard bundle,publisher_snapshot;2026_2027_partial;metric_definitions_require_confirmation
Active Employer,Goa,2024-25,3507,"15th July, 2026",https://ncs.gov.in/NCSReportDashboard,offline extraction of previously downloaded public dashboard bundle,publisher_snapshot;2026_2027_partial;metric_definitions_require_confirmation
Active Employer,Goa,2025-26,4356,"15th July, 2026",https://ncs.gov.in/NCSReportDashboard,offline extraction of previously downloaded public dashboard bundle,publisher_snapshot;2026_2027_partial;metric_definitions_require_confirmation
Active Employer,Goa,2026-2027,81,"15th July, 2026",https://ncs.gov.in/NCSReportDashboard,offline extraction of previously downloaded public dashboard bundle,publisher_snapshot;2026_2027_partial;metric_definitions_require_confirmation
Active Employer,Gujarat,2015-16,32,"15th July, 2026",https://ncs.gov.in/NCSReportDashboard,offline extraction of previously downloaded public dashboard bundle,publisher_snapshot;2026_2027_partial;metric_definitions_require_confirmation
Active Employer,Gujarat,2016-17,27,"15th July, 2026",https://ncs.gov.in/NCSReportDashboard,offline extraction of previously downloaded public dashboard bundle,publisher_snapshot;2026_2027_partial;metric_definitions_require_confirmation
Active Employer,Gujarat,2017-18,50,"15th July, 2026",https://ncs.gov.in/NCSReportDashboard,offline extraction of previously downloaded public dashboard bundle,publisher_snapshot;2026_2027_partial;metric_definitions_require_confirmation
Active Employer,Gujarat,2018-19,113,"15th July, 2026",https://ncs.gov.in/NCSReportDashboard,offline extraction of previously downloaded public dashboard bundle,publisher_snapshot;2026_2027_partial;metric_definitions_require_confirmation
Active Employer,Gujarat,2019-20,3776,"15th July, 2026",https://ncs.gov.in/NCSReportDashboard,offline extraction of previously downloaded public dashboard bundle,publisher_snapshot;2026_2027_partial;metric_definitions_require_confirmation
Active Employer,Gujarat,2020-21,4750,"15th July, 2026",https://ncs.gov.in/NCSReportDashboard,offline extraction of previously downloaded public dashboard bundle,publisher_snapshot;2026_2027_partial;metric_definitions_require_confirmation
Active Employer,Gujarat,2021-22,2617,"15th July, 2026",https://ncs.gov.in/NCSReportDashboard,offline extraction of previously downloaded public dashboard bundle,publisher_snapshot;2026_2027_partial;metric_definitions_require_confirmation
Active Employer,Gujarat,2022-23,48776,"15th July, 2026",https://ncs.gov.in/NCSReportDashboard,offline extraction of previously downloaded public dashboard bundle,publisher_snapshot;2026_2027_partial;metric_definitions_require_confirmation
Active Employer,Gujarat,2023-24,89484,"15th July, 2026",https://ncs.gov.in/NCSReportDashboard,offline extraction of previously downloaded public dashboard bundle,publisher_snapshot;2026_2027_partial;metric_definitions_require_confirmation
Active Employer,Gujarat,2024-25,84609,"15th July, 2026",https://ncs.gov.in/NCSReportDashboard,offline extraction of previously downloaded public dashboard bundle,publisher_snapshot;2026_2027_partial;metric_definitions_require_confirmation
Active Employer,Gujarat,2025-26,71286,"15th July, 2026",https://ncs.gov.in/NCSReportDashboard,offline extraction of previously downloaded public dashboard bundle,publisher_snapshot;2026_2027_partial;metric_definitions_require_confirmation
Active Employer,Gujarat,2026-2027,1927,"15th July, 2026",https://ncs.gov.in/NCSReportDashboard,offline extraction of previously downloaded public dashboard bundle,publisher_snapshot;2026_2027_partial;metric_definitions_require_confirmation
Active Employer,Haryana,2015-16,28,"15th July, 2026",https://ncs.gov.in/NCSReportDashboard,offline extraction of previously downloaded public dashboard bundle,publisher_snapshot;2026_2027_partial;metric_definitions_require_confirmation
Active Employer,Haryana,2016-17,26,"15th July, 2026",https://ncs.gov.in/NCSReportDashboard,offline extraction of previously downloaded public dashboard bundle,publisher_snapshot;2026_2027_partial;metric_definitions_require_confirmation
Active Employer,Haryana,2017-18,30,"15th July, 2026",https://ncs.gov.in/NCSReportDashboard,offline extraction of previously downloaded public dashboard bundle,publisher_snapshot;2026_2027_partial;metric_definitions_require_confirmation
Active Employer,Haryana,2018-19,139,"15th July, 2026",https://ncs.gov.in/NCSReportDashboard,offline extraction of previously downloaded public dashboard bundle,publisher_snapshot;2026_2027_partial;metric_definitions_require_confirmation
Active Employer,Haryana,2019-20,2984,"15th July, 2026",https://ncs.gov.in/NCSReportDashboard,offline extraction of previously downloaded public dashboard bundle,publisher_snapshot;2026_2027_partial;metric_definitions_require_confirmation
Active Employer,Haryana,2020-21,4347,"15th July, 2026",https://ncs.gov.in/NCSReportDashboard,offline extraction of previously downloaded public dashboard bundle,publisher_snapshot;2026_2027_partial;metric_definitions_require_confirmation
Active Employer,Haryana,2021-22,3267,"15th July, 2026",https://ncs.gov.in/NCSReportDashboard,offline extraction of previously downloaded public dashboard bundle,publisher_snapshot;2026_2027_partial;metric_definitions_require_confirmation
Active Employer,Haryana,2022-23,26788,"15th July, 2026",https://ncs.gov.in/NCSReportDashboard,offline extraction of previously downloaded public dashboard bundle,publisher_snapshot;2026_2027_partial;metric_definitions_require_confirmation
Active Employer,Haryana,2023-24,47972,"15th July, 2026",https://ncs.gov.in/NCSReportDashboard,offline extraction of previously downloaded public dashboard bundle,publisher_snapshot;2026_2027_partial;metric_definitions_require_confirmation
Active Employer,Haryana,2024-25,51529,"15th July, 2026",https://ncs.gov.in/NCSReportDashboard,offline extraction of previously downloaded public dashboard bundle,publisher_snapshot;2026_2027_partial;metric_definitions_require_confirmation
Active Employer,Haryana,2025-26,43521,"15th July, 2026",https://ncs.gov.in/NCSReportDashboard,offline extraction of previously downloaded public dashboard bundle,publisher_snapshot;2026_2027_partial;metric_definitions_require_confirmation
Active Employer,Haryana,2026-2027,1148,"15th July, 2026",https://ncs.gov.in/NCSReportDashboard,offline extraction of previously downloaded public dashboard bundle,publisher_snapshot;2026_2027_partial;metric_definitions_require_confirmation
Active Employer,Himachal Pradesh,2015-16,27,"15th July, 2026",https://ncs.gov.in/NCSReportDashboard,offline extraction of previously downloaded public dashboard bundle,publisher_snapshot;2026_2027_partial;metric_definitions_require_confirmation
Active Employer,Himachal Pradesh,2016-17,5,"15th July, 2026",https://ncs.gov.in/NCSReportDashboard,offline extraction of previously downloaded public dashboard bundle,publisher_snapshot;2026_2027_partial;metric_definitions_require_confirmation
Active Employer,Himachal Pradesh,2017-18,11,"15th July, 2026",https://ncs.gov.in/NCSReportDashboard,offline extraction of previously downloaded public dashboard bundle,publisher_snapshot;2026_2027_partial;metric_definitions_require_confirmation
Active Employer,Himachal Pradesh,2018-19,10,"15th July, 2026",https://ncs.gov.in/NCSReportDashboard,offline extraction of previously downloaded public dashboard bundle,publisher_snapshot;2026_2027_partial;metric_definitions_require_confirmation
Active Employer,Himachal Pradesh,2019-20,812,"15th July, 2026",https://ncs.gov.in/NCSReportDashboard,offline extraction of previously downloaded public dashboard bundle,publisher_snapshot;2026_2027_partial;metric_definitions_require_confirmation
Active Employer,Himachal Pradesh,2020-21,660,"15th July, 2026",https://ncs.gov.in/NCSReportDashboard,offline extraction of previously downloaded public dashboard bundle,publisher_snapshot;2026_2027_partial;metric_definitions_require_confirmation
Active Employer,Himachal Pradesh,2021-22,359,"15th July, 2026",https://ncs.gov.in/NCSReportDashboard,offline extraction of previously downloaded public dashboard bundle,publisher_snapshot;2026_2027_partial;metric_definitions_require_confirmation
Active Employer,Himachal Pradesh,2022-23,5897,"15th July, 2026",https://ncs.gov.in/NCSReportDashboard,offline extraction of previously downloaded public dashboard bundle,publisher_snapshot;2026_2027_partial;metric_definitions_require_confirmation
Active Employer,Himachal Pradesh,2023-24,10253,"15th July, 2026",https://ncs.gov.in/NCSReportDashboard,offline extraction of previously downloaded public dashboard bundle,publisher_snapshot;2026_2027_partial;metric_definitions_require_confirmation
Active Employer,Himachal Pradesh,2024-25,11145,"15th July, 2026",https://ncs.gov.in/NCSReportDashboard,offline extraction of previously downloaded public dashboard bundle,publisher_snapshot;2026_2027_partial;metric_definitions_require_confirmation
Active Employer,Himachal Pradesh,2025-26,8906,"15th July, 2026",https://ncs.gov.in/NCSReportDashboard,offline extraction of previously downloaded public dashboard bundle,publisher_snapshot;2026_2027_partial;metric_definitions_require_confirmation
Active Employer,Himachal Pradesh,2026-2027,170,"15th July, 2026",https://ncs.gov.in/NCSReportDashboard,offline extraction of previously downloaded public dashboard bundle,publisher_snapshot;2026_2027_partial;metric_definitions_require_confirmation
Active Employer,Jammu and Kashmir,2015-16,0,"15th July, 2026",https://ncs.gov.in/NCSReportDashboard,offline extraction of previously downloaded public dashboard bundle,publisher_snapshot;2026_2027_partial;metric_definitions_require_confirmation
Active Employer,Jammu and Kashmir,2016-17,1,"15th July, 2026",https://ncs.gov.in/NCSReportDashboard,offline extraction of previously downloaded public dashboard bundle,publisher_snapshot;2026_2027_partial;metric_definitions_require_confirmation
Active Employer,Jammu and Kashmir,2017-18,3,"15th July, 2026",https://ncs.gov.in/NCSReportDashboard,offline extraction of previously downloaded public dashboard bundle,publisher_snapshot;2026_2027_partial;metric_definitions_require_confirmation
Active Employer,Jammu and Kashmir,2018-19,4,"15th July, 2026",https://ncs.gov.in/NCSReportDashboard,offline extraction of previously downloaded public dashboard bundle,publisher_snapshot;2026_2027_partial;metric_definitions_require_confirmation
Active Employer,Jammu and Kashmir,2019-20,13,"15th July, 2026",https://ncs.gov.in/NCSReportDashboard,offline extraction of previously downloaded public dashboard bundle,publisher_snapshot;2026_2027_partial;metric_definitions_require_confirmation
Active Employer,Jammu and Kashmir,2020-21,161,"15th July, 2026",https://ncs.gov.in/NCSReportDashboard,offline extraction of previously downloaded public dashboard bundle,publisher_snapshot;2026_2027_partial;metric_definitions_require_confirmation
Active Employer,Jammu and Kashmir,2021-22,113,"15th July, 2026",https://ncs.gov.in/NCSReportDashboard,offline extraction of previously downloaded public dashboard bundle,publisher_snapshot;2026_2027_partial;metric_definitions_require_confirmation
Active Employer,Jammu and Kashmir,2022-23,12553,"15th July, 2026",https://ncs.gov.in/NCSReportDashboard,offline extraction of previously downloaded public dashboard bundle,publisher_snapshot;2026_2027_partial;metric_definitions_require_confirmation
Active Employer,Jammu and Kashmir,2023-24,29562,"15th July, 2026",https://ncs.gov.in/NCSReportDashboard,offline extraction of previously downloaded public dashboard bundle,publisher_snapshot;2026_2027_partial;metric_definitions_require_confirmation
Active Employer,Jammu and Kashmir,2024-25,19158,"15th July, 2026",https://ncs.gov.in/NCSReportDashboard,offline extraction of previously downloaded public dashboard bundle,publisher_snapshot;2026_2027_partial;metric_definitions_require_confirmation
Active Employer,Jammu and Kashmir,2025-26,15051,"15th July, 2026",https://ncs.gov.in/NCSReportDashboard,offline extraction of previously downloaded public dashboard bundle,publisher_snapshot;2026_2027_partial;metric_definitions_require_confirmation
Active Employer,Jammu and Kashmir,2026-2027,166,"15th July, 2026",https://ncs.gov.in/NCSReportDashboard,offline extraction of previously downloaded public dashboard bundle,publisher_snapshot;2026_2027_partial;metric_definitions_require_confirmation
Active Employer,Jharkhand,2015-16,3,"15th July, 2026",https://ncs.gov.in/NCSReportDashboard,offline extraction of previously downloaded public dashboard bundle,publisher_snapshot;2026_2027_partial;metric_definitions_require_confirmation
Active Employer,Jharkhand,2016-17,7,"15th July, 2026",https://ncs.gov.in/NCSReportDashboard,offline extraction of previously downloaded public dashboard bundle,publisher_snapshot;2026_2027_partial;metric_definitions_require_confirmation
Active Employer,Jharkhand,2017-18,12,"15th July, 2026",https://ncs.gov.in/NCSReportDashboard,offline extraction of previously downloaded public dashboard bundle,publisher_snapshot;2026_2027_partial;metric_definitions_require_confirmation
Active Employer,Jharkhand,2018-19,17,"15th July, 2026",https://ncs.gov.in/NCSReportDashboard,offline extraction of previously downloaded public dashboard bundle,publisher_snapshot;2026_2027_partial;metric_definitions_require_confirmation
Active Employer,Jharkhand,2019-20,841,"15th July, 2026",https://ncs.gov.in/NCSReportDashboard,offline extraction of previously downloaded public dashboard bundle,publisher_snapshot;2026_2027_partial;metric_definitions_require_confirmation
Active Employer,Jharkhand,2020-21,1106,"15th July, 2026",https://ncs.gov.in/NCSReportDashboard,offline extraction of previously downloaded public dashboard bundle,publisher_snapshot;2026_2027_partial;metric_definitions_require_confirmation
Active Employer,Jharkhand,2021-22,797,"15th July, 2026",https://ncs.gov.in/NCSReportDashboard,offline extraction of previously downloaded public dashboard bundle,publisher_snapshot;2026_2027_partial;metric_definitions_require_confirmation
Active Employer,Jharkhand,2022-23,16950,"15th July, 2026",https://ncs.gov.in/NCSReportDashboard,offline extraction of previously downloaded public dashboard bundle,publisher_snapshot;2026_2027_partial;metric_definitions_require_confirmation
Active Employer,Jharkhand,2023-24,26720,"15th July, 2026",https://ncs.gov.in/NCSReportDashboard,offline extraction of previously downloaded public dashboard bundle,publisher_snapshot;2026_2027_partial;metric_definitions_require_confirmation
Active Employer,Jharkhand,2024-25,34037,"15th July, 2026",https://ncs.gov.in/NCSReportDashboard,offline extraction of previously downloaded public dashboard bundle,publisher_snapshot;2026_2027_partial;metric_definitions_require_confirmation
Active Employer,Jharkhand,2025-26,29765,"15th July, 2026",https://ncs.gov.in/NCSReportDashboard,offline extraction of previously downloaded public dashboard bundle,publisher_snapshot;2026_2027_partial;metric_definitions_require_confirmation
Active Employer,Jharkhand,2026-2027,478,"15th July, 2026",https://ncs.gov.in/NCSReportDashboard,offline extraction of previously downloaded public dashboard bundle,publisher_snapshot;2026_2027_partial;metric_definitions_require_confirmation
Active Employer,Karnataka,2015-16,62,"15th July, 2026",https://ncs.gov.in/NCSReportDashboard,offline extraction of previously downloaded public dashboard bundle,publisher_snapshot;2026_2027_partial;metric_definitions_require_confirmation
Active Employer,Karnataka,2016-17,30,"15th July, 2026",https://ncs.gov.in/NCSReportDashboard,offline extraction of previously downloaded public dashboard bundle,publisher_snapshot;2026_2027_partial;metric_definitions_require_confirmation
Active Employer,Karnataka,2017-18,36,"15th July, 2026",https://ncs.gov.in/NCSReportDashboard,offline extraction of previously downloaded public dashboard bundle,publisher_snapshot;2026_2027_partial;metric_definitions_require_confirmation
Active Employer,Karnataka,2018-19,109,"15th July, 2026",https://ncs.gov.in/NCSReportDashboard,offline extraction of previously downloaded public dashboard bundle,publisher_snapshot;2026_2027_partial;metric_definitions_require_confirmation
Active Employer,Karnataka,2019-20,4343,"15th July, 2026",https://ncs.gov.in/NCSReportDashboard,offline extraction of previously downloaded public dashboard bundle,publisher_snapshot;2026_2027_partial;metric_definitions_require_confirmation
Active Employer,Karnataka,2020-21,6957,"15th July, 2026",https://ncs.gov.in/NCSReportDashboard,offline extraction of previously downloaded public dashboard bundle,publisher_snapshot;2026_2027_partial;metric_definitions_require_confirmation
Active Employer,Karnataka,2021-22,5222,"15th July, 2026",https://ncs.gov.in/NCSReportDashboard,offline extraction of previously downloaded public dashboard bundle,publisher_snapshot;2026_2027_partial;metric_definitions_require_confirmation
Active Employer,Karnataka,2022-23,45123,"15th July, 2026",https://ncs.gov.in/NCSReportDashboard,offline extraction of previously downloaded public dashboard bundle,publisher_snapshot;2026_2027_partial;metric_definitions_require_confirmation
Active Employer,Karnataka,2023-24,77657,"15th July, 2026",https://ncs.gov.in/NCSReportDashboard,offline extraction of previously downloaded public dashboard bundle,publisher_snapshot;2026_2027_partial;metric_definitions_require_confirmation
Active Employer,Karnataka,2024-25,88949,"15th July, 2026",https://ncs.gov.in/NCSReportDashboard,offline extraction of previously downloaded public dashboard bundle,publisher_snapshot;2026_2027_partial;metric_definitions_require_confirmation
Active Employer,Karnataka,2025-26,70079,"15th July, 2026",https://ncs.gov.in/NCSReportDashboard,offline extraction of previously downloaded public dashboard bundle,publisher_snapshot;2026_2027_partial;metric_definitions_require_confirmation
Active Employer,Karnataka,2026-2027,1712,"15th July, 2026",https://ncs.gov.in/NCSReportDashboard,offline extraction of previously downloaded public dashboard bundle,publisher_snapshot;2026_2027_partial;metric_definitions_require_confirmation
Active Employer,Kerala,2015-16,18,"15th July, 2026",https://ncs.gov.in/NCSReportDashboard,offline extraction of previously downloaded public dashboard bundle,publisher_snapshot;2026_2027_partial;metric_definitions_require_confirmation
Active Employer,Kerala,2016-17,9,"15th July, 2026",https://ncs.gov.in/NCSReportDashboard,offline extraction of previously downloaded public dashboard bundle,publisher_snapshot;2026_2027_partial;metric_definitions_require_confirmation
Active Employer,Kerala,2017-18,22,"15th July, 2026",https://ncs.gov.in/NCSReportDashboard,offline extraction of previously downloaded public dashboard bundle,publisher_snapshot;2026_2027_partial;metric_definitions_require_confirmation
Active Employer,Kerala,2018-19,24,"15th July, 2026",https://ncs.gov.in/NCSReportDashboard,offline extraction of previously downloaded public dashboard bundle,publisher_snapshot;2026_2027_partial;metric_definitions_require_confirmation
Active Employer,Kerala,2019-20,1095,"15th July, 2026",https://ncs.gov.in/NCSReportDashboard,offline extraction of previously downloaded public dashboard bundle,publisher_snapshot;2026_2027_partial;metric_definitions_require_confirmation
Active Employer,Kerala,2020-21,3179,"15th July, 2026",https://ncs.gov.in/NCSReportDashboard,offline extraction of previously downloaded public dashboard bundle,publisher_snapshot;2026_2027_partial;metric_definitions_require_confirmation
Active Employer,Kerala,2021-22,1855,"15th July, 2026",https://ncs.gov.in/NCSReportDashboard,offline extraction of previously downloaded public dashboard bundle,publisher_snapshot;2026_2027_partial;metric_definitions_require_confirmation
Active Employer,Kerala,2022-23,16207,"15th July, 2026",https://ncs.gov.in/NCSReportDashboard,offline extraction of previously downloaded public dashboard bundle,publisher_snapshot;2026_2027_partial;metric_definitions_require_confirmation
Active Employer,Kerala,2023-24,26455,"15th July, 2026",https://ncs.gov.in/NCSReportDashboard,offline extraction of previously downloaded public dashboard bundle,publisher_snapshot;2026_2027_partial;metric_definitions_require_confirmation
Active Employer,Kerala,2024-25,30499,"15th July, 2026",https://ncs.gov.in/NCSReportDashboard,offline extraction of previously downloaded public dashboard bundle,publisher_snapshot;2026_2027_partial;metric_definitions_require_confirmation
Active Employer,Kerala,2025-26,25216,"15th July, 2026",https://ncs.gov.in/NCSReportDashboard,offline extraction of previously downloaded public dashboard bundle,publisher_snapshot;2026_2027_partial;metric_definitions_require_confirmation
Active Employer,Kerala,2026-2027,752,"15th July, 2026",https://ncs.gov.in/NCSReportDashboard,offline extraction of previously downloaded public dashboard bundle,publisher_snapshot;2026_2027_partial;metric_definitions_require_confirmation
Active Employer,Ladakh,2015-16,0,"15th July, 2026",https://ncs.gov.in/NCSReportDashboard,offline extraction of previously downloaded public dashboard bundle,publisher_snapshot;2026_2027_partial;metric_definitions_require_confirmation
Active Employer,Ladakh,2016-17,1,"15th July, 2026",https://ncs.gov.in/NCSReportDashboard,offline extraction of previously downloaded public dashboard bundle,publisher_snapshot;2026_2027_partial;metric_definitions_require_confirmation
Active Employer,Ladakh,2017-18,1,"15th July, 2026",https://ncs.gov.in/NCSReportDashboard,offline extraction of previously downloaded public dashboard bundle,publisher_snapshot;2026_2027_partial;metric_definitions_require_confirmation
Active Employer,Ladakh,2018-19,1,"15th July, 2026",https://ncs.gov.in/NCSReportDashboard,offline extraction of previously downloaded public dashboard bundle,publisher_snapshot;2026_2027_partial;metric_definitions_require_confirmation
Active Employer,Ladakh,2019-20,0,"15th July, 2026",https://ncs.gov.in/NCSReportDashboard,offline extraction of previously downloaded public dashboard bundle,publisher_snapshot;2026_2027_partial;metric_definitions_require_confirmation
Active Employer,Ladakh,2020-21,0,"15th July, 2026",https://ncs.gov.in/NCSReportDashboard,offline extraction of previously downloaded public dashboard bundle,publisher_snapshot;2026_2027_partial;metric_definitions_require_confirmation
Active Employer,Ladakh,2021-22,0,"15th July, 2026",https://ncs.gov.in/NCSReportDashboard,offline extraction of previously downloaded public dashboard bundle,publisher_snapshot;2026_2027_partial;metric_definitions_require_confirmation
Active Employer,Ladakh,2022-23,274,"15th July, 2026",https://ncs.gov.in/NCSReportDashboard,offline extraction of previously downloaded public dashboard bundle,publisher_snapshot;2026_2027_partial;metric_definitions_require_confirmation
Active Employer,Ladakh,2023-24,564,"15th July, 2026",https://ncs.gov.in/NCSReportDashboard,offline extraction of previously downloaded public dashboard bundle,publisher_snapshot;2026_2027_partial;metric_definitions_require_confirmation
Active Employer,Ladakh,2024-25,435,"15th July, 2026",https://ncs.gov.in/NCSReportDashboard,offline extraction of previously downloaded public dashboard bundle,publisher_snapshot;2026_2027_partial;metric_definitions_require_confirmation
Active Employer,Ladakh,2025-26,325,"15th July, 2026",https://ncs.gov.in/NCSReportDashboard,offline extraction of previously downloaded public dashboard bundle,publisher_snapshot;2026_2027_partial;metric_definitions_require_confirmation
Active Employer,Ladakh,2026-2027,1,"15th July, 2026",https://ncs.gov.in/NCSReportDashboard,offline extraction of previously downloaded public dashboard bundle,publisher_snapshot;2026_2027_partial;metric_definitions_require_confirmation
Active Employer,Lakshadweep,2015-16,1,"15th July, 2026",https://ncs.gov.in/NCSReportDashboard,offline extraction of previously downloaded public dashboard bundle,publisher_snapshot;2026_2027_partial;metric_definitions_require_confirmation
Active Employer,Lakshadweep,2016-17,0,"15th July, 2026",https://ncs.gov.in/NCSReportDashboard,offline extraction of previously downloaded public dashboard bundle,publisher_snapshot;2026_2027_partial;metric_definitions_require_confirmation
Active Employer,Lakshadweep,2017-18,0,"15th July, 2026",https://ncs.gov.in/NCSReportDashboard,offline extraction of previously downloaded public dashboard bundle,publisher_snapshot;2026_2027_partial;metric_definitions_require_confirmation
Active Employer,Lakshadweep,2018-19,0,"15th July, 2026",https://ncs.gov.in/NCSReportDashboard,offline extraction of previously downloaded public dashboard bundle,publisher_snapshot;2026_2027_partial;metric_definitions_require_confirmation
Active Employer,Lakshadweep,2019-20,0,"15th July, 2026",https://ncs.gov.in/NCSReportDashboard,offline extraction of previously downloaded public dashboard bundle,publisher_snapshot;2026_2027_partial;metric_definitions_require_confirmation
Active Employer,Lakshadweep,2020-21,0,"15th July, 2026",https://ncs.gov.in/NCSReportDashboard,offline extraction of previously downloaded public dashboard bundle,publisher_snapshot;2026_2027_partial;metric_definitions_require_confirmation
Active Employer,Lakshadweep,2021-22,0,"15th July, 2026",https://ncs.gov.in/NCSReportDashboard,offline extraction of previously downloaded public dashboard bundle,publisher_snapshot;2026_2027_partial;metric_definitions_require_confirmation
Active Employer,Lakshadweep,2022-23,13,"15th July, 2026",https://ncs.gov.in/NCSReportDashboard,offline extraction of previously downloaded public dashboard bundle,publisher_snapshot;2026_2027_partial;metric_definitions_require_confirmation
Active Employer,Lakshadweep,2023-24,24,"15th July, 2026",https://ncs.gov.in/NCSReportDashboard,offline extraction of previously downloaded public dashboard bundle,publisher_snapshot;2026_2027_partial;metric_definitions_require_confirmation
Active Employer,Lakshadweep,2024-25,50,"15th July, 2026",https://ncs.gov.in/NCSReportDashboard,offline extraction of previously downloaded public dashboard bundle,publisher_snapshot;2026_2027_partial;metric_definitions_require_confirmation
Active Employer,Lakshadweep,2025-26,27,"15th July, 2026",https://ncs.gov.in/NCSReportDashboard,offline extraction of previously downloaded public dashboard bundle,publisher_snapshot;2026_2027_partial;metric_definitions_require_confirmation
Active Employer,Lakshadweep,2026-2027,0,"15th July, 2026",https://ncs.gov.in/NCSReportDashboard,offline extraction of previously downloaded public dashboard bundle,publisher_snapshot;2026_2027_partial;metric_definitions_require_confirmation
Active Employer,Madhya Pradesh,2015-16,17,"15th July, 2026",https://ncs.gov.in/NCSReportDashboard,offline extraction of previously downloaded public dashboard bundle,publisher_snapshot;2026_2027_partial;metric_definitions_require_confirmation
Active Employer,Madhya Pradesh,2016-17,14,"15th July, 2026",https://ncs.gov.in/NCSReportDashboard,offline extraction of previously downloaded public dashboard bundle,publisher_snapshot;2026_2027_partial;metric_definitions_require_confirmation
Active Employer,Madhya Pradesh,2017-18,47,"15th July, 2026",https://ncs.gov.in/NCSReportDashboard,offline extraction of previously downloaded public dashboard bundle,publisher_snapshot;2026_2027_partial;metric_definitions_require_confirmation
Active Employer,Madhya Pradesh,2018-19,92,"15th July, 2026",https://ncs.gov.in/NCSReportDashboard,offline extraction of previously downloaded public dashboard bundle,publisher_snapshot;2026_2027_partial;metric_definitions_require_confirmation
Active Employer,Madhya Pradesh,2019-20,1657,"15th July, 2026",https://ncs.gov.in/NCSReportDashboard,offline extraction of previously downloaded public dashboard bundle,publisher_snapshot;2026_2027_partial;metric_definitions_require_confirmation
Active Employer,Madhya Pradesh,2020-21,2194,"15th July, 2026",https://ncs.gov.in/NCSReportDashboard,offline extraction of previously downloaded public dashboard bundle,publisher_snapshot;2026_2027_partial;metric_definitions_require_confirmation
Active Employer,Madhya Pradesh,2021-22,1195,"15th July, 2026",https://ncs.gov.in/NCSReportDashboard,offline extraction of previously downloaded public dashboard bundle,publisher_snapshot;2026_2027_partial;metric_definitions_require_confirmation
Active Employer,Madhya Pradesh,2022-23,44742,"15th July, 2026",https://ncs.gov.in/NCSReportDashboard,offline extraction of previously downloaded public dashboard bundle,publisher_snapshot;2026_2027_partial;metric_definitions_require_confirmation
Active Employer,Madhya Pradesh,2023-24,81200,"15th July, 2026",https://ncs.gov.in/NCSReportDashboard,offline extraction of previously downloaded public dashboard bundle,publisher_snapshot;2026_2027_partial;metric_definitions_require_confirmation
Active Employer,Madhya Pradesh,2024-25,107240,"15th July, 2026",https://ncs.gov.in/NCSReportDashboard,offline extraction of previously downloaded public dashboard bundle,publisher_snapshot;2026_2027_partial;metric_definitions_require_confirmation
Active Employer,Madhya Pradesh,2025-26,93504,"15th July, 2026",https://ncs.gov.in/NCSReportDashboard,offline extraction of previously downloaded public dashboard bundle,publisher_snapshot;2026_2027_partial;metric_definitions_require_confirmation
Active Employer,Madhya Pradesh,2026-2027,1145,"15th July, 2026",https://ncs.gov.in/NCSReportDashboard,offline extraction of previously downloaded public dashboard bundle,publisher_snapshot;2026_2027_partial;metric_definitions_require_confirmation
Active Employer,Maharashtra,2015-16,71,"15th July, 2026",https://ncs.gov.in/NCSReportDashboard,offline extraction of previously downloaded public dashboard bundle,publisher_snapshot;2026_2027_partial;metric_definitions_require_confirmation
Active Employer,Maharashtra,2016-17,53,"15th July, 2026",https://ncs.gov.in/NCSReportDashboard,offline extraction of previously downloaded public dashboard bundle,publisher_snapshot;2026_2027_partial;metric_definitions_require_confirmation
Active Employer,Maharashtra,2017-18,48,"15th July, 2026",https://ncs.gov.in/NCSReportDashboard,offline extraction of previously downloaded public dashboard bundle,publisher_snapshot;2026_2027_partial;metric_definitions_require_confirmation
Active Employer,Maharashtra,2018-19,179,"15th July, 2026",https://ncs.gov.in/NCSReportDashboard,offline extraction of previously downloaded public dashboard bundle,publisher_snapshot;2026_2027_partial;metric_definitions_require_confirmation
Active Employer,Maharashtra,2019-20,5476,"15th July, 2026",https://ncs.gov.in/NCSReportDashboard,offline extraction of previously downloaded public dashboard bundle,publisher_snapshot;2026_2027_partial;metric_definitions_require_confirmation
Active Employer,Maharashtra,2020-21,10388,"15th July, 2026",https://ncs.gov.in/NCSReportDashboard,offline extraction of previously downloaded public dashboard bundle,publisher_snapshot;2026_2027_partial;metric_definitions_require_confirmation
Active Employer,Maharashtra,2021-22,7004,"15th July, 2026",https://ncs.gov.in/NCSReportDashboard,offline extraction of previously downloaded public dashboard bundle,publisher_snapshot;2026_2027_partial;metric_definitions_require_confirmation
Active Employer,Maharashtra,2022-23,158407,"15th July, 2026",https://ncs.gov.in/NCSReportDashboard,offline extraction of previously downloaded public dashboard bundle,publisher_snapshot;2026_2027_partial;metric_definitions_require_confirmation
Active Employer,Maharashtra,2023-24,275661,"15th July, 2026",https://ncs.gov.in/NCSReportDashboard,offline extraction of previously downloaded public dashboard bundle,publisher_snapshot;2026_2027_partial;metric_definitions_require_confirmation
Active Employer,Maharashtra,2024-25,320996,"15th July, 2026",https://ncs.gov.in/NCSReportDashboard,offline extraction of previously downloaded public dashboard bundle,publisher_snapshot;2026_2027_partial;metric_definitions_require_confirmation
Active Employer,Maharashtra,2025-26,282271,"15th July, 2026",https://ncs.gov.in/NCSReportDashboard,offline extraction of previously downloaded public dashboard bundle,publisher_snapshot;2026_2027_partial;metric_definitions_require_confirmation
Active Employer,Maharashtra,2026-2027,4124,"15th July, 2026",https://ncs.gov.in/NCSReportDashboard,offline extraction of previously downloaded public dashboard bundle,publisher_snapshot;2026_2027_partial;metric_definitions_require_confirmation
Active Employer,Manipur,2015-16,0,"15th July, 2026",https://ncs.gov.in/NCSReportDashboard,offline extraction of previously downloaded public dashboard bundle,publisher_snapshot;2026_2027_partial;metric_definitions_require_confirmation
Active Employer,Manipur,2016-17,1,"15th July, 2026",https://ncs.gov.in/NCSReportDashboard,offline extraction of previously downloaded public dashboard bundle,publisher_snapshot;2026_2027_partial;metric_definitions_require_confirmation
Active Employer,Manipur,2017-18,3,"15th July, 2026",https://ncs.gov.in/NCSReportDashboard,offline extraction of previously downloaded public dashboard bundle,publisher_snapshot;2026_2027_partial;metric_definitions_require_confirmation
Active Employer,Manipur,2018-19,4,"15th July, 2026",https://ncs.gov.in/NCSReportDashboard,offline extraction of previously downloaded public dashboard bundle,publisher_snapshot;2026_2027_partial;metric_definitions_require_confirmation
Active Employer,Manipur,2019-20,24,"15th July, 2026",https://ncs.gov.in/NCSReportDashboard,offline extraction of previously downloaded public dashboard bundle,publisher_snapshot;2026_2027_partial;metric_definitions_require_confirmation
Active Employer,Manipur,2020-21,12,"15th July, 2026",https://ncs.gov.in/NCSReportDashboard,offline extraction of previously downloaded public dashboard bundle,publisher_snapshot;2026_2027_partial;metric_definitions_require_confirmation
Active Employer,Manipur,2021-22,8,"15th July, 2026",https://ncs.gov.in/NCSReportDashboard,offline extraction of previously downloaded public dashboard bundle,publisher_snapshot;2026_2027_partial;metric_definitions_require_confirmation
Active Employer,Manipur,2022-23,3552,"15th July, 2026",https://ncs.gov.in/NCSReportDashboard,offline extraction of previously downloaded public dashboard bundle,publisher_snapshot;2026_2027_partial;metric_definitions_require_confirmation
Active Employer,Manipur,2023-24,6511,"15th July, 2026",https://ncs.gov.in/NCSReportDashboard,offline extraction of previously downloaded public dashboard bundle,publisher_snapshot;2026_2027_partial;metric_definitions_require_confirmation
Active Employer,Manipur,2024-25,8931,"15th July, 2026",https://ncs.gov.in/NCSReportDashboard,offline extraction of previously downloaded public dashboard bundle,publisher_snapshot;2026_2027_partial;metric_definitions_require_confirmation
Active Employer,Manipur,2025-26,7009,"15th July, 2026",https://ncs.gov.in/NCSReportDashboard,offline extraction of previously downloaded public dashboard bundle,publisher_snapshot;2026_2027_partial;metric_definitions_require_confirmation
Active Employer,Manipur,2026-2027,16,"15th July, 2026",https://ncs.gov.in/NCSReportDashboard,offline extraction of previously downloaded public dashboard bundle,publisher_snapshot;2026_2027_partial;metric_definitions_require_confirmation
Active Employer,Meghalaya,2015-16,1,"15th July, 2026",https://ncs.gov.in/NCSReportDashboard,offline extraction of previously downloaded public dashboard bundle,publisher_snapshot;2026_2027_partial;metric_definitions_require_confirmation
Active Employer,Meghalaya,2016-17,0,"15th July, 2026",https://ncs.gov.in/NCSReportDashboard,offline extraction of previously downloaded public dashboard bundle,publisher_snapshot;2026_2027_partial;metric_definitions_require_confirmation
Active Employer,Meghalaya,2017-18,1,"15th July, 2026",https://ncs.gov.in/NCSReportDashboard,offline extraction of previously downloaded public dashboard bundle,publisher_snapshot;2026_2027_partial;metric_definitions_require_confirmation
Active Employer,Meghalaya,2018-19,2,"15th July, 2026",https://ncs.gov.in/NCSReportDashboard,offline extraction of previously downloaded public dashboard bundle,publisher_snapshot;2026_2027_partial;metric_definitions_require_confirmation
Active Employer,Meghalaya,2019-20,33,"15th July, 2026",https://ncs.gov.in/NCSReportDashboard,offline extraction of previously downloaded public dashboard bundle,publisher_snapshot;2026_2027_partial;metric_definitions_require_confirmation
Active Employer,Meghalaya,2020-21,22,"15th July, 2026",https://ncs.gov.in/NCSReportDashboard,offline extraction of previously downloaded public dashboard bundle,publisher_snapshot;2026_2027_partial;metric_definitions_require_confirmation
Active Employer,Meghalaya,2021-22,21,"15th July, 2026",https://ncs.gov.in/NCSReportDashboard,offline extraction of previously downloaded public dashboard bundle,publisher_snapshot;2026_2027_partial;metric_definitions_require_confirmation
Active Employer,Meghalaya,2022-23,849,"15th July, 2026",https://ncs.gov.in/NCSReportDashboard,offline extraction of previously downloaded public dashboard bundle,publisher_snapshot;2026_2027_partial;metric_definitions_require_confirmation
Active Employer,Meghalaya,2023-24,1926,"15th July, 2026",https://ncs.gov.in/NCSReportDashboard,offline extraction of previously downloaded public dashboard bundle,publisher_snapshot;2026_2027_partial;metric_definitions_require_confirmation
Active Employer,Meghalaya,2024-25,2907,"15th July, 2026",https://ncs.gov.in/NCSReportDashboard,offline extraction of previously downloaded public dashboard bundle,publisher_snapshot;2026_2027_partial;metric_definitions_require_confirmation
Active Employer,Meghalaya,2025-26,3720,"15th July, 2026",https://ncs.gov.in/NCSReportDashboard,offline extraction of previously downloaded public dashboard bundle,publisher_snapshot;2026_2027_partial;metric_definitions_require_confirmation
Active Employer,Meghalaya,2026-2027,12,"15th July, 2026",https://ncs.gov.in/NCSReportDashboard,offline extraction of previously downloaded public dashboard bundle,publisher_snapshot;2026_2027_partial;metric_definitions_require_confirmation
Active Employer,Mizoram,2015-16,0,"15th July, 2026",https://ncs.gov.in/NCSReportDashboard,offline extraction of previously downloaded public dashboard bundle,publisher_snapshot;2026_2027_partial;metric_definitions_require_confirmation
Active Employer,Mizoram,2016-17,0,"15th July, 2026",https://ncs.gov.in/NCSReportDashboard,offline extraction of previously downloaded public dashboard bundle,publisher_snapshot;2026_2027_partial;metric_definitions_require_confirmation
Active Employer,Mizoram,2017-18,0,"15th July, 2026",https://ncs.gov.in/NCSReportDashboard,offline extraction of previously downloaded public dashboard bundle,publisher_snapshot;2026_2027_partial;metric_definitions_require_confirmation
Active Employer,Mizoram,2018-19,0,"15th July, 2026",https://ncs.gov.in/NCSReportDashboard,offline extraction of previously downloaded public dashboard bundle,publisher_snapshot;2026_2027_partial;metric_definitions_require_confirmation
Active Employer,Mizoram,2019-20,12,"15th July, 2026",https://ncs.gov.in/NCSReportDashboard,offline extraction of previously downloaded public dashboard bundle,publisher_snapshot;2026_2027_partial;metric_definitions_require_confirmation
Active Employer,Mizoram,2020-21,4,"15th July, 2026",https://ncs.gov.in/NCSReportDashboard,offline extraction of previously downloaded public dashboard bundle,publisher_snapshot;2026_2027_partial;metric_definitions_require_confirmation
Active Employer,Mizoram,2021-22,1,"15th July, 2026",https://ncs.gov.in/NCSReportDashboard,offline extraction of previously downloaded public dashboard bundle,publisher_snapshot;2026_2027_partial;metric_definitions_require_confirmation
Active Employer,Mizoram,2022-23,1276,"15th July, 2026",https://ncs.gov.in/NCSReportDashboard,offline extraction of previously downloaded public dashboard bundle,publisher_snapshot;2026_2027_partial;metric_definitions_require_confirmation
Active Employer,Mizoram,2023-24,1379,"15th July, 2026",https://ncs.gov.in/NCSReportDashboard,offline extraction of previously downloaded public dashboard bundle,publisher_snapshot;2026_2027_partial;metric_definitions_require_confirmation
Active Employer,Mizoram,2024-25,1457,"15th July, 2026",https://ncs.gov.in/NCSReportDashboard,offline extraction of previously downloaded public dashboard bundle,publisher_snapshot;2026_2027_partial;metric_definitions_require_confirmation
Active Employer,Mizoram,2025-26,1186,"15th July, 2026",https://ncs.gov.in/NCSReportDashboard,offline extraction of previously downloaded public dashboard bundle,publisher_snapshot;2026_2027_partial;metric_definitions_require_confirmation
Active Employer,Mizoram,2026-2027,5,"15th July, 2026",https://ncs.gov.in/NCSReportDashboard,offline extraction of previously downloaded public dashboard bundle,publisher_snapshot;2026_2027_partial;metric_definitions_require_confirmation
Active Employer,Nagaland,2015-16,0,"15th July, 2026",https://ncs.gov.in/NCSReportDashboard,offline extraction of previously downloaded public dashboard bundle,publisher_snapshot;2026_2027_partial;metric_definitions_require_confirmation
Active Employer,Nagaland,2016-17,0,"15th July, 2026",https://ncs.gov.in/NCSReportDashboard,offline extraction of previously downloaded public dashboard bundle,publisher_snapshot;2026_2027_partial;metric_definitions_require_confirmation
Active Employer,Nagaland,2017-18,0,"15th July, 2026",https://ncs.gov.in/NCSReportDashboard,offline extraction of previously downloaded public dashboard bundle,publisher_snapshot;2026_2027_partial;metric_definitions_require_confirmation
Active Employer,Nagaland,2018-19,0,"15th July, 2026",https://ncs.gov.in/NCSReportDashboard,offline extraction of previously downloaded public dashboard bundle,publisher_snapshot;2026_2027_partial;metric_definitions_require_confirmation
Active Employer,Nagaland,2019-20,18,"15th July, 2026",https://ncs.gov.in/NCSReportDashboard,offline extraction of previously downloaded public dashboard bundle,publisher_snapshot;2026_2027_partial;metric_definitions_require_confirmation
Active Employer,Nagaland,2020-21,6,"15th July, 2026",https://ncs.gov.in/NCSReportDashboard,offline extraction of previously downloaded public dashboard bundle,publisher_snapshot;2026_2027_partial;metric_definitions_require_confirmation
Active Employer,Nagaland,2021-22,11,"15th July, 2026",https://ncs.gov.in/NCSReportDashboard,offline extraction of previously downloaded public dashboard bundle,publisher_snapshot;2026_2027_partial;metric_definitions_require_confirmation
Active Employer,Nagaland,2022-23,706,"15th July, 2026",https://ncs.gov.in/NCSReportDashboard,offline extraction of previously downloaded public dashboard bundle,publisher_snapshot;2026_2027_partial;metric_definitions_require_confirmation
Active Employer,Nagaland,2023-24,1760,"15th July, 2026",https://ncs.gov.in/NCSReportDashboard,offline extraction of previously downloaded public dashboard bundle,publisher_snapshot;2026_2027_partial;metric_definitions_require_confirmation
Active Employer,Nagaland,2024-25,2159,"15th July, 2026",https://ncs.gov.in/NCSReportDashboard,offline extraction of previously downloaded public dashboard bundle,publisher_snapshot;2026_2027_partial;metric_definitions_require_confirmation
Active Employer,Nagaland,2025-26,2927,"15th July, 2026",https://ncs.gov.in/NCSReportDashboard,offline extraction of previously downloaded public dashboard bundle,publisher_snapshot;2026_2027_partial;metric_definitions_require_confirmation
Active Employer,Nagaland,2026-2027,10,"15th July, 2026",https://ncs.gov.in/NCSReportDashboard,offline extraction of previously downloaded public dashboard bundle,publisher_snapshot;2026_2027_partial;metric_definitions_require_confirmation
Active Employer,State Not Specified,2015-16,0,"15th July, 2026",https://ncs.gov.in/NCSReportDashboard,offline extraction of previously downloaded public dashboard bundle,publisher_snapshot;2026_2027_partial;metric_definitions_require_confirmation
Active Employer,State Not Specified,2016-17,0,"15th July, 2026",https://ncs.gov.in/NCSReportDashboard,offline extraction of previously downloaded public dashboard bundle,publisher_snapshot;2026_2027_partial;metric_definitions_require_confirmation
Active Employer,State Not Specified,2017-18,0,"15th July, 2026",https://ncs.gov.in/NCSReportDashboard,offline extraction of previously downloaded public dashboard bundle,publisher_snapshot;2026_2027_partial;metric_definitions_require_confirmation
Active Employer,State Not Specified,2018-19,0,"15th July, 2026",https://ncs.gov.in/NCSReportDashboard,offline extraction of previously downloaded public dashboard bundle,publisher_snapshot;2026_2027_partial;metric_definitions_require_confirmation
Active Employer,State Not Specified,2019-20,0,"15th July, 2026",https://ncs.gov.in/NCSReportDashboard,offline extraction of previously downloaded public dashboard bundle,publisher_snapshot;2026_2027_partial;metric_definitions_require_confirmation
Active Employer,State Not Specified,2020-21,0,"15th July, 2026",https://ncs.gov.in/NCSReportDashboard,offline extraction of previously downloaded public dashboard bundle,publisher_snapshot;2026_2027_partial;metric_definitions_require_confirmation
Active Employer,State Not Specified,2021-22,0,"15th July, 2026",https://ncs.gov.in/NCSReportDashboard,offline extraction of previously downloaded public dashboard bundle,publisher_snapshot;2026_2027_partial;metric_definitions_require_confirmation
Active Employer,State Not Specified,2022-23,0,"15th July, 2026",https://ncs.gov.in/NCSReportDashboard,offline extraction of previously downloaded public dashboard bundle,publisher_snapshot;2026_2027_partial;metric_definitions_require_confirmation
Active Employer,State Not Specified,2023-24,0,"15th July, 2026",https://ncs.gov.in/NCSReportDashboard,offline extraction of previously downloaded public dashboard bundle,publisher_snapshot;2026_2027_partial;metric_definitions_require_confirmation
Active Employer,State Not Specified,2024-25,0,"15th July, 2026",https://ncs.gov.in/NCSReportDashboard,offline extraction of previously downloaded public dashboard bundle,publisher_snapshot;2026_2027_partial;metric_definitions_require_confirmation
Active Employer,State Not Specified,2025-26,1491,"15th July, 2026",https://ncs.gov.in/NCSReportDashboard,offline extraction of previously downloaded public dashboard bundle,publisher_snapshot;2026_2027_partial;metric_definitions_require_confirmation
Active Employer,State Not Specified,2026-2027,5,"15th July, 2026",https://ncs.gov.in/NCSReportDashboard,offline extraction of previously downloaded public dashboard bundle,publisher_snapshot;2026_2027_partial;metric_definitions_require_confirmation
Active Employer,Odisha,2015-16,8,"15th July, 2026",https://ncs.gov.in/NCSReportDashboard,offline extraction of previously downloaded public dashboard bundle,publisher_snapshot;2026_2027_partial;metric_definitions_require_confirmation
Active Employer,Odisha,2016-17,6,"15th July, 2026",https://ncs.gov.in/NCSReportDashboard,offline extraction of previously downloaded public dashboard bundle,publisher_snapshot;2026_2027_partial;metric_definitions_require_confirmation
Active Employer,Odisha,2017-18,20,"15th July, 2026",https://ncs.gov.in/NCSReportDashboard,offline extraction of previously downloaded public dashboard bundle,publisher_snapshot;2026_2027_partial;metric_definitions_require_confirmation
Active Employer,Odisha,2018-19,29,"15th July, 2026",https://ncs.gov.in/NCSReportDashboard,offline extraction of previously downloaded public dashboard bundle,publisher_snapshot;2026_2027_partial;metric_definitions_require_confirmation
Active Employer,Odisha,2019-20,1195,"15th July, 2026",https://ncs.gov.in/NCSReportDashboard,offline extraction of previously downloaded public dashboard bundle,publisher_snapshot;2026_2027_partial;metric_definitions_require_confirmation
Active Employer,Odisha,2020-21,1324,"15th July, 2026",https://ncs.gov.in/NCSReportDashboard,offline extraction of previously downloaded public dashboard bundle,publisher_snapshot;2026_2027_partial;metric_definitions_require_confirmation
Active Employer,Odisha,2021-22,827,"15th July, 2026",https://ncs.gov.in/NCSReportDashboard,offline extraction of previously downloaded public dashboard bundle,publisher_snapshot;2026_2027_partial;metric_definitions_require_confirmation
Active Employer,Odisha,2022-23,20931,"15th July, 2026",https://ncs.gov.in/NCSReportDashboard,offline extraction of previously downloaded public dashboard bundle,publisher_snapshot;2026_2027_partial;metric_definitions_require_confirmation
Active Employer,Odisha,2023-24,66777,"15th July, 2026",https://ncs.gov.in/NCSReportDashboard,offline extraction of previously downloaded public dashboard bundle,publisher_snapshot;2026_2027_partial;metric_definitions_require_confirmation
Active Employer,Odisha,2024-25,48646,"15th July, 2026",https://ncs.gov.in/NCSReportDashboard,offline extraction of previously downloaded public dashboard bundle,publisher_snapshot;2026_2027_partial;metric_definitions_require_confirmation
Active Employer,Odisha,2025-26,46053,"15th July, 2026",https://ncs.gov.in/NCSReportDashboard,offline extraction of previously downloaded public dashboard bundle,publisher_snapshot;2026_2027_partial;metric_definitions_require_confirmation
Active Employer,Odisha,2026-2027,485,"15th July, 2026",https://ncs.gov.in/NCSReportDashboard,offline extraction of previously downloaded public dashboard bundle,publisher_snapshot;2026_2027_partial;metric_definitions_require_confirmation
Active Employer,Puducherry,2015-16,3,"15th July, 2026",https://ncs.gov.in/NCSReportDashboard,offline extraction of previously downloaded public dashboard bundle,publisher_snapshot;2026_2027_partial;metric_definitions_require_confirmation
Active Employer,Puducherry,2016-17,1,"15th July, 2026",https://ncs.gov.in/NCSReportDashboard,offline extraction of previously downloaded public dashboard bundle,publisher_snapshot;2026_2027_partial;metric_definitions_require_confirmation
Active Employer,Puducherry,2017-18,4,"15th July, 2026",https://ncs.gov.in/NCSReportDashboard,offline extraction of previously downloaded public dashboard bundle,publisher_snapshot;2026_2027_partial;metric_definitions_require_confirmation
Active Employer,Puducherry,2018-19,5,"15th July, 2026",https://ncs.gov.in/NCSReportDashboard,offline extraction of previously downloaded public dashboard bundle,publisher_snapshot;2026_2027_partial;metric_definitions_require_confirmation
Active Employer,Puducherry,2019-20,203,"15th July, 2026",https://ncs.gov.in/NCSReportDashboard,offline extraction of previously downloaded public dashboard bundle,publisher_snapshot;2026_2027_partial;metric_definitions_require_confirmation
Active Employer,Puducherry,2020-21,195,"15th July, 2026",https://ncs.gov.in/NCSReportDashboard,offline extraction of previously downloaded public dashboard bundle,publisher_snapshot;2026_2027_partial;metric_definitions_require_confirmation
Active Employer,Puducherry,2021-22,141,"15th July, 2026",https://ncs.gov.in/NCSReportDashboard,offline extraction of previously downloaded public dashboard bundle,publisher_snapshot;2026_2027_partial;metric_definitions_require_confirmation
Active Employer,Puducherry,2022-23,1059,"15th July, 2026",https://ncs.gov.in/NCSReportDashboard,offline extraction of previously downloaded public dashboard bundle,publisher_snapshot;2026_2027_partial;metric_definitions_require_confirmation
Active Employer,Puducherry,2023-24,1784,"15th July, 2026",https://ncs.gov.in/NCSReportDashboard,offline extraction of previously downloaded public dashboard bundle,publisher_snapshot;2026_2027_partial;metric_definitions_require_confirmation
Active Employer,Puducherry,2024-25,2098,"15th July, 2026",https://ncs.gov.in/NCSReportDashboard,offline extraction of previously downloaded public dashboard bundle,publisher_snapshot;2026_2027_partial;metric_definitions_require_confirmation
Active Employer,Puducherry,2025-26,1690,"15th July, 2026",https://ncs.gov.in/NCSReportDashboard,offline extraction of previously downloaded public dashboard bundle,publisher_snapshot;2026_2027_partial;metric_definitions_require_confirmation
Active Employer,Puducherry,2026-2027,51,"15th July, 2026",https://ncs.gov.in/NCSReportDashboard,offline extraction of previously downloaded public dashboard bundle,publisher_snapshot;2026_2027_partial;metric_definitions_require_confirmation
Active Employer,Punjab,2015-16,5,"15th July, 2026",https://ncs.gov.in/NCSReportDashboard,offline extraction of previously downloaded public dashboard bundle,publisher_snapshot;2026_2027_partial;metric_definitions_require_confirmation
Active Employer,Punjab,2016-17,13,"15th July, 2026",https://ncs.gov.in/NCSReportDashboard,offline extraction of previously downloaded public dashboard bundle,publisher_snapshot;2026_2027_partial;metric_definitions_require_confirmation
Active Employer,Punjab,2017-18,25,"15th July, 2026",https://ncs.gov.in/NCSReportDashboard,offline extraction of previously downloaded public dashboard bundle,publisher_snapshot;2026_2027_partial;metric_definitions_require_confirmation
Active Employer,Punjab,2018-19,36,"15th July, 2026",https://ncs.gov.in/NCSReportDashboard,offline extraction of previously downloaded public dashboard bundle,publisher_snapshot;2026_2027_partial;metric_definitions_require_confirmation
Active Employer,Punjab,2019-20,1365,"15th July, 2026",https://ncs.gov.in/NCSReportDashboard,offline extraction of previously downloaded public dashboard bundle,publisher_snapshot;2026_2027_partial;metric_definitions_require_confirmation
Active Employer,Punjab,2020-21,2397,"15th July, 2026",https://ncs.gov.in/NCSReportDashboard,offline extraction of previously downloaded public dashboard bundle,publisher_snapshot;2026_2027_partial;metric_definitions_require_confirmation
Active Employer,Punjab,2021-22,1987,"15th July, 2026",https://ncs.gov.in/NCSReportDashboard,offline extraction of previously downloaded public dashboard bundle,publisher_snapshot;2026_2027_partial;metric_definitions_require_confirmation
Active Employer,Punjab,2022-23,26310,"15th July, 2026",https://ncs.gov.in/NCSReportDashboard,offline extraction of previously downloaded public dashboard bundle,publisher_snapshot;2026_2027_partial;metric_definitions_require_confirmation
Active Employer,Punjab,2023-24,52951,"15th July, 2026",https://ncs.gov.in/NCSReportDashboard,offline extraction of previously downloaded public dashboard bundle,publisher_snapshot;2026_2027_partial;metric_definitions_require_confirmation
Active Employer,Punjab,2024-25,50034,"15th July, 2026",https://ncs.gov.in/NCSReportDashboard,offline extraction of previously downloaded public dashboard bundle,publisher_snapshot;2026_2027_partial;metric_definitions_require_confirmation
Active Employer,Punjab,2025-26,37845,"15th July, 2026",https://ncs.gov.in/NCSReportDashboard,offline extraction of previously downloaded public dashboard bundle,publisher_snapshot;2026_2027_partial;metric_definitions_require_confirmation
Active Employer,Punjab,2026-2027,662,"15th July, 2026",https://ncs.gov.in/NCSReportDashboard,offline extraction of previously downloaded public dashboard bundle,publisher_snapshot;2026_2027_partial;metric_definitions_require_confirmation
Active Employer,Rajasthan,2015-16,9,"15th July, 2026",https://ncs.gov.in/NCSReportDashboard,offline extraction of previously downloaded public dashboard bundle,publisher_snapshot;2026_2027_partial;metric_definitions_require_confirmation
Active Employer,Rajasthan,2016-17,27,"15th July, 2026",https://ncs.gov.in/NCSReportDashboard,offline extraction of previously downloaded public dashboard bundle,publisher_snapshot;2026_2027_partial;metric_definitions_require_confirmation
Active Employer,Rajasthan,2017-18,36,"15th July, 2026",https://ncs.gov.in/NCSReportDashboard,offline extraction of previously downloaded public dashboard bundle,publisher_snapshot;2026_2027_partial;metric_definitions_require_confirmation
Active Employer,Rajasthan,2018-19,40,"15th July, 2026",https://ncs.gov.in/NCSReportDashboard,offline extraction of previously downloaded public dashboard bundle,publisher_snapshot;2026_2027_partial;metric_definitions_require_confirmation
Active Employer,Rajasthan,2019-20,2250,"15th July, 2026",https://ncs.gov.in/NCSReportDashboard,offline extraction of previously downloaded public dashboard bundle,publisher_snapshot;2026_2027_partial;metric_definitions_require_confirmation
Active Employer,Rajasthan,2020-21,3567,"15th July, 2026",https://ncs.gov.in/NCSReportDashboard,offline extraction of previously downloaded public dashboard bundle,publisher_snapshot;2026_2027_partial;metric_definitions_require_confirmation
Active Employer,Rajasthan,2021-22,2712,"15th July, 2026",https://ncs.gov.in/NCSReportDashboard,offline extraction of previously downloaded public dashboard bundle,publisher_snapshot;2026_2027_partial;metric_definitions_require_confirmation
Active Employer,Rajasthan,2022-23,53474,"15th July, 2026",https://ncs.gov.in/NCSReportDashboard,offline extraction of previously downloaded public dashboard bundle,publisher_snapshot;2026_2027_partial;metric_definitions_require_confirmation
Active Employer,Rajasthan,2023-24,96966,"15th July, 2026",https://ncs.gov.in/NCSReportDashboard,offline extraction of previously downloaded public dashboard bundle,publisher_snapshot;2026_2027_partial;metric_definitions_require_confirmation
Active Employer,Rajasthan,2024-25,108753,"15th July, 2026",https://ncs.gov.in/NCSReportDashboard,offline extraction of previously downloaded public dashboard bundle,publisher_snapshot;2026_2027_partial;metric_definitions_require_confirmation
Active Employer,Rajasthan,2025-26,91212,"15th July, 2026",https://ncs.gov.in/NCSReportDashboard,offline extraction of previously downloaded public dashboard bundle,publisher_snapshot;2026_2027_partial;metric_definitions_require_confirmation
Active Employer,Rajasthan,2026-2027,1260,"15th July, 2026",https://ncs.gov.in/NCSReportDashboard,offline extraction of previously downloaded public dashboard bundle,publisher_snapshot;2026_2027_partial;metric_definitions_require_confirmation
Active Employer,Sikkim,2015-16,0,"15th July, 2026",https://ncs.gov.in/NCSReportDashboard,offline extraction of previously downloaded public dashboard bundle,publisher_snapshot;2026_2027_partial;metric_definitions_require_confirmation
Active Employer,Sikkim,2016-17,0,"15th July, 2026",https://ncs.gov.in/NCSReportDashboard,offline extraction of previously downloaded public dashboard bundle,publisher_snapshot;2026_2027_partial;metric_definitions_require_confirmation
Active Employer,Sikkim,2017-18,0,"15th July, 2026",https://ncs.gov.in/NCSReportDashboard,offline extraction of previously downloaded public dashboard bundle,publisher_snapshot;2026_2027_partial;metric_definitions_require_confirmation
Active Employer,Sikkim,2018-19,0,"15th July, 2026",https://ncs.gov.in/NCSReportDashboard,offline extraction of previously downloaded public dashboard bundle,publisher_snapshot;2026_2027_partial;metric_definitions_require_confirmation
Active Employer,Sikkim,2019-20,45,"15th July, 2026",https://ncs.gov.in/NCSReportDashboard,offline extraction of previously downloaded public dashboard bundle,publisher_snapshot;2026_2027_partial;metric_definitions_require_confirmation
Active Employer,Sikkim,2020-21,28,"15th July, 2026",https://ncs.gov.in/NCSReportDashboard,offline extraction of previously downloaded public dashboard bundle,publisher_snapshot;2026_2027_partial;metric_definitions_require_confirmation
Active Employer,Sikkim,2021-22,21,"15th July, 2026",https://ncs.gov.in/NCSReportDashboard,offline extraction of previously downloaded public dashboard bundle,publisher_snapshot;2026_2027_partial;metric_definitions_require_confirmation
Active Employer,Sikkim,2022-23,282,"15th July, 2026",https://ncs.gov.in/NCSReportDashboard,offline extraction of previously downloaded public dashboard bundle,publisher_snapshot;2026_2027_partial;metric_definitions_require_confirmation
Active Employer,Sikkim,2023-24,654,"15th July, 2026",https://ncs.gov.in/NCSReportDashboard,offline extraction of previously downloaded public dashboard bundle,publisher_snapshot;2026_2027_partial;metric_definitions_require_confirmation
Active Employer,Sikkim,2024-25,1070,"15th July, 2026",https://ncs.gov.in/NCSReportDashboard,offline extraction of previously downloaded public dashboard bundle,publisher_snapshot;2026_2027_partial;metric_definitions_require_confirmation
Active Employer,Sikkim,2025-26,1390,"15th July, 2026",https://ncs.gov.in/NCSReportDashboard,offline extraction of previously downloaded public dashboard bundle,publisher_snapshot;2026_2027_partial;metric_definitions_require_confirmation
Active Employer,Sikkim,2026-2027,5,"15th July, 2026",https://ncs.gov.in/NCSReportDashboard,offline extraction of previously downloaded public dashboard bundle,publisher_snapshot;2026_2027_partial;metric_definitions_require_confirmation
Active Employer,Tamil Nadu,2015-16,73,"15th July, 2026",https://ncs.gov.in/NCSReportDashboard,offline extraction of previously downloaded public dashboard bundle,publisher_snapshot;2026_2027_partial;metric_definitions_require_confirmation
Active Employer,Tamil Nadu,2016-17,30,"15th July, 2026",https://ncs.gov.in/NCSReportDashboard,offline extraction of previously downloaded public dashboard bundle,publisher_snapshot;2026_2027_partial;metric_definitions_require_confirmation
Active Employer,Tamil Nadu,2017-18,117,"15th July, 2026",https://ncs.gov.in/NCSReportDashboard,offline extraction of previously downloaded public dashboard bundle,publisher_snapshot;2026_2027_partial;metric_definitions_require_confirmation
Active Employer,Tamil Nadu,2018-19,181,"15th July, 2026",https://ncs.gov.in/NCSReportDashboard,offline extraction of previously downloaded public dashboard bundle,publisher_snapshot;2026_2027_partial;metric_definitions_require_confirmation
Active Employer,Tamil Nadu,2019-20,6168,"15th July, 2026",https://ncs.gov.in/NCSReportDashboard,offline extraction of previously downloaded public dashboard bundle,publisher_snapshot;2026_2027_partial;metric_definitions_require_confirmation
Active Employer,Tamil Nadu,2020-21,10268,"15th July, 2026",https://ncs.gov.in/NCSReportDashboard,offline extraction of previously downloaded public dashboard bundle,publisher_snapshot;2026_2027_partial;metric_definitions_require_confirmation
Active Employer,Tamil Nadu,2021-22,5504,"15th July, 2026",https://ncs.gov.in/NCSReportDashboard,offline extraction of previously downloaded public dashboard bundle,publisher_snapshot;2026_2027_partial;metric_definitions_require_confirmation
Active Employer,Tamil Nadu,2022-23,59347,"15th July, 2026",https://ncs.gov.in/NCSReportDashboard,offline extraction of previously downloaded public dashboard bundle,publisher_snapshot;2026_2027_partial;metric_definitions_require_confirmation
Active Employer,Tamil Nadu,2023-24,104239,"15th July, 2026",https://ncs.gov.in/NCSReportDashboard,offline extraction of previously downloaded public dashboard bundle,publisher_snapshot;2026_2027_partial;metric_definitions_require_confirmation
Active Employer,Tamil Nadu,2024-25,108406,"15th July, 2026",https://ncs.gov.in/NCSReportDashboard,offline extraction of previously downloaded public dashboard bundle,publisher_snapshot;2026_2027_partial;metric_definitions_require_confirmation
Active Employer,Tamil Nadu,2025-26,83173,"15th July, 2026",https://ncs.gov.in/NCSReportDashboard,offline extraction of previously downloaded public dashboard bundle,publisher_snapshot;2026_2027_partial;metric_definitions_require_confirmation
Active Employer,Tamil Nadu,2026-2027,2263,"15th July, 2026",https://ncs.gov.in/NCSReportDashboard,offline extraction of previously downloaded public dashboard bundle,publisher_snapshot;2026_2027_partial;metric_definitions_require_confirmation
Active Employer,Telangana,2015-16,22,"15th July, 2026",https://ncs.gov.in/NCSReportDashboard,offline extraction of previously downloaded public dashboard bundle,publisher_snapshot;2026_2027_partial;metric_definitions_require_confirmation
Active Employer,Telangana,2016-17,18,"15th July, 2026",https://ncs.gov.in/NCSReportDashboard,offline extraction of previously downloaded public dashboard bundle,publisher_snapshot;2026_2027_partial;metric_definitions_require_confirmation
Active Employer,Telangana,2017-18,26,"15th July, 2026",https://ncs.gov.in/NCSReportDashboard,offline extraction of previously downloaded public dashboard bundle,publisher_snapshot;2026_2027_partial;metric_definitions_require_confirmation
Active Employer,Telangana,2018-19,52,"15th July, 2026",https://ncs.gov.in/NCSReportDashboard,offline extraction of previously downloaded public dashboard bundle,publisher_snapshot;2026_2027_partial;metric_definitions_require_confirmation
Active Employer,Telangana,2019-20,2538,"15th July, 2026",https://ncs.gov.in/NCSReportDashboard,offline extraction of previously downloaded public dashboard bundle,publisher_snapshot;2026_2027_partial;metric_definitions_require_confirmation
Active Employer,Telangana,2020-21,5429,"15th July, 2026",https://ncs.gov.in/NCSReportDashboard,offline extraction of previously downloaded public dashboard bundle,publisher_snapshot;2026_2027_partial;metric_definitions_require_confirmation
Active Employer,Telangana,2021-22,2938,"15th July, 2026",https://ncs.gov.in/NCSReportDashboard,offline extraction of previously downloaded public dashboard bundle,publisher_snapshot;2026_2027_partial;metric_definitions_require_confirmation
Active Employer,Telangana,2022-23,29201,"15th July, 2026",https://ncs.gov.in/NCSReportDashboard,offline extraction of previously downloaded public dashboard bundle,publisher_snapshot;2026_2027_partial;metric_definitions_require_confirmation
Active Employer,Telangana,2023-24,59417,"15th July, 2026",https://ncs.gov.in/NCSReportDashboard,offline extraction of previously downloaded public dashboard bundle,publisher_snapshot;2026_2027_partial;metric_definitions_require_confirmation
Active Employer,Telangana,2024-25,74778,"15th July, 2026",https://ncs.gov.in/NCSReportDashboard,offline extraction of previously downloaded public dashboard bundle,publisher_snapshot;2026_2027_partial;metric_definitions_require_confirmation
Active Employer,Telangana,2025-26,74565,"15th July, 2026",https://ncs.gov.in/NCSReportDashboard,offline extraction of previously downloaded public dashboard bundle,publisher_snapshot;2026_2027_partial;metric_definitions_require_confirmation
Active Employer,Telangana,2026-2027,1161,"15th July, 2026",https://ncs.gov.in/NCSReportDashboard,offline extraction of previously downloaded public dashboard bundle,publisher_snapshot;2026_2027_partial;metric_definitions_require_confirmation
Active Employer,The Dadra and Nagar Haveli And Daman And Diu,2015-16,1,"15th July, 2026",https://ncs.gov.in/NCSReportDashboard,offline extraction of previously downloaded public dashboard bundle,publisher_snapshot;2026_2027_partial;metric_definitions_require_confirmation
Active Employer,The Dadra and Nagar Haveli And Daman And Diu,2016-17,0,"15th July, 2026",https://ncs.gov.in/NCSReportDashboard,offline extraction of previously downloaded public dashboard bundle,publisher_snapshot;2026_2027_partial;metric_definitions_require_confirmation
Active Employer,The Dadra and Nagar Haveli And Daman And Diu,2017-18,0,"15th July, 2026",https://ncs.gov.in/NCSReportDashboard,offline extraction of previously downloaded public dashboard bundle,publisher_snapshot;2026_2027_partial;metric_definitions_require_confirmation
Active Employer,The Dadra and Nagar Haveli And Daman And Diu,2018-19,0,"15th July, 2026",https://ncs.gov.in/NCSReportDashboard,offline extraction of previously downloaded public dashboard bundle,publisher_snapshot;2026_2027_partial;metric_definitions_require_confirmation
Active Employer,The Dadra and Nagar Haveli And Daman And Diu,2019-20,133,"15th July, 2026",https://ncs.gov.in/NCSReportDashboard,offline extraction of previously downloaded public dashboard bundle,publisher_snapshot;2026_2027_partial;metric_definitions_require_confirmation
Active Employer,The Dadra and Nagar Haveli And Daman And Diu,2020-21,8,"15th July, 2026",https://ncs.gov.in/NCSReportDashboard,offline extraction of previously downloaded public dashboard bundle,publisher_snapshot;2026_2027_partial;metric_definitions_require_confirmation
Active Employer,The Dadra and Nagar Haveli And Daman And Diu,2021-22,4,"15th July, 2026",https://ncs.gov.in/NCSReportDashboard,offline extraction of previously downloaded public dashboard bundle,publisher_snapshot;2026_2027_partial;metric_definitions_require_confirmation
Active Employer,The Dadra and Nagar Haveli And Daman And Diu,2022-23,493,"15th July, 2026",https://ncs.gov.in/NCSReportDashboard,offline extraction of previously downloaded public dashboard bundle,publisher_snapshot;2026_2027_partial;metric_definitions_require_confirmation
Active Employer,The Dadra and Nagar Haveli And Daman And Diu,2023-24,15,"15th July, 2026",https://ncs.gov.in/NCSReportDashboard,offline extraction of previously downloaded public dashboard bundle,publisher_snapshot;2026_2027_partial;metric_definitions_require_confirmation
Active Employer,The Dadra and Nagar Haveli And Daman And Diu,2024-25,4,"15th July, 2026",https://ncs.gov.in/NCSReportDashboard,offline extraction of previously downloaded public dashboard bundle,publisher_snapshot;2026_2027_partial;metric_definitions_require_confirmation
Active Employer,The Dadra and Nagar Haveli And Daman And Diu,2025-26,6,"15th July, 2026",https://ncs.gov.in/NCSReportDashboard,offline extraction of previously downloaded public dashboard bundle,publisher_snapshot;2026_2027_partial;metric_definitions_require_confirmation
Active Employer,The Dadra and Nagar Haveli And Daman And Diu,2026-2027,4,"15th July, 2026",https://ncs.gov.in/NCSReportDashboard,offline extraction of previously downloaded public dashboard bundle,publisher_snapshot;2026_2027_partial;metric_definitions_require_confirmation
Active Employer,Tripura,2015-16,2,"15th July, 2026",https://ncs.gov.in/NCSReportDashboard,offline extraction of previously downloaded public dashboard bundle,publisher_snapshot;2026_2027_partial;metric_definitions_require_confirmation
Active Employer,Tripura,2016-17,18,"15th July, 2026",https://ncs.gov.in/NCSReportDashboard,offline extraction of previously downloaded public dashboard bundle,publisher_snapshot;2026_2027_partial;metric_definitions_require_confirmation
Active Employer,Tripura,2017-18,1,"15th July, 2026",https://ncs.gov.in/NCSReportDashboard,offline extraction of previously downloaded public dashboard bundle,publisher_snapshot;2026_2027_partial;metric_definitions_require_confirmation
Active Employer,Tripura,2018-19,9,"15th July, 2026",https://ncs.gov.in/NCSReportDashboard,offline extraction of previously downloaded public dashboard bundle,publisher_snapshot;2026_2027_partial;metric_definitions_require_confirmation
Active Employer,Tripura,2019-20,78,"15th July, 2026",https://ncs.gov.in/NCSReportDashboard,offline extraction of previously downloaded public dashboard bundle,publisher_snapshot;2026_2027_partial;metric_definitions_require_confirmation
Active Employer,Tripura,2020-21,26,"15th July, 2026",https://ncs.gov.in/NCSReportDashboard,offline extraction of previously downloaded public dashboard bundle,publisher_snapshot;2026_2027_partial;metric_definitions_require_confirmation
Active Employer,Tripura,2021-22,20,"15th July, 2026",https://ncs.gov.in/NCSReportDashboard,offline extraction of previously downloaded public dashboard bundle,publisher_snapshot;2026_2027_partial;metric_definitions_require_confirmation
Active Employer,Tripura,2022-23,1286,"15th July, 2026",https://ncs.gov.in/NCSReportDashboard,offline extraction of previously downloaded public dashboard bundle,publisher_snapshot;2026_2027_partial;metric_definitions_require_confirmation
Active Employer,Tripura,2023-24,3545,"15th July, 2026",https://ncs.gov.in/NCSReportDashboard,offline extraction of previously downloaded public dashboard bundle,publisher_snapshot;2026_2027_partial;metric_definitions_require_confirmation
Active Employer,Tripura,2024-25,4576,"15th July, 2026",https://ncs.gov.in/NCSReportDashboard,offline extraction of previously downloaded public dashboard bundle,publisher_snapshot;2026_2027_partial;metric_definitions_require_confirmation
Active Employer,Tripura,2025-26,3918,"15th July, 2026",https://ncs.gov.in/NCSReportDashboard,offline extraction of previously downloaded public dashboard bundle,publisher_snapshot;2026_2027_partial;metric_definitions_require_confirmation
Active Employer,Tripura,2026-2027,384,"15th July, 2026",https://ncs.gov.in/NCSReportDashboard,offline extraction of previously downloaded public dashboard bundle,publisher_snapshot;2026_2027_partial;metric_definitions_require_confirmation
Active Employer,Uttar Pradesh,2015-16,21,"15th July, 2026",https://ncs.gov.in/NCSReportDashboard,offline extraction of previously downloaded public dashboard bundle,publisher_snapshot;2026_2027_partial;metric_definitions_require_confirmation
Active Employer,Uttar Pradesh,2016-17,54,"15th July, 2026",https://ncs.gov.in/NCSReportDashboard,offline extraction of previously downloaded public dashboard bundle,publisher_snapshot;2026_2027_partial;metric_definitions_require_confirmation
Active Employer,Uttar Pradesh,2017-18,70,"15th July, 2026",https://ncs.gov.in/NCSReportDashboard,offline extraction of previously downloaded public dashboard bundle,publisher_snapshot;2026_2027_partial;metric_definitions_require_confirmation
Active Employer,Uttar Pradesh,2018-19,125,"15th July, 2026",https://ncs.gov.in/NCSReportDashboard,offline extraction of previously downloaded public dashboard bundle,publisher_snapshot;2026_2027_partial;metric_definitions_require_confirmation
Active Employer,Uttar Pradesh,2019-20,3911,"15th July, 2026",https://ncs.gov.in/NCSReportDashboard,offline extraction of previously downloaded public dashboard bundle,publisher_snapshot;2026_2027_partial;metric_definitions_require_confirmation
Active Employer,Uttar Pradesh,2020-21,4704,"15th July, 2026",https://ncs.gov.in/NCSReportDashboard,offline extraction of previously downloaded public dashboard bundle,publisher_snapshot;2026_2027_partial;metric_definitions_require_confirmation
Active Employer,Uttar Pradesh,2021-22,3862,"15th July, 2026",https://ncs.gov.in/NCSReportDashboard,offline extraction of previously downloaded public dashboard bundle,publisher_snapshot;2026_2027_partial;metric_definitions_require_confirmation
Active Employer,Uttar Pradesh,2022-23,75649,"15th July, 2026",https://ncs.gov.in/NCSReportDashboard,offline extraction of previously downloaded public dashboard bundle,publisher_snapshot;2026_2027_partial;metric_definitions_require_confirmation
Active Employer,Uttar Pradesh,2023-24,147516,"15th July, 2026",https://ncs.gov.in/NCSReportDashboard,offline extraction of previously downloaded public dashboard bundle,publisher_snapshot;2026_2027_partial;metric_definitions_require_confirmation
Active Employer,Uttar Pradesh,2024-25,179920,"15th July, 2026",https://ncs.gov.in/NCSReportDashboard,offline extraction of previously downloaded public dashboard bundle,publisher_snapshot;2026_2027_partial;metric_definitions_require_confirmation
Active Employer,Uttar Pradesh,2025-26,188373,"15th July, 2026",https://ncs.gov.in/NCSReportDashboard,offline extraction of previously downloaded public dashboard bundle,publisher_snapshot;2026_2027_partial;metric_definitions_require_confirmation
Active Employer,Uttar Pradesh,2026-2027,2880,"15th July, 2026",https://ncs.gov.in/NCSReportDashboard,offline extraction of previously downloaded public dashboard bundle,publisher_snapshot;2026_2027_partial;metric_definitions_require_confirmation
Active Employer,Uttarakhand,2015-16,4,"15th July, 2026",https://ncs.gov.in/NCSReportDashboard,offline extraction of previously downloaded public dashboard bundle,publisher_snapshot;2026_2027_partial;metric_definitions_require_confirmation
Active Employer,Uttarakhand,2016-17,6,"15th July, 2026",https://ncs.gov.in/NCSReportDashboard,offline extraction of previously downloaded public dashboard bundle,publisher_snapshot;2026_2027_partial;metric_definitions_require_confirmation
Active Employer,Uttarakhand,2017-18,8,"15th July, 2026",https://ncs.gov.in/NCSReportDashboard,offline extraction of previously downloaded public dashboard bundle,publisher_snapshot;2026_2027_partial;metric_definitions_require_confirmation
Active Employer,Uttarakhand,2018-19,23,"15th July, 2026",https://ncs.gov.in/NCSReportDashboard,offline extraction of previously downloaded public dashboard bundle,publisher_snapshot;2026_2027_partial;metric_definitions_require_confirmation
Active Employer,Uttarakhand,2019-20,899,"15th July, 2026",https://ncs.gov.in/NCSReportDashboard,offline extraction of previously downloaded public dashboard bundle,publisher_snapshot;2026_2027_partial;metric_definitions_require_confirmation
Active Employer,Uttarakhand,2020-21,847,"15th July, 2026",https://ncs.gov.in/NCSReportDashboard,offline extraction of previously downloaded public dashboard bundle,publisher_snapshot;2026_2027_partial;metric_definitions_require_confirmation
Active Employer,Uttarakhand,2021-22,626,"15th July, 2026",https://ncs.gov.in/NCSReportDashboard,offline extraction of previously downloaded public dashboard bundle,publisher_snapshot;2026_2027_partial;metric_definitions_require_confirmation
Active Employer,Uttarakhand,2022-23,8935,"15th July, 2026",https://ncs.gov.in/NCSReportDashboard,offline extraction of previously downloaded public dashboard bundle,publisher_snapshot;2026_2027_partial;metric_definitions_require_confirmation
Active Employer,Uttarakhand,2023-24,16444,"15th July, 2026",https://ncs.gov.in/NCSReportDashboard,offline extraction of previously downloaded public dashboard bundle,publisher_snapshot;2026_2027_partial;metric_definitions_require_confirmation
Active Employer,Uttarakhand,2024-25,18261,"15th July, 2026",https://ncs.gov.in/NCSReportDashboard,offline extraction of previously downloaded public dashboard bundle,publisher_snapshot;2026_2027_partial;metric_definitions_require_confirmation
Active Employer,Uttarakhand,2025-26,15210,"15th July, 2026",https://ncs.gov.in/NCSReportDashboard,offline extraction of previously downloaded public dashboard bundle,publisher_snapshot;2026_2027_partial;metric_definitions_require_confirmation
Active Employer,Uttarakhand,2026-2027,256,"15th July, 2026",https://ncs.gov.in/NCSReportDashboard,offline extraction of previously downloaded public dashboard bundle,publisher_snapshot;2026_2027_partial;metric_definitions_require_confirmation
Active Employer,West Bengal,2015-16,17,"15th July, 2026",https://ncs.gov.in/NCSReportDashboard,offline extraction of previously downloaded public dashboard bundle,publisher_snapshot;2026_2027_partial;metric_definitions_require_confirmation
Active Employer,West Bengal,2016-17,31,"15th July, 2026",https://ncs.gov.in/NCSReportDashboard,offline extraction of previously downloaded public dashboard bundle,publisher_snapshot;2026_2027_partial;metric_definitions_require_confirmation
Active Employer,West Bengal,2017-18,36,"15th July, 2026",https://ncs.gov.in/NCSReportDashboard,offline extraction of previously downloaded public dashboard bundle,publisher_snapshot;2026_2027_partial;metric_definitions_require_confirmation
Active Employer,West Bengal,2018-19,76,"15th July, 2026",https://ncs.gov.in/NCSReportDashboard,offline extraction of previously downloaded public dashboard bundle,publisher_snapshot;2026_2027_partial;metric_definitions_require_confirmation
Active Employer,West Bengal,2019-20,2118,"15th July, 2026",https://ncs.gov.in/NCSReportDashboard,offline extraction of previously downloaded public dashboard bundle,publisher_snapshot;2026_2027_partial;metric_definitions_require_confirmation
Active Employer,West Bengal,2020-21,4270,"15th July, 2026",https://ncs.gov.in/NCSReportDashboard,offline extraction of previously downloaded public dashboard bundle,publisher_snapshot;2026_2027_partial;metric_definitions_require_confirmation
Active Employer,West Bengal,2021-22,3626,"15th July, 2026",https://ncs.gov.in/NCSReportDashboard,offline extraction of previously downloaded public dashboard bundle,publisher_snapshot;2026_2027_partial;metric_definitions_require_confirmation
Active Employer,West Bengal,2022-23,38609,"15th July, 2026",https://ncs.gov.in/NCSReportDashboard,offline extraction of previously downloaded public dashboard bundle,publisher_snapshot;2026_2027_partial;metric_definitions_require_confirmation
Active Employer,West Bengal,2023-24,104251,"15th July, 2026",https://ncs.gov.in/NCSReportDashboard,offline extraction of previously downloaded public dashboard bundle,publisher_snapshot;2026_2027_partial;metric_definitions_require_confirmation
Active Employer,West Bengal,2024-25,101204,"15th July, 2026",https://ncs.gov.in/NCSReportDashboard,offline extraction of previously downloaded public dashboard bundle,publisher_snapshot;2026_2027_partial;metric_definitions_require_confirmation
Active Employer,West Bengal,2025-26,78357,"15th July, 2026",https://ncs.gov.in/NCSReportDashboard,offline extraction of previously downloaded public dashboard bundle,publisher_snapshot;2026_2027_partial;metric_definitions_require_confirmation
Active Employer,West Bengal,2026-2027,1242,"15th July, 2026",https://ncs.gov.in/NCSReportDashboard,offline extraction of previously downloaded public dashboard bundle,publisher_snapshot;2026_2027_partial;metric_definitions_require_confirmation
