source_id,geography,geography_level,year,year_type,frequency,quarter,month,indicator,value,unit,sector,gender,age_group,reference_status,education,religion,social_group,role_scope,use,available_analyst_supply,methodology_note,evidence_file,source_url
mospi_plfs_api,Maharashtra,state,2017-18,Agriculture Year,Annually,all,,"LFPR (Labour Force Participation Rate, in per cent)",48.2,percent,urban,person,15 years and above,PS+SS,all,all,all,all_roles,workforce_baseline_only,false,"2025 survey redesign: do not concatenate pre/post redesign as homogeneous series; empty dimensions mean publisher unspecified, not all",data/raw/public_labour/public-labour-20261001-v2/data_f1_i1_y1.json,https://api.mospi.gov.in/api/plfs/getData?indicator_code=1&frequency_code=1&gender_code=3&age_code=1&sector_code=2&limit=200&page=1&state_code=16&year_type_code=1&weekly_status_code=1&education_code=0&religion_code=1&social_category_code=1
mospi_plfs_api,Maharashtra,state,2018-19,Agriculture Year,Annually,all,,"LFPR (Labour Force Participation Rate, in per cent)",48.0,percent,urban,person,15 years and above,PS+SS,all,all,all,all_roles,workforce_baseline_only,false,"2025 survey redesign: do not concatenate pre/post redesign as homogeneous series; empty dimensions mean publisher unspecified, not all",data/raw/public_labour/public-labour-20261001-v2/data_f1_i1_y1.json,https://api.mospi.gov.in/api/plfs/getData?indicator_code=1&frequency_code=1&gender_code=3&age_code=1&sector_code=2&limit=200&page=1&state_code=16&year_type_code=1&weekly_status_code=1&education_code=0&religion_code=1&social_category_code=1
mospi_plfs_api,Maharashtra,state,2019-20,Agriculture Year,Annually,all,,"LFPR (Labour Force Participation Rate, in per cent)",50.1,percent,urban,person,15 years and above,PS+SS,all,all,all,all_roles,workforce_baseline_only,false,"2025 survey redesign: do not concatenate pre/post redesign as homogeneous series; empty dimensions mean publisher unspecified, not all",data/raw/public_labour/public-labour-20261001-v2/data_f1_i1_y1.json,https://api.mospi.gov.in/api/plfs/getData?indicator_code=1&frequency_code=1&gender_code=3&age_code=1&sector_code=2&limit=200&page=1&state_code=16&year_type_code=1&weekly_status_code=1&education_code=0&religion_code=1&social_category_code=1
mospi_plfs_api,Maharashtra,state,2020-21,Agriculture Year,Annually,all,,"LFPR (Labour Force Participation Rate, in per cent)",49.3,percent,urban,person,15 years and above,PS+SS,all,all,all,all_roles,workforce_baseline_only,false,"2025 survey redesign: do not concatenate pre/post redesign as homogeneous series; empty dimensions mean publisher unspecified, not all",data/raw/public_labour/public-labour-20261001-v2/data_f1_i1_y1.json,https://api.mospi.gov.in/api/plfs/getData?indicator_code=1&frequency_code=1&gender_code=3&age_code=1&sector_code=2&limit=200&page=1&state_code=16&year_type_code=1&weekly_status_code=1&education_code=0&religion_code=1&social_category_code=1
mospi_plfs_api,Maharashtra,state,2021-22,Agriculture Year,Annually,all,,"LFPR (Labour Force Participation Rate, in per cent)",52.0,percent,urban,person,15 years and above,PS+SS,all,all,all,all_roles,workforce_baseline_only,false,"2025 survey redesign: do not concatenate pre/post redesign as homogeneous series; empty dimensions mean publisher unspecified, not all",data/raw/public_labour/public-labour-20261001-v2/data_f1_i1_y1.json,https://api.mospi.gov.in/api/plfs/getData?indicator_code=1&frequency_code=1&gender_code=3&age_code=1&sector_code=2&limit=200&page=1&state_code=16&year_type_code=1&weekly_status_code=1&education_code=0&religion_code=1&social_category_code=1
mospi_plfs_api,Maharashtra,state,2022-23,Agriculture Year,Annually,all,,"LFPR (Labour Force Participation Rate, in per cent)",52.4,percent,urban,person,15 years and above,PS+SS,all,all,all,all_roles,workforce_baseline_only,false,"2025 survey redesign: do not concatenate pre/post redesign as homogeneous series; empty dimensions mean publisher unspecified, not all",data/raw/public_labour/public-labour-20261001-v2/data_f1_i1_y1.json,https://api.mospi.gov.in/api/plfs/getData?indicator_code=1&frequency_code=1&gender_code=3&age_code=1&sector_code=2&limit=200&page=1&state_code=16&year_type_code=1&weekly_status_code=1&education_code=0&religion_code=1&social_category_code=1
mospi_plfs_api,Maharashtra,state,2023-24,Agriculture Year,Annually,all,,"LFPR (Labour Force Participation Rate, in per cent)",53.6,percent,urban,person,15 years and above,PS+SS,all,all,all,all_roles,workforce_baseline_only,false,"2025 survey redesign: do not concatenate pre/post redesign as homogeneous series; empty dimensions mean publisher unspecified, not all",data/raw/public_labour/public-labour-20261001-v2/data_f1_i1_y1.json,https://api.mospi.gov.in/api/plfs/getData?indicator_code=1&frequency_code=1&gender_code=3&age_code=1&sector_code=2&limit=200&page=1&state_code=16&year_type_code=1&weekly_status_code=1&education_code=0&religion_code=1&social_category_code=1
mospi_plfs_api,Maharashtra,state,2022,Calendar Year,Annually,,,"LFPR (Labour Force Participation Rate, in per cent)",51.5,percent,urban,person,15 years and above,PS+SS,all,all,all,all_roles,workforce_baseline_only,false,"2025 survey redesign: do not concatenate pre/post redesign as homogeneous series; empty dimensions mean publisher unspecified, not all",data/raw/public_labour/public-labour-20261001-v2/data_f1_i1_y2.json,https://api.mospi.gov.in/api/plfs/getData?indicator_code=1&frequency_code=1&gender_code=3&age_code=1&sector_code=2&limit=200&page=1&state_code=16&year_type_code=2&weekly_status_code=1&education_code=0&religion_code=1&social_category_code=1
mospi_plfs_api,Maharashtra,state,2023,Calendar Year,Annually,,,"LFPR (Labour Force Participation Rate, in per cent)",53.1,percent,urban,person,15 years and above,PS+SS,all,all,all,all_roles,workforce_baseline_only,false,"2025 survey redesign: do not concatenate pre/post redesign as homogeneous series; empty dimensions mean publisher unspecified, not all",data/raw/public_labour/public-labour-20261001-v2/data_f1_i1_y2.json,https://api.mospi.gov.in/api/plfs/getData?indicator_code=1&frequency_code=1&gender_code=3&age_code=1&sector_code=2&limit=200&page=1&state_code=16&year_type_code=2&weekly_status_code=1&education_code=0&religion_code=1&social_category_code=1
mospi_plfs_api,Maharashtra,state,2024,Calendar Year,Annually,,,"LFPR (Labour Force Participation Rate, in per cent)",54.2,percent,urban,person,15 years and above,PS+SS,all,all,all,all_roles,workforce_baseline_only,false,"2025 survey redesign: do not concatenate pre/post redesign as homogeneous series; empty dimensions mean publisher unspecified, not all",data/raw/public_labour/public-labour-20261001-v2/data_f1_i1_y2.json,https://api.mospi.gov.in/api/plfs/getData?indicator_code=1&frequency_code=1&gender_code=3&age_code=1&sector_code=2&limit=200&page=1&state_code=16&year_type_code=2&weekly_status_code=1&education_code=0&religion_code=1&social_category_code=1
mospi_plfs_api,Maharashtra,state,2025,Calendar Year,Annually,,,"LFPR (Labour Force Participation Rate, in per cent)",52.4,percent,urban,person,15 years and above,PS+SS,all,all,all,all_roles,workforce_baseline_only,false,"2025 survey redesign: do not concatenate pre/post redesign as homogeneous series; empty dimensions mean publisher unspecified, not all",data/raw/public_labour/public-labour-20261001-v2/data_f1_i1_y2.json,https://api.mospi.gov.in/api/plfs/getData?indicator_code=1&frequency_code=1&gender_code=3&age_code=1&sector_code=2&limit=200&page=1&state_code=16&year_type_code=2&weekly_status_code=1&education_code=0&religion_code=1&social_category_code=1
mospi_plfs_api,Maharashtra,state,2017-18,Agriculture Year,Annually,all,,"WPR (Worker Population Ratio, in per cent)",44.7,percent,urban,person,15 years and above,PS+SS,all,all,all,all_roles,workforce_baseline_only,false,"2025 survey redesign: do not concatenate pre/post redesign as homogeneous series; empty dimensions mean publisher unspecified, not all",data/raw/public_labour/public-labour-20261001-v2/data_f1_i2_y1.json,https://api.mospi.gov.in/api/plfs/getData?indicator_code=2&frequency_code=1&gender_code=3&age_code=1&sector_code=2&limit=200&page=1&state_code=16&year_type_code=1&weekly_status_code=1&education_code=0&religion_code=1&social_category_code=1
mospi_plfs_api,Maharashtra,state,2018-19,Agriculture Year,Annually,all,,"WPR (Worker Population Ratio, in per cent)",44.9,percent,urban,person,15 years and above,PS+SS,all,all,all,all_roles,workforce_baseline_only,false,"2025 survey redesign: do not concatenate pre/post redesign as homogeneous series; empty dimensions mean publisher unspecified, not all",data/raw/public_labour/public-labour-20261001-v2/data_f1_i2_y1.json,https://api.mospi.gov.in/api/plfs/getData?indicator_code=2&frequency_code=1&gender_code=3&age_code=1&sector_code=2&limit=200&page=1&state_code=16&year_type_code=1&weekly_status_code=1&education_code=0&religion_code=1&social_category_code=1
mospi_plfs_api,Maharashtra,state,2019-20,Agriculture Year,Annually,all,,"WPR (Worker Population Ratio, in per cent)",47.8,percent,urban,person,15 years and above,PS+SS,all,all,all,all_roles,workforce_baseline_only,false,"2025 survey redesign: do not concatenate pre/post redesign as homogeneous series; empty dimensions mean publisher unspecified, not all",data/raw/public_labour/public-labour-20261001-v2/data_f1_i2_y1.json,https://api.mospi.gov.in/api/plfs/getData?indicator_code=2&frequency_code=1&gender_code=3&age_code=1&sector_code=2&limit=200&page=1&state_code=16&year_type_code=1&weekly_status_code=1&education_code=0&religion_code=1&social_category_code=1
mospi_plfs_api,Maharashtra,state,2020-21,Agriculture Year,Annually,all,,"WPR (Worker Population Ratio, in per cent)",46.2,percent,urban,person,15 years and above,PS+SS,all,all,all,all_roles,workforce_baseline_only,false,"2025 survey redesign: do not concatenate pre/post redesign as homogeneous series; empty dimensions mean publisher unspecified, not all",data/raw/public_labour/public-labour-20261001-v2/data_f1_i2_y1.json,https://api.mospi.gov.in/api/plfs/getData?indicator_code=2&frequency_code=1&gender_code=3&age_code=1&sector_code=2&limit=200&page=1&state_code=16&year_type_code=1&weekly_status_code=1&education_code=0&religion_code=1&social_category_code=1
mospi_plfs_api,Maharashtra,state,2021-22,Agriculture Year,Annually,all,,"WPR (Worker Population Ratio, in per cent)",49.4,percent,urban,person,15 years and above,PS+SS,all,all,all,all_roles,workforce_baseline_only,false,"2025 survey redesign: do not concatenate pre/post redesign as homogeneous series; empty dimensions mean publisher unspecified, not all",data/raw/public_labour/public-labour-20261001-v2/data_f1_i2_y1.json,https://api.mospi.gov.in/api/plfs/getData?indicator_code=2&frequency_code=1&gender_code=3&age_code=1&sector_code=2&limit=200&page=1&state_code=16&year_type_code=1&weekly_status_code=1&education_code=0&religion_code=1&social_category_code=1
mospi_plfs_api,Maharashtra,state,2022-23,Agriculture Year,Annually,all,,"WPR (Worker Population Ratio, in per cent)",50.0,percent,urban,person,15 years and above,PS+SS,all,all,all,all_roles,workforce_baseline_only,false,"2025 survey redesign: do not concatenate pre/post redesign as homogeneous series; empty dimensions mean publisher unspecified, not all",data/raw/public_labour/public-labour-20261001-v2/data_f1_i2_y1.json,https://api.mospi.gov.in/api/plfs/getData?indicator_code=2&frequency_code=1&gender_code=3&age_code=1&sector_code=2&limit=200&page=1&state_code=16&year_type_code=1&weekly_status_code=1&education_code=0&religion_code=1&social_category_code=1
mospi_plfs_api,Maharashtra,state,2023-24,Agriculture Year,Annually,all,,"WPR (Worker Population Ratio, in per cent)",50.9,percent,urban,person,15 years and above,PS+SS,all,all,all,all_roles,workforce_baseline_only,false,"2025 survey redesign: do not concatenate pre/post redesign as homogeneous series; empty dimensions mean publisher unspecified, not all",data/raw/public_labour/public-labour-20261001-v2/data_f1_i2_y1.json,https://api.mospi.gov.in/api/plfs/getData?indicator_code=2&frequency_code=1&gender_code=3&age_code=1&sector_code=2&limit=200&page=1&state_code=16&year_type_code=1&weekly_status_code=1&education_code=0&religion_code=1&social_category_code=1
mospi_plfs_api,Maharashtra,state,2022,Calendar Year,Annually,,,"WPR (Worker Population Ratio, in per cent)",48.9,percent,urban,person,15 years and above,PS+SS,all,all,all,all_roles,workforce_baseline_only,false,"2025 survey redesign: do not concatenate pre/post redesign as homogeneous series; empty dimensions mean publisher unspecified, not all",data/raw/public_labour/public-labour-20261001-v2/data_f1_i2_y2.json,https://api.mospi.gov.in/api/plfs/getData?indicator_code=2&frequency_code=1&gender_code=3&age_code=1&sector_code=2&limit=200&page=1&state_code=16&year_type_code=2&weekly_status_code=1&education_code=0&religion_code=1&social_category_code=1
mospi_plfs_api,Maharashtra,state,2023,Calendar Year,Annually,,,"WPR (Worker Population Ratio, in per cent)",50.4,percent,urban,person,15 years and above,PS+SS,all,all,all,all_roles,workforce_baseline_only,false,"2025 survey redesign: do not concatenate pre/post redesign as homogeneous series; empty dimensions mean publisher unspecified, not all",data/raw/public_labour/public-labour-20261001-v2/data_f1_i2_y2.json,https://api.mospi.gov.in/api/plfs/getData?indicator_code=2&frequency_code=1&gender_code=3&age_code=1&sector_code=2&limit=200&page=1&state_code=16&year_type_code=2&weekly_status_code=1&education_code=0&religion_code=1&social_category_code=1
mospi_plfs_api,Maharashtra,state,2024,Calendar Year,Annually,,,"WPR (Worker Population Ratio, in per cent)",51.8,percent,urban,person,15 years and above,PS+SS,all,all,all,all_roles,workforce_baseline_only,false,"2025 survey redesign: do not concatenate pre/post redesign as homogeneous series; empty dimensions mean publisher unspecified, not all",data/raw/public_labour/public-labour-20261001-v2/data_f1_i2_y2.json,https://api.mospi.gov.in/api/plfs/getData?indicator_code=2&frequency_code=1&gender_code=3&age_code=1&sector_code=2&limit=200&page=1&state_code=16&year_type_code=2&weekly_status_code=1&education_code=0&religion_code=1&social_category_code=1
mospi_plfs_api,Maharashtra,state,2025,Calendar Year,Annually,,,"WPR (Worker Population Ratio, in per cent)",50.6,percent,urban,person,15 years and above,PS+SS,all,all,all,all_roles,workforce_baseline_only,false,"2025 survey redesign: do not concatenate pre/post redesign as homogeneous series; empty dimensions mean publisher unspecified, not all",data/raw/public_labour/public-labour-20261001-v2/data_f1_i2_y2.json,https://api.mospi.gov.in/api/plfs/getData?indicator_code=2&frequency_code=1&gender_code=3&age_code=1&sector_code=2&limit=200&page=1&state_code=16&year_type_code=2&weekly_status_code=1&education_code=0&religion_code=1&social_category_code=1
mospi_plfs_api,Maharashtra,state,2017-18,Agriculture Year,Annually,all,,"UR (Unemployment Rate, in per cent)",7.4,percent,urban,person,15 years and above,PS+SS,all,all,all,all_roles,workforce_baseline_only,false,"2025 survey redesign: do not concatenate pre/post redesign as homogeneous series; empty dimensions mean publisher unspecified, not all",data/raw/public_labour/public-labour-20261001-v2/data_f1_i3_y1.json,https://api.mospi.gov.in/api/plfs/getData?indicator_code=3&frequency_code=1&gender_code=3&age_code=1&sector_code=2&limit=200&page=1&state_code=16&year_type_code=1&weekly_status_code=1&education_code=0&religion_code=1&social_category_code=1
mospi_plfs_api,Maharashtra,state,2018-19,Agriculture Year,Annually,all,,"UR (Unemployment Rate, in per cent)",6.3,percent,urban,person,15 years and above,PS+SS,all,all,all,all_roles,workforce_baseline_only,false,"2025 survey redesign: do not concatenate pre/post redesign as homogeneous series; empty dimensions mean publisher unspecified, not all",data/raw/public_labour/public-labour-20261001-v2/data_f1_i3_y1.json,https://api.mospi.gov.in/api/plfs/getData?indicator_code=3&frequency_code=1&gender_code=3&age_code=1&sector_code=2&limit=200&page=1&state_code=16&year_type_code=1&weekly_status_code=1&education_code=0&religion_code=1&social_category_code=1
mospi_plfs_api,Maharashtra,state,2019-20,Agriculture Year,Annually,all,,"UR (Unemployment Rate, in per cent)",4.4,percent,urban,person,15 years and above,PS+SS,all,all,all,all_roles,workforce_baseline_only,false,"2025 survey redesign: do not concatenate pre/post redesign as homogeneous series; empty dimensions mean publisher unspecified, not all",data/raw/public_labour/public-labour-20261001-v2/data_f1_i3_y1.json,https://api.mospi.gov.in/api/plfs/getData?indicator_code=3&frequency_code=1&gender_code=3&age_code=1&sector_code=2&limit=200&page=1&state_code=16&year_type_code=1&weekly_status_code=1&education_code=0&religion_code=1&social_category_code=1
mospi_plfs_api,Maharashtra,state,2020-21,Agriculture Year,Annually,all,,"UR (Unemployment Rate, in per cent)",6.5,percent,urban,person,15 years and above,PS+SS,all,all,all,all_roles,workforce_baseline_only,false,"2025 survey redesign: do not concatenate pre/post redesign as homogeneous series; empty dimensions mean publisher unspecified, not all",data/raw/public_labour/public-labour-20261001-v2/data_f1_i3_y1.json,https://api.mospi.gov.in/api/plfs/getData?indicator_code=3&frequency_code=1&gender_code=3&age_code=1&sector_code=2&limit=200&page=1&state_code=16&year_type_code=1&weekly_status_code=1&education_code=0&religion_code=1&social_category_code=1
mospi_plfs_api,Maharashtra,state,2021-22,Agriculture Year,Annually,all,,"UR (Unemployment Rate, in per cent)",5.0,percent,urban,person,15 years and above,PS+SS,all,all,all,all_roles,workforce_baseline_only,false,"2025 survey redesign: do not concatenate pre/post redesign as homogeneous series; empty dimensions mean publisher unspecified, not all",data/raw/public_labour/public-labour-20261001-v2/data_f1_i3_y1.json,https://api.mospi.gov.in/api/plfs/getData?indicator_code=3&frequency_code=1&gender_code=3&age_code=1&sector_code=2&limit=200&page=1&state_code=16&year_type_code=1&weekly_status_code=1&education_code=0&religion_code=1&social_category_code=1
mospi_plfs_api,Maharashtra,state,2022-23,Agriculture Year,Annually,all,,"UR (Unemployment Rate, in per cent)",4.6,percent,urban,person,15 years and above,PS+SS,all,all,all,all_roles,workforce_baseline_only,false,"2025 survey redesign: do not concatenate pre/post redesign as homogeneous series; empty dimensions mean publisher unspecified, not all",data/raw/public_labour/public-labour-20261001-v2/data_f1_i3_y1.json,https://api.mospi.gov.in/api/plfs/getData?indicator_code=3&frequency_code=1&gender_code=3&age_code=1&sector_code=2&limit=200&page=1&state_code=16&year_type_code=1&weekly_status_code=1&education_code=0&religion_code=1&social_category_code=1
mospi_plfs_api,Maharashtra,state,2023-24,Agriculture Year,Annually,all,,"UR (Unemployment Rate, in per cent)",5.2,percent,urban,person,15 years and above,PS+SS,all,all,all,all_roles,workforce_baseline_only,false,"2025 survey redesign: do not concatenate pre/post redesign as homogeneous series; empty dimensions mean publisher unspecified, not all",data/raw/public_labour/public-labour-20261001-v2/data_f1_i3_y1.json,https://api.mospi.gov.in/api/plfs/getData?indicator_code=3&frequency_code=1&gender_code=3&age_code=1&sector_code=2&limit=200&page=1&state_code=16&year_type_code=1&weekly_status_code=1&education_code=0&religion_code=1&social_category_code=1
mospi_plfs_api,Maharashtra,state,2022,Calendar Year,Annually,,,"UR (Unemployment Rate, in per cent)",5.0,percent,urban,person,15 years and above,PS+SS,all,all,all,all_roles,workforce_baseline_only,false,"2025 survey redesign: do not concatenate pre/post redesign as homogeneous series; empty dimensions mean publisher unspecified, not all",data/raw/public_labour/public-labour-20261001-v2/data_f1_i3_y2.json,https://api.mospi.gov.in/api/plfs/getData?indicator_code=3&frequency_code=1&gender_code=3&age_code=1&sector_code=2&limit=200&page=1&state_code=16&year_type_code=2&weekly_status_code=1&education_code=0&religion_code=1&social_category_code=1
mospi_plfs_api,Maharashtra,state,2023,Calendar Year,Annually,,,"UR (Unemployment Rate, in per cent)",5.1,percent,urban,person,15 years and above,PS+SS,all,all,all,all_roles,workforce_baseline_only,false,"2025 survey redesign: do not concatenate pre/post redesign as homogeneous series; empty dimensions mean publisher unspecified, not all",data/raw/public_labour/public-labour-20261001-v2/data_f1_i3_y2.json,https://api.mospi.gov.in/api/plfs/getData?indicator_code=3&frequency_code=1&gender_code=3&age_code=1&sector_code=2&limit=200&page=1&state_code=16&year_type_code=2&weekly_status_code=1&education_code=0&religion_code=1&social_category_code=1
mospi_plfs_api,Maharashtra,state,2024,Calendar Year,Annually,,,"UR (Unemployment Rate, in per cent)",4.3,percent,urban,person,15 years and above,PS+SS,all,all,all,all_roles,workforce_baseline_only,false,"2025 survey redesign: do not concatenate pre/post redesign as homogeneous series; empty dimensions mean publisher unspecified, not all",data/raw/public_labour/public-labour-20261001-v2/data_f1_i3_y2.json,https://api.mospi.gov.in/api/plfs/getData?indicator_code=3&frequency_code=1&gender_code=3&age_code=1&sector_code=2&limit=200&page=1&state_code=16&year_type_code=2&weekly_status_code=1&education_code=0&religion_code=1&social_category_code=1
mospi_plfs_api,Maharashtra,state,2025,Calendar Year,Annually,,,"UR (Unemployment Rate, in per cent)",3.5,percent,urban,person,15 years and above,PS+SS,all,all,all,all_roles,workforce_baseline_only,false,"2025 survey redesign: do not concatenate pre/post redesign as homogeneous series; empty dimensions mean publisher unspecified, not all",data/raw/public_labour/public-labour-20261001-v2/data_f1_i3_y2.json,https://api.mospi.gov.in/api/plfs/getData?indicator_code=3&frequency_code=1&gender_code=3&age_code=1&sector_code=2&limit=200&page=1&state_code=16&year_type_code=2&weekly_status_code=1&education_code=0&religion_code=1&social_category_code=1
mospi_plfs_api,Maharashtra,state,2018,,Quarterly,Apr-Jun,,"LFPR (Labour Force Participation Rate, in per cent)",46.9,percent,urban,person,15 years and above,,,,,all_roles,workforce_baseline_only,false,"2025 survey redesign: do not concatenate pre/post redesign as homogeneous series; empty dimensions mean publisher unspecified, not all",data/raw/public_labour/public-labour-20261001-v2/data_f2_i1_y0.json,https://api.mospi.gov.in/api/plfs/getData?indicator_code=1&frequency_code=2&gender_code=3&age_code=1&sector_code=2&limit=200&page=1&state_code=16
mospi_plfs_api,Maharashtra,state,2018,,Quarterly,Jul-Sep,,"LFPR (Labour Force Participation Rate, in per cent)",47.2,percent,urban,person,15 years and above,,,,,all_roles,workforce_baseline_only,false,"2025 survey redesign: do not concatenate pre/post redesign as homogeneous series; empty dimensions mean publisher unspecified, not all",data/raw/public_labour/public-labour-20261001-v2/data_f2_i1_y0.json,https://api.mospi.gov.in/api/plfs/getData?indicator_code=1&frequency_code=2&gender_code=3&age_code=1&sector_code=2&limit=200&page=1&state_code=16
mospi_plfs_api,Maharashtra,state,2018,,Quarterly,Oct-Dec,,"LFPR (Labour Force Participation Rate, in per cent)",47.8,percent,urban,person,15 years and above,,,,,all_roles,workforce_baseline_only,false,"2025 survey redesign: do not concatenate pre/post redesign as homogeneous series; empty dimensions mean publisher unspecified, not all",data/raw/public_labour/public-labour-20261001-v2/data_f2_i1_y0.json,https://api.mospi.gov.in/api/plfs/getData?indicator_code=1&frequency_code=2&gender_code=3&age_code=1&sector_code=2&limit=200&page=1&state_code=16
mospi_plfs_api,Maharashtra,state,2019,,Quarterly,Jul-Sep,,"LFPR (Labour Force Participation Rate, in per cent)",48.8,percent,urban,person,15 years and above,,,,,all_roles,workforce_baseline_only,false,"2025 survey redesign: do not concatenate pre/post redesign as homogeneous series; empty dimensions mean publisher unspecified, not all",data/raw/public_labour/public-labour-20261001-v2/data_f2_i1_y0.json,https://api.mospi.gov.in/api/plfs/getData?indicator_code=1&frequency_code=2&gender_code=3&age_code=1&sector_code=2&limit=200&page=1&state_code=16
mospi_plfs_api,Maharashtra,state,2019,,Quarterly,Oct-Dec,,"LFPR (Labour Force Participation Rate, in per cent)",49.1,percent,urban,person,15 years and above,,,,,all_roles,workforce_baseline_only,false,"2025 survey redesign: do not concatenate pre/post redesign as homogeneous series; empty dimensions mean publisher unspecified, not all",data/raw/public_labour/public-labour-20261001-v2/data_f2_i1_y0.json,https://api.mospi.gov.in/api/plfs/getData?indicator_code=1&frequency_code=2&gender_code=3&age_code=1&sector_code=2&limit=200&page=1&state_code=16
mospi_plfs_api,Maharashtra,state,2019,,Quarterly,Jan-Mar,,"LFPR (Labour Force Participation Rate, in per cent)",48.3,percent,urban,person,15 years and above,,,,,all_roles,workforce_baseline_only,false,"2025 survey redesign: do not concatenate pre/post redesign as homogeneous series; empty dimensions mean publisher unspecified, not all",data/raw/public_labour/public-labour-20261001-v2/data_f2_i1_y0.json,https://api.mospi.gov.in/api/plfs/getData?indicator_code=1&frequency_code=2&gender_code=3&age_code=1&sector_code=2&limit=200&page=1&state_code=16
mospi_plfs_api,Maharashtra,state,2019,,Quarterly,Apr-Jun,,"LFPR (Labour Force Participation Rate, in per cent)",47.7,percent,urban,person,15 years and above,,,,,all_roles,workforce_baseline_only,false,"2025 survey redesign: do not concatenate pre/post redesign as homogeneous series; empty dimensions mean publisher unspecified, not all",data/raw/public_labour/public-labour-20261001-v2/data_f2_i1_y0.json,https://api.mospi.gov.in/api/plfs/getData?indicator_code=1&frequency_code=2&gender_code=3&age_code=1&sector_code=2&limit=200&page=1&state_code=16
mospi_plfs_api,Maharashtra,state,2020,,Quarterly,Jan-Mar,,"LFPR (Labour Force Participation Rate, in per cent)",49.1,percent,urban,person,15 years and above,,,,,all_roles,workforce_baseline_only,false,"2025 survey redesign: do not concatenate pre/post redesign as homogeneous series; empty dimensions mean publisher unspecified, not all",data/raw/public_labour/public-labour-20261001-v2/data_f2_i1_y0.json,https://api.mospi.gov.in/api/plfs/getData?indicator_code=1&frequency_code=2&gender_code=3&age_code=1&sector_code=2&limit=200&page=1&state_code=16
mospi_plfs_api,Maharashtra,state,2020,,Quarterly,Apr-Jun,,"LFPR (Labour Force Participation Rate, in per cent)",46.2,percent,urban,person,15 years and above,,,,,all_roles,workforce_baseline_only,false,"2025 survey redesign: do not concatenate pre/post redesign as homogeneous series; empty dimensions mean publisher unspecified, not all",data/raw/public_labour/public-labour-20261001-v2/data_f2_i1_y0.json,https://api.mospi.gov.in/api/plfs/getData?indicator_code=1&frequency_code=2&gender_code=3&age_code=1&sector_code=2&limit=200&page=1&state_code=16
mospi_plfs_api,Maharashtra,state,2020,,Quarterly,Jul-Sep,,"LFPR (Labour Force Participation Rate, in per cent)",48.1,percent,urban,person,15 years and above,,,,,all_roles,workforce_baseline_only,false,"2025 survey redesign: do not concatenate pre/post redesign as homogeneous series; empty dimensions mean publisher unspecified, not all",data/raw/public_labour/public-labour-20261001-v2/data_f2_i1_y0.json,https://api.mospi.gov.in/api/plfs/getData?indicator_code=1&frequency_code=2&gender_code=3&age_code=1&sector_code=2&limit=200&page=1&state_code=16
mospi_plfs_api,Maharashtra,state,2020,,Quarterly,Oct-Dec,,"LFPR (Labour Force Participation Rate, in per cent)",44.1,percent,urban,person,15 years and above,,,,,all_roles,workforce_baseline_only,false,"2025 survey redesign: do not concatenate pre/post redesign as homogeneous series; empty dimensions mean publisher unspecified, not all",data/raw/public_labour/public-labour-20261001-v2/data_f2_i1_y0.json,https://api.mospi.gov.in/api/plfs/getData?indicator_code=1&frequency_code=2&gender_code=3&age_code=1&sector_code=2&limit=200&page=1&state_code=16
mospi_plfs_api,Maharashtra,state,2021,,Quarterly,Jan-Mar,,"LFPR (Labour Force Participation Rate, in per cent)",45.3,percent,urban,person,15 years and above,,,,,all_roles,workforce_baseline_only,false,"2025 survey redesign: do not concatenate pre/post redesign as homogeneous series; empty dimensions mean publisher unspecified, not all",data/raw/public_labour/public-labour-20261001-v2/data_f2_i1_y0.json,https://api.mospi.gov.in/api/plfs/getData?indicator_code=1&frequency_code=2&gender_code=3&age_code=1&sector_code=2&limit=200&page=1&state_code=16
mospi_plfs_api,Maharashtra,state,2021,,Quarterly,Apr-Jun,,"LFPR (Labour Force Participation Rate, in per cent)",45.8,percent,urban,person,15 years and above,,,,,all_roles,workforce_baseline_only,false,"2025 survey redesign: do not concatenate pre/post redesign as homogeneous series; empty dimensions mean publisher unspecified, not all",data/raw/public_labour/public-labour-20261001-v2/data_f2_i1_y0.json,https://api.mospi.gov.in/api/plfs/getData?indicator_code=1&frequency_code=2&gender_code=3&age_code=1&sector_code=2&limit=200&page=1&state_code=16
mospi_plfs_api,Maharashtra,state,2021,,Quarterly,Jul-Sep,,"LFPR (Labour Force Participation Rate, in per cent)",46.4,percent,urban,person,15 years and above,,,,,all_roles,workforce_baseline_only,false,"2025 survey redesign: do not concatenate pre/post redesign as homogeneous series; empty dimensions mean publisher unspecified, not all",data/raw/public_labour/public-labour-20261001-v2/data_f2_i1_y0.json,https://api.mospi.gov.in/api/plfs/getData?indicator_code=1&frequency_code=2&gender_code=3&age_code=1&sector_code=2&limit=200&page=1&state_code=16
mospi_plfs_api,Maharashtra,state,2021,,Quarterly,Oct-Dec,,"LFPR (Labour Force Participation Rate, in per cent)",48.8,percent,urban,person,15 years and above,,,,,all_roles,workforce_baseline_only,false,"2025 survey redesign: do not concatenate pre/post redesign as homogeneous series; empty dimensions mean publisher unspecified, not all",data/raw/public_labour/public-labour-20261001-v2/data_f2_i1_y0.json,https://api.mospi.gov.in/api/plfs/getData?indicator_code=1&frequency_code=2&gender_code=3&age_code=1&sector_code=2&limit=200&page=1&state_code=16
mospi_plfs_api,Maharashtra,state,2022,,Quarterly,Jan-Mar,,"LFPR (Labour Force Participation Rate, in per cent)",48.3,percent,urban,person,15 years and above,,,,,all_roles,workforce_baseline_only,false,"2025 survey redesign: do not concatenate pre/post redesign as homogeneous series; empty dimensions mean publisher unspecified, not all",data/raw/public_labour/public-labour-20261001-v2/data_f2_i1_y0.json,https://api.mospi.gov.in/api/plfs/getData?indicator_code=1&frequency_code=2&gender_code=3&age_code=1&sector_code=2&limit=200&page=1&state_code=16
mospi_plfs_api,Maharashtra,state,2022,,Quarterly,Apr-Jun,,"LFPR (Labour Force Participation Rate, in per cent)",46.5,percent,urban,person,15 years and above,,,,,all_roles,workforce_baseline_only,false,"2025 survey redesign: do not concatenate pre/post redesign as homogeneous series; empty dimensions mean publisher unspecified, not all",data/raw/public_labour/public-labour-20261001-v2/data_f2_i1_y0.json,https://api.mospi.gov.in/api/plfs/getData?indicator_code=1&frequency_code=2&gender_code=3&age_code=1&sector_code=2&limit=200&page=1&state_code=16
mospi_plfs_api,Maharashtra,state,2022,,Quarterly,Jul-Sep,,"LFPR (Labour Force Participation Rate, in per cent)",47.7,percent,urban,person,15 years and above,,,,,all_roles,workforce_baseline_only,false,"2025 survey redesign: do not concatenate pre/post redesign as homogeneous series; empty dimensions mean publisher unspecified, not all",data/raw/public_labour/public-labour-20261001-v2/data_f2_i1_y0.json,https://api.mospi.gov.in/api/plfs/getData?indicator_code=1&frequency_code=2&gender_code=3&age_code=1&sector_code=2&limit=200&page=1&state_code=16
mospi_plfs_api,Maharashtra,state,2022,,Quarterly,Oct-Dec,,"LFPR (Labour Force Participation Rate, in per cent)",47.7,percent,urban,person,15 years and above,,,,,all_roles,workforce_baseline_only,false,"2025 survey redesign: do not concatenate pre/post redesign as homogeneous series; empty dimensions mean publisher unspecified, not all",data/raw/public_labour/public-labour-20261001-v2/data_f2_i1_y0.json,https://api.mospi.gov.in/api/plfs/getData?indicator_code=1&frequency_code=2&gender_code=3&age_code=1&sector_code=2&limit=200&page=1&state_code=16
mospi_plfs_api,Maharashtra,state,2023,,Quarterly,Jan-Mar,,"LFPR (Labour Force Participation Rate, in per cent)",48.0,percent,urban,person,15 years and above,,,,,all_roles,workforce_baseline_only,false,"2025 survey redesign: do not concatenate pre/post redesign as homogeneous series; empty dimensions mean publisher unspecified, not all",data/raw/public_labour/public-labour-20261001-v2/data_f2_i1_y0.json,https://api.mospi.gov.in/api/plfs/getData?indicator_code=1&frequency_code=2&gender_code=3&age_code=1&sector_code=2&limit=200&page=1&state_code=16
mospi_plfs_api,Maharashtra,state,2023,,Quarterly,Apr-Jun,,"LFPR (Labour Force Participation Rate, in per cent)",48.2,percent,urban,person,15 years and above,,,,,all_roles,workforce_baseline_only,false,"2025 survey redesign: do not concatenate pre/post redesign as homogeneous series; empty dimensions mean publisher unspecified, not all",data/raw/public_labour/public-labour-20261001-v2/data_f2_i1_y0.json,https://api.mospi.gov.in/api/plfs/getData?indicator_code=1&frequency_code=2&gender_code=3&age_code=1&sector_code=2&limit=200&page=1&state_code=16
mospi_plfs_api,Maharashtra,state,2023,,Quarterly,Jul-Sep,,"LFPR (Labour Force Participation Rate, in per cent)",49.1,percent,urban,person,15 years and above,,,,,all_roles,workforce_baseline_only,false,"2025 survey redesign: do not concatenate pre/post redesign as homogeneous series; empty dimensions mean publisher unspecified, not all",data/raw/public_labour/public-labour-20261001-v2/data_f2_i1_y0.json,https://api.mospi.gov.in/api/plfs/getData?indicator_code=1&frequency_code=2&gender_code=3&age_code=1&sector_code=2&limit=200&page=1&state_code=16
mospi_plfs_api,Maharashtra,state,2023,,Quarterly,Oct-Dec,,"LFPR (Labour Force Participation Rate, in per cent)",50.4,percent,urban,person,15 years and above,,,,,all_roles,workforce_baseline_only,false,"2025 survey redesign: do not concatenate pre/post redesign as homogeneous series; empty dimensions mean publisher unspecified, not all",data/raw/public_labour/public-labour-20261001-v2/data_f2_i1_y0.json,https://api.mospi.gov.in/api/plfs/getData?indicator_code=1&frequency_code=2&gender_code=3&age_code=1&sector_code=2&limit=200&page=1&state_code=16
mospi_plfs_api,Maharashtra,state,2024,,Quarterly,Jan-Mar,,"LFPR (Labour Force Participation Rate, in per cent)",50.9,percent,urban,person,15 years and above,,,,,all_roles,workforce_baseline_only,false,"2025 survey redesign: do not concatenate pre/post redesign as homogeneous series; empty dimensions mean publisher unspecified, not all",data/raw/public_labour/public-labour-20261001-v2/data_f2_i1_y0.json,https://api.mospi.gov.in/api/plfs/getData?indicator_code=1&frequency_code=2&gender_code=3&age_code=1&sector_code=2&limit=200&page=1&state_code=16
mospi_plfs_api,Maharashtra,state,2024,,Quarterly,Apr-Jun,,"LFPR (Labour Force Participation Rate, in per cent)",51.7,percent,urban,person,15 years and above,,,,,all_roles,workforce_baseline_only,false,"2025 survey redesign: do not concatenate pre/post redesign as homogeneous series; empty dimensions mean publisher unspecified, not all",data/raw/public_labour/public-labour-20261001-v2/data_f2_i1_y0.json,https://api.mospi.gov.in/api/plfs/getData?indicator_code=1&frequency_code=2&gender_code=3&age_code=1&sector_code=2&limit=200&page=1&state_code=16
mospi_plfs_api,Maharashtra,state,2024,,Quarterly,Jul-Sep,,"LFPR (Labour Force Participation Rate, in per cent)",51.0,percent,urban,person,15 years and above,,,,,all_roles,workforce_baseline_only,false,"2025 survey redesign: do not concatenate pre/post redesign as homogeneous series; empty dimensions mean publisher unspecified, not all",data/raw/public_labour/public-labour-20261001-v2/data_f2_i1_y0.json,https://api.mospi.gov.in/api/plfs/getData?indicator_code=1&frequency_code=2&gender_code=3&age_code=1&sector_code=2&limit=200&page=1&state_code=16
mospi_plfs_api,Maharashtra,state,2024,,Quarterly,Oct-Dec,,"LFPR (Labour Force Participation Rate, in per cent)",50.0,percent,urban,person,15 years and above,,,,,all_roles,workforce_baseline_only,false,"2025 survey redesign: do not concatenate pre/post redesign as homogeneous series; empty dimensions mean publisher unspecified, not all",data/raw/public_labour/public-labour-20261001-v2/data_f2_i1_y0.json,https://api.mospi.gov.in/api/plfs/getData?indicator_code=1&frequency_code=2&gender_code=3&age_code=1&sector_code=2&limit=200&page=1&state_code=16
mospi_plfs_api,Maharashtra,state,2025,,Quarterly,Oct-Dec,,"LFPR (Labour Force Participation Rate, in per cent)",50.1,percent,urban,person,15 years and above,,,,,all_roles,workforce_baseline_only,false,"2025 survey redesign: do not concatenate pre/post redesign as homogeneous series; empty dimensions mean publisher unspecified, not all",data/raw/public_labour/public-labour-20261001-v2/data_f2_i1_y0.json,https://api.mospi.gov.in/api/plfs/getData?indicator_code=1&frequency_code=2&gender_code=3&age_code=1&sector_code=2&limit=200&page=1&state_code=16
mospi_plfs_api,Maharashtra,state,2025,,Quarterly,Apr-Jun,,"LFPR (Labour Force Participation Rate, in per cent)",49.8,percent,urban,person,15 years and above,,,,,all_roles,workforce_baseline_only,false,"2025 survey redesign: do not concatenate pre/post redesign as homogeneous series; empty dimensions mean publisher unspecified, not all",data/raw/public_labour/public-labour-20261001-v2/data_f2_i1_y0.json,https://api.mospi.gov.in/api/plfs/getData?indicator_code=1&frequency_code=2&gender_code=3&age_code=1&sector_code=2&limit=200&page=1&state_code=16
mospi_plfs_api,Maharashtra,state,2025,,Quarterly,Jul-Sep,,"LFPR (Labour Force Participation Rate, in per cent)",51.1,percent,urban,person,15 years and above,,,,,all_roles,workforce_baseline_only,false,"2025 survey redesign: do not concatenate pre/post redesign as homogeneous series; empty dimensions mean publisher unspecified, not all",data/raw/public_labour/public-labour-20261001-v2/data_f2_i1_y0.json,https://api.mospi.gov.in/api/plfs/getData?indicator_code=1&frequency_code=2&gender_code=3&age_code=1&sector_code=2&limit=200&page=1&state_code=16
mospi_plfs_api,Maharashtra,state,2026,,Quarterly,Jan-Mar,,"LFPR (Labour Force Participation Rate, in per cent)",50.9,percent,urban,person,15 years and above,,,,,all_roles,workforce_baseline_only,false,"2025 survey redesign: do not concatenate pre/post redesign as homogeneous series; empty dimensions mean publisher unspecified, not all",data/raw/public_labour/public-labour-20261001-v2/data_f2_i1_y0.json,https://api.mospi.gov.in/api/plfs/getData?indicator_code=1&frequency_code=2&gender_code=3&age_code=1&sector_code=2&limit=200&page=1&state_code=16
mospi_plfs_api,Maharashtra,state,2026,,Quarterly,Apr-Jun,,"LFPR (Labour Force Participation Rate, in per cent)",50.4,percent,urban,person,15 years and above,,,,,all_roles,workforce_baseline_only,false,"2025 survey redesign: do not concatenate pre/post redesign as homogeneous series; empty dimensions mean publisher unspecified, not all",data/raw/public_labour/public-labour-20261001-v2/data_f2_i1_y0.json,https://api.mospi.gov.in/api/plfs/getData?indicator_code=1&frequency_code=2&gender_code=3&age_code=1&sector_code=2&limit=200&page=1&state_code=16
mospi_plfs_api,Maharashtra,state,2018,,Quarterly,Apr-Jun,,"WPR (Worker Population Ratio, in per cent)",42.8,percent,urban,person,15 years and above,,,,,all_roles,workforce_baseline_only,false,"2025 survey redesign: do not concatenate pre/post redesign as homogeneous series; empty dimensions mean publisher unspecified, not all",data/raw/public_labour/public-labour-20261001-v2/data_f2_i2_y0.json,https://api.mospi.gov.in/api/plfs/getData?indicator_code=2&frequency_code=2&gender_code=3&age_code=1&sector_code=2&limit=200&page=1&state_code=16
mospi_plfs_api,Maharashtra,state,2018,,Quarterly,Jul-Sep,,"WPR (Worker Population Ratio, in per cent)",42.5,percent,urban,person,15 years and above,,,,,all_roles,workforce_baseline_only,false,"2025 survey redesign: do not concatenate pre/post redesign as homogeneous series; empty dimensions mean publisher unspecified, not all",data/raw/public_labour/public-labour-20261001-v2/data_f2_i2_y0.json,https://api.mospi.gov.in/api/plfs/getData?indicator_code=2&frequency_code=2&gender_code=3&age_code=1&sector_code=2&limit=200&page=1&state_code=16
mospi_plfs_api,Maharashtra,state,2018,,Quarterly,Oct-Dec,,"WPR (Worker Population Ratio, in per cent)",43.2,percent,urban,person,15 years and above,,,,,all_roles,workforce_baseline_only,false,"2025 survey redesign: do not concatenate pre/post redesign as homogeneous series; empty dimensions mean publisher unspecified, not all",data/raw/public_labour/public-labour-20261001-v2/data_f2_i2_y0.json,https://api.mospi.gov.in/api/plfs/getData?indicator_code=2&frequency_code=2&gender_code=3&age_code=1&sector_code=2&limit=200&page=1&state_code=16
mospi_plfs_api,Maharashtra,state,2019,,Quarterly,Jul-Sep,,"WPR (Worker Population Ratio, in per cent)",45.9,percent,urban,person,15 years and above,,,,,all_roles,workforce_baseline_only,false,"2025 survey redesign: do not concatenate pre/post redesign as homogeneous series; empty dimensions mean publisher unspecified, not all",data/raw/public_labour/public-labour-20261001-v2/data_f2_i2_y0.json,https://api.mospi.gov.in/api/plfs/getData?indicator_code=2&frequency_code=2&gender_code=3&age_code=1&sector_code=2&limit=200&page=1&state_code=16
mospi_plfs_api,Maharashtra,state,2019,,Quarterly,Oct-Dec,,"WPR (Worker Population Ratio, in per cent)",46.4,percent,urban,person,15 years and above,,,,,all_roles,workforce_baseline_only,false,"2025 survey redesign: do not concatenate pre/post redesign as homogeneous series; empty dimensions mean publisher unspecified, not all",data/raw/public_labour/public-labour-20261001-v2/data_f2_i2_y0.json,https://api.mospi.gov.in/api/plfs/getData?indicator_code=2&frequency_code=2&gender_code=3&age_code=1&sector_code=2&limit=200&page=1&state_code=16
mospi_plfs_api,Maharashtra,state,2019,,Quarterly,Jan-Mar,,"WPR (Worker Population Ratio, in per cent)",44.3,percent,urban,person,15 years and above,,,,,all_roles,workforce_baseline_only,false,"2025 survey redesign: do not concatenate pre/post redesign as homogeneous series; empty dimensions mean publisher unspecified, not all",data/raw/public_labour/public-labour-20261001-v2/data_f2_i2_y0.json,https://api.mospi.gov.in/api/plfs/getData?indicator_code=2&frequency_code=2&gender_code=3&age_code=1&sector_code=2&limit=200&page=1&state_code=16
mospi_plfs_api,Maharashtra,state,2019,,Quarterly,Apr-Jun,,"WPR (Worker Population Ratio, in per cent)",44.1,percent,urban,person,15 years and above,,,,,all_roles,workforce_baseline_only,false,"2025 survey redesign: do not concatenate pre/post redesign as homogeneous series; empty dimensions mean publisher unspecified, not all",data/raw/public_labour/public-labour-20261001-v2/data_f2_i2_y0.json,https://api.mospi.gov.in/api/plfs/getData?indicator_code=2&frequency_code=2&gender_code=3&age_code=1&sector_code=2&limit=200&page=1&state_code=16
mospi_plfs_api,Maharashtra,state,2020,,Quarterly,Jan-Mar,,"WPR (Worker Population Ratio, in per cent)",46.0,percent,urban,person,15 years and above,,,,,all_roles,workforce_baseline_only,false,"2025 survey redesign: do not concatenate pre/post redesign as homogeneous series; empty dimensions mean publisher unspecified, not all",data/raw/public_labour/public-labour-20261001-v2/data_f2_i2_y0.json,https://api.mospi.gov.in/api/plfs/getData?indicator_code=2&frequency_code=2&gender_code=3&age_code=1&sector_code=2&limit=200&page=1&state_code=16
mospi_plfs_api,Maharashtra,state,2020,,Quarterly,Apr-Jun,,"WPR (Worker Population Ratio, in per cent)",29.8,percent,urban,person,15 years and above,,,,,all_roles,workforce_baseline_only,false,"2025 survey redesign: do not concatenate pre/post redesign as homogeneous series; empty dimensions mean publisher unspecified, not all",data/raw/public_labour/public-labour-20261001-v2/data_f2_i2_y0.json,https://api.mospi.gov.in/api/plfs/getData?indicator_code=2&frequency_code=2&gender_code=3&age_code=1&sector_code=2&limit=200&page=1&state_code=16
mospi_plfs_api,Maharashtra,state,2020,,Quarterly,Jul-Sep,,"WPR (Worker Population Ratio, in per cent)",37.2,percent,urban,person,15 years and above,,,,,all_roles,workforce_baseline_only,false,"2025 survey redesign: do not concatenate pre/post redesign as homogeneous series; empty dimensions mean publisher unspecified, not all",data/raw/public_labour/public-labour-20261001-v2/data_f2_i2_y0.json,https://api.mospi.gov.in/api/plfs/getData?indicator_code=2&frequency_code=2&gender_code=3&age_code=1&sector_code=2&limit=200&page=1&state_code=16
mospi_plfs_api,Maharashtra,state,2020,,Quarterly,Oct-Dec,,"WPR (Worker Population Ratio, in per cent)",37.4,percent,urban,person,15 years and above,,,,,all_roles,workforce_baseline_only,false,"2025 survey redesign: do not concatenate pre/post redesign as homogeneous series; empty dimensions mean publisher unspecified, not all",data/raw/public_labour/public-labour-20261001-v2/data_f2_i2_y0.json,https://api.mospi.gov.in/api/plfs/getData?indicator_code=2&frequency_code=2&gender_code=3&age_code=1&sector_code=2&limit=200&page=1&state_code=16
mospi_plfs_api,Maharashtra,state,2021,,Quarterly,Jan-Mar,,"WPR (Worker Population Ratio, in per cent)",39.1,percent,urban,person,15 years and above,,,,,all_roles,workforce_baseline_only,false,"2025 survey redesign: do not concatenate pre/post redesign as homogeneous series; empty dimensions mean publisher unspecified, not all",data/raw/public_labour/public-labour-20261001-v2/data_f2_i2_y0.json,https://api.mospi.gov.in/api/plfs/getData?indicator_code=2&frequency_code=2&gender_code=3&age_code=1&sector_code=2&limit=200&page=1&state_code=16
mospi_plfs_api,Maharashtra,state,2021,,Quarterly,Apr-Jun,,"WPR (Worker Population Ratio, in per cent)",39.2,percent,urban,person,15 years and above,,,,,all_roles,workforce_baseline_only,false,"2025 survey redesign: do not concatenate pre/post redesign as homogeneous series; empty dimensions mean publisher unspecified, not all",data/raw/public_labour/public-labour-20261001-v2/data_f2_i2_y0.json,https://api.mospi.gov.in/api/plfs/getData?indicator_code=2&frequency_code=2&gender_code=3&age_code=1&sector_code=2&limit=200&page=1&state_code=16
mospi_plfs_api,Maharashtra,state,2021,,Quarterly,Jul-Sep,,"WPR (Worker Population Ratio, in per cent)",39.6,percent,urban,person,15 years and above,,,,,all_roles,workforce_baseline_only,false,"2025 survey redesign: do not concatenate pre/post redesign as homogeneous series; empty dimensions mean publisher unspecified, not all",data/raw/public_labour/public-labour-20261001-v2/data_f2_i2_y0.json,https://api.mospi.gov.in/api/plfs/getData?indicator_code=2&frequency_code=2&gender_code=3&age_code=1&sector_code=2&limit=200&page=1&state_code=16
mospi_plfs_api,Maharashtra,state,2021,,Quarterly,Oct-Dec,,"WPR (Worker Population Ratio, in per cent)",42.0,percent,urban,person,15 years and above,,,,,all_roles,workforce_baseline_only,false,"2025 survey redesign: do not concatenate pre/post redesign as homogeneous series; empty dimensions mean publisher unspecified, not all",data/raw/public_labour/public-labour-20261001-v2/data_f2_i2_y0.json,https://api.mospi.gov.in/api/plfs/getData?indicator_code=2&frequency_code=2&gender_code=3&age_code=1&sector_code=2&limit=200&page=1&state_code=16
mospi_plfs_api,Maharashtra,state,2022,,Quarterly,Jan-Mar,,"WPR (Worker Population Ratio, in per cent)",42.3,percent,urban,person,15 years and above,,,,,all_roles,workforce_baseline_only,false,"2025 survey redesign: do not concatenate pre/post redesign as homogeneous series; empty dimensions mean publisher unspecified, not all",data/raw/public_labour/public-labour-20261001-v2/data_f2_i2_y0.json,https://api.mospi.gov.in/api/plfs/getData?indicator_code=2&frequency_code=2&gender_code=3&age_code=1&sector_code=2&limit=200&page=1&state_code=16
mospi_plfs_api,Maharashtra,state,2022,,Quarterly,Apr-Jun,,"WPR (Worker Population Ratio, in per cent)",41.2,percent,urban,person,15 years and above,,,,,all_roles,workforce_baseline_only,false,"2025 survey redesign: do not concatenate pre/post redesign as homogeneous series; empty dimensions mean publisher unspecified, not all",data/raw/public_labour/public-labour-20261001-v2/data_f2_i2_y0.json,https://api.mospi.gov.in/api/plfs/getData?indicator_code=2&frequency_code=2&gender_code=3&age_code=1&sector_code=2&limit=200&page=1&state_code=16
mospi_plfs_api,Maharashtra,state,2022,,Quarterly,Jul-Sep,,"WPR (Worker Population Ratio, in per cent)",42.8,percent,urban,person,15 years and above,,,,,all_roles,workforce_baseline_only,false,"2025 survey redesign: do not concatenate pre/post redesign as homogeneous series; empty dimensions mean publisher unspecified, not all",data/raw/public_labour/public-labour-20261001-v2/data_f2_i2_y0.json,https://api.mospi.gov.in/api/plfs/getData?indicator_code=2&frequency_code=2&gender_code=3&age_code=1&sector_code=2&limit=200&page=1&state_code=16
mospi_plfs_api,Maharashtra,state,2022,,Quarterly,Oct-Dec,,"WPR (Worker Population Ratio, in per cent)",43.0,percent,urban,person,15 years and above,,,,,all_roles,workforce_baseline_only,false,"2025 survey redesign: do not concatenate pre/post redesign as homogeneous series; empty dimensions mean publisher unspecified, not all",data/raw/public_labour/public-labour-20261001-v2/data_f2_i2_y0.json,https://api.mospi.gov.in/api/plfs/getData?indicator_code=2&frequency_code=2&gender_code=3&age_code=1&sector_code=2&limit=200&page=1&state_code=16
mospi_plfs_api,Maharashtra,state,2023,,Quarterly,Jan-Mar,,"WPR (Worker Population Ratio, in per cent)",44.4,percent,urban,person,15 years and above,,,,,all_roles,workforce_baseline_only,false,"2025 survey redesign: do not concatenate pre/post redesign as homogeneous series; empty dimensions mean publisher unspecified, not all",data/raw/public_labour/public-labour-20261001-v2/data_f2_i2_y0.json,https://api.mospi.gov.in/api/plfs/getData?indicator_code=2&frequency_code=2&gender_code=3&age_code=1&sector_code=2&limit=200&page=1&state_code=16
mospi_plfs_api,Maharashtra,state,2023,,Quarterly,Apr-Jun,,"WPR (Worker Population Ratio, in per cent)",44.9,percent,urban,person,15 years and above,,,,,all_roles,workforce_baseline_only,false,"2025 survey redesign: do not concatenate pre/post redesign as homogeneous series; empty dimensions mean publisher unspecified, not all",data/raw/public_labour/public-labour-20261001-v2/data_f2_i2_y0.json,https://api.mospi.gov.in/api/plfs/getData?indicator_code=2&frequency_code=2&gender_code=3&age_code=1&sector_code=2&limit=200&page=1&state_code=16
mospi_plfs_api,Maharashtra,state,2023,,Quarterly,Jul-Sep,,"WPR (Worker Population Ratio, in per cent)",46.2,percent,urban,person,15 years and above,,,,,all_roles,workforce_baseline_only,false,"2025 survey redesign: do not concatenate pre/post redesign as homogeneous series; empty dimensions mean publisher unspecified, not all",data/raw/public_labour/public-labour-20261001-v2/data_f2_i2_y0.json,https://api.mospi.gov.in/api/plfs/getData?indicator_code=2&frequency_code=2&gender_code=3&age_code=1&sector_code=2&limit=200&page=1&state_code=16
mospi_plfs_api,Maharashtra,state,2023,,Quarterly,Oct-Dec,,"WPR (Worker Population Ratio, in per cent)",46.8,percent,urban,person,15 years and above,,,,,all_roles,workforce_baseline_only,false,"2025 survey redesign: do not concatenate pre/post redesign as homogeneous series; empty dimensions mean publisher unspecified, not all",data/raw/public_labour/public-labour-20261001-v2/data_f2_i2_y0.json,https://api.mospi.gov.in/api/plfs/getData?indicator_code=2&frequency_code=2&gender_code=3&age_code=1&sector_code=2&limit=200&page=1&state_code=16
mospi_plfs_api,Maharashtra,state,2024,,Quarterly,Jan-Mar,,"WPR (Worker Population Ratio, in per cent)",47.0,percent,urban,person,15 years and above,,,,,all_roles,workforce_baseline_only,false,"2025 survey redesign: do not concatenate pre/post redesign as homogeneous series; empty dimensions mean publisher unspecified, not all",data/raw/public_labour/public-labour-20261001-v2/data_f2_i2_y0.json,https://api.mospi.gov.in/api/plfs/getData?indicator_code=2&frequency_code=2&gender_code=3&age_code=1&sector_code=2&limit=200&page=1&state_code=16
mospi_plfs_api,Maharashtra,state,2024,,Quarterly,Apr-Jun,,"WPR (Worker Population Ratio, in per cent)",47.0,percent,urban,person,15 years and above,,,,,all_roles,workforce_baseline_only,false,"2025 survey redesign: do not concatenate pre/post redesign as homogeneous series; empty dimensions mean publisher unspecified, not all",data/raw/public_labour/public-labour-20261001-v2/data_f2_i2_y0.json,https://api.mospi.gov.in/api/plfs/getData?indicator_code=2&frequency_code=2&gender_code=3&age_code=1&sector_code=2&limit=200&page=1&state_code=16
mospi_plfs_api,Maharashtra,state,2024,,Quarterly,Jul-Sep,,"WPR (Worker Population Ratio, in per cent)",45.6,percent,urban,person,15 years and above,,,,,all_roles,workforce_baseline_only,false,"2025 survey redesign: do not concatenate pre/post redesign as homogeneous series; empty dimensions mean publisher unspecified, not all",data/raw/public_labour/public-labour-20261001-v2/data_f2_i2_y0.json,https://api.mospi.gov.in/api/plfs/getData?indicator_code=2&frequency_code=2&gender_code=3&age_code=1&sector_code=2&limit=200&page=1&state_code=16
mospi_plfs_api,Maharashtra,state,2024,,Quarterly,Oct-Dec,,"WPR (Worker Population Ratio, in per cent)",45.6,percent,urban,person,15 years and above,,,,,all_roles,workforce_baseline_only,false,"2025 survey redesign: do not concatenate pre/post redesign as homogeneous series; empty dimensions mean publisher unspecified, not all",data/raw/public_labour/public-labour-20261001-v2/data_f2_i2_y0.json,https://api.mospi.gov.in/api/plfs/getData?indicator_code=2&frequency_code=2&gender_code=3&age_code=1&sector_code=2&limit=200&page=1&state_code=16
mospi_plfs_api,Maharashtra,state,2025,,Quarterly,Jul-Sep,,"WPR (Worker Population Ratio, in per cent)",47.3,percent,urban,person,15 years and above,,,,,all_roles,workforce_baseline_only,false,"2025 survey redesign: do not concatenate pre/post redesign as homogeneous series; empty dimensions mean publisher unspecified, not all",data/raw/public_labour/public-labour-20261001-v2/data_f2_i2_y0.json,https://api.mospi.gov.in/api/plfs/getData?indicator_code=2&frequency_code=2&gender_code=3&age_code=1&sector_code=2&limit=200&page=1&state_code=16
mospi_plfs_api,Maharashtra,state,2025,,Quarterly,Oct-Dec,,"WPR (Worker Population Ratio, in per cent)",46.9,percent,urban,person,15 years and above,,,,,all_roles,workforce_baseline_only,false,"2025 survey redesign: do not concatenate pre/post redesign as homogeneous series; empty dimensions mean publisher unspecified, not all",data/raw/public_labour/public-labour-20261001-v2/data_f2_i2_y0.json,https://api.mospi.gov.in/api/plfs/getData?indicator_code=2&frequency_code=2&gender_code=3&age_code=1&sector_code=2&limit=200&page=1&state_code=16
mospi_plfs_api,Maharashtra,state,2025,,Quarterly,Apr-Jun,,"WPR (Worker Population Ratio, in per cent)",45.4,percent,urban,person,15 years and above,,,,,all_roles,workforce_baseline_only,false,"2025 survey redesign: do not concatenate pre/post redesign as homogeneous series; empty dimensions mean publisher unspecified, not all",data/raw/public_labour/public-labour-20261001-v2/data_f2_i2_y0.json,https://api.mospi.gov.in/api/plfs/getData?indicator_code=2&frequency_code=2&gender_code=3&age_code=1&sector_code=2&limit=200&page=1&state_code=16
mospi_plfs_api,Maharashtra,state,2026,,Quarterly,Jan-Mar,,"WPR (Worker Population Ratio, in per cent)",47.7,percent,urban,person,15 years and above,,,,,all_roles,workforce_baseline_only,false,"2025 survey redesign: do not concatenate pre/post redesign as homogeneous series; empty dimensions mean publisher unspecified, not all",data/raw/public_labour/public-labour-20261001-v2/data_f2_i2_y0.json,https://api.mospi.gov.in/api/plfs/getData?indicator_code=2&frequency_code=2&gender_code=3&age_code=1&sector_code=2&limit=200&page=1&state_code=16
mospi_plfs_api,Maharashtra,state,2026,,Quarterly,Apr-Jun,,"WPR (Worker Population Ratio, in per cent)",47.6,percent,urban,person,15 years and above,,,,,all_roles,workforce_baseline_only,false,"2025 survey redesign: do not concatenate pre/post redesign as homogeneous series; empty dimensions mean publisher unspecified, not all",data/raw/public_labour/public-labour-20261001-v2/data_f2_i2_y0.json,https://api.mospi.gov.in/api/plfs/getData?indicator_code=2&frequency_code=2&gender_code=3&age_code=1&sector_code=2&limit=200&page=1&state_code=16
mospi_plfs_api,Maharashtra,state,2018,,Quarterly,Apr-Jun,,"UR (Unemployment Rate, in per cent)",8.9,percent,urban,person,15 years and above,,,,,all_roles,workforce_baseline_only,false,"2025 survey redesign: do not concatenate pre/post redesign as homogeneous series; empty dimensions mean publisher unspecified, not all",data/raw/public_labour/public-labour-20261001-v2/data_f2_i3_y0.json,https://api.mospi.gov.in/api/plfs/getData?indicator_code=3&frequency_code=2&gender_code=3&age_code=1&sector_code=2&limit=200&page=1&state_code=16
mospi_plfs_api,Maharashtra,state,2018,,Quarterly,Jul-Sep,,"UR (Unemployment Rate, in per cent)",9.9,percent,urban,person,15 years and above,,,,,all_roles,workforce_baseline_only,false,"2025 survey redesign: do not concatenate pre/post redesign as homogeneous series; empty dimensions mean publisher unspecified, not all",data/raw/public_labour/public-labour-20261001-v2/data_f2_i3_y0.json,https://api.mospi.gov.in/api/plfs/getData?indicator_code=3&frequency_code=2&gender_code=3&age_code=1&sector_code=2&limit=200&page=1&state_code=16
mospi_plfs_api,Maharashtra,state,2018,,Quarterly,Oct-Dec,,"UR (Unemployment Rate, in per cent)",9.6,percent,urban,person,15 years and above,,,,,all_roles,workforce_baseline_only,false,"2025 survey redesign: do not concatenate pre/post redesign as homogeneous series; empty dimensions mean publisher unspecified, not all",data/raw/public_labour/public-labour-20261001-v2/data_f2_i3_y0.json,https://api.mospi.gov.in/api/plfs/getData?indicator_code=3&frequency_code=2&gender_code=3&age_code=1&sector_code=2&limit=200&page=1&state_code=16
mospi_plfs_api,Maharashtra,state,2019,,Quarterly,Jul-Sep,,"UR (Unemployment Rate, in per cent)",5.8,percent,urban,person,15 years and above,,,,,all_roles,workforce_baseline_only,false,"2025 survey redesign: do not concatenate pre/post redesign as homogeneous series; empty dimensions mean publisher unspecified, not all",data/raw/public_labour/public-labour-20261001-v2/data_f2_i3_y0.json,https://api.mospi.gov.in/api/plfs/getData?indicator_code=3&frequency_code=2&gender_code=3&age_code=1&sector_code=2&limit=200&page=1&state_code=16
mospi_plfs_api,Maharashtra,state,2019,,Quarterly,Oct-Dec,,"UR (Unemployment Rate, in per cent)",5.5,percent,urban,person,15 years and above,,,,,all_roles,workforce_baseline_only,false,"2025 survey redesign: do not concatenate pre/post redesign as homogeneous series; empty dimensions mean publisher unspecified, not all",data/raw/public_labour/public-labour-20261001-v2/data_f2_i3_y0.json,https://api.mospi.gov.in/api/plfs/getData?indicator_code=3&frequency_code=2&gender_code=3&age_code=1&sector_code=2&limit=200&page=1&state_code=16
mospi_plfs_api,Maharashtra,state,2019,,Quarterly,Jan-Mar,,"UR (Unemployment Rate, in per cent)",8.3,percent,urban,person,15 years and above,,,,,all_roles,workforce_baseline_only,false,"2025 survey redesign: do not concatenate pre/post redesign as homogeneous series; empty dimensions mean publisher unspecified, not all",data/raw/public_labour/public-labour-20261001-v2/data_f2_i3_y0.json,https://api.mospi.gov.in/api/plfs/getData?indicator_code=3&frequency_code=2&gender_code=3&age_code=1&sector_code=2&limit=200&page=1&state_code=16
mospi_plfs_api,Maharashtra,state,2019,,Quarterly,Apr-Jun,,"UR (Unemployment Rate, in per cent)",14.6,percent,urban,person,15 years and above,,,,,all_roles,workforce_baseline_only,false,"2025 survey redesign: do not concatenate pre/post redesign as homogeneous series; empty dimensions mean publisher unspecified, not all",data/raw/public_labour/public-labour-20261001-v2/data_f2_i3_y0.json,https://api.mospi.gov.in/api/plfs/getData?indicator_code=3&frequency_code=2&gender_code=3&age_code=1&sector_code=2&limit=200&page=1&state_code=16
mospi_plfs_api,Maharashtra,state,2020,,Quarterly,Jan-Mar,,"UR (Unemployment Rate, in per cent)",6.2,percent,urban,person,15 years and above,,,,,all_roles,workforce_baseline_only,false,"2025 survey redesign: do not concatenate pre/post redesign as homogeneous series; empty dimensions mean publisher unspecified, not all",data/raw/public_labour/public-labour-20261001-v2/data_f2_i3_y0.json,https://api.mospi.gov.in/api/plfs/getData?indicator_code=3&frequency_code=2&gender_code=3&age_code=1&sector_code=2&limit=200&page=1&state_code=16
mospi_plfs_api,Maharashtra,state,2020,,Quarterly,Apr-Jun,,"UR (Unemployment Rate, in per cent)",35.5,percent,urban,person,15 years and above,,,,,all_roles,workforce_baseline_only,false,"2025 survey redesign: do not concatenate pre/post redesign as homogeneous series; empty dimensions mean publisher unspecified, not all",data/raw/public_labour/public-labour-20261001-v2/data_f2_i3_y0.json,https://api.mospi.gov.in/api/plfs/getData?indicator_code=3&frequency_code=2&gender_code=3&age_code=1&sector_code=2&limit=200&page=1&state_code=16
mospi_plfs_api,Maharashtra,state,2020,,Quarterly,Jul-Sep,,"UR (Unemployment Rate, in per cent)",22.6,percent,urban,person,15 years and above,,,,,all_roles,workforce_baseline_only,false,"2025 survey redesign: do not concatenate pre/post redesign as homogeneous series; empty dimensions mean publisher unspecified, not all",data/raw/public_labour/public-labour-20261001-v2/data_f2_i3_y0.json,https://api.mospi.gov.in/api/plfs/getData?indicator_code=3&frequency_code=2&gender_code=3&age_code=1&sector_code=2&limit=200&page=1&state_code=16
mospi_plfs_api,Maharashtra,state,2020,,Quarterly,Oct-Dec,,"UR (Unemployment Rate, in per cent)",15.1,percent,urban,person,15 years and above,,,,,all_roles,workforce_baseline_only,false,"2025 survey redesign: do not concatenate pre/post redesign as homogeneous series; empty dimensions mean publisher unspecified, not all",data/raw/public_labour/public-labour-20261001-v2/data_f2_i3_y0.json,https://api.mospi.gov.in/api/plfs/getData?indicator_code=3&frequency_code=2&gender_code=3&age_code=1&sector_code=2&limit=200&page=1&state_code=16
mospi_plfs_api,Maharashtra,state,2021,,Quarterly,Jan-Mar,,"UR (Unemployment Rate, in per cent)",13.7,percent,urban,person,15 years and above,,,,,all_roles,workforce_baseline_only,false,"2025 survey redesign: do not concatenate pre/post redesign as homogeneous series; empty dimensions mean publisher unspecified, not all",data/raw/public_labour/public-labour-20261001-v2/data_f2_i3_y0.json,https://api.mospi.gov.in/api/plfs/getData?indicator_code=3&frequency_code=2&gender_code=3&age_code=1&sector_code=2&limit=200&page=1&state_code=16
mospi_plfs_api,Maharashtra,state,2021,,Quarterly,Apr-Jun,,"UR (Unemployment Rate, in per cent)",14.3,percent,urban,person,15 years and above,,,,,all_roles,workforce_baseline_only,false,"2025 survey redesign: do not concatenate pre/post redesign as homogeneous series; empty dimensions mean publisher unspecified, not all",data/raw/public_labour/public-labour-20261001-v2/data_f2_i3_y0.json,https://api.mospi.gov.in/api/plfs/getData?indicator_code=3&frequency_code=2&gender_code=3&age_code=1&sector_code=2&limit=200&page=1&state_code=16
mospi_plfs_api,Maharashtra,state,2021,,Quarterly,Jul-Sep,,"UR (Unemployment Rate, in per cent)",14.6,percent,urban,person,15 years and above,,,,,all_roles,workforce_baseline_only,false,"2025 survey redesign: do not concatenate pre/post redesign as homogeneous series; empty dimensions mean publisher unspecified, not all",data/raw/public_labour/public-labour-20261001-v2/data_f2_i3_y0.json,https://api.mospi.gov.in/api/plfs/getData?indicator_code=3&frequency_code=2&gender_code=3&age_code=1&sector_code=2&limit=200&page=1&state_code=16
mospi_plfs_api,Maharashtra,state,2021,,Quarterly,Oct-Dec,,"UR (Unemployment Rate, in per cent)",14.0,percent,urban,person,15 years and above,,,,,all_roles,workforce_baseline_only,false,"2025 survey redesign: do not concatenate pre/post redesign as homogeneous series; empty dimensions mean publisher unspecified, not all",data/raw/public_labour/public-labour-20261001-v2/data_f2_i3_y0.json,https://api.mospi.gov.in/api/plfs/getData?indicator_code=3&frequency_code=2&gender_code=3&age_code=1&sector_code=2&limit=200&page=1&state_code=16
mospi_plfs_api,Maharashtra,state,2022,,Quarterly,Jan-Mar,,"UR (Unemployment Rate, in per cent)",12.6,percent,urban,person,15 years and above,,,,,all_roles,workforce_baseline_only,false,"2025 survey redesign: do not concatenate pre/post redesign as homogeneous series; empty dimensions mean publisher unspecified, not all",data/raw/public_labour/public-labour-20261001-v2/data_f2_i3_y0.json,https://api.mospi.gov.in/api/plfs/getData?indicator_code=3&frequency_code=2&gender_code=3&age_code=1&sector_code=2&limit=200&page=1&state_code=16
mospi_plfs_api,Maharashtra,state,2022,,Quarterly,Apr-Jun,,"UR (Unemployment Rate, in per cent)",11.4,percent,urban,person,15 years and above,,,,,all_roles,workforce_baseline_only,false,"2025 survey redesign: do not concatenate pre/post redesign as homogeneous series; empty dimensions mean publisher unspecified, not all",data/raw/public_labour/public-labour-20261001-v2/data_f2_i3_y0.json,https://api.mospi.gov.in/api/plfs/getData?indicator_code=3&frequency_code=2&gender_code=3&age_code=1&sector_code=2&limit=200&page=1&state_code=16
mospi_plfs_api,Maharashtra,state,2022,,Quarterly,Jul-Sep,,"UR (Unemployment Rate, in per cent)",10.1,percent,urban,person,15 years and above,,,,,all_roles,workforce_baseline_only,false,"2025 survey redesign: do not concatenate pre/post redesign as homogeneous series; empty dimensions mean publisher unspecified, not all",data/raw/public_labour/public-labour-20261001-v2/data_f2_i3_y0.json,https://api.mospi.gov.in/api/plfs/getData?indicator_code=3&frequency_code=2&gender_code=3&age_code=1&sector_code=2&limit=200&page=1&state_code=16
mospi_plfs_api,Maharashtra,state,2022,,Quarterly,Oct-Dec,,"UR (Unemployment Rate, in per cent)",9.8,percent,urban,person,15 years and above,,,,,all_roles,workforce_baseline_only,false,"2025 survey redesign: do not concatenate pre/post redesign as homogeneous series; empty dimensions mean publisher unspecified, not all",data/raw/public_labour/public-labour-20261001-v2/data_f2_i3_y0.json,https://api.mospi.gov.in/api/plfs/getData?indicator_code=3&frequency_code=2&gender_code=3&age_code=1&sector_code=2&limit=200&page=1&state_code=16
mospi_plfs_api,Maharashtra,state,2023,,Quarterly,Jan-Mar,,"UR (Unemployment Rate, in per cent)",7.7,percent,urban,person,15 years and above,,,,,all_roles,workforce_baseline_only,false,"2025 survey redesign: do not concatenate pre/post redesign as homogeneous series; empty dimensions mean publisher unspecified, not all",data/raw/public_labour/public-labour-20261001-v2/data_f2_i3_y0.json,https://api.mospi.gov.in/api/plfs/getData?indicator_code=3&frequency_code=2&gender_code=3&age_code=1&sector_code=2&limit=200&page=1&state_code=16
mospi_plfs_api,Maharashtra,state,2023,,Quarterly,Apr-Jun,,"UR (Unemployment Rate, in per cent)",6.7,percent,urban,person,15 years and above,,,,,all_roles,workforce_baseline_only,false,"2025 survey redesign: do not concatenate pre/post redesign as homogeneous series; empty dimensions mean publisher unspecified, not all",data/raw/public_labour/public-labour-20261001-v2/data_f2_i3_y0.json,https://api.mospi.gov.in/api/plfs/getData?indicator_code=3&frequency_code=2&gender_code=3&age_code=1&sector_code=2&limit=200&page=1&state_code=16
mospi_plfs_api,Maharashtra,state,2023,,Quarterly,Jul-Sep,,"UR (Unemployment Rate, in per cent)",5.9,percent,urban,person,15 years and above,,,,,all_roles,workforce_baseline_only,false,"2025 survey redesign: do not concatenate pre/post redesign as homogeneous series; empty dimensions mean publisher unspecified, not all",data/raw/public_labour/public-labour-20261001-v2/data_f2_i3_y0.json,https://api.mospi.gov.in/api/plfs/getData?indicator_code=3&frequency_code=2&gender_code=3&age_code=1&sector_code=2&limit=200&page=1&state_code=16
mospi_plfs_api,Maharashtra,state,2023,,Quarterly,Oct-Dec,,"UR (Unemployment Rate, in per cent)",7.1,percent,urban,person,15 years and above,,,,,all_roles,workforce_baseline_only,false,"2025 survey redesign: do not concatenate pre/post redesign as homogeneous series; empty dimensions mean publisher unspecified, not all",data/raw/public_labour/public-labour-20261001-v2/data_f2_i3_y0.json,https://api.mospi.gov.in/api/plfs/getData?indicator_code=3&frequency_code=2&gender_code=3&age_code=1&sector_code=2&limit=200&page=1&state_code=16
mospi_plfs_api,Maharashtra,state,2024,,Quarterly,Jan-Mar,,"UR (Unemployment Rate, in per cent)",7.7,percent,urban,person,15 years and above,,,,,all_roles,workforce_baseline_only,false,"2025 survey redesign: do not concatenate pre/post redesign as homogeneous series; empty dimensions mean publisher unspecified, not all",data/raw/public_labour/public-labour-20261001-v2/data_f2_i3_y0.json,https://api.mospi.gov.in/api/plfs/getData?indicator_code=3&frequency_code=2&gender_code=3&age_code=1&sector_code=2&limit=200&page=1&state_code=16
mospi_plfs_api,Maharashtra,state,2024,,Quarterly,Apr-Jun,,"UR (Unemployment Rate, in per cent)",9.2,percent,urban,person,15 years and above,,,,,all_roles,workforce_baseline_only,false,"2025 survey redesign: do not concatenate pre/post redesign as homogeneous series; empty dimensions mean publisher unspecified, not all",data/raw/public_labour/public-labour-20261001-v2/data_f2_i3_y0.json,https://api.mospi.gov.in/api/plfs/getData?indicator_code=3&frequency_code=2&gender_code=3&age_code=1&sector_code=2&limit=200&page=1&state_code=16
mospi_plfs_api,Maharashtra,state,2024,,Quarterly,Jul-Sep,,"UR (Unemployment Rate, in per cent)",10.6,percent,urban,person,15 years and above,,,,,all_roles,workforce_baseline_only,false,"2025 survey redesign: do not concatenate pre/post redesign as homogeneous series; empty dimensions mean publisher unspecified, not all",data/raw/public_labour/public-labour-20261001-v2/data_f2_i3_y0.json,https://api.mospi.gov.in/api/plfs/getData?indicator_code=3&frequency_code=2&gender_code=3&age_code=1&sector_code=2&limit=200&page=1&state_code=16
mospi_plfs_api,Maharashtra,state,2024,,Quarterly,Oct-Dec,,"UR (Unemployment Rate, in per cent)",8.7,percent,urban,person,15 years and above,,,,,all_roles,workforce_baseline_only,false,"2025 survey redesign: do not concatenate pre/post redesign as homogeneous series; empty dimensions mean publisher unspecified, not all",data/raw/public_labour/public-labour-20261001-v2/data_f2_i3_y0.json,https://api.mospi.gov.in/api/plfs/getData?indicator_code=3&frequency_code=2&gender_code=3&age_code=1&sector_code=2&limit=200&page=1&state_code=16
mospi_plfs_api,Maharashtra,state,2025,,Quarterly,Jul-Sep,,"UR (Unemployment Rate, in per cent)",7.2,percent,urban,person,15 years and above,,,,,all_roles,workforce_baseline_only,false,"2025 survey redesign: do not concatenate pre/post redesign as homogeneous series; empty dimensions mean publisher unspecified, not all",data/raw/public_labour/public-labour-20261001-v2/data_f2_i3_y0.json,https://api.mospi.gov.in/api/plfs/getData?indicator_code=3&frequency_code=2&gender_code=3&age_code=1&sector_code=2&limit=200&page=1&state_code=16
mospi_plfs_api,Maharashtra,state,2025,,Quarterly,Oct-Dec,,"UR (Unemployment Rate, in per cent)",6.3,percent,urban,person,15 years and above,,,,,all_roles,workforce_baseline_only,false,"2025 survey redesign: do not concatenate pre/post redesign as homogeneous series; empty dimensions mean publisher unspecified, not all",data/raw/public_labour/public-labour-20261001-v2/data_f2_i3_y0.json,https://api.mospi.gov.in/api/plfs/getData?indicator_code=3&frequency_code=2&gender_code=3&age_code=1&sector_code=2&limit=200&page=1&state_code=16
mospi_plfs_api,Maharashtra,state,2025,,Quarterly,Apr-Jun,,"UR (Unemployment Rate, in per cent)",8.9,percent,urban,person,15 years and above,,,,,all_roles,workforce_baseline_only,false,"2025 survey redesign: do not concatenate pre/post redesign as homogeneous series; empty dimensions mean publisher unspecified, not all",data/raw/public_labour/public-labour-20261001-v2/data_f2_i3_y0.json,https://api.mospi.gov.in/api/plfs/getData?indicator_code=3&frequency_code=2&gender_code=3&age_code=1&sector_code=2&limit=200&page=1&state_code=16
mospi_plfs_api,Maharashtra,state,2026,,Quarterly,Jan-Mar,,"UR (Unemployment Rate, in per cent)",6.2,percent,urban,person,15 years and above,,,,,all_roles,workforce_baseline_only,false,"2025 survey redesign: do not concatenate pre/post redesign as homogeneous series; empty dimensions mean publisher unspecified, not all",data/raw/public_labour/public-labour-20261001-v2/data_f2_i3_y0.json,https://api.mospi.gov.in/api/plfs/getData?indicator_code=3&frequency_code=2&gender_code=3&age_code=1&sector_code=2&limit=200&page=1&state_code=16
mospi_plfs_api,Maharashtra,state,2026,,Quarterly,Apr-Jun,,"UR (Unemployment Rate, in per cent)",5.6,percent,urban,person,15 years and above,,,,,all_roles,workforce_baseline_only,false,"2025 survey redesign: do not concatenate pre/post redesign as homogeneous series; empty dimensions mean publisher unspecified, not all",data/raw/public_labour/public-labour-20261001-v2/data_f2_i3_y0.json,https://api.mospi.gov.in/api/plfs/getData?indicator_code=3&frequency_code=2&gender_code=3&age_code=1&sector_code=2&limit=200&page=1&state_code=16
mospi_plfs_api,All India,national,2025,,Monthly,,December,"LFPR (Labour Force Participation Rate, in per cent)",50.2,percent,urban,person,15 years and above,,,,,all_roles,workforce_baseline_only,false,"2025 survey redesign: do not concatenate pre/post redesign as homogeneous series; empty dimensions mean publisher unspecified, not all",data/raw/public_labour/public-labour-20261001-v2/data_f3_i1_y0.json,https://api.mospi.gov.in/api/plfs/getData?indicator_code=1&frequency_code=3&gender_code=3&age_code=1&sector_code=2&limit=200&page=1
mospi_plfs_api,All India,national,2025,,Monthly,,November,"LFPR (Labour Force Participation Rate, in per cent)",50.4,percent,urban,person,15 years and above,,,,,all_roles,workforce_baseline_only,false,"2025 survey redesign: do not concatenate pre/post redesign as homogeneous series; empty dimensions mean publisher unspecified, not all",data/raw/public_labour/public-labour-20261001-v2/data_f3_i1_y0.json,https://api.mospi.gov.in/api/plfs/getData?indicator_code=1&frequency_code=3&gender_code=3&age_code=1&sector_code=2&limit=200&page=1
mospi_plfs_api,All India,national,2025,,Monthly,,October,"LFPR (Labour Force Participation Rate, in per cent)",50.5,percent,urban,person,15 years and above,,,,,all_roles,workforce_baseline_only,false,"2025 survey redesign: do not concatenate pre/post redesign as homogeneous series; empty dimensions mean publisher unspecified, not all",data/raw/public_labour/public-labour-20261001-v2/data_f3_i1_y0.json,https://api.mospi.gov.in/api/plfs/getData?indicator_code=1&frequency_code=3&gender_code=3&age_code=1&sector_code=2&limit=200&page=1
mospi_plfs_api,All India,national,2025,,Monthly,,September,"LFPR (Labour Force Participation Rate, in per cent)",50.9,percent,urban,person,15 years and above,,,,,all_roles,workforce_baseline_only,false,"2025 survey redesign: do not concatenate pre/post redesign as homogeneous series; empty dimensions mean publisher unspecified, not all",data/raw/public_labour/public-labour-20261001-v2/data_f3_i1_y0.json,https://api.mospi.gov.in/api/plfs/getData?indicator_code=1&frequency_code=3&gender_code=3&age_code=1&sector_code=2&limit=200&page=1
mospi_plfs_api,All India,national,2025,,Monthly,,August,"LFPR (Labour Force Participation Rate, in per cent)",50.9,percent,urban,person,15 years and above,,,,,all_roles,workforce_baseline_only,false,"2025 survey redesign: do not concatenate pre/post redesign as homogeneous series; empty dimensions mean publisher unspecified, not all",data/raw/public_labour/public-labour-20261001-v2/data_f3_i1_y0.json,https://api.mospi.gov.in/api/plfs/getData?indicator_code=1&frequency_code=3&gender_code=3&age_code=1&sector_code=2&limit=200&page=1
mospi_plfs_api,All India,national,2025,,Monthly,,July,"LFPR (Labour Force Participation Rate, in per cent)",50.7,percent,urban,person,15 years and above,,,,,all_roles,workforce_baseline_only,false,"2025 survey redesign: do not concatenate pre/post redesign as homogeneous series; empty dimensions mean publisher unspecified, not all",data/raw/public_labour/public-labour-20261001-v2/data_f3_i1_y0.json,https://api.mospi.gov.in/api/plfs/getData?indicator_code=1&frequency_code=3&gender_code=3&age_code=1&sector_code=2&limit=200&page=1
mospi_plfs_api,All India,national,2025,,Monthly,,June,"LFPR (Labour Force Participation Rate, in per cent)",50.4,percent,urban,person,15 years and above,,,,,all_roles,workforce_baseline_only,false,"2025 survey redesign: do not concatenate pre/post redesign as homogeneous series; empty dimensions mean publisher unspecified, not all",data/raw/public_labour/public-labour-20261001-v2/data_f3_i1_y0.json,https://api.mospi.gov.in/api/plfs/getData?indicator_code=1&frequency_code=3&gender_code=3&age_code=1&sector_code=2&limit=200&page=1
mospi_plfs_api,All India,national,2025,,Monthly,,May,"LFPR (Labour Force Participation Rate, in per cent)",50.4,percent,urban,person,15 years and above,,,,,all_roles,workforce_baseline_only,false,"2025 survey redesign: do not concatenate pre/post redesign as homogeneous series; empty dimensions mean publisher unspecified, not all",data/raw/public_labour/public-labour-20261001-v2/data_f3_i1_y0.json,https://api.mospi.gov.in/api/plfs/getData?indicator_code=1&frequency_code=3&gender_code=3&age_code=1&sector_code=2&limit=200&page=1
mospi_plfs_api,All India,national,2025,,Monthly,,April,"LFPR (Labour Force Participation Rate, in per cent)",50.7,percent,urban,person,15 years and above,,,,,all_roles,workforce_baseline_only,false,"2025 survey redesign: do not concatenate pre/post redesign as homogeneous series; empty dimensions mean publisher unspecified, not all",data/raw/public_labour/public-labour-20261001-v2/data_f3_i1_y0.json,https://api.mospi.gov.in/api/plfs/getData?indicator_code=1&frequency_code=3&gender_code=3&age_code=1&sector_code=2&limit=200&page=1
mospi_plfs_api,All India,national,2026,,Monthly,,August,"LFPR (Labour Force Participation Rate, in per cent)",50.4,percent,urban,person,15 years and above,,,,,all_roles,workforce_baseline_only,false,"2025 survey redesign: do not concatenate pre/post redesign as homogeneous series; empty dimensions mean publisher unspecified, not all",data/raw/public_labour/public-labour-20261001-v2/data_f3_i1_y0.json,https://api.mospi.gov.in/api/plfs/getData?indicator_code=1&frequency_code=3&gender_code=3&age_code=1&sector_code=2&limit=200&page=1
mospi_plfs_api,All India,national,2026,,Monthly,,July,"LFPR (Labour Force Participation Rate, in per cent)",50.4,percent,urban,person,15 years and above,,,,,all_roles,workforce_baseline_only,false,"2025 survey redesign: do not concatenate pre/post redesign as homogeneous series; empty dimensions mean publisher unspecified, not all",data/raw/public_labour/public-labour-20261001-v2/data_f3_i1_y0.json,https://api.mospi.gov.in/api/plfs/getData?indicator_code=1&frequency_code=3&gender_code=3&age_code=1&sector_code=2&limit=200&page=1
mospi_plfs_api,All India,national,2026,,Monthly,,June,"LFPR (Labour Force Participation Rate, in per cent)",50.1,percent,urban,person,15 years and above,,,,,all_roles,workforce_baseline_only,false,"2025 survey redesign: do not concatenate pre/post redesign as homogeneous series; empty dimensions mean publisher unspecified, not all",data/raw/public_labour/public-labour-20261001-v2/data_f3_i1_y0.json,https://api.mospi.gov.in/api/plfs/getData?indicator_code=1&frequency_code=3&gender_code=3&age_code=1&sector_code=2&limit=200&page=1
mospi_plfs_api,All India,national,2026,,Monthly,,May,"LFPR (Labour Force Participation Rate, in per cent)",49.8,percent,urban,person,15 years and above,,,,,all_roles,workforce_baseline_only,false,"2025 survey redesign: do not concatenate pre/post redesign as homogeneous series; empty dimensions mean publisher unspecified, not all",data/raw/public_labour/public-labour-20261001-v2/data_f3_i1_y0.json,https://api.mospi.gov.in/api/plfs/getData?indicator_code=1&frequency_code=3&gender_code=3&age_code=1&sector_code=2&limit=200&page=1
mospi_plfs_api,All India,national,2026,,Monthly,,April,"LFPR (Labour Force Participation Rate, in per cent)",50.1,percent,urban,person,15 years and above,,,,,all_roles,workforce_baseline_only,false,"2025 survey redesign: do not concatenate pre/post redesign as homogeneous series; empty dimensions mean publisher unspecified, not all",data/raw/public_labour/public-labour-20261001-v2/data_f3_i1_y0.json,https://api.mospi.gov.in/api/plfs/getData?indicator_code=1&frequency_code=3&gender_code=3&age_code=1&sector_code=2&limit=200&page=1
mospi_plfs_api,All India,national,2026,,Monthly,,March,"LFPR (Labour Force Participation Rate, in per cent)",50.3,percent,urban,person,15 years and above,,,,,all_roles,workforce_baseline_only,false,"2025 survey redesign: do not concatenate pre/post redesign as homogeneous series; empty dimensions mean publisher unspecified, not all",data/raw/public_labour/public-labour-20261001-v2/data_f3_i1_y0.json,https://api.mospi.gov.in/api/plfs/getData?indicator_code=1&frequency_code=3&gender_code=3&age_code=1&sector_code=2&limit=200&page=1
mospi_plfs_api,All India,national,2026,,Monthly,,February,"LFPR (Labour Force Participation Rate, in per cent)",50.4,percent,urban,person,15 years and above,,,,,all_roles,workforce_baseline_only,false,"2025 survey redesign: do not concatenate pre/post redesign as homogeneous series; empty dimensions mean publisher unspecified, not all",data/raw/public_labour/public-labour-20261001-v2/data_f3_i1_y0.json,https://api.mospi.gov.in/api/plfs/getData?indicator_code=1&frequency_code=3&gender_code=3&age_code=1&sector_code=2&limit=200&page=1
mospi_plfs_api,All India,national,2026,,Monthly,,January,"LFPR (Labour Force Participation Rate, in per cent)",50.3,percent,urban,person,15 years and above,,,,,all_roles,workforce_baseline_only,false,"2025 survey redesign: do not concatenate pre/post redesign as homogeneous series; empty dimensions mean publisher unspecified, not all",data/raw/public_labour/public-labour-20261001-v2/data_f3_i1_y0.json,https://api.mospi.gov.in/api/plfs/getData?indicator_code=1&frequency_code=3&gender_code=3&age_code=1&sector_code=2&limit=200&page=1
mospi_plfs_api,All India,national,2025,,Monthly,,December,"WPR (Worker Population Ratio, in per cent)",46.8,percent,urban,person,15 years and above,,,,,all_roles,workforce_baseline_only,false,"2025 survey redesign: do not concatenate pre/post redesign as homogeneous series; empty dimensions mean publisher unspecified, not all",data/raw/public_labour/public-labour-20261001-v2/data_f3_i2_y0.json,https://api.mospi.gov.in/api/plfs/getData?indicator_code=2&frequency_code=3&gender_code=3&age_code=1&sector_code=2&limit=200&page=1
mospi_plfs_api,All India,national,2025,,Monthly,,November,"WPR (Worker Population Ratio, in per cent)",47.1,percent,urban,person,15 years and above,,,,,all_roles,workforce_baseline_only,false,"2025 survey redesign: do not concatenate pre/post redesign as homogeneous series; empty dimensions mean publisher unspecified, not all",data/raw/public_labour/public-labour-20261001-v2/data_f3_i2_y0.json,https://api.mospi.gov.in/api/plfs/getData?indicator_code=2&frequency_code=3&gender_code=3&age_code=1&sector_code=2&limit=200&page=1
mospi_plfs_api,All India,national,2025,,Monthly,,October,"WPR (Worker Population Ratio, in per cent)",47.0,percent,urban,person,15 years and above,,,,,all_roles,workforce_baseline_only,false,"2025 survey redesign: do not concatenate pre/post redesign as homogeneous series; empty dimensions mean publisher unspecified, not all",data/raw/public_labour/public-labour-20261001-v2/data_f3_i2_y0.json,https://api.mospi.gov.in/api/plfs/getData?indicator_code=2&frequency_code=3&gender_code=3&age_code=1&sector_code=2&limit=200&page=1
mospi_plfs_api,All India,national,2025,,Monthly,,September,"WPR (Worker Population Ratio, in per cent)",47.4,percent,urban,person,15 years and above,,,,,all_roles,workforce_baseline_only,false,"2025 survey redesign: do not concatenate pre/post redesign as homogeneous series; empty dimensions mean publisher unspecified, not all",data/raw/public_labour/public-labour-20261001-v2/data_f3_i2_y0.json,https://api.mospi.gov.in/api/plfs/getData?indicator_code=2&frequency_code=3&gender_code=3&age_code=1&sector_code=2&limit=200&page=1
mospi_plfs_api,All India,national,2025,,Monthly,,August,"WPR (Worker Population Ratio, in per cent)",47.5,percent,urban,person,15 years and above,,,,,all_roles,workforce_baseline_only,false,"2025 survey redesign: do not concatenate pre/post redesign as homogeneous series; empty dimensions mean publisher unspecified, not all",data/raw/public_labour/public-labour-20261001-v2/data_f3_i2_y0.json,https://api.mospi.gov.in/api/plfs/getData?indicator_code=2&frequency_code=3&gender_code=3&age_code=1&sector_code=2&limit=200&page=1
mospi_plfs_api,All India,national,2025,,Monthly,,July,"WPR (Worker Population Ratio, in per cent)",47.0,percent,urban,person,15 years and above,,,,,all_roles,workforce_baseline_only,false,"2025 survey redesign: do not concatenate pre/post redesign as homogeneous series; empty dimensions mean publisher unspecified, not all",data/raw/public_labour/public-labour-20261001-v2/data_f3_i2_y0.json,https://api.mospi.gov.in/api/plfs/getData?indicator_code=2&frequency_code=3&gender_code=3&age_code=1&sector_code=2&limit=200&page=1
mospi_plfs_api,All India,national,2025,,Monthly,,June,"WPR (Worker Population Ratio, in per cent)",46.8,percent,urban,person,15 years and above,,,,,all_roles,workforce_baseline_only,false,"2025 survey redesign: do not concatenate pre/post redesign as homogeneous series; empty dimensions mean publisher unspecified, not all",data/raw/public_labour/public-labour-20261001-v2/data_f3_i2_y0.json,https://api.mospi.gov.in/api/plfs/getData?indicator_code=2&frequency_code=3&gender_code=3&age_code=1&sector_code=2&limit=200&page=1
mospi_plfs_api,All India,national,2025,,Monthly,,May,"WPR (Worker Population Ratio, in per cent)",46.9,percent,urban,person,15 years and above,,,,,all_roles,workforce_baseline_only,false,"2025 survey redesign: do not concatenate pre/post redesign as homogeneous series; empty dimensions mean publisher unspecified, not all",data/raw/public_labour/public-labour-20261001-v2/data_f3_i2_y0.json,https://api.mospi.gov.in/api/plfs/getData?indicator_code=2&frequency_code=3&gender_code=3&age_code=1&sector_code=2&limit=200&page=1
mospi_plfs_api,All India,national,2025,,Monthly,,April,"WPR (Worker Population Ratio, in per cent)",47.4,percent,urban,person,15 years and above,,,,,all_roles,workforce_baseline_only,false,"2025 survey redesign: do not concatenate pre/post redesign as homogeneous series; empty dimensions mean publisher unspecified, not all",data/raw/public_labour/public-labour-20261001-v2/data_f3_i2_y0.json,https://api.mospi.gov.in/api/plfs/getData?indicator_code=2&frequency_code=3&gender_code=3&age_code=1&sector_code=2&limit=200&page=1
mospi_plfs_api,All India,national,2026,,Monthly,,August,"WPR (Worker Population Ratio, in per cent)",47.0,percent,urban,person,15 years and above,,,,,all_roles,workforce_baseline_only,false,"2025 survey redesign: do not concatenate pre/post redesign as homogeneous series; empty dimensions mean publisher unspecified, not all",data/raw/public_labour/public-labour-20261001-v2/data_f3_i2_y0.json,https://api.mospi.gov.in/api/plfs/getData?indicator_code=2&frequency_code=3&gender_code=3&age_code=1&sector_code=2&limit=200&page=1
mospi_plfs_api,All India,national,2026,,Monthly,,July,"WPR (Worker Population Ratio, in per cent)",47.0,percent,urban,person,15 years and above,,,,,all_roles,workforce_baseline_only,false,"2025 survey redesign: do not concatenate pre/post redesign as homogeneous series; empty dimensions mean publisher unspecified, not all",data/raw/public_labour/public-labour-20261001-v2/data_f3_i2_y0.json,https://api.mospi.gov.in/api/plfs/getData?indicator_code=2&frequency_code=3&gender_code=3&age_code=1&sector_code=2&limit=200&page=1
mospi_plfs_api,All India,national,2026,,Monthly,,June,"WPR (Worker Population Ratio, in per cent)",46.8,percent,urban,person,15 years and above,,,,,all_roles,workforce_baseline_only,false,"2025 survey redesign: do not concatenate pre/post redesign as homogeneous series; empty dimensions mean publisher unspecified, not all",data/raw/public_labour/public-labour-20261001-v2/data_f3_i2_y0.json,https://api.mospi.gov.in/api/plfs/getData?indicator_code=2&frequency_code=3&gender_code=3&age_code=1&sector_code=2&limit=200&page=1
mospi_plfs_api,All India,national,2026,,Monthly,,May,"WPR (Worker Population Ratio, in per cent)",46.6,percent,urban,person,15 years and above,,,,,all_roles,workforce_baseline_only,false,"2025 survey redesign: do not concatenate pre/post redesign as homogeneous series; empty dimensions mean publisher unspecified, not all",data/raw/public_labour/public-labour-20261001-v2/data_f3_i2_y0.json,https://api.mospi.gov.in/api/plfs/getData?indicator_code=2&frequency_code=3&gender_code=3&age_code=1&sector_code=2&limit=200&page=1
mospi_plfs_api,All India,national,2026,,Monthly,,April,"WPR (Worker Population Ratio, in per cent)",46.8,percent,urban,person,15 years and above,,,,,all_roles,workforce_baseline_only,false,"2025 survey redesign: do not concatenate pre/post redesign as homogeneous series; empty dimensions mean publisher unspecified, not all",data/raw/public_labour/public-labour-20261001-v2/data_f3_i2_y0.json,https://api.mospi.gov.in/api/plfs/getData?indicator_code=2&frequency_code=3&gender_code=3&age_code=1&sector_code=2&limit=200&page=1
mospi_plfs_api,All India,national,2026,,Monthly,,March,"WPR (Worker Population Ratio, in per cent)",46.8,percent,urban,person,15 years and above,,,,,all_roles,workforce_baseline_only,false,"2025 survey redesign: do not concatenate pre/post redesign as homogeneous series; empty dimensions mean publisher unspecified, not all",data/raw/public_labour/public-labour-20261001-v2/data_f3_i2_y0.json,https://api.mospi.gov.in/api/plfs/getData?indicator_code=2&frequency_code=3&gender_code=3&age_code=1&sector_code=2&limit=200&page=1
mospi_plfs_api,All India,national,2026,,Monthly,,February,"WPR (Worker Population Ratio, in per cent)",47.0,percent,urban,person,15 years and above,,,,,all_roles,workforce_baseline_only,false,"2025 survey redesign: do not concatenate pre/post redesign as homogeneous series; empty dimensions mean publisher unspecified, not all",data/raw/public_labour/public-labour-20261001-v2/data_f3_i2_y0.json,https://api.mospi.gov.in/api/plfs/getData?indicator_code=2&frequency_code=3&gender_code=3&age_code=1&sector_code=2&limit=200&page=1
mospi_plfs_api,All India,national,2026,,Monthly,,January,"WPR (Worker Population Ratio, in per cent)",46.8,percent,urban,person,15 years and above,,,,,all_roles,workforce_baseline_only,false,"2025 survey redesign: do not concatenate pre/post redesign as homogeneous series; empty dimensions mean publisher unspecified, not all",data/raw/public_labour/public-labour-20261001-v2/data_f3_i2_y0.json,https://api.mospi.gov.in/api/plfs/getData?indicator_code=2&frequency_code=3&gender_code=3&age_code=1&sector_code=2&limit=200&page=1
mospi_plfs_api,All India,national,2025,,Monthly,,December,"UR (Unemployment Rate, in per cent)",6.7,percent,urban,person,15 years and above,,,,,all_roles,workforce_baseline_only,false,"2025 survey redesign: do not concatenate pre/post redesign as homogeneous series; empty dimensions mean publisher unspecified, not all",data/raw/public_labour/public-labour-20261001-v2/data_f3_i3_y0.json,https://api.mospi.gov.in/api/plfs/getData?indicator_code=3&frequency_code=3&gender_code=3&age_code=1&sector_code=2&limit=200&page=1
mospi_plfs_api,All India,national,2025,,Monthly,,November,"UR (Unemployment Rate, in per cent)",6.5,percent,urban,person,15 years and above,,,,,all_roles,workforce_baseline_only,false,"2025 survey redesign: do not concatenate pre/post redesign as homogeneous series; empty dimensions mean publisher unspecified, not all",data/raw/public_labour/public-labour-20261001-v2/data_f3_i3_y0.json,https://api.mospi.gov.in/api/plfs/getData?indicator_code=3&frequency_code=3&gender_code=3&age_code=1&sector_code=2&limit=200&page=1
mospi_plfs_api,All India,national,2025,,Monthly,,October,"UR (Unemployment Rate, in per cent)",7.0,percent,urban,person,15 years and above,,,,,all_roles,workforce_baseline_only,false,"2025 survey redesign: do not concatenate pre/post redesign as homogeneous series; empty dimensions mean publisher unspecified, not all",data/raw/public_labour/public-labour-20261001-v2/data_f3_i3_y0.json,https://api.mospi.gov.in/api/plfs/getData?indicator_code=3&frequency_code=3&gender_code=3&age_code=1&sector_code=2&limit=200&page=1
mospi_plfs_api,All India,national,2025,,Monthly,,September,"UR (Unemployment Rate, in per cent)",6.8,percent,urban,person,15 years and above,,,,,all_roles,workforce_baseline_only,false,"2025 survey redesign: do not concatenate pre/post redesign as homogeneous series; empty dimensions mean publisher unspecified, not all",data/raw/public_labour/public-labour-20261001-v2/data_f3_i3_y0.json,https://api.mospi.gov.in/api/plfs/getData?indicator_code=3&frequency_code=3&gender_code=3&age_code=1&sector_code=2&limit=200&page=1
mospi_plfs_api,All India,national,2025,,Monthly,,August,"UR (Unemployment Rate, in per cent)",6.7,percent,urban,person,15 years and above,,,,,all_roles,workforce_baseline_only,false,"2025 survey redesign: do not concatenate pre/post redesign as homogeneous series; empty dimensions mean publisher unspecified, not all",data/raw/public_labour/public-labour-20261001-v2/data_f3_i3_y0.json,https://api.mospi.gov.in/api/plfs/getData?indicator_code=3&frequency_code=3&gender_code=3&age_code=1&sector_code=2&limit=200&page=1
mospi_plfs_api,All India,national,2025,,Monthly,,July,"UR (Unemployment Rate, in per cent)",7.2,percent,urban,person,15 years and above,,,,,all_roles,workforce_baseline_only,false,"2025 survey redesign: do not concatenate pre/post redesign as homogeneous series; empty dimensions mean publisher unspecified, not all",data/raw/public_labour/public-labour-20261001-v2/data_f3_i3_y0.json,https://api.mospi.gov.in/api/plfs/getData?indicator_code=3&frequency_code=3&gender_code=3&age_code=1&sector_code=2&limit=200&page=1
mospi_plfs_api,All India,national,2025,,Monthly,,June,"UR (Unemployment Rate, in per cent)",7.1,percent,urban,person,15 years and above,,,,,all_roles,workforce_baseline_only,false,"2025 survey redesign: do not concatenate pre/post redesign as homogeneous series; empty dimensions mean publisher unspecified, not all",data/raw/public_labour/public-labour-20261001-v2/data_f3_i3_y0.json,https://api.mospi.gov.in/api/plfs/getData?indicator_code=3&frequency_code=3&gender_code=3&age_code=1&sector_code=2&limit=200&page=1
mospi_plfs_api,All India,national,2025,,Monthly,,May,"UR (Unemployment Rate, in per cent)",6.9,percent,urban,person,15 years and above,,,,,all_roles,workforce_baseline_only,false,"2025 survey redesign: do not concatenate pre/post redesign as homogeneous series; empty dimensions mean publisher unspecified, not all",data/raw/public_labour/public-labour-20261001-v2/data_f3_i3_y0.json,https://api.mospi.gov.in/api/plfs/getData?indicator_code=3&frequency_code=3&gender_code=3&age_code=1&sector_code=2&limit=200&page=1
mospi_plfs_api,All India,national,2025,,Monthly,,April,"UR (Unemployment Rate, in per cent)",6.5,percent,urban,person,15 years and above,,,,,all_roles,workforce_baseline_only,false,"2025 survey redesign: do not concatenate pre/post redesign as homogeneous series; empty dimensions mean publisher unspecified, not all",data/raw/public_labour/public-labour-20261001-v2/data_f3_i3_y0.json,https://api.mospi.gov.in/api/plfs/getData?indicator_code=3&frequency_code=3&gender_code=3&age_code=1&sector_code=2&limit=200&page=1
mospi_plfs_api,All India,national,2026,,Monthly,,August,"UR (Unemployment Rate, in per cent)",6.8,percent,urban,person,15 years and above,,,,,all_roles,workforce_baseline_only,false,"2025 survey redesign: do not concatenate pre/post redesign as homogeneous series; empty dimensions mean publisher unspecified, not all",data/raw/public_labour/public-labour-20261001-v2/data_f3_i3_y0.json,https://api.mospi.gov.in/api/plfs/getData?indicator_code=3&frequency_code=3&gender_code=3&age_code=1&sector_code=2&limit=200&page=1
mospi_plfs_api,All India,national,2026,,Monthly,,July,"UR (Unemployment Rate, in per cent)",6.7,percent,urban,person,15 years and above,,,,,all_roles,workforce_baseline_only,false,"2025 survey redesign: do not concatenate pre/post redesign as homogeneous series; empty dimensions mean publisher unspecified, not all",data/raw/public_labour/public-labour-20261001-v2/data_f3_i3_y0.json,https://api.mospi.gov.in/api/plfs/getData?indicator_code=3&frequency_code=3&gender_code=3&age_code=1&sector_code=2&limit=200&page=1
mospi_plfs_api,All India,national,2026,,Monthly,,June,"UR (Unemployment Rate, in per cent)",6.6,percent,urban,person,15 years and above,,,,,all_roles,workforce_baseline_only,false,"2025 survey redesign: do not concatenate pre/post redesign as homogeneous series; empty dimensions mean publisher unspecified, not all",data/raw/public_labour/public-labour-20261001-v2/data_f3_i3_y0.json,https://api.mospi.gov.in/api/plfs/getData?indicator_code=3&frequency_code=3&gender_code=3&age_code=1&sector_code=2&limit=200&page=1
mospi_plfs_api,All India,national,2026,,Monthly,,May,"UR (Unemployment Rate, in per cent)",6.4,percent,urban,person,15 years and above,,,,,all_roles,workforce_baseline_only,false,"2025 survey redesign: do not concatenate pre/post redesign as homogeneous series; empty dimensions mean publisher unspecified, not all",data/raw/public_labour/public-labour-20261001-v2/data_f3_i3_y0.json,https://api.mospi.gov.in/api/plfs/getData?indicator_code=3&frequency_code=3&gender_code=3&age_code=1&sector_code=2&limit=200&page=1
mospi_plfs_api,All India,national,2026,,Monthly,,April,"UR (Unemployment Rate, in per cent)",6.6,percent,urban,person,15 years and above,,,,,all_roles,workforce_baseline_only,false,"2025 survey redesign: do not concatenate pre/post redesign as homogeneous series; empty dimensions mean publisher unspecified, not all",data/raw/public_labour/public-labour-20261001-v2/data_f3_i3_y0.json,https://api.mospi.gov.in/api/plfs/getData?indicator_code=3&frequency_code=3&gender_code=3&age_code=1&sector_code=2&limit=200&page=1
mospi_plfs_api,All India,national,2026,,Monthly,,March,"UR (Unemployment Rate, in per cent)",6.8,percent,urban,person,15 years and above,,,,,all_roles,workforce_baseline_only,false,"2025 survey redesign: do not concatenate pre/post redesign as homogeneous series; empty dimensions mean publisher unspecified, not all",data/raw/public_labour/public-labour-20261001-v2/data_f3_i3_y0.json,https://api.mospi.gov.in/api/plfs/getData?indicator_code=3&frequency_code=3&gender_code=3&age_code=1&sector_code=2&limit=200&page=1
mospi_plfs_api,All India,national,2026,,Monthly,,February,"UR (Unemployment Rate, in per cent)",6.6,percent,urban,person,15 years and above,,,,,all_roles,workforce_baseline_only,false,"2025 survey redesign: do not concatenate pre/post redesign as homogeneous series; empty dimensions mean publisher unspecified, not all",data/raw/public_labour/public-labour-20261001-v2/data_f3_i3_y0.json,https://api.mospi.gov.in/api/plfs/getData?indicator_code=3&frequency_code=3&gender_code=3&age_code=1&sector_code=2&limit=200&page=1
mospi_plfs_api,All India,national,2026,,Monthly,,January,"UR (Unemployment Rate, in per cent)",7.0,percent,urban,person,15 years and above,,,,,all_roles,workforce_baseline_only,false,"2025 survey redesign: do not concatenate pre/post redesign as homogeneous series; empty dimensions mean publisher unspecified, not all",data/raw/public_labour/public-labour-20261001-v2/data_f3_i3_y0.json,https://api.mospi.gov.in/api/plfs/getData?indicator_code=3&frequency_code=3&gender_code=3&age_code=1&sector_code=2&limit=200&page=1
