id,name,org,number,pacing,start,start_type,end,enrollment_start,enrollment_end,effort,hidden,invitation_only,source_url,quality_flag,recommendation_status
course-v1:123+79877+1691430093,test course 123,123,79877,instructor,2030-01-01T05:30:00+05:30,empty,,,,,False,False,https://courses.skillindiadigital.gov.in/api/courses/v1/courses/?page_size=100,live_catalogue_changed_during_pagination;seats_and_certification_not_verified;test_or_demo_candidate,requires_provider_and_availability_review
course-v1:3KeyFactorsConsultantsPrivateLimited+72247+1721922274,Parts of Abacus,3KeyFactorsConsultantsPrivateLimited,72247,instructor,2030-01-01T05:30:00+05:30,empty,,,,,False,False,https://courses.skillindiadigital.gov.in/api/courses/v1/courses/?page_size=100,live_catalogue_changed_during_pagination;seats_and_certification_not_verified,requires_provider_and_availability_review
course-v1:AadisarvtraMultiversePrivateLimited+41063+1708196967,Power supply,AadisarvtraMultiversePrivateLimited,41063,instructor,2030-01-01T05:30:00+05:30,empty,,,,,False,False,https://courses.skillindiadigital.gov.in/api/courses/v1/courses/?page_size=100,live_catalogue_changed_during_pagination;seats_and_certification_not_verified,requires_provider_and_availability_review
course-v1:AadiSpiritualWorldLlp+25671+1767169596,Touch Therapy,AadiSpiritualWorldLlp,25671,instructor,2025-12-31T13:57:48.518000+05:30,timestamp,,,,,False,False,https://courses.skillindiadigital.gov.in/api/courses/v1/courses/?page_size=100,live_catalogue_changed_during_pagination;seats_and_certification_not_verified,requires_provider_and_availability_review
course-v1:AbrainChildDevelopmentPrivateLimited+17516+1762237849,Behavioural Therapy Course,AbrainChildDevelopmentPrivateLimited,17516,instructor,2025-11-04T12:01:21.711000+05:30,timestamp,,,,,False,False,https://courses.skillindiadigital.gov.in/api/courses/v1/courses/?page_size=100,live_catalogue_changed_during_pagination;seats_and_certification_not_verified,requires_provider_and_availability_review
course-v1:AcclaimGlobalEducationIndiaPrivateLimited+62598+1746178647,Future-Proof Your Career with AI Essentials,AcclaimGlobalEducationIndiaPrivateLimited,62598,instructor,2025-05-02T15:24:25.513000+05:30,timestamp,,,,,False,False,https://courses.skillindiadigital.gov.in/api/courses/v1/courses/?page_size=100,live_catalogue_changed_during_pagination;seats_and_certification_not_verified,requires_provider_and_availability_review
course-v1:AcentHighSoftTechnologiesPrivateLimited+87544+1769681386,INTERNATIONAL GENERAL DUTY ASSISTANT,AcentHighSoftTechnologiesPrivateLimited,87544,instructor,2026-01-29T15:42:31.931000+05:30,timestamp,,,,,False,False,https://courses.skillindiadigital.gov.in/api/courses/v1/courses/?page_size=100,live_catalogue_changed_during_pagination;seats_and_certification_not_verified,requires_provider_and_availability_review
course-v1:AcharyaInstituteForInnovationAndTransformation+18700+1731065751,ARM,AcharyaInstituteForInnovationAndTransformation,18700,instructor,2030-01-01T05:30:00+05:30,empty,,,,,False,False,https://courses.skillindiadigital.gov.in/api/courses/v1/courses/?page_size=100,live_catalogue_changed_during_pagination;seats_and_certification_not_verified,requires_provider_and_availability_review
course-v1:AcharyaInstituteForInnovationAndTransformation+48173+1731065181,ARM,AcharyaInstituteForInnovationAndTransformation,48173,instructor,2030-01-01T05:30:00+05:30,empty,,,,,False,False,https://courses.skillindiadigital.gov.in/api/courses/v1/courses/?page_size=100,live_catalogue_changed_during_pagination;seats_and_certification_not_verified,requires_provider_and_availability_review
course-v1:AchieversSchoolOfAdvanceStudiesPrivateLimited+79356+1789476376,Introduction to Computer Scinece,AchieversSchoolOfAdvanceStudiesPrivateLimited,79356,instructor,2026-09-15T18:16:53.626000+05:30,timestamp,,,,,False,False,https://courses.skillindiadigital.gov.in/api/courses/v1/courses/?page_size=100,live_catalogue_changed_during_pagination;seats_and_certification_not_verified,requires_provider_and_availability_review
course-v1:AcsTechnologiesLimited+79286+1771598391,Introduction to Web Developer,AcsTechnologiesLimited,79286,instructor,2026-02-20T20:10:56.169000+05:30,timestamp,,,,,False,False,https://courses.skillindiadigital.gov.in/api/courses/v1/courses/?page_size=100,live_catalogue_changed_during_pagination;seats_and_certification_not_verified,requires_provider_and_availability_review
course-v1:AdvancedModularTechnology+47839+1771236564,General Duty Assistant,AdvancedModularTechnology,47839,instructor,2026-02-16T15:41:22.408000+05:30,timestamp,,,,,False,False,https://courses.skillindiadigital.gov.in/api/courses/v1/courses/?page_size=100,live_catalogue_changed_during_pagination;seats_and_certification_not_verified,requires_provider_and_availability_review
course-v1:AdvectSkillsPrivateLimited+76964+1717154855,Digital India,AdvectSkillsPrivateLimited,76964,instructor,2030-01-01T05:30:00+05:30,empty,,,,,False,False,https://courses.skillindiadigital.gov.in/api/courses/v1/courses/?page_size=100,live_catalogue_changed_during_pagination;seats_and_certification_not_verified,requires_provider_and_availability_review
course-v1:AgapeTechnoSolution+53051+1751437307,Certified montessori Course,AgapeTechnoSolution,53051,instructor,2025-07-02T11:52:49.834000+05:30,timestamp,,,,,False,False,https://courses.skillindiadigital.gov.in/api/courses/v1/courses/?page_size=100,live_catalogue_changed_during_pagination;seats_and_certification_not_verified,requires_provider_and_availability_review
course-v1:AgapeTechnoSolution+77248+1749528155,Preschool and Daycare Facilitator,AgapeTechnoSolution,77248,instructor,2025-06-10T09:33:36.300000+05:30,timestamp,,,,,False,False,https://courses.skillindiadigital.gov.in/api/courses/v1/courses/?page_size=100,live_catalogue_changed_during_pagination;seats_and_certification_not_verified,requires_provider_and_availability_review
course-v1:Agbsssgnttelecom+44862+1716730609,Emergency Medical Technician,Agbsssgnttelecom,44862,instructor,2024-07-08T16:00:00+05:30,timestamp,2025-07-08T22:30:00+05:30,,,,False,False,https://courses.skillindiadigital.gov.in/api/courses/v1/courses/?page_size=100,live_catalogue_changed_during_pagination;seats_and_certification_not_verified,requires_provider_and_availability_review
course-v1:AgmayTechnologiesPrivateLimited+47220+1753017494,Remote Pilot Training Certificate,AgmayTechnologiesPrivateLimited,47220,instructor,2025-07-20T18:48:52.998000+05:30,timestamp,,,,,False,False,https://courses.skillindiadigital.gov.in/api/courses/v1/courses/?page_size=100,live_catalogue_changed_during_pagination;seats_and_certification_not_verified,requires_provider_and_availability_review
course-v1:AgricultureSkillCouncilOfIndia+12158+1770893668,Precision Farming Technician,AgricultureSkillCouncilOfIndia,12158,instructor,2026-02-12T16:24:37.662000+05:30,timestamp,,,,,False,False,https://courses.skillindiadigital.gov.in/api/courses/v1/courses/?page_size=100,live_catalogue_changed_during_pagination;seats_and_certification_not_verified,requires_provider_and_availability_review
course-v1:AgricultureSkillCouncilOfIndia+22339+1750700491,Solar Pump Technician,AgricultureSkillCouncilOfIndia,22339,instructor,2025-06-23T23:11:42.336000+05:30,timestamp,,,,,False,False,https://courses.skillindiadigital.gov.in/api/courses/v1/courses/?page_size=100,live_catalogue_changed_during_pagination;seats_and_certification_not_verified,requires_provider_and_availability_review
course-v1:AgricultureSkillCouncilOfIndia+22909+1722503991,Pre-Screening Questions - Basics of Agri Commodity Market,AgricultureSkillCouncilOfIndia,22909,instructor,2030-01-01T05:30:00+05:30,empty,,,,,False,False,https://courses.skillindiadigital.gov.in/api/courses/v1/courses/?page_size=100,live_catalogue_changed_during_pagination;seats_and_certification_not_verified,requires_provider_and_availability_review
course-v1:AgricultureSkillCouncilOfIndia+23647+1707721044,Pre-Screening Questions - Bamboo Grower,AgricultureSkillCouncilOfIndia,23647,instructor,2030-01-01T05:30:00+05:30,empty,,,,,False,False,https://courses.skillindiadigital.gov.in/api/courses/v1/courses/?page_size=100,live_catalogue_changed_during_pagination;seats_and_certification_not_verified,requires_provider_and_availability_review
course-v1:AgricultureSkillCouncilOfIndia+26868+1786436231,Kisan Drone Operator,AgricultureSkillCouncilOfIndia,26868,instructor,2026-08-11T13:47:57.022000+05:30,timestamp,,,,,False,False,https://courses.skillindiadigital.gov.in/api/courses/v1/courses/?page_size=100,live_catalogue_changed_during_pagination;seats_and_certification_not_verified,requires_provider_and_availability_review
course-v1:AgricultureSkillCouncilOfIndia+28181+1774430279,Essentials of Mitigating GHG Emission in Fish Value Chain,AgricultureSkillCouncilOfIndia,28181,instructor,2026-03-25T14:49:00.838000+05:30,timestamp,,,,,False,False,https://courses.skillindiadigital.gov.in/api/courses/v1/courses/?page_size=100,live_catalogue_changed_during_pagination;seats_and_certification_not_verified,requires_provider_and_availability_review
course-v1:AgricultureSkillCouncilOfIndia+33721+1774421478,Solar Pump Technician,AgricultureSkillCouncilOfIndia,33721,instructor,2026-03-25T12:22:07.176000+05:30,timestamp,,,,,False,False,https://courses.skillindiadigital.gov.in/api/courses/v1/courses/?page_size=100,live_catalogue_changed_during_pagination;seats_and_certification_not_verified,requires_provider_and_availability_review
course-v1:AgricultureSkillCouncilOfIndia+36861+1774605577,Fundamentals of On-Farm Strategies to Mititgate Climate Risks,AgricultureSkillCouncilOfIndia,36861,instructor,2026-03-27T15:31:14.299000+05:30,timestamp,,,,,False,False,https://courses.skillindiadigital.gov.in/api/courses/v1/courses/?page_size=100,live_catalogue_changed_during_pagination;seats_and_certification_not_verified,requires_provider_and_availability_review
course-v1:AgricultureSkillCouncilOfIndia+37847+1774350534,Precision Farming Technician,AgricultureSkillCouncilOfIndia,37847,instructor,2026-03-24T16:49:15.641000+05:30,timestamp,,,,,False,False,https://courses.skillindiadigital.gov.in/api/courses/v1/courses/?page_size=100,live_catalogue_changed_during_pagination;seats_and_certification_not_verified,requires_provider_and_availability_review
course-v1:AgricultureSkillCouncilOfIndia+40979+1770901086,Satellite Data Analysis for Crop Management,AgricultureSkillCouncilOfIndia,40979,instructor,2026-02-12T18:31:07.182000+05:30,timestamp,,,,,False,False,https://courses.skillindiadigital.gov.in/api/courses/v1/courses/?page_size=100,live_catalogue_changed_during_pagination;seats_and_certification_not_verified,requires_provider_and_availability_review
course-v1:AgricultureSkillCouncilOfIndia+50918+1770896059,Precision Farming Technician,AgricultureSkillCouncilOfIndia,50918,instructor,2026-02-12T17:04:43.284000+05:30,timestamp,,,,,False,False,https://courses.skillindiadigital.gov.in/api/courses/v1/courses/?page_size=100,live_catalogue_changed_during_pagination;seats_and_certification_not_verified,requires_provider_and_availability_review
course-v1:AgricultureSkillCouncilOfIndia+50952+1774439828,Carbon Farming Practitioner,AgricultureSkillCouncilOfIndia,50952,instructor,2026-03-25T17:27:40.603000+05:30,timestamp,,,,,False,False,https://courses.skillindiadigital.gov.in/api/courses/v1/courses/?page_size=100,live_catalogue_changed_during_pagination;seats_and_certification_not_verified,requires_provider_and_availability_review
course-v1:AgricultureSkillCouncilOfIndia+51786+1774436120,Design and Construct Vertical Garden,AgricultureSkillCouncilOfIndia,51786,instructor,2026-03-25T16:25:42.311000+05:30,timestamp,,,,,False,False,https://courses.skillindiadigital.gov.in/api/courses/v1/courses/?page_size=100,live_catalogue_changed_during_pagination;seats_and_certification_not_verified,requires_provider_and_availability_review
course-v1:AgricultureSkillCouncilOfIndia+51915+1774426831,Practicing Agrivoltaic Farming,AgricultureSkillCouncilOfIndia,51915,instructor,2026-03-25T13:51:30.665000+05:30,timestamp,,,,,False,False,https://courses.skillindiadigital.gov.in/api/courses/v1/courses/?page_size=100,live_catalogue_changed_during_pagination;seats_and_certification_not_verified,requires_provider_and_availability_review
course-v1:AgricultureSkillCouncilOfIndia+54434+1774593822,Lives,AgricultureSkillCouncilOfIndia,54434,instructor,2026-03-27T12:13:49.564000+05:30,timestamp,,,,,False,False,https://courses.skillindiadigital.gov.in/api/courses/v1/courses/?page_size=100,live_catalogue_changed_during_pagination;seats_and_certification_not_verified,requires_provider_and_availability_review
course-v1:AgricultureSkillCouncilOfIndia+54811+1750162712,Solar Pump Technician,AgricultureSkillCouncilOfIndia,54811,instructor,2025-06-17T17:48:57.309000+05:30,timestamp,,,,,False,False,https://courses.skillindiadigital.gov.in/api/courses/v1/courses/?page_size=100,live_catalogue_changed_during_pagination;seats_and_certification_not_verified,requires_provider_and_availability_review
course-v1:AgricultureSkillCouncilOfIndia+57575+1771667273,Precision Farming Technician,AgricultureSkillCouncilOfIndia,57575,instructor,2026-02-21T15:27:25.880000+05:30,timestamp,,,,,False,False,https://courses.skillindiadigital.gov.in/api/courses/v1/courses/?page_size=100,live_catalogue_changed_during_pagination;seats_and_certification_not_verified,requires_provider_and_availability_review
course-v1:AgricultureSkillCouncilOfIndia+57737+1774507144,Livestock Green Management Promoter,AgricultureSkillCouncilOfIndia,57737,instructor,2026-03-26T12:09:39.126000+05:30,timestamp,,,,,False,False,https://courses.skillindiadigital.gov.in/api/courses/v1/courses/?page_size=100,live_catalogue_changed_during_pagination;seats_and_certification_not_verified,requires_provider_and_availability_review
course-v1:AgricultureSkillCouncilOfIndia+60680+1774432790,Satellite Data Analysis for Crop Management,AgricultureSkillCouncilOfIndia,60680,instructor,2026-03-25T15:30:27.123000+05:30,timestamp,,,,,False,False,https://courses.skillindiadigital.gov.in/api/courses/v1/courses/?page_size=100,live_catalogue_changed_during_pagination;seats_and_certification_not_verified,requires_provider_and_availability_review
course-v1:AgricultureSkillCouncilOfIndia+68042+1770890919,Precision Farming Technician,AgricultureSkillCouncilOfIndia,68042,instructor,2026-02-12T15:39:44.612000+05:30,timestamp,,,,,False,False,https://courses.skillindiadigital.gov.in/api/courses/v1/courses/?page_size=100,live_catalogue_changed_during_pagination;seats_and_certification_not_verified,requires_provider_and_availability_review
course-v1:AgricultureSkillCouncilOfIndia+68668+1774357960,Satellite Data Analysis for Crop Management,AgricultureSkillCouncilOfIndia,68668,instructor,2026-03-24T18:45:17.690000+05:30,timestamp,,,,,False,False,https://courses.skillindiadigital.gov.in/api/courses/v1/courses/?page_size=100,live_catalogue_changed_during_pagination;seats_and_certification_not_verified,requires_provider_and_availability_review
course-v1:AgricultureSkillCouncilOfIndia+70500+1774438170,Quality Assurance in Grain Storage,AgricultureSkillCouncilOfIndia,70500,instructor,2026-03-25T17:00:22.273000+05:30,timestamp,,,,,False,False,https://courses.skillindiadigital.gov.in/api/courses/v1/courses/?page_size=100,live_catalogue_changed_during_pagination;seats_and_certification_not_verified,requires_provider_and_availability_review
course-v1:AgricultureSkillCouncilOfIndia+70656+1750179171,Practicing Agrivoltaic Farming,AgricultureSkillCouncilOfIndia,70656,instructor,2025-06-17T22:23:26.359000+05:30,timestamp,,,,,False,False,https://courses.skillindiadigital.gov.in/api/courses/v1/courses/?page_size=100,live_catalogue_changed_during_pagination;seats_and_certification_not_verified,requires_provider_and_availability_review
course-v1:AgricultureSkillCouncilOfIndia+72607+1774504689,Livestock Green Management Promoter,AgricultureSkillCouncilOfIndia,72607,instructor,2026-03-26T11:28:25.655000+05:30,timestamp,,,,,False,False,https://courses.skillindiadigital.gov.in/api/courses/v1/courses/?page_size=100,live_catalogue_changed_during_pagination;seats_and_certification_not_verified,requires_provider_and_availability_review
course-v1:AgricultureSkillCouncilOfIndia+73855+1774598905,Livestock Green Management Promoter,AgricultureSkillCouncilOfIndia,73855,instructor,2026-03-27T13:39:01.002000+05:30,timestamp,,,,,False,False,https://courses.skillindiadigital.gov.in/api/courses/v1/courses/?page_size=100,live_catalogue_changed_during_pagination;seats_and_certification_not_verified,requires_provider_and_availability_review
course-v1:AgricultureSkillCouncilOfIndia+79598+1750180313,Essentials of Mitigating GHG Emission in Fish Value Chain,AgricultureSkillCouncilOfIndia,79598,instructor,2025-06-17T22:44:36.078000+05:30,timestamp,,,,,False,False,https://courses.skillindiadigital.gov.in/api/courses/v1/courses/?page_size=100,live_catalogue_changed_during_pagination;seats_and_certification_not_verified,requires_provider_and_availability_review
course-v1:AgricultureSkillCouncilOfIndia+80468+1774362917,Digital Agriculture Extension Promoter,AgricultureSkillCouncilOfIndia,80468,instructor,2026-03-24T20:08:37.724000+05:30,timestamp,,,,,False,False,https://courses.skillindiadigital.gov.in/api/courses/v1/courses/?page_size=100,live_catalogue_changed_during_pagination;seats_and_certification_not_verified,requires_provider_and_availability_review
course-v1:AgricultureSkillCouncilOfIndia+81107+1770899142,Digital Agriculture Extension Promoter,AgricultureSkillCouncilOfIndia,81107,instructor,2026-02-12T18:00:59.019000+05:30,timestamp,,,,,False,False,https://courses.skillindiadigital.gov.in/api/courses/v1/courses/?page_size=100,live_catalogue_changed_during_pagination;seats_and_certification_not_verified,requires_provider_and_availability_review
course-v1:AgricultureSkillCouncilOfIndia+92129+1770878122,Demo Course 12 Feb,AgricultureSkillCouncilOfIndia,92129,instructor,2026-02-12T12:05:40.536000+05:30,timestamp,,,,,False,False,https://courses.skillindiadigital.gov.in/api/courses/v1/courses/?page_size=100,live_catalogue_changed_during_pagination;seats_and_certification_not_verified;test_or_demo_candidate,requires_provider_and_availability_review
course-v1:AgricultureSkillCouncilOfIndia+95987+1770895480,Precision Farming Technician,AgricultureSkillCouncilOfIndia,95987,instructor,2026-02-12T16:54:54.933000+05:30,timestamp,,,,,False,False,https://courses.skillindiadigital.gov.in/api/courses/v1/courses/?page_size=100,live_catalogue_changed_during_pagination;seats_and_certification_not_verified,requires_provider_and_availability_review
course-v1:AgricultureSkillCouncilOfIndia+96858+1774352930,Precision Farming Technician,AgricultureSkillCouncilOfIndia,96858,instructor,2026-03-24T17:19:25.092000+05:30,timestamp,,,,,False,False,https://courses.skillindiadigital.gov.in/api/courses/v1/courses/?page_size=100,live_catalogue_changed_during_pagination;seats_and_certification_not_verified,requires_provider_and_availability_review
course-v1:Ai-gousiaMultiVenturesPrivateLimited+89460+1786124068,Certificate Course In AI,Ai-gousiaMultiVenturesPrivateLimited,89460,instructor,2026-08-07T23:05:11.660000+05:30,timestamp,,,,,False,False,https://courses.skillindiadigital.gov.in/api/courses/v1/courses/?page_size=100,live_catalogue_changed_during_pagination;seats_and_certification_not_verified,requires_provider_and_availability_review
course-v1:AimsMaritimeGlobalAcademyPrivateLimited+17056+1757745236,SEACHEFPLUS - Cookery Traning Classes,AimsMaritimeGlobalAcademyPrivateLimited,17056,instructor,2025-09-13T12:06:44.260000+05:30,timestamp,,,,,False,False,https://courses.skillindiadigital.gov.in/api/courses/v1/courses/?page_size=100,live_catalogue_changed_during_pagination;seats_and_certification_not_verified,requires_provider_and_availability_review
course-v1:AimsMaritimeGlobalAcademyPrivateLimited+42248+1758087016,Cook Culinary Training Program,AimsMaritimeGlobalAcademyPrivateLimited,42248,instructor,2025-09-17T11:01:05.323000+05:30,timestamp,,,,,False,False,https://courses.skillindiadigital.gov.in/api/courses/v1/courses/?page_size=100,live_catalogue_changed_during_pagination;seats_and_certification_not_verified,requires_provider_and_availability_review
course-v1:AirdivitUdanAcademyPrivateLimited+17308+1770731514,Kisan Drone Operator Course,AirdivitUdanAcademyPrivateLimited,17308,instructor,2026-02-10T19:23:05.256000+05:30,timestamp,,,,,False,False,https://courses.skillindiadigital.gov.in/api/courses/v1/courses/?page_size=100,live_catalogue_changed_during_pagination;seats_and_certification_not_verified,requires_provider_and_availability_review
course-v1:AirdivitUdanAcademyPrivateLimited+35193+1769601074,Diploma in Drone Management,AirdivitUdanAcademyPrivateLimited,35193,instructor,2026-01-28T17:21:49.600000+05:30,timestamp,,,,,False,False,https://courses.skillindiadigital.gov.in/api/courses/v1/courses/?page_size=100,live_catalogue_changed_during_pagination;seats_and_certification_not_verified,requires_provider_and_availability_review
course-v1:AirdivitUdanAcademyPrivateLimited+73617+1770717915,Airline Cargo Operations,AirdivitUdanAcademyPrivateLimited,73617,instructor,2026-02-10T15:35:54.566000+05:30,timestamp,,,,,False,False,https://courses.skillindiadigital.gov.in/api/courses/v1/courses/?page_size=100,live_catalogue_changed_during_pagination;seats_and_certification_not_verified,requires_provider_and_availability_review
course-v1:AitmcVenturesPrivateLimited+94458+1751691542,pilot,AitmcVenturesPrivateLimited,94458,instructor,2025-07-05T10:53:00.822000+05:30,timestamp,,,,,False,False,https://courses.skillindiadigital.gov.in/api/courses/v1/courses/?page_size=100,live_catalogue_changed_during_pagination;seats_and_certification_not_verified,requires_provider_and_availability_review
course-v1:AjazAahmed+99328+1727098888,DIPLOMA IN COMPUTER APPLICATION,AjazAahmed,99328,instructor,2030-01-01T05:30:00+05:30,empty,,,,,False,False,https://courses.skillindiadigital.gov.in/api/courses/v1/courses/?page_size=100,live_catalogue_changed_during_pagination;seats_and_certification_not_verified,requires_provider_and_availability_review
course-v1:AJINORAHGLOBALVENTURESLLP+41734+1695797146,IELTS Academic,AJINORAHGLOBALVENTURESLLP,41734,instructor,2023-09-01T05:30:00+05:30,timestamp,,,,,False,False,https://courses.skillindiadigital.gov.in/api/courses/v1/courses/?page_size=100,live_catalogue_changed_during_pagination;seats_and_certification_not_verified,requires_provider_and_availability_review
course-v1:AJINORAHGLOBALVENTURESLLP+42120+1695624503,IELTS GENERAL,AJINORAHGLOBALVENTURESLLP,42120,instructor,2023-09-01T05:30:00+05:30,timestamp,,,,,False,False,https://courses.skillindiadigital.gov.in/api/courses/v1/courses/?page_size=100,live_catalogue_changed_during_pagination;seats_and_certification_not_verified,requires_provider_and_availability_review
course-v1:AJINORAHGLOBALVENTURESLLP+54879+1691749964,Ajinorah(IELTS),AJINORAHGLOBALVENTURESLLP,54879,instructor,2030-01-01T05:30:00+05:30,empty,,,,,False,False,https://courses.skillindiadigital.gov.in/api/courses/v1/courses/?page_size=100,live_catalogue_changed_during_pagination;seats_and_certification_not_verified,requires_provider_and_availability_review
course-v1:AJINORAHGLOBALVENTURESLLP+56547+1697103433,CBT Nurse,AJINORAHGLOBALVENTURESLLP,56547,instructor,2023-10-01T05:30:00+05:30,timestamp,,,,,False,False,https://courses.skillindiadigital.gov.in/api/courses/v1/courses/?page_size=100,live_catalogue_changed_during_pagination;seats_and_certification_not_verified,requires_provider_and_availability_review
course-v1:AJINORAHGLOBALVENTURESLLP+94756+1693113299,OET NURSES,AJINORAHGLOBALVENTURESLLP,94756,instructor,2023-08-01T05:30:00+05:30,timestamp,,,,,False,False,https://courses.skillindiadigital.gov.in/api/courses/v1/courses/?page_size=100,live_catalogue_changed_during_pagination;seats_and_certification_not_verified,requires_provider_and_availability_review
course-v1:AkshEducationalWelfareSociety+75539+1786256241,resin art course,AkshEducationalWelfareSociety,75539,instructor,2026-08-09T11:49:30.157000+05:30,timestamp,,,,,False,False,https://courses.skillindiadigital.gov.in/api/courses/v1/courses/?page_size=100,live_catalogue_changed_during_pagination;seats_and_certification_not_verified,requires_provider_and_availability_review
course-v1:AllahabadUniversity+61847+1721624982,Basket Weaving,AllahabadUniversity,61847,instructor,2030-01-01T05:30:00+05:30,empty,,,,,False,False,https://courses.skillindiadigital.gov.in/api/courses/v1/courses/?page_size=100,live_catalogue_changed_during_pagination;seats_and_certification_not_verified,requires_provider_and_availability_review
course-v1:AlokKumar+62672+1705625182,Aadhar center,AlokKumar,62672,instructor,2030-01-01T05:30:00+05:30,empty,,,,,False,False,https://courses.skillindiadigital.gov.in/api/courses/v1/courses/?page_size=100,live_catalogue_changed_during_pagination;seats_and_certification_not_verified,requires_provider_and_availability_review
course-v1:AlphaTechSolutions+82859+1759305926,Digital Marketing,AlphaTechSolutions,82859,instructor,2025-10-01T13:36:39.498000+05:30,timestamp,,,,,False,False,https://courses.skillindiadigital.gov.in/api/courses/v1/courses/?page_size=100,live_catalogue_changed_during_pagination;seats_and_certification_not_verified,requires_provider_and_availability_review
course-v1:AmaravathiSoftwareInnovationsPrivateLimited+66667+1738401413,MERN Stack,AmaravathiSoftwareInnovationsPrivateLimited,66667,instructor,2025-02-01T15:03:21.014000+05:30,timestamp,,,,,False,False,https://courses.skillindiadigital.gov.in/api/courses/v1/courses/?page_size=100,live_catalogue_changed_during_pagination;seats_and_certification_not_verified,requires_provider_and_availability_review
course-v1:AmaravathiSoftwareInnovationsPrivateLimited+79980+1738390575,Cyber Security and Ethical Hacking,AmaravathiSoftwareInnovationsPrivateLimited,79980,instructor,2025-02-01T11:47:03.917000+05:30,timestamp,,,,,False,False,https://courses.skillindiadigital.gov.in/api/courses/v1/courses/?page_size=100,live_catalogue_changed_during_pagination;seats_and_certification_not_verified,requires_provider_and_availability_review
course-v1:AmitKhadiGramoudyogSansthan+44944+1721569528,Makeup,AmitKhadiGramoudyogSansthan,44944,instructor,2030-01-01T05:30:00+05:30,empty,,,,,False,False,https://courses.skillindiadigital.gov.in/api/courses/v1/courses/?page_size=100,live_catalogue_changed_during_pagination;seats_and_certification_not_verified,requires_provider_and_availability_review
course-v1:AnantyogalayaCarePrivateLimited+17208+1734231852,YOGA TRAINER,AnantyogalayaCarePrivateLimited,17208,instructor,2024-12-15T08:35:42.138000+05:30,timestamp,,,,,False,False,https://courses.skillindiadigital.gov.in/api/courses/v1/courses/?page_size=100,live_catalogue_changed_during_pagination;seats_and_certification_not_verified,requires_provider_and_availability_review
course-v1:AnantyogalayaCarePrivateLimited+68028+1719537564,YOGA WELLNESS INSTRUCTOR,AnantyogalayaCarePrivateLimited,68028,instructor,2024-07-01T16:30:00+05:30,timestamp,2024-09-30T20:30:00+05:30,,,,False,False,https://courses.skillindiadigital.gov.in/api/courses/v1/courses/?page_size=100,live_catalogue_changed_during_pagination;seats_and_certification_not_verified,requires_provider_and_availability_review
course-v1:AndhraUniversityIncubationCouncil+45769+1733730353,Teamcenter PLM Software - Siemens PLM,AndhraUniversityIncubationCouncil,45769,instructor,2024-12-09T13:16:12.827000+05:30,timestamp,,,,,False,False,https://courses.skillindiadigital.gov.in/api/courses/v1/courses/?page_size=100,live_catalogue_changed_during_pagination;seats_and_certification_not_verified,requires_provider_and_availability_review
course-v1:Anish+74812+1708441481,Koushal Mitra,Anish,74812,instructor,2030-01-01T05:30:00+05:30,empty,,,,,False,False,https://courses.skillindiadigital.gov.in/api/courses/v1/courses/?page_size=100,live_catalogue_changed_during_pagination;seats_and_certification_not_verified,requires_provider_and_availability_review
course-v1:Ankit+68678+1713517596,LLB,Ankit,68678,instructor,2030-01-01T05:30:00+05:30,empty,,,,,False,False,https://courses.skillindiadigital.gov.in/api/courses/v1/courses/?page_size=100,live_catalogue_changed_during_pagination;seats_and_certification_not_verified,requires_provider_and_availability_review
course-v1:AnshCareerConsultancyPrivateLimited+22309+1782831880,BFSI,AnshCareerConsultancyPrivateLimited,22309,instructor,2026-06-30T20:34:55.144000+05:30,timestamp,,,,,False,False,https://courses.skillindiadigital.gov.in/api/courses/v1/courses/?page_size=100,live_catalogue_changed_during_pagination;seats_and_certification_not_verified,requires_provider_and_availability_review
course-v1:AnubiDesigningInstitute+31979+1783950743,Tailoring,AnubiDesigningInstitute,31979,instructor,2026-07-13T19:22:54.496000+05:30,timestamp,,,,,False,False,https://courses.skillindiadigital.gov.in/api/courses/v1/courses/?page_size=100,live_catalogue_changed_during_pagination;seats_and_certification_not_verified,requires_provider_and_availability_review
course-v1:AnubiDesigningInstitute+57427+1783939539,Hand embroidery,AnubiDesigningInstitute,57427,instructor,2026-07-13T16:27:27.336000+05:30,timestamp,,,,,False,False,https://courses.skillindiadigital.gov.in/api/courses/v1/courses/?page_size=100,live_catalogue_changed_during_pagination;seats_and_certification_not_verified,requires_provider_and_availability_review
course-v1:AnubiDesigningInstitute+89966+1783950556,Textile printing,AnubiDesigningInstitute,89966,instructor,2026-07-13T19:19:44.719000+05:30,timestamp,,,,,False,False,https://courses.skillindiadigital.gov.in/api/courses/v1/courses/?page_size=100,live_catalogue_changed_during_pagination;seats_and_certification_not_verified,requires_provider_and_availability_review
course-v1:AnubiDesigningInstitute+93670+1783950670,Beautician,AnubiDesigningInstitute,93670,instructor,2026-07-13T19:21:39.639000+05:30,timestamp,,,,,False,False,https://courses.skillindiadigital.gov.in/api/courses/v1/courses/?page_size=100,live_catalogue_changed_during_pagination;seats_and_certification_not_verified,requires_provider_and_availability_review
course-v1:AplusVisionOpcPvtLtd+50714+1779440757,MS OFFICE,AplusVisionOpcPvtLtd,50714,instructor,2026-05-22T14:36:45.175000+05:30,timestamp,,,,,False,False,https://courses.skillindiadigital.gov.in/api/courses/v1/courses/?page_size=100,live_catalogue_changed_during_pagination;seats_and_certification_not_verified,requires_provider_and_availability_review
course-v1:ApnaShelterIndiaFoundation+63514+1746024335,Retail Marketing Internship for Management & Marketing Students,ApnaShelterIndiaFoundation,63514,instructor,2025-04-30T20:17:06.420000+05:30,timestamp,,,,,False,False,https://courses.skillindiadigital.gov.in/api/courses/v1/courses/?page_size=100,live_catalogue_changed_during_pagination;seats_and_certification_not_verified,requires_provider_and_availability_review
course-v1:ApplicationAndArtificialEducation+11513+1719025386,PGDCA,ApplicationAndArtificialEducation,11513,instructor,2030-01-01T05:30:00+05:30,empty,,,,,False,False,https://courses.skillindiadigital.gov.in/api/courses/v1/courses/?page_size=100,live_catalogue_changed_during_pagination;seats_and_certification_not_verified,requires_provider_and_availability_review
course-v1:AradhyaJankalyanSamiti+37009+1719037673,Power,AradhyaJankalyanSamiti,37009,instructor,2030-01-01T05:30:00+05:30,empty,,,,,False,False,https://courses.skillindiadigital.gov.in/api/courses/v1/courses/?page_size=100,live_catalogue_changed_during_pagination;seats_and_certification_not_verified,requires_provider_and_availability_review
course-v1:ArindamManna+29825+1708710635,A .m course,ArindamManna,29825,instructor,2030-01-01T05:30:00+05:30,empty,,,,,False,False,https://courses.skillindiadigital.gov.in/api/courses/v1/courses/?page_size=100,live_catalogue_changed_during_pagination;seats_and_certification_not_verified,requires_provider_and_availability_review
course-v1:ARJadhav+45339+1710415020,Mscit Course,ARJadhav,45339,instructor,2030-01-01T05:30:00+05:30,empty,,,,,False,False,https://courses.skillindiadigital.gov.in/api/courses/v1/courses/?page_size=100,live_catalogue_changed_during_pagination;seats_and_certification_not_verified,requires_provider_and_availability_review
course-v1:ArRobotech+18895+1716399307,HTML Full course in HINDI,ArRobotech,18895,instructor,2030-01-01T05:30:00+05:30,empty,,,,,False,False,https://courses.skillindiadigital.gov.in/api/courses/v1/courses/?page_size=100,live_catalogue_changed_during_pagination;seats_and_certification_not_verified,requires_provider_and_availability_review
course-v1:ArRobotech+58191+1704890076,Introduction to ROS,ArRobotech,58191,instructor,2030-01-01T05:30:00+05:30,empty,,,,,False,False,https://courses.skillindiadigital.gov.in/api/courses/v1/courses/?page_size=100,live_catalogue_changed_during_pagination;seats_and_certification_not_verified,requires_provider_and_availability_review
course-v1:ArsccomResourcesAndManagementServices+26497+1735039903,Business Analyst Certification course,ArsccomResourcesAndManagementServices,26497,instructor,2024-12-24T17:03:10.755000+05:30,timestamp,,,,,False,False,https://courses.skillindiadigital.gov.in/api/courses/v1/courses/?page_size=100,live_catalogue_changed_during_pagination;seats_and_certification_not_verified,requires_provider_and_availability_review
course-v1:ArtificialIntelligenceMedicalAndEngineeringResearchersSociety+81280+1718531723,Python Certification,ArtificialIntelligenceMedicalAndEngineeringResearchersSociety,81280,instructor,2023-05-02T05:30:00+05:30,timestamp,2028-04-30T06:00:00+05:30,,,,False,False,https://courses.skillindiadigital.gov.in/api/courses/v1/courses/?page_size=100,live_catalogue_changed_during_pagination;seats_and_certification_not_verified,requires_provider_and_availability_review
course-v1:AshadPublicHelpService+98229+1740036289,"Mason, furniture, tailor, carpenter",AshadPublicHelpService,98229,instructor,2025-02-20T12:55:27.879000+05:30,timestamp,,,,,False,False,https://courses.skillindiadigital.gov.in/api/courses/v1/courses/?page_size=100,live_catalogue_changed_during_pagination;seats_and_certification_not_verified,requires_provider_and_availability_review
course-v1:AshokaEducationalTrainingAndResearchInstitute+63262+1718713082,IT,AshokaEducationalTrainingAndResearchInstitute,63262,instructor,2023-07-03T14:30:00+05:30,timestamp,2024-09-30T09:30:00+05:30,,,,False,False,https://courses.skillindiadigital.gov.in/api/courses/v1/courses/?page_size=100,live_catalogue_changed_during_pagination;seats_and_certification_not_verified,requires_provider_and_availability_review
course-v1:AshrayFoundation+41040+1764400267,DATA SCIENCE FOR BEGINNER,AshrayFoundation,41040,instructor,2025-11-29T12:41:50.204000+05:30,timestamp,,,,,False,False,https://courses.skillindiadigital.gov.in/api/courses/v1/courses/?page_size=100,live_catalogue_changed_during_pagination;seats_and_certification_not_verified,requires_provider_and_availability_review
course-v1:AssetgroFintechPrivateLimited+22010+1742983347,Stock Market Foundation Course,AssetgroFintechPrivateLimited,22010,instructor,2025-03-26T15:32:40.752000+05:30,timestamp,,,,,False,False,https://courses.skillindiadigital.gov.in/api/courses/v1/courses/?page_size=100,live_catalogue_changed_during_pagination;seats_and_certification_not_verified,requires_provider_and_availability_review
course-v1:AsthaShikshanEvamSewaSamiti+82234+1738859369,Digital Skill Earning Productivity,AsthaShikshanEvamSewaSamiti,82234,instructor,2025-02-06T22:04:51.554000+05:30,timestamp,,,,,False,False,https://courses.skillindiadigital.gov.in/api/courses/v1/courses/?page_size=100,live_catalogue_changed_during_pagination;seats_and_certification_not_verified,requires_provider_and_availability_review
course-v1:AtulShrivastava+12860+1787492545,bed side assistant,AtulShrivastava,12860,instructor,2026-08-23T19:12:52.179000+05:30,timestamp,,,,,False,False,https://courses.skillindiadigital.gov.in/api/courses/v1/courses/?page_size=100,live_catalogue_changed_during_pagination;seats_and_certification_not_verified,requires_provider_and_availability_review
course-v1:AUTOMOTIVE+46895+1689066600,Bicycle Mechanic : Premium Electric Cycle - Hindi,AUTOMOTIVE,46895,instructor,2023-07-01T05:30:00+05:30,timestamp,,,,,False,False,https://courses.skillindiadigital.gov.in/api/courses/v1/courses/?page_size=100,live_catalogue_changed_during_pagination;seats_and_certification_not_verified,requires_provider_and_availability_review
course-v1:AUTOMOTIVE+58302+1689077162,Electric Vehicle Service lead Technician - English,AUTOMOTIVE,58302,instructor,2023-07-01T05:30:00+05:30,timestamp,,,,,False,False,https://courses.skillindiadigital.gov.in/api/courses/v1/courses/?page_size=100,live_catalogue_changed_during_pagination;seats_and_certification_not_verified,requires_provider_and_availability_review
course-v1:AutomotiveSkillsDevelopmentCouncil+60672+1705053917,Automotive CNC Machining Operator-Q3503,AutomotiveSkillsDevelopmentCouncil,60672,instructor,2030-01-01T05:30:00+05:30,empty,,,,,False,False,https://courses.skillindiadigital.gov.in/api/courses/v1/courses/?page_size=100,live_catalogue_changed_during_pagination;seats_and_certification_not_verified,requires_provider_and_availability_review
course-v1:Awardingbody+15375+1729232839,Mai Bhi Jal Rakshak,Awardingbody,15375,instructor,2024-11-21T05:30:00+05:30,timestamp,2030-01-01T05:30:00+05:30,,,,False,False,https://courses.skillindiadigital.gov.in/api/courses/v1/courses/?page_size=100,live_catalogue_changed_during_pagination;seats_and_certification_not_verified,requires_provider_and_availability_review
course-v1:Awardingbody+19734+1712037924,Assistant Mason RPL,Awardingbody,19734,instructor,2030-01-01T05:30:00+05:30,empty,,,,,False,False,https://courses.skillindiadigital.gov.in/api/courses/v1/courses/?page_size=100,live_catalogue_changed_during_pagination;seats_and_certification_not_verified,requires_provider_and_availability_review
course-v1:Awardingbody+20098+1709275110,Test course for AB,Awardingbody,20098,instructor,2030-01-01T05:30:00+05:30,empty,,,,,False,False,https://courses.skillindiadigital.gov.in/api/courses/v1/courses/?page_size=100,live_catalogue_changed_during_pagination;seats_and_certification_not_verified;test_or_demo_candidate,requires_provider_and_availability_review
course-v1:Awardingbody+24123+1724669138,Stitcher-Goods_And_Garments_RPL_ENG_Pre-Assessment,Awardingbody,24123,instructor,2030-01-01T05:30:00+05:30,empty,,,,,False,False,https://courses.skillindiadigital.gov.in/api/courses/v1/courses/?page_size=100,live_catalogue_changed_during_pagination;seats_and_certification_not_verified,requires_provider_and_availability_review
course-v1:Awardingbody+28404+1718794414,Tank Lorry Driver,Awardingbody,28404,instructor,2030-01-01T05:30:00+05:30,empty,,,,,False,False,https://courses.skillindiadigital.gov.in/api/courses/v1/courses/?page_size=100,live_catalogue_changed_during_pagination;seats_and_certification_not_verified,requires_provider_and_availability_review
course-v1:Awardingbody+29628+1709709651,Python Introduction,Awardingbody,29628,instructor,2030-01-01T05:30:00+05:30,empty,,,,,False,False,https://courses.skillindiadigital.gov.in/api/courses/v1/courses/?page_size=100,live_catalogue_changed_during_pagination;seats_and_certification_not_verified,requires_provider_and_availability_review
course-v1:Awardingbody+31727+1724667155,Cutter-Footwear_RPL_ENG_Pre-Assessment,Awardingbody,31727,instructor,2030-01-01T05:30:00+05:30,empty,,,,,False,False,https://courses.skillindiadigital.gov.in/api/courses/v1/courses/?page_size=100,live_catalogue_changed_during_pagination;seats_and_certification_not_verified,requires_provider_and_availability_review
course-v1:Awardingbody+32652+1710395357,Python Introduction 2nd Level,Awardingbody,32652,instructor,2030-01-01T05:30:00+05:30,empty,,,,,False,False,https://courses.skillindiadigital.gov.in/api/courses/v1/courses/?page_size=100,live_catalogue_changed_during_pagination;seats_and_certification_not_verified,requires_provider_and_availability_review
course-v1:Awardingbody+32796+1718791413,Warehouse Supervisor,Awardingbody,32796,instructor,2030-01-01T05:30:00+05:30,empty,,,,,False,False,https://courses.skillindiadigital.gov.in/api/courses/v1/courses/?page_size=100,live_catalogue_changed_during_pagination;seats_and_certification_not_verified,requires_provider_and_availability_review
course-v1:Awardingbody+44732+1724667678,Lasting_Operator_RPL_ENG_Pre-Assessment,Awardingbody,44732,instructor,2030-01-01T05:30:00+05:30,empty,,,,,False,False,https://courses.skillindiadigital.gov.in/api/courses/v1/courses/?page_size=100,live_catalogue_changed_during_pagination;seats_and_certification_not_verified,requires_provider_and_availability_review
course-v1:Awardingbody+45218+1714990540,Tool Designer,Awardingbody,45218,instructor,2024-01-01T14:00:00+05:30,timestamp,2024-12-31T22:30:00+05:30,,,,False,False,https://courses.skillindiadigital.gov.in/api/courses/v1/courses/?page_size=100,live_catalogue_changed_during_pagination;seats_and_certification_not_verified,requires_provider_and_availability_review
course-v1:Awardingbody+55880+1724662969,QCI-Footwear_RPL_ENG_Pre-Assessment,Awardingbody,55880,instructor,2030-01-01T05:30:00+05:30,empty,,,,,False,False,https://courses.skillindiadigital.gov.in/api/courses/v1/courses/?page_size=100,live_catalogue_changed_during_pagination;seats_and_certification_not_verified,requires_provider_and_availability_review
course-v1:Awardingbody+58712+1712125258,Assistant Bar Bender & Steel Fixer,Awardingbody,58712,instructor,2030-01-01T05:30:00+05:30,empty,,,,,False,False,https://courses.skillindiadigital.gov.in/api/courses/v1/courses/?page_size=100,live_catalogue_changed_during_pagination;seats_and_certification_not_verified,requires_provider_and_availability_review
course-v1:Awardingbody+63343+1724847198,Pre-Assembly_RPL_HIN_Pre-Assessment,Awardingbody,63343,instructor,2030-01-01T05:30:00+05:30,empty,,,,,False,False,https://courses.skillindiadigital.gov.in/api/courses/v1/courses/?page_size=100,live_catalogue_changed_during_pagination;seats_and_certification_not_verified,requires_provider_and_availability_review
course-v1:Awardingbody+69720+1724663672,Pre-Assembly_RPL_ENG_Pre-Assessment,Awardingbody,69720,instructor,2030-01-01T05:30:00+05:30,empty,,,,,False,False,https://courses.skillindiadigital.gov.in/api/courses/v1/courses/?page_size=100,live_catalogue_changed_during_pagination;seats_and_certification_not_verified,requires_provider_and_availability_review
course-v1:Awardingbody+70483+1710911046,test,Awardingbody,70483,instructor,2030-01-01T05:30:00+05:30,empty,,,,,False,False,https://courses.skillindiadigital.gov.in/api/courses/v1/courses/?page_size=100,live_catalogue_changed_during_pagination;seats_and_certification_not_verified;test_or_demo_candidate,requires_provider_and_availability_review
course-v1:Awardingbody+71557+1724842704,Stitcher-Footwear_RPL_ENG_Pre-Assessment,Awardingbody,71557,instructor,2030-01-01T05:30:00+05:30,empty,,,,,False,False,https://courses.skillindiadigital.gov.in/api/courses/v1/courses/?page_size=100,live_catalogue_changed_during_pagination;seats_and_certification_not_verified,requires_provider_and_availability_review
course-v1:Awardingbody+75562+1712320386,VEDIC ASTROLOGY,Awardingbody,75562,instructor,2030-01-01T15:00:00+05:30,timestamp,,,,,False,False,https://courses.skillindiadigital.gov.in/api/courses/v1/courses/?page_size=100,live_catalogue_changed_during_pagination;seats_and_certification_not_verified,requires_provider_and_availability_review
course-v1:Awardingbody+76826+1712939455,lab trchnecian,Awardingbody,76826,instructor,2030-01-01T05:30:00+05:30,empty,,,,,False,False,https://courses.skillindiadigital.gov.in/api/courses/v1/courses/?page_size=100,live_catalogue_changed_during_pagination;seats_and_certification_not_verified,requires_provider_and_availability_review
course-v1:Awardingbody+79639+1709267532,Test yoga,Awardingbody,79639,instructor,2030-01-01T05:30:00+05:30,empty,,,,,False,False,https://courses.skillindiadigital.gov.in/api/courses/v1/courses/?page_size=100,live_catalogue_changed_during_pagination;seats_and_certification_not_verified;test_or_demo_candidate,requires_provider_and_availability_review
course-v1:Awardingbody+89143+1712035099,Assistant Mason RPL,Awardingbody,89143,instructor,2030-01-01T05:30:00+05:30,empty,,,,,False,False,https://courses.skillindiadigital.gov.in/api/courses/v1/courses/?page_size=100,live_catalogue_changed_during_pagination;seats_and_certification_not_verified,requires_provider_and_availability_review
course-v1:Awardingbody+90215+1709274803,Jaydeep pre assessment,Awardingbody,90215,instructor,2030-01-01T05:30:00+05:30,empty,,,,,False,False,https://courses.skillindiadigital.gov.in/api/courses/v1/courses/?page_size=100,live_catalogue_changed_during_pagination;seats_and_certification_not_verified,requires_provider_and_availability_review
course-v1:Awardingbody+90305+1724840789,QCI-Footwear_RPL_HIN_Pre-Assessment,Awardingbody,90305,instructor,2030-01-01T05:30:00+05:30,empty,,,,,False,False,https://courses.skillindiadigital.gov.in/api/courses/v1/courses/?page_size=100,live_catalogue_changed_during_pagination;seats_and_certification_not_verified,requires_provider_and_availability_review
course-v1:Awardingbody+94130+1724656978,Stitching_Operator_Q2501_RPL_ENG_Pre Assessment,Awardingbody,94130,instructor,2024-08-26T05:30:00+05:30,timestamp,2026-03-31T05:30:00+05:30,,,,False,False,https://courses.skillindiadigital.gov.in/api/courses/v1/courses/?page_size=100,live_catalogue_changed_during_pagination;seats_and_certification_not_verified,requires_provider_and_availability_review
course-v1:Awardingbody+95893+1724668725,Cutter-Goods_And_Garments_RPL_ENG_Pre-Assessment,Awardingbody,95893,instructor,2030-01-01T05:30:00+05:30,empty,,,,,False,False,https://courses.skillindiadigital.gov.in/api/courses/v1/courses/?page_size=100,live_catalogue_changed_during_pagination;seats_and_certification_not_verified,requires_provider_and_availability_review
course-v1:Awardingbody+99874+1724670114,Skiving_Operator_RPL_ENG_Pre-Assessment,Awardingbody,99874,instructor,2030-01-01T05:30:00+05:30,empty,,,,,False,False,https://courses.skillindiadigital.gov.in/api/courses/v1/courses/?page_size=100,live_catalogue_changed_during_pagination;seats_and_certification_not_verified,requires_provider_and_availability_review
course-v1:Awardingbodyazgawmmuazd+37204+1718861483,Assistant Mason RPL,Awardingbodyazgawmmuazd,37204,instructor,2030-01-01T05:30:00+05:30,empty,,,,,False,False,https://courses.skillindiadigital.gov.in/api/courses/v1/courses/?page_size=100,live_catalogue_changed_during_pagination;seats_and_certification_not_verified,requires_provider_and_availability_review
course-v1:Awardingbodyazgawmmuazd+77793+1718857431,Assistant Mason RPL,Awardingbodyazgawmmuazd,77793,instructor,2030-01-01T05:30:00+05:30,empty,,,,,False,False,https://courses.skillindiadigital.gov.in/api/courses/v1/courses/?page_size=100,live_catalogue_changed_during_pagination;seats_and_certification_not_verified,requires_provider_and_availability_review
course-v1:Awardingbodyebgcxv+37155+1715233535,Learn to Master Guitar From Beginner to intermediate,Guitar Classes And Academy Chiplun,37155,instructor,2024-05-10T17:00:00+05:30,timestamp,2024-05-11T17:00:00+05:30,,,,False,False,https://courses.skillindiadigital.gov.in/api/courses/v1/courses/?page_size=100,live_catalogue_changed_during_pagination;seats_and_certification_not_verified,requires_provider_and_availability_review
course-v1:Awardingbodyfvgwi+41853+1713939795,Introduction to Electric Vehicles,Awardingbodyfvgwi,41853,instructor,2030-01-01T05:30:00+05:30,empty,,,,,False,False,https://courses.skillindiadigital.gov.in/api/courses/v1/courses/?page_size=100,live_catalogue_changed_during_pagination;seats_and_certification_not_verified,requires_provider_and_availability_review
course-v1:Awardingbodygnwxtdopbeh+42675+1715021014,Graphic Design,Awardingbodygnwxtdopbeh,42675,instructor,2030-01-01T05:30:00+05:30,empty,,,,,False,False,https://courses.skillindiadigital.gov.in/api/courses/v1/courses/?page_size=100,live_catalogue_changed_during_pagination;seats_and_certification_not_verified,requires_provider_and_availability_review
course-v1:Awardingbodykfkflqp+60855+1713944521,How to make a teacher,Awardingbodykfkflqp,60855,instructor,2030-01-01T05:30:00+05:30,empty,,,,,False,False,https://courses.skillindiadigital.gov.in/api/courses/v1/courses/?page_size=100,live_catalogue_changed_during_pagination;seats_and_certification_not_verified,requires_provider_and_availability_review
course-v1:Awardingbodykujl+46265+1710069139,Web Wizardry- Modern Web Development and it’s Frontiers,Awardingbodykujl,46265,instructor,2030-01-01T05:30:00+05:30,empty,,,,,False,False,https://courses.skillindiadigital.gov.in/api/courses/v1/courses/?page_size=100,live_catalogue_changed_during_pagination;seats_and_certification_not_verified,requires_provider_and_availability_review
course-v1:Awardingbodylmzzp+32067+1710928268,Safai Karamchari,Awardingbodylmzzp,32067,instructor,2030-01-01T05:30:00+05:30,empty,,,,,False,False,https://courses.skillindiadigital.gov.in/api/courses/v1/courses/?page_size=100,live_catalogue_changed_during_pagination;seats_and_certification_not_verified,requires_provider_and_availability_review
course-v1:Awardingbodylmzzp+92415+1710928705,Test Assessment 1,Awardingbodylmzzp,92415,instructor,2030-01-01T05:30:00+05:30,empty,,,,,False,False,https://courses.skillindiadigital.gov.in/api/courses/v1/courses/?page_size=100,live_catalogue_changed_during_pagination;seats_and_certification_not_verified;test_or_demo_candidate,requires_provider_and_availability_review
course-v1:Awardingbodyqssja+62379+1719389461,Retail Sales Associate,Awardingbodyqssja,62379,instructor,2030-01-01T05:30:00+05:30,empty,,,,,False,False,https://courses.skillindiadigital.gov.in/api/courses/v1/courses/?page_size=100,live_catalogue_changed_during_pagination;seats_and_certification_not_verified,requires_provider_and_availability_review
course-v1:Awardingbodyurvhhmbr+86875+1716035441,computer,Awardingbodyurvhhmbr,86875,instructor,2030-01-01T05:30:00+05:30,empty,,,,,False,False,https://courses.skillindiadigital.gov.in/api/courses/v1/courses/?page_size=100,live_catalogue_changed_during_pagination;seats_and_certification_not_verified,requires_provider_and_availability_review
course-v1:Awardingbodyv+70334+1786122334,Certificate in Computers Basic,Awardingbodyv,70334,instructor,2026-08-07T22:36:37.789000+05:30,timestamp,,,,,False,False,https://courses.skillindiadigital.gov.in/api/courses/v1/courses/?page_size=100,live_catalogue_changed_during_pagination;seats_and_certification_not_verified,requires_provider_and_availability_review
course-v1:AyurmeghaHealthcarePrivateLimited+71811+1726206754,Salesforce Foundation,AyurmeghaHealthcarePrivateLimited,71811,instructor,2024-10-01T05:30:00+05:30,timestamp,2024-11-30T05:30:00+05:30,,,,False,False,https://courses.skillindiadigital.gov.in/api/courses/v1/courses/?page_size=100,live_catalogue_changed_during_pagination;seats_and_certification_not_verified,requires_provider_and_availability_review
course-v1:AyushComputer+95543+1710075614,Web Designing,AyushComputer,95543,instructor,2030-01-01T05:30:00+05:30,empty,,,,,False,False,https://courses.skillindiadigital.gov.in/api/courses/v1/courses/?page_size=100,live_catalogue_changed_during_pagination;seats_and_certification_not_verified,requires_provider_and_availability_review
course-v1:BabaDeepSinghJiEducationalSociety+27341+1771314340,Introduction to Self Employment,BabaDeepSinghJiEducationalSociety,27341,instructor,2026-02-17T13:19:30.660000+05:30,timestamp,,,,,False,False,https://courses.skillindiadigital.gov.in/api/courses/v1/courses/?page_size=100,live_catalogue_changed_during_pagination;seats_and_certification_not_verified,requires_provider_and_availability_review
course-v1:BairagarhShardaShikshaSamiti+74757+1718599895,"Introduction to Python, Data Science",BairagarhShardaShikshaSamiti,74757,instructor,2030-01-01T05:30:00+05:30,empty,,,,,False,False,https://courses.skillindiadigital.gov.in/api/courses/v1/courses/?page_size=100,live_catalogue_changed_during_pagination;seats_and_certification_not_verified,requires_provider_and_availability_review
course-v1:BaraiyaAnilbhaiChandubhai+22349+1713673283,Technical analysis course,BaraiyaAnilbhaiChandubhai,22349,instructor,2030-01-01T05:30:00+05:30,empty,,,,,False,False,https://courses.skillindiadigital.gov.in/api/courses/v1/courses/?page_size=100,live_catalogue_changed_during_pagination;seats_and_certification_not_verified,requires_provider_and_availability_review
course-v1:BarmanEnterpees+81876+1706886227,Aadhar,BarmanEnterpees,81876,instructor,2030-01-01T05:30:00+05:30,empty,,,,,False,False,https://courses.skillindiadigital.gov.in/api/courses/v1/courses/?page_size=100,live_catalogue_changed_during_pagination;seats_and_certification_not_verified,requires_provider_and_availability_review
course-v1:BarpatharAdvanceSkillTrainingSociety+73105+1773906880,ADVANCE DIPLOMA IN COMPUTER APPLICATION,BarpatharAdvanceSkillTrainingSociety,73105,instructor,2026-03-19T13:25:14.057000+05:30,timestamp,,,,,False,False,https://courses.skillindiadigital.gov.in/api/courses/v1/courses/?page_size=100,live_catalogue_changed_during_pagination;seats_and_certification_not_verified,requires_provider_and_availability_review
course-v1:BasavaGrameenAbhivruddhiSanghKadapatti+98323+1700988568,Computer Course PGDCA,BasavaGrameenAbhivruddhiSanghKadapatti,98323,instructor,2023-01-01T16:00:00+05:30,timestamp,2023-11-30T10:30:00+05:30,,,,False,False,https://courses.skillindiadigital.gov.in/api/courses/v1/courses/?page_size=100,live_catalogue_changed_during_pagination;seats_and_certification_not_verified,requires_provider_and_availability_review
course-v1:BatchuGold+45466+1719208689,Introduction to The Gold Jar,BatchuGold,45466,instructor,2030-01-01T05:30:00+05:30,empty,,,,,False,False,https://courses.skillindiadigital.gov.in/api/courses/v1/courses/?page_size=100,live_catalogue_changed_during_pagination;seats_and_certification_not_verified,requires_provider_and_availability_review
course-v1:Bcg+50706+1707740379,Dummy,Bcg,50706,instructor,2030-01-01T05:30:00+05:30,empty,,,,,False,False,https://courses.skillindiadigital.gov.in/api/courses/v1/courses/?page_size=100,live_catalogue_changed_during_pagination;seats_and_certification_not_verified;test_or_demo_candidate,requires_provider_and_availability_review
course-v1:Bcg+53872+1706178778,Problem Solving,Bcg,53872,instructor,2024-01-25T06:00:00+05:30,timestamp,2024-04-30T06:00:00+05:30,,,,False,False,https://courses.skillindiadigital.gov.in/api/courses/v1/courses/?page_size=100,live_catalogue_changed_during_pagination;seats_and_certification_not_verified,requires_provider_and_availability_review
course-v1:Bcg+86911+1707451711,Business Skills,Bcg,86911,instructor,2024-02-11T05:30:00+05:30,timestamp,,,,,False,False,https://courses.skillindiadigital.gov.in/api/courses/v1/courses/?page_size=100,live_catalogue_changed_during_pagination;seats_and_certification_not_verified,requires_provider_and_availability_review
course-v1:BeautyWellnessSectorSkillCouncil+11790+1777443229,Junior Beauty Therapist,BeautyWellnessSectorSkillCouncil,11790,instructor,2026-04-29T11:44:19.934000+05:30,timestamp,,,,,False,False,https://courses.skillindiadigital.gov.in/api/courses/v1/courses/?page_size=100,live_catalogue_changed_during_pagination;seats_and_certification_not_verified,requires_provider_and_availability_review
course-v1:BeautyWellnessSectorSkillCouncil+15279+1787639691,Basics of Personal Hygiene,BeautyWellnessSectorSkillCouncil,15279,instructor,2026-08-25T12:06:46.297000+05:30,timestamp,,,,,False,False,https://courses.skillindiadigital.gov.in/api/courses/v1/courses/?page_size=100,live_catalogue_changed_during_pagination;seats_and_certification_not_verified,requires_provider_and_availability_review
course-v1:BeautyWellnessSectorSkillCouncil+19480+1777884703,Senior Hair Dresser & Stylist,BeautyWellnessSectorSkillCouncil,19480,instructor,2026-05-04T14:23:52.824000+05:30,timestamp,,,,,False,False,https://courses.skillindiadigital.gov.in/api/courses/v1/courses/?page_size=100,live_catalogue_changed_during_pagination;seats_and_certification_not_verified,requires_provider_and_availability_review
course-v1:BeautyWellnessSectorSkillCouncil+22212+1783404092,AI-Enabled Yoga Practice,BeautyWellnessSectorSkillCouncil,22212,instructor,2026-07-07T11:32:15.988000+05:30,timestamp,,,,,False,False,https://courses.skillindiadigital.gov.in/api/courses/v1/courses/?page_size=100,live_catalogue_changed_during_pagination;seats_and_certification_not_verified,requires_provider_and_availability_review
course-v1:BeautyWellnessSectorSkillCouncil+24492+1777526117,Aesthetic Skin Technician,BeautyWellnessSectorSkillCouncil,24492,instructor,2026-04-30T10:46:03.075000+05:30,timestamp,,,,,False,False,https://courses.skillindiadigital.gov.in/api/courses/v1/courses/?page_size=100,live_catalogue_changed_during_pagination;seats_and_certification_not_verified,requires_provider_and_availability_review
course-v1:BeautyWellnessSectorSkillCouncil+27195+1787566347,Center Manager (Salon and Wellness),BeautyWellnessSectorSkillCouncil,27195,instructor,2026-08-24T15:42:48.781000+05:30,timestamp,,,,,False,False,https://courses.skillindiadigital.gov.in/api/courses/v1/courses/?page_size=100,live_catalogue_changed_during_pagination;seats_and_certification_not_verified,requires_provider_and_availability_review
course-v1:BeautyWellnessSectorSkillCouncil+27242+1787562579,Obesity and Weight Management Counsellor,BeautyWellnessSectorSkillCouncil,27242,instructor,2026-08-24T14:43:07.624000+05:30,timestamp,,,,,False,False,https://courses.skillindiadigital.gov.in/api/courses/v1/courses/?page_size=100,live_catalogue_changed_during_pagination;seats_and_certification_not_verified,requires_provider_and_availability_review
course-v1:BeautyWellnessSectorSkillCouncil+30263+1770999756,AI for Wellness Assessment,BeautyWellnessSectorSkillCouncil,30263,instructor,2026-02-13T21:54:22.557000+05:30,timestamp,,,,,False,False,https://courses.skillindiadigital.gov.in/api/courses/v1/courses/?page_size=100,live_catalogue_changed_during_pagination;seats_and_certification_not_verified,requires_provider_and_availability_review
course-v1:BeautyWellnessSectorSkillCouncil+31423+1779181065,Soap Maker (Handmade),BeautyWellnessSectorSkillCouncil,31423,instructor,2026-05-19T14:30:57.074000+05:30,timestamp,,,,,False,False,https://courses.skillindiadigital.gov.in/api/courses/v1/courses/?page_size=100,live_catalogue_changed_during_pagination;seats_and_certification_not_verified,requires_provider_and_availability_review
course-v1:BeautyWellnessSectorSkillCouncil+34595+1770810410,AI Personalized Beauty Product Recommendation,BeautyWellnessSectorSkillCouncil,34595,instructor,2026-02-11T17:25:16.166000+05:30,timestamp,,,,,False,False,https://courses.skillindiadigital.gov.in/api/courses/v1/courses/?page_size=100,live_catalogue_changed_during_pagination;seats_and_certification_not_verified,requires_provider_and_availability_review
course-v1:BeautyWellnessSectorSkillCouncil+36350+1777437240,Hair Dresser & Stylist,BeautyWellnessSectorSkillCouncil,36350,instructor,2026-04-29T10:06:45.024000+05:30,timestamp,,,,,False,False,https://courses.skillindiadigital.gov.in/api/courses/v1/courses/?page_size=100,live_catalogue_changed_during_pagination;seats_and_certification_not_verified,requires_provider_and_availability_review
course-v1:BeautyWellnessSectorSkillCouncil+36893+1787573165,Senior Yoga Instructor (B&W),BeautyWellnessSectorSkillCouncil,36893,instructor,2026-08-24T17:50:48.816000+05:30,timestamp,,,,,False,False,https://courses.skillindiadigital.gov.in/api/courses/v1/courses/?page_size=100,live_catalogue_changed_during_pagination;seats_and_certification_not_verified,requires_provider_and_availability_review
course-v1:BeautyWellnessSectorSkillCouncil+37529+1777459825,Wellness Neurotherapist,BeautyWellnessSectorSkillCouncil,37529,instructor,2026-04-29T16:21:18.729000+05:30,timestamp,,,,,False,False,https://courses.skillindiadigital.gov.in/api/courses/v1/courses/?page_size=100,live_catalogue_changed_during_pagination;seats_and_certification_not_verified,requires_provider_and_availability_review
course-v1:BeautyWellnessSectorSkillCouncil+38492+1784550449,AI Virtual Beauty Try - On,BeautyWellnessSectorSkillCouncil,38492,instructor,2026-07-20T17:58:48.749000+05:30,timestamp,,,,,False,False,https://courses.skillindiadigital.gov.in/api/courses/v1/courses/?page_size=100,live_catalogue_changed_during_pagination;seats_and_certification_not_verified,requires_provider_and_availability_review
course-v1:BeautyWellnessSectorSkillCouncil+38514+1777528121,Junior Hair Dresser & Stylist,BeautyWellnessSectorSkillCouncil,38514,instructor,2026-04-30T11:19:44.783000+05:30,timestamp,,,,,False,False,https://courses.skillindiadigital.gov.in/api/courses/v1/courses/?page_size=100,live_catalogue_changed_during_pagination;seats_and_certification_not_verified,requires_provider_and_availability_review
course-v1:BeautyWellnessSectorSkillCouncil+39810+1761401249,Assistant Nail Technician,BeautyWellnessSectorSkillCouncil,39810,instructor,2025-10-25T19:38:05.757000+05:30,timestamp,,,,,False,False,https://courses.skillindiadigital.gov.in/api/courses/v1/courses/?page_size=100,live_catalogue_changed_during_pagination;seats_and_certification_not_verified,requires_provider_and_availability_review
course-v1:BeautyWellnessSectorSkillCouncil+39929+1777367016,Beautician,BeautyWellnessSectorSkillCouncil,39929,instructor,2026-04-28T14:35:03.888000+05:30,timestamp,,,,,False,False,https://courses.skillindiadigital.gov.in/api/courses/v1/courses/?page_size=100,live_catalogue_changed_during_pagination;seats_and_certification_not_verified,requires_provider_and_availability_review
course-v1:BeautyWellnessSectorSkillCouncil+40083+1784546424,AI - Based Scalp Analysis,BeautyWellnessSectorSkillCouncil,40083,instructor,2026-07-20T16:53:22.340000+05:30,timestamp,,,,,False,False,https://courses.skillindiadigital.gov.in/api/courses/v1/courses/?page_size=100,live_catalogue_changed_during_pagination;seats_and_certification_not_verified,requires_provider_and_availability_review
course-v1:BeautyWellnessSectorSkillCouncil+40366+1779357695,Master Wellness Neurotherapist,BeautyWellnessSectorSkillCouncil,40366,instructor,2026-05-21T15:56:41.987000+05:30,timestamp,,,,,False,False,https://courses.skillindiadigital.gov.in/api/courses/v1/courses/?page_size=100,live_catalogue_changed_during_pagination;seats_and_certification_not_verified,requires_provider_and_availability_review
course-v1:BeautyWellnessSectorSkillCouncil+43156+1787570308,Senior Wellness Neurotherapist,BeautyWellnessSectorSkillCouncil,43156,instructor,2026-08-24T16:50:15.127000+05:30,timestamp,,,,,False,False,https://courses.skillindiadigital.gov.in/api/courses/v1/courses/?page_size=100,live_catalogue_changed_during_pagination;seats_and_certification_not_verified,requires_provider_and_availability_review
course-v1:BeautyWellnessSectorSkillCouncil+45043+1777530799,Professional Makeup Artist,BeautyWellnessSectorSkillCouncil,45043,instructor,2026-04-30T12:04:29.156000+05:30,timestamp,,,,,False,False,https://courses.skillindiadigital.gov.in/api/courses/v1/courses/?page_size=100,live_catalogue_changed_during_pagination;seats_and_certification_not_verified,requires_provider_and_availability_review
course-v1:BeautyWellnessSectorSkillCouncil+51088+1770793751,AI Base Skill,BeautyWellnessSectorSkillCouncil,51088,instructor,2026-02-11T12:39:42.244000+05:30,timestamp,,,,,False,False,https://courses.skillindiadigital.gov.in/api/courses/v1/courses/?page_size=100,live_catalogue_changed_during_pagination;seats_and_certification_not_verified,requires_provider_and_availability_review
course-v1:BeautyWellnessSectorSkillCouncil+53697+1777527846,Cosmetologist,BeautyWellnessSectorSkillCouncil,53697,instructor,2026-04-30T11:14:59.636000+05:30,timestamp,,,,,False,False,https://courses.skillindiadigital.gov.in/api/courses/v1/courses/?page_size=100,live_catalogue_changed_during_pagination;seats_and_certification_not_verified,requires_provider_and_availability_review
course-v1:BeautyWellnessSectorSkillCouncil+54761+1784265476,AI-Based Semi-Permanent Makeup,BeautyWellnessSectorSkillCouncil,54761,instructor,2026-07-17T10:48:36.120000+05:30,timestamp,,,,,False,False,https://courses.skillindiadigital.gov.in/api/courses/v1/courses/?page_size=100,live_catalogue_changed_during_pagination;seats_and_certification_not_verified,requires_provider_and_availability_review
course-v1:BeautyWellnessSectorSkillCouncil+58889+1784548821,AI - Virtual Haircut and Beard Try On,BeautyWellnessSectorSkillCouncil,58889,instructor,2026-07-20T17:31:31.384000+05:30,timestamp,,,,,False,False,https://courses.skillindiadigital.gov.in/api/courses/v1/courses/?page_size=100,live_catalogue_changed_during_pagination;seats_and_certification_not_verified,requires_provider_and_availability_review
course-v1:BeautyWellnessSectorSkillCouncil+59800+1779353154,Junior Nail Technician,BeautyWellnessSectorSkillCouncil,59800,instructor,2026-05-21T14:16:04.217000+05:30,timestamp,,,,,False,False,https://courses.skillindiadigital.gov.in/api/courses/v1/courses/?page_size=100,live_catalogue_changed_during_pagination;seats_and_certification_not_verified,requires_provider_and_availability_review
course-v1:BeautyWellnessSectorSkillCouncil+62330+1785474031,Foundation Course in Wellness Nutrition,BeautyWellnessSectorSkillCouncil,62330,instructor,2026-07-31T10:31:56.331000+05:30,timestamp,,,,,False,False,https://courses.skillindiadigital.gov.in/api/courses/v1/courses/?page_size=100,live_catalogue_changed_during_pagination;seats_and_certification_not_verified,requires_provider_and_availability_review
course-v1:BeautyWellnessSectorSkillCouncil+64265+1776164935,Basics of Saree Draping,BeautyWellnessSectorSkillCouncil,64265,instructor,2026-04-14T16:39:30.666000+05:30,timestamp,,,,,False,False,https://courses.skillindiadigital.gov.in/api/courses/v1/courses/?page_size=100,live_catalogue_changed_during_pagination;seats_and_certification_not_verified,requires_provider_and_availability_review
course-v1:BeautyWellnessSectorSkillCouncil+67063+1777445721,Yoga Trainer,BeautyWellnessSectorSkillCouncil,67063,instructor,2026-04-29T12:26:28.759000+05:30,timestamp,,,,,False,False,https://courses.skillindiadigital.gov.in/api/courses/v1/courses/?page_size=100,live_catalogue_changed_during_pagination;seats_and_certification_not_verified,requires_provider_and_availability_review
course-v1:BeautyWellnessSectorSkillCouncil+68397+1781676484,Assistant Beauty & Wellness Consultant,BeautyWellnessSectorSkillCouncil,68397,instructor,2026-06-17T11:38:11.469000+05:30,timestamp,,,,,False,False,https://courses.skillindiadigital.gov.in/api/courses/v1/courses/?page_size=100,live_catalogue_changed_during_pagination;seats_and_certification_not_verified,requires_provider_and_availability_review
course-v1:BeautyWellnessSectorSkillCouncil+76228+1781672336,Pedicurist and Manicurist,BeautyWellnessSectorSkillCouncil,76228,instructor,2026-06-17T10:30:36.262000+05:30,timestamp,,,,,False,False,https://courses.skillindiadigital.gov.in/api/courses/v1/courses/?page_size=100,live_catalogue_changed_during_pagination;seats_and_certification_not_verified,requires_provider_and_availability_review
course-v1:BeautyWellnessSectorSkillCouncil+78563+1777530091,Junior Spa Therapist,BeautyWellnessSectorSkillCouncil,78563,instructor,2026-04-30T11:51:49.372000+05:30,timestamp,,,,,False,False,https://courses.skillindiadigital.gov.in/api/courses/v1/courses/?page_size=100,live_catalogue_changed_during_pagination;seats_and_certification_not_verified,requires_provider_and_availability_review
course-v1:BeautyWellnessSectorSkillCouncil+81035+1777464497,Nail Technician,BeautyWellnessSectorSkillCouncil,81035,instructor,2026-04-29T17:39:28.081000+05:30,timestamp,,,,,False,False,https://courses.skillindiadigital.gov.in/api/courses/v1/courses/?page_size=100,live_catalogue_changed_during_pagination;seats_and_certification_not_verified,requires_provider_and_availability_review
course-v1:BeautyWellnessSectorSkillCouncil+81930+1777447836,Spa Therapist,BeautyWellnessSectorSkillCouncil,81930,instructor,2026-04-29T13:02:00.488000+05:30,timestamp,,,,,False,False,https://courses.skillindiadigital.gov.in/api/courses/v1/courses/?page_size=100,live_catalogue_changed_during_pagination;seats_and_certification_not_verified,requires_provider_and_availability_review
course-v1:BeautyWellnessSectorSkillCouncil+83317+1761398797,Cosmetologist,BeautyWellnessSectorSkillCouncil,83317,instructor,2025-10-25T18:57:39.771000+05:30,timestamp,,,,,False,False,https://courses.skillindiadigital.gov.in/api/courses/v1/courses/?page_size=100,live_catalogue_changed_during_pagination;seats_and_certification_not_verified,requires_provider_and_availability_review
course-v1:BeautyWellnessSectorSkillCouncil+83889+1778217681,Assistant Tattoo Artist,BeautyWellnessSectorSkillCouncil,83889,instructor,2026-05-08T10:51:45.012000+05:30,timestamp,,,,,False,False,https://courses.skillindiadigital.gov.in/api/courses/v1/courses/?page_size=100,live_catalogue_changed_during_pagination;seats_and_certification_not_verified,requires_provider_and_availability_review
course-v1:BeautyWellnessSectorSkillCouncil+85043+1770791319,AI Based Skin Analysis,BeautyWellnessSectorSkillCouncil,85043,instructor,2026-02-11T11:59:06.978000+05:30,timestamp,,,,,False,False,https://courses.skillindiadigital.gov.in/api/courses/v1/courses/?page_size=100,live_catalogue_changed_during_pagination;seats_and_certification_not_verified,requires_provider_and_availability_review
course-v1:BeautyWellnessSectorSkillCouncil+85343+1777026377,"Bridal, Fashion and Portfolio Makeup Artist",BeautyWellnessSectorSkillCouncil,85343,instructor,2026-04-24T15:56:24.047000+05:30,timestamp,,,,,False,False,https://courses.skillindiadigital.gov.in/api/courses/v1/courses/?page_size=100,live_catalogue_changed_during_pagination;seats_and_certification_not_verified,requires_provider_and_availability_review
course-v1:BeautyWellnessSectorSkillCouncil+86576+1787553590,Gym Assistant (B&W),BeautyWellnessSectorSkillCouncil,86576,instructor,2026-08-24T12:11:07.276000+05:30,timestamp,,,,,False,False,https://courses.skillindiadigital.gov.in/api/courses/v1/courses/?page_size=100,live_catalogue_changed_during_pagination;seats_and_certification_not_verified,requires_provider_and_availability_review
course-v1:BeautyWellnessSectorSkillCouncil+88587+1787556598,Personal Trainer (B&W),BeautyWellnessSectorSkillCouncil,88587,instructor,2026-08-24T13:00:14.451000+05:30,timestamp,,,,,False,False,https://courses.skillindiadigital.gov.in/api/courses/v1/courses/?page_size=100,live_catalogue_changed_during_pagination;seats_and_certification_not_verified,requires_provider_and_availability_review
course-v1:BeautyWellnessSectorSkillCouncil+89562+1761373762,Beauty Therapist,BeautyWellnessSectorSkillCouncil,89562,instructor,2025-10-25T12:00:02.378000+05:30,timestamp,,,,,False,False,https://courses.skillindiadigital.gov.in/api/courses/v1/courses/?page_size=100,live_catalogue_changed_during_pagination;seats_and_certification_not_verified,requires_provider_and_availability_review
course-v1:BeautyWellnessSectorSkillCouncil+92262+1777457725,Wellness Therapist (Elderly),BeautyWellnessSectorSkillCouncil,92262,instructor,2026-04-29T15:47:05.524000+05:30,timestamp,,,,,False,False,https://courses.skillindiadigital.gov.in/api/courses/v1/courses/?page_size=100,live_catalogue_changed_during_pagination;seats_and_certification_not_verified,requires_provider_and_availability_review
course-v1:BeautyWellnessSectorSkillCouncil+93365+1784611759,AI - Supported Laser Services,BeautyWellnessSectorSkillCouncil,93365,instructor,2026-07-21T11:00:36.457000+05:30,timestamp,,,,,False,False,https://courses.skillindiadigital.gov.in/api/courses/v1/courses/?page_size=100,live_catalogue_changed_during_pagination;seats_and_certification_not_verified,requires_provider_and_availability_review
course-v1:BeautyWellnessSectorSkillCouncil+94335+1761289220,Assistant Beauty Therapist,BeautyWellnessSectorSkillCouncil,94335,instructor,2025-10-24T12:30:26.124000+05:30,timestamp,,,,,False,False,https://courses.skillindiadigital.gov.in/api/courses/v1/courses/?page_size=100,live_catalogue_changed_during_pagination;seats_and_certification_not_verified,requires_provider_and_availability_review
course-v1:BeautyWellnessSectorSkillCouncil+94977+1761396604,Senior Beauty Therapist,BeautyWellnessSectorSkillCouncil,94977,instructor,2025-10-25T18:20:45.728000+05:30,timestamp,,,,,False,False,https://courses.skillindiadigital.gov.in/api/courses/v1/courses/?page_size=100,live_catalogue_changed_during_pagination;seats_and_certification_not_verified,requires_provider_and_availability_review
course-v1:BeautyWellnessSectorSkillCouncil+97601+1761556987,Yoga Instructor (B&W),BeautyWellnessSectorSkillCouncil,97601,instructor,2025-10-27T15:10:01.218000+05:30,timestamp,,,,,False,False,https://courses.skillindiadigital.gov.in/api/courses/v1/courses/?page_size=100,live_catalogue_changed_during_pagination;seats_and_certification_not_verified,requires_provider_and_availability_review
course-v1:Beauty_and_Wellness_SSC+AHSHINDI01052023+2023,Assistant Hairdresser and Stylist - Hindi,Beauty_and_Wellness_SSC,AHSHINDI01052023,instructor,2022-01-01T05:30:00+05:30,timestamp,,,,,False,False,https://courses.skillindiadigital.gov.in/api/courses/v1/courses/?page_size=100,live_catalogue_changed_during_pagination;seats_and_certification_not_verified,requires_provider_and_availability_review
course-v1:BhaktiAgroFarm+61299+1717405911,How to do backyard chicken farming,BhaktiAgroFarm,61299,instructor,2024-06-10T16:30:00+05:30,timestamp,2024-06-10T17:30:00+05:30,,,,False,False,https://courses.skillindiadigital.gov.in/api/courses/v1/courses/?page_size=100,live_catalogue_changed_during_pagination;seats_and_certification_not_verified,requires_provider_and_availability_review
course-v1:BharatBhartiShikshanShansthan+71672+1730186191,electrician,BharatBhartiShikshanShansthan,71672,instructor,2030-01-01T05:30:00+05:30,empty,,,,,False,False,https://courses.skillindiadigital.gov.in/api/courses/v1/courses/?page_size=100,live_catalogue_changed_during_pagination;seats_and_certification_not_verified,requires_provider_and_availability_review
course-v1:BharatSpaceEducationResearchCentre+85478+1774813409,Advanced Defence Drone Technology,BharatSpaceEducationResearchCentre,85478,instructor,2026-03-30T01:14:04.489000+05:30,timestamp,,,,,False,False,https://courses.skillindiadigital.gov.in/api/courses/v1/courses/?page_size=100,live_catalogue_changed_during_pagination;seats_and_certification_not_verified,requires_provider_and_availability_review
course-v1:BhartiyaHumanCareFoundation+99747+1776243952,ARTIFICAL INTELLIGENCE (AI),BhartiyaHumanCareFoundation,99747,instructor,2026-04-15T14:37:48.529000+05:30,timestamp,,,,,False,False,https://courses.skillindiadigital.gov.in/api/courses/v1/courses/?page_size=100,live_catalogue_changed_during_pagination;seats_and_certification_not_verified,requires_provider_and_availability_review
course-v1:BhatlawandeDairyPrivateLimited+80729+1742028234,Dairy Products Making,BhatlawandeDairyPrivateLimited,80729,instructor,2025-03-15T14:14:14.030000+05:30,timestamp,,,,,False,False,https://courses.skillindiadigital.gov.in/api/courses/v1/courses/?page_size=100,live_catalogue_changed_during_pagination;seats_and_certification_not_verified,requires_provider_and_availability_review
course-v1:BIETLearningSystemsPrivateLimited+72467+1783165808,PGDCA,BIETLearningSystemsPrivateLimited,72467,instructor,2026-07-04T17:20:35.360000+05:30,timestamp,,,,,False,False,https://courses.skillindiadigital.gov.in/api/courses/v1/courses/?page_size=100,live_catalogue_changed_during_pagination;seats_and_certification_not_verified,requires_provider_and_availability_review
course-v1:BifsFoundation+12859+1781801355,FIRE SAFETY OFFICE COURSE,BifsFoundation,12859,instructor,2026-06-18T22:20:19.187000+05:30,timestamp,,,,,False,False,https://courses.skillindiadigital.gov.in/api/courses/v1/courses/?page_size=100,live_catalogue_changed_during_pagination;seats_and_certification_not_verified,requires_provider_and_availability_review
course-v1:BikashComputerEducation+61453+1710048403,BASIC Computer Course,BikashComputerEducation,61453,instructor,2023-01-04T13:30:00+05:30,timestamp,2023-10-01T13:30:00+05:30,,,,False,False,https://courses.skillindiadigital.gov.in/api/courses/v1/courses/?page_size=100,live_catalogue_changed_during_pagination;seats_and_certification_not_verified,requires_provider_and_availability_review
course-v1:BikashComputerEducation+68432+1710048784,BASIC Computer Course,BikashComputerEducation,68432,instructor,2030-01-01T05:30:00+05:30,empty,,,,,False,False,https://courses.skillindiadigital.gov.in/api/courses/v1/courses/?page_size=100,live_catalogue_changed_during_pagination;seats_and_certification_not_verified,requires_provider_and_availability_review
course-v1:BimedgePrivateLimited+90637+1721046096,Introduction to BIM,BimedgePrivateLimited,90637,instructor,2030-01-01T05:30:00+05:30,empty,,,,,False,False,https://courses.skillindiadigital.gov.in/api/courses/v1/courses/?page_size=100,live_catalogue_changed_during_pagination;seats_and_certification_not_verified,requires_provider_and_availability_review
course-v1:BistTechnologiesPrivateLimited+41055+1721713096,VLSI Design for Testability,BistTechnologiesPrivateLimited,41055,instructor,2024-08-01T23:30:00+05:30,timestamp,2024-12-02T00:30:00+05:30,,,,False,False,https://courses.skillindiadigital.gov.in/api/courses/v1/courses/?page_size=100,live_catalogue_changed_during_pagination;seats_and_certification_not_verified,requires_provider_and_availability_review
course-v1:BosscoderSoftwareServicesPrivateLimited+99726+1773733605,Data Engineering,BosscoderSoftwareServicesPrivateLimited,99726,instructor,2026-03-17T13:17:20.195000+05:30,timestamp,,,,,False,False,https://courses.skillindiadigital.gov.in/api/courses/v1/courses/?page_size=100,live_catalogue_changed_during_pagination;seats_and_certification_not_verified,requires_provider_and_availability_review
course-v1:BrainAndMindIq+63728+1716444830,Mastering English Grammar,BrainAndMindIq,63728,instructor,2030-01-01T05:30:00+05:30,empty,,,,,False,False,https://courses.skillindiadigital.gov.in/api/courses/v1/courses/?page_size=100,live_catalogue_changed_during_pagination;seats_and_certification_not_verified,requires_provider_and_availability_review
course-v1:BrainiacgymAcademyOfAbacus+23971+1755762806,BrainiacGym Abacus Foundation Course,BrainiacgymAcademyOfAbacus,23971,instructor,2025-08-21T13:27:07.737000+05:30,timestamp,,,,,False,False,https://courses.skillindiadigital.gov.in/api/courses/v1/courses/?page_size=100,live_catalogue_changed_during_pagination;seats_and_certification_not_verified,requires_provider_and_availability_review
course-v1:BrainiacgymAcademyOfAbacus+61824+1755774527,BrainiacGym Certified Abacus Training Program,BrainiacgymAcademyOfAbacus,61824,instructor,2025-08-21T16:40:27.285000+05:30,timestamp,,,,,False,False,https://courses.skillindiadigital.gov.in/api/courses/v1/courses/?page_size=100,live_catalogue_changed_during_pagination;seats_and_certification_not_verified,requires_provider_and_availability_review
course-v1:BrainypediaEdutechPrivateLimited+90076+1729954793,Operations Management,BrainypediaEdutechPrivateLimited,90076,instructor,2030-01-01T05:30:00+05:30,empty,,,,,False,False,https://courses.skillindiadigital.gov.in/api/courses/v1/courses/?page_size=100,live_catalogue_changed_during_pagination;seats_and_certification_not_verified,requires_provider_and_availability_review
course-v1:BrijbhumiFoundationSociety+36499+1716778465,Massion,BrijbhumiFoundationSociety,36499,instructor,2030-01-01T05:30:00+05:30,empty,,,,,False,False,https://courses.skillindiadigital.gov.in/api/courses/v1/courses/?page_size=100,live_catalogue_changed_during_pagination;seats_and_certification_not_verified,requires_provider_and_availability_review
course-v1:BusinessMarketingSolution+14286+1716523984,PHP Development,BusinessMarketingSolution,14286,instructor,2024-06-01T15:00:00+05:30,timestamp,2024-11-30T06:30:00+05:30,,,,False,False,https://courses.skillindiadigital.gov.in/api/courses/v1/courses/?page_size=100,live_catalogue_changed_during_pagination;seats_and_certification_not_verified,requires_provider_and_availability_review
course-v1:Cadskill+88114+1736263057,Draughtsman mechanical,Cadskill,88114,instructor,2025-01-07T20:49:14.709000+05:30,timestamp,,,,,False,False,https://courses.skillindiadigital.gov.in/api/courses/v1/courses/?page_size=100,live_catalogue_changed_during_pagination;seats_and_certification_not_verified,requires_provider_and_availability_review
course-v1:CareerDevelopmentOpportunityAndTraining+26322+1744867972,Fashion Designe,CareerDevelopmentOpportunityAndTraining,26322,instructor,2025-04-17T11:04:06.605000+05:30,timestamp,,,,,False,False,https://courses.skillindiadigital.gov.in/api/courses/v1/courses/?page_size=100,live_catalogue_changed_during_pagination;seats_and_certification_not_verified,requires_provider_and_availability_review
course-v1:CareermarqEdutechPrivateLimited+72144+1774261259,Introduction to Cyber Security,CareermarqEdutechPrivateLimited,72144,instructor,2026-03-23T15:53:16.728000+05:30,timestamp,,,,,False,False,https://courses.skillindiadigital.gov.in/api/courses/v1/courses/?page_size=100,live_catalogue_changed_during_pagination;seats_and_certification_not_verified,requires_provider_and_availability_review
course-v1:CareermarqEdutechPrivateLimited+73682+1771047030,Cyber Security Introduction,CareermarqEdutechPrivateLimited,73682,instructor,2026-02-14T11:01:24.783000+05:30,timestamp,,,,,False,False,https://courses.skillindiadigital.gov.in/api/courses/v1/courses/?page_size=100,live_catalogue_changed_during_pagination;seats_and_certification_not_verified,requires_provider_and_availability_review
course-v1:Cemca+15867+1751220529,Caregiving to the Elderly,Cemca,15867,instructor,2025-06-29T23:41:06.243000+05:30,timestamp,,,,,False,False,https://courses.skillindiadigital.gov.in/api/courses/v1/courses/?page_size=100,live_catalogue_changed_during_pagination;seats_and_certification_not_verified,requires_provider_and_availability_review
course-v1:Cemca+18220+1740649718,Skill Pedagogy for Vocational Educators,Cemca,18220,instructor,2025-02-27T15:19:25.841000+05:30,timestamp,,,,,False,False,https://courses.skillindiadigital.gov.in/api/courses/v1/courses/?page_size=100,live_catalogue_changed_during_pagination;seats_and_certification_not_verified,requires_provider_and_availability_review
course-v1:Cemca+18226+1740042304,Introduction to Computer Sciences,Cemca,18226,instructor,2025-02-20T14:38:40.633000+05:30,timestamp,,,,,False,False,https://courses.skillindiadigital.gov.in/api/courses/v1/courses/?page_size=100,live_catalogue_changed_during_pagination;seats_and_certification_not_verified,requires_provider_and_availability_review
course-v1:Cemca+21331+1747370100,Distribution Lineman in Power Sector,Cemca,21331,instructor,2025-05-16T10:07:19.900000+05:30,timestamp,,,,,False,False,https://courses.skillindiadigital.gov.in/api/courses/v1/courses/?page_size=100,live_catalogue_changed_during_pagination;seats_and_certification_not_verified,requires_provider_and_availability_review
course-v1:Cemca+68885+1751186595,Bamboo Furniture Making Course,Cemca,68885,instructor,2025-06-29T14:14:13.162000+05:30,timestamp,,,,,False,False,https://courses.skillindiadigital.gov.in/api/courses/v1/courses/?page_size=100,live_catalogue_changed_during_pagination;seats_and_certification_not_verified,requires_provider_and_availability_review
course-v1:Cemca+69511+1740654214,cvSDV,Cemca,69511,instructor,2025-02-27T16:33:44.329000+05:30,timestamp,,,,,False,False,https://courses.skillindiadigital.gov.in/api/courses/v1/courses/?page_size=100,live_catalogue_changed_during_pagination;seats_and_certification_not_verified,requires_provider_and_availability_review
course-v1:Cemca+85386+1751212296,Marketing Techniques for Micro Entrepreneurs,Cemca,85386,instructor,2025-06-29T21:27:15.340000+05:30,timestamp,,,,,False,False,https://courses.skillindiadigital.gov.in/api/courses/v1/courses/?page_size=100,live_catalogue_changed_during_pagination;seats_and_certification_not_verified,requires_provider_and_availability_review
course-v1:Cemca+92137+1745987299,"Bamboo Scrimber, Laminated Composites and Value Added Product",Cemca,92137,instructor,2025-04-30T09:58:53.914000+05:30,timestamp,,,,,False,False,https://courses.skillindiadigital.gov.in/api/courses/v1/courses/?page_size=100,live_catalogue_changed_during_pagination;seats_and_certification_not_verified,requires_provider_and_availability_review
course-v1:Cemca+97734+1743576120,Baby Caregiver (बच्चे की देखभाल करने वाला),Cemca,97734,instructor,2025-04-02T12:18:30.180000+05:30,timestamp,,,,,False,False,https://courses.skillindiadigital.gov.in/api/courses/v1/courses/?page_size=100,live_catalogue_changed_during_pagination;seats_and_certification_not_verified,requires_provider_and_availability_review
course-v1:CentralVocationalAndSkillTrainingCharitableTrust+20153+1718788158,Emergency Medical Technician,CentralVocationalAndSkillTrainingCharitableTrust,20153,instructor,2030-01-01T05:30:00+05:30,empty,,,,,False,False,https://courses.skillindiadigital.gov.in/api/courses/v1/courses/?page_size=100,live_catalogue_changed_during_pagination;seats_and_certification_not_verified,requires_provider_and_availability_review
course-v1:CermsIndiaFoundation+52358+1785205283,Certified Solar Professional Course,CermsIndiaFoundation,52358,instructor,2026-07-28T10:02:36.802000+05:30,timestamp,,,,,False,False,https://courses.skillindiadigital.gov.in/api/courses/v1/courses/?page_size=100,live_catalogue_changed_during_pagination;seats_and_certification_not_verified,requires_provider_and_availability_review
course-v1:CeyoneFoundations+35706+1722330925,Basics of Computers fundamental,CeyoneFoundations,35706,instructor,2024-09-05T14:30:00+05:30,timestamp,2024-11-30T11:30:00+05:30,,,,False,False,https://courses.skillindiadigital.gov.in/api/courses/v1/courses/?page_size=100,live_catalogue_changed_during_pagination;seats_and_certification_not_verified,requires_provider_and_availability_review
course-v1:ChallengewayDigitalMarketingPrivateLimited+17491+1739080780,hr manegement,ChallengewayDigitalMarketingPrivateLimited,17491,instructor,2025-02-09T11:30:36.157000+05:30,timestamp,,,,,False,False,https://courses.skillindiadigital.gov.in/api/courses/v1/courses/?page_size=100,live_catalogue_changed_during_pagination;seats_and_certification_not_verified,requires_provider_and_availability_review
course-v1:ChandrashekharVijayraoDeshmukh+24889+1722012378,Industrial IoT,ChandrashekharVijayraoDeshmukh,24889,instructor,2030-01-01T05:30:00+05:30,empty,,,,,False,False,https://courses.skillindiadigital.gov.in/api/courses/v1/courses/?page_size=100,live_catalogue_changed_during_pagination;seats_and_certification_not_verified,requires_provider_and_availability_review
course-v1:ChandravedIndianEducationTrust+64562+1722407858,BASIC COMPUTER,ChandravedIndianEducationTrust,64562,instructor,2030-01-01T05:30:00+05:30,empty,,,,,False,False,https://courses.skillindiadigital.gov.in/api/courses/v1/courses/?page_size=100,live_catalogue_changed_during_pagination;seats_and_certification_not_verified,requires_provider_and_availability_review
course-v1:Chetan+12805+1705667487,AI ML,Chetan,12805,instructor,2030-01-01T05:30:00+05:30,empty,,,,,False,False,https://courses.skillindiadigital.gov.in/api/courses/v1/courses/?page_size=100,live_catalogue_changed_during_pagination;seats_and_certification_not_verified,requires_provider_and_availability_review
course-v1:CLGShikshanSansthan+86028+1741428864,General Duty Assisstant,CLGShikshanSansthan,86028,instructor,2025-03-08T15:44:52.609000+05:30,timestamp,,,,,False,False,https://courses.skillindiadigital.gov.in/api/courses/v1/courses/?page_size=100,live_catalogue_changed_during_pagination;seats_and_certification_not_verified,requires_provider_and_availability_review
course-v1:CloudElevateTechnologiesPrivateLimited+26215+1719672057,DATA SCIENCE WITH PYTHON,CloudElevateTechnologiesPrivateLimited,26215,instructor,2030-01-01T05:30:00+05:30,empty,,,,,False,False,https://courses.skillindiadigital.gov.in/api/courses/v1/courses/?page_size=100,live_catalogue_changed_during_pagination;seats_and_certification_not_verified,requires_provider_and_availability_review
course-v1:CoachForLifeLlp+71049+1725358470,Food & Nutrition Course,CoachForLifeLlp,71049,instructor,2030-01-01T05:30:00+05:30,empty,,,,,False,False,https://courses.skillindiadigital.gov.in/api/courses/v1/courses/?page_size=100,live_catalogue_changed_during_pagination;seats_and_certification_not_verified,requires_provider_and_availability_review
course-v1:COCA-COLA-INDIA-PRIVATE-LIMITED+32644+1697287236,ସୁପର ପାୱାର ରିଟେଲର ପ୍ରଶିକ୍ଷଣ କାର୍ଯ୍ୟକ୍ରମ,COCA-COLA-INDIA-PRIVATE-LIMITED,32644,instructor,2023-10-12T05:30:00+05:30,timestamp,,,,,False,False,https://courses.skillindiadigital.gov.in/api/courses/v1/courses/?page_size=100,live_catalogue_changed_during_pagination;seats_and_certification_not_verified,requires_provider_and_availability_review
course-v1:COCA-COLA-INDIA-PRIVATE-LIMITED+70622+1697100513,Super Power Retailer,COCA-COLA-INDIA-PRIVATE-LIMITED,70622,instructor,2023-10-12T05:30:00+05:30,timestamp,,,,,False,False,https://courses.skillindiadigital.gov.in/api/courses/v1/courses/?page_size=100,live_catalogue_changed_during_pagination;seats_and_certification_not_verified,requires_provider_and_availability_review
course-v1:COCA-COLA-INDIA-PRIVATE-LIMITED+74308+1703163397,Financial Management Skills,COCA-COLA-INDIA-PRIVATE-LIMITED,74308,instructor,2023-12-20T05:30:00+05:30,timestamp,,,,,False,False,https://courses.skillindiadigital.gov.in/api/courses/v1/courses/?page_size=100,live_catalogue_changed_during_pagination;seats_and_certification_not_verified,requires_provider_and_availability_review
course-v1:ConceptOnlineClasses+35871+1731667544,CHARTERED FINANCIAL MANAGEMENT,ConceptOnlineClasses,35871,instructor,2030-01-01T05:30:00+05:30,empty,,,,,False,False,https://courses.skillindiadigital.gov.in/api/courses/v1/courses/?page_size=100,live_catalogue_changed_during_pagination;seats_and_certification_not_verified,requires_provider_and_availability_review
course-v1:ConnectingDotsStrategicConsulting+89784+1759464977,Self Development,ConnectingDotsStrategicConsulting,89784,instructor,2025-10-03T09:47:34.264000+05:30,timestamp,,,,,False,False,https://courses.skillindiadigital.gov.in/api/courses/v1/courses/?page_size=100,live_catalogue_changed_during_pagination;seats_and_certification_not_verified,requires_provider_and_availability_review
course-v1:ConstitutionFoundation+46290+1740046581,Demo Course,ConstitutionFoundation,46290,instructor,2025-02-20T15:46:40.354000+05:30,timestamp,,,,,False,False,https://courses.skillindiadigital.gov.in/api/courses/v1/courses/?page_size=100,live_catalogue_changed_during_pagination;seats_and_certification_not_verified;test_or_demo_candidate,requires_provider_and_availability_review
course-v1:ConstructionSkillDevelopmentCouncilOfIndia+41663+1704775192,Assistant Bar Bender & Steel fixer,ConstructionSkillDevelopmentCouncilOfIndia,41663,instructor,2030-01-01T05:30:00+05:30,empty,,,,,False,False,https://courses.skillindiadigital.gov.in/api/courses/v1/courses/?page_size=100,live_catalogue_changed_during_pagination;seats_and_certification_not_verified,requires_provider_and_availability_review
course-v1:ConstructionSkillDevelopmentCouncilOfIndia+44350+1703588582,Assistant Mason,ConstructionSkillDevelopmentCouncilOfIndia,44350,instructor,2030-01-01T05:30:00+05:30,empty,,,,,False,False,https://courses.skillindiadigital.gov.in/api/courses/v1/courses/?page_size=100,live_catalogue_changed_during_pagination;seats_and_certification_not_verified,requires_provider_and_availability_review
course-v1:ConstructionSkillDevelopmentCouncilOfIndia+52981+1704442973,Assistant Mason RPL,ConstructionSkillDevelopmentCouncilOfIndia,52981,instructor,2030-01-01T05:30:00+05:30,empty,,,,,False,False,https://courses.skillindiadigital.gov.in/api/courses/v1/courses/?page_size=100,live_catalogue_changed_during_pagination;seats_and_certification_not_verified,requires_provider_and_availability_review
course-v1:ConstructionSkillDevelopmentCouncilOfIndia+63600+1704789384,Assistant Bar Bender Pre screening RPL,ConstructionSkillDevelopmentCouncilOfIndia,63600,instructor,2030-01-01T05:30:00+05:30,empty,,,,,False,False,https://courses.skillindiadigital.gov.in/api/courses/v1/courses/?page_size=100,live_catalogue_changed_during_pagination;seats_and_certification_not_verified,requires_provider_and_availability_review
course-v1:ConstructionSkillDevelopmentCouncilOfIndia+82013+1703669818,RPLTest,ConstructionSkillDevelopmentCouncilOfIndia,82013,instructor,2030-01-01T05:30:00+05:30,empty,,,,,False,False,https://courses.skillindiadigital.gov.in/api/courses/v1/courses/?page_size=100,live_catalogue_changed_during_pagination;seats_and_certification_not_verified,requires_provider_and_availability_review
course-v1:ConverseAtHumanCapital+14655+1717832875,Introduction to Business Development,ConverseAtHumanCapital,14655,instructor,2030-01-01T05:30:00+05:30,empty,,,,,False,False,https://courses.skillindiadigital.gov.in/api/courses/v1/courses/?page_size=100,live_catalogue_changed_during_pagination;seats_and_certification_not_verified,requires_provider_and_availability_review
course-v1:CouncilForIntegratedSafetyManagement+45658+1741091524,National Diploma in Occupational Safety & Health,CouncilForIntegratedSafetyManagement,45658,instructor,2025-03-04T18:03:11.206000+05:30,timestamp,,,,,False,False,https://courses.skillindiadigital.gov.in/api/courses/v1/courses/?page_size=100,live_catalogue_changed_during_pagination;seats_and_certification_not_verified,requires_provider_and_availability_review
course-v1:CouncilForSkillsAndCompetencies+17056+1788008884,Software Programmer Python,CouncilForSkillsAndCompetencies,17056,instructor,2026-08-29T18:39:03.747000+05:30,timestamp,,,,,False,False,https://courses.skillindiadigital.gov.in/api/courses/v1/courses/?page_size=100,live_catalogue_changed_during_pagination;seats_and_certification_not_verified,requires_provider_and_availability_review
course-v1:CouncilForSkillsAndCompetencies+25647+1789031137,Cloud Computing with AWS,CouncilForSkillsAndCompetencies,25647,instructor,2026-09-10T14:36:16.563000+05:30,timestamp,,,,,False,False,https://courses.skillindiadigital.gov.in/api/courses/v1/courses/?page_size=100,live_catalogue_changed_during_pagination;seats_and_certification_not_verified,requires_provider_and_availability_review
course-v1:CouncilForSkillsAndCompetencies+76271+1786963294,Software Programmer - Python,CouncilForSkillsAndCompetencies,76271,instructor,2026-08-17T16:12:13.959000+05:30,timestamp,,,,,False,False,https://courses.skillindiadigital.gov.in/api/courses/v1/courses/?page_size=100,live_catalogue_changed_during_pagination;seats_and_certification_not_verified,requires_provider_and_availability_review
course-v1:CouncilForSkillsAndCompetencies+86845+1786963065,Cloud Computing,CouncilForSkillsAndCompetencies,86845,instructor,2026-08-17T16:09:06.497000+05:30,timestamp,,,,,False,False,https://courses.skillindiadigital.gov.in/api/courses/v1/courses/?page_size=100,live_catalogue_changed_during_pagination;seats_and_certification_not_verified,requires_provider_and_availability_review
course-v1:CrestEt+34533+1774950643,TYPES OF CCTV CAMERAS,CrestEt,34533,instructor,2026-03-31T15:24:19.668000+05:30,timestamp,,,,,False,False,https://courses.skillindiadigital.gov.in/api/courses/v1/courses/?page_size=100,live_catalogue_changed_during_pagination;seats_and_certification_not_verified,requires_provider_and_availability_review
course-v1:CrosslinRibisha+41875+1764399902,Diploma in Piping Engineering,CrosslinRibisha,41875,instructor,2025-11-29T12:35:46.209000+05:30,timestamp,,,,,False,False,https://courses.skillindiadigital.gov.in/api/courses/v1/courses/?page_size=100,live_catalogue_changed_during_pagination;seats_and_certification_not_verified,requires_provider_and_availability_review
course-v1:CrosslinRibisha+68070+1764399760,AutoCAD Plant 3D,CrosslinRibisha,68070,instructor,2025-11-29T12:33:58.123000+05:30,timestamp,,,,,False,False,https://courses.skillindiadigital.gov.in/api/courses/v1/courses/?page_size=100,live_catalogue_changed_during_pagination;seats_and_certification_not_verified,requires_provider_and_availability_review
course-v1:CrosslinRibisha+90444+1764335567,NXCAD,CrosslinRibisha,90444,instructor,2025-11-29T11:43:08.426000+05:30,timestamp,,,,,False,False,https://courses.skillindiadigital.gov.in/api/courses/v1/courses/?page_size=100,live_catalogue_changed_during_pagination;seats_and_certification_not_verified,requires_provider_and_availability_review
course-v1:Csc+89839+1714218057,Electronicses,Csc,89839,instructor,2030-01-01T05:30:00+05:30,empty,,,,,False,False,https://courses.skillindiadigital.gov.in/api/courses/v1/courses/?page_size=100,live_catalogue_changed_during_pagination;seats_and_certification_not_verified,requires_provider_and_availability_review
course-v1:CscWelfareFoundation+94739+1771925964,computer,CscWelfareFoundation,94739,instructor,2026-02-24T15:09:48.749000+05:30,timestamp,,,,,False,False,https://courses.skillindiadigital.gov.in/api/courses/v1/courses/?page_size=100,live_catalogue_changed_during_pagination;seats_and_certification_not_verified,requires_provider_and_availability_review
course-v1:CuatroLabsPrivateLimited+79442+1789587351,Beautician – BWS/Q0113,CuatroLabsPrivateLimited,79442,instructor,2026-09-17T01:07:34.507000+05:30,timestamp,,,,,False,False,https://courses.skillindiadigital.gov.in/api/courses/v1/courses/?page_size=100,live_catalogue_changed_during_pagination;seats_and_certification_not_verified,requires_provider_and_availability_review
course-v1:CVanlalpeklawmkima+49958+1786610042,H,CVanlalpeklawmkima,49958,instructor,2026-08-13T14:04:34.682000+05:30,timestamp,,,,,False,False,https://courses.skillindiadigital.gov.in/api/courses/v1/courses/?page_size=100,live_catalogue_changed_during_pagination;seats_and_certification_not_verified,requires_provider_and_availability_review
course-v1:CybersecureInnovationsPrivateLimited+85102+1771070441,Junior Cyber Expert,CybersecureInnovationsPrivateLimited,85102,instructor,2026-02-14T17:31:48.095000+05:30,timestamp,,,,,False,False,https://courses.skillindiadigital.gov.in/api/courses/v1/courses/?page_size=100,live_catalogue_changed_during_pagination;seats_and_certification_not_verified,requires_provider_and_availability_review
course-v1:CyberxSecurityTechnologies+91605+1720445492,Test Engineer,CyberxSecurityTechnologies,91605,instructor,2030-01-01T05:30:00+05:30,empty,,,,,False,False,https://courses.skillindiadigital.gov.in/api/courses/v1/courses/?page_size=100,live_catalogue_changed_during_pagination;seats_and_certification_not_verified;test_or_demo_candidate,requires_provider_and_availability_review
course-v1:DailyLawTimesPrivateLimited+38488+1773238247,Incorporation of Company,DailyLawTimesPrivateLimited,38488,instructor,2026-03-11T19:41:35.582000+05:30,timestamp,,,,,False,False,https://courses.skillindiadigital.gov.in/api/courses/v1/courses/?page_size=100,live_catalogue_changed_during_pagination;seats_and_certification_not_verified,requires_provider_and_availability_review
course-v1:DalvirCommanServiceProvider+17630+1709305922,ADCA,DalvirCommanServiceProvider,17630,instructor,2030-01-01T05:30:00+05:30,empty,,,,,False,False,https://courses.skillindiadigital.gov.in/api/courses/v1/courses/?page_size=100,live_catalogue_changed_during_pagination;seats_and_certification_not_verified,requires_provider_and_availability_review
course-v1:DarkCrystalsPrivateLimited+48671+1711499574,PRINTING TECHNOLOGY,DarkCrystalsPrivateLimited,48671,instructor,2024-04-01T15:30:00+05:30,timestamp,2024-04-08T09:30:00+05:30,,,,False,False,https://courses.skillindiadigital.gov.in/api/courses/v1/courses/?page_size=100,live_catalogue_changed_during_pagination;seats_and_certification_not_verified,requires_provider_and_availability_review
course-v1:DatascientCorporationLimited+21354+1725285430,General Duty Assistant,DatascientCorporationLimited,21354,instructor,2030-01-01T05:30:00+05:30,empty,,,,,False,False,https://courses.skillindiadigital.gov.in/api/courses/v1/courses/?page_size=100,live_catalogue_changed_during_pagination;seats_and_certification_not_verified,requires_provider_and_availability_review
course-v1:DatavalleyIndiaPrivateLimited+10972+1777548213,Digital Marketing,DatavalleyIndiaPrivateLimited,10972,instructor,2026-04-30T16:54:00.325000+05:30,timestamp,,,,,False,False,https://courses.skillindiadigital.gov.in/api/courses/v1/courses/?page_size=100,live_catalogue_changed_during_pagination;seats_and_certification_not_verified,requires_provider_and_availability_review
course-v1:DatavalleyIndiaPrivateLimited+49124+1742647463,HTML,DatavalleyIndiaPrivateLimited,49124,instructor,2025-03-22T18:14:56.343000+05:30,timestamp,,,,,False,False,https://courses.skillindiadigital.gov.in/api/courses/v1/courses/?page_size=100,live_catalogue_changed_during_pagination;seats_and_certification_not_verified,requires_provider_and_availability_review
course-v1:DayitwaConsultancyServicesPrivateLimited+39867+1787652375,Master In Digital Marketing,DayitwaConsultancyServicesPrivateLimited,39867,instructor,2026-08-25T15:36:48.823000+05:30,timestamp,,,,,False,False,https://courses.skillindiadigital.gov.in/api/courses/v1/courses/?page_size=100,live_catalogue_changed_during_pagination;seats_and_certification_not_verified,requires_provider_and_availability_review
course-v1:DayitwaConsultancyServicesPrivateLimited+42894+1787652421,Master In Digital Marketing,DayitwaConsultancyServicesPrivateLimited,42894,instructor,2026-08-25T15:37:42.943000+05:30,timestamp,,,,,False,False,https://courses.skillindiadigital.gov.in/api/courses/v1/courses/?page_size=100,live_catalogue_changed_during_pagination;seats_and_certification_not_verified,requires_provider_and_availability_review
course-v1:DayLiteSolutions+61854+1733327211,Digital marketing Fundamentals,DayLiteSolutions,61854,instructor,2024-12-04T21:17:34.050000+05:30,timestamp,,,,,False,False,https://courses.skillindiadigital.gov.in/api/courses/v1/courses/?page_size=100,live_catalogue_changed_during_pagination;seats_and_certification_not_verified,requires_provider_and_availability_review
course-v1:Deakinco.+63805+1741343862,Global Job Readiness Program - Parul University,Deakinco.,63805,instructor,2024-02-23T05:30:00+05:30,timestamp,,,,,False,False,https://courses.skillindiadigital.gov.in/api/courses/v1/courses/?page_size=100,live_catalogue_changed_during_pagination;seats_and_certification_not_verified,requires_provider_and_availability_review
course-v1:Deakinco.+76839+1708488575,Global Job Readiness Program,Deakinco.,76839,instructor,2024-02-23T05:30:00+05:30,timestamp,,,,,False,False,https://courses.skillindiadigital.gov.in/api/courses/v1/courses/?page_size=100,live_catalogue_changed_during_pagination;seats_and_certification_not_verified,requires_provider_and_availability_review
course-v1:Dharanibalan+52296+1723455361,Hazard Analysis Critical Control Point,Dharanibalan,52296,instructor,2024-08-17T15:30:00+05:30,timestamp,2024-08-18T22:30:00+05:30,,,,False,False,https://courses.skillindiadigital.gov.in/api/courses/v1/courses/?page_size=100,live_catalogue_changed_during_pagination;seats_and_certification_not_verified,requires_provider_and_availability_review
course-v1:DhishaaiCompleteAnalyticsPrivateLimited+92256+1787572436,DATA ANALYTICS,DhishaaiCompleteAnalyticsPrivateLimited,92256,instructor,2026-08-24T17:24:18.832000+05:30,timestamp,,,,,False,False,https://courses.skillindiadigital.gov.in/api/courses/v1/courses/?page_size=100,live_catalogue_changed_during_pagination;seats_and_certification_not_verified,requires_provider_and_availability_review
course-v1:DigicromePrivateLimited+68041+1745224435,Post Graduate Program In Data Science with Artificial Intelligence,DigicromePrivateLimited,68041,instructor,2025-04-21T14:04:04.167000+05:30,timestamp,,,,,False,False,https://courses.skillindiadigital.gov.in/api/courses/v1/courses/?page_size=100,live_catalogue_changed_during_pagination;seats_and_certification_not_verified,requires_provider_and_availability_review
course-v1:DigitalComputerAcademy+48821+1707323855,Diploma in Computer Application,DigitalComputerAcademy,48821,instructor,2030-01-01T05:30:00+05:30,empty,,,,,False,False,https://courses.skillindiadigital.gov.in/api/courses/v1/courses/?page_size=100,live_catalogue_changed_during_pagination;seats_and_certification_not_verified,requires_provider_and_availability_review
course-v1:DiitalEducationLlp+21131+1757152507,Certificate in Computer Concepts (CCC),DiitalEducationLlp,21131,instructor,2025-09-06T15:26:16.314000+05:30,timestamp,,,,,False,False,https://courses.skillindiadigital.gov.in/api/courses/v1/courses/?page_size=100,live_catalogue_changed_during_pagination;seats_and_certification_not_verified,requires_provider_and_availability_review
course-v1:DimeInnovationsPrivateLimited+11170+1778745226,AI Masters Program,DimeInnovationsPrivateLimited,11170,instructor,2026-05-14T13:33:57.578000+05:30,timestamp,,,,,False,False,https://courses.skillindiadigital.gov.in/api/courses/v1/courses/?page_size=100,live_catalogue_changed_during_pagination;seats_and_certification_not_verified,requires_provider_and_availability_review
course-v1:DipeshPatniEducationAcademyPrivateLimited+27465+1782883814,Awareness of Money Management,DipeshPatniEducationAcademyPrivateLimited,27465,instructor,2026-07-01T11:02:43.075000+05:30,timestamp,,,,,False,False,https://courses.skillindiadigital.gov.in/api/courses/v1/courses/?page_size=100,live_catalogue_changed_during_pagination;seats_and_certification_not_verified,requires_provider_and_availability_review
course-v1:DipeshPatniEducationAcademyPrivateLimited+81312+1782883817,Awareness of Money Management,DipeshPatniEducationAcademyPrivateLimited,81312,instructor,2026-07-01T11:04:54.482000+05:30,timestamp,,,,,False,False,https://courses.skillindiadigital.gov.in/api/courses/v1/courses/?page_size=100,live_catalogue_changed_during_pagination;seats_and_certification_not_verified,requires_provider_and_availability_review
course-v1:DnyaneshwarBabasahebShirsath+51122+1701447598,Fashion design,DnyaneshwarBabasahebShirsath,51122,instructor,2030-01-01T05:30:00+05:30,empty,,,,,False,False,https://courses.skillindiadigital.gov.in/api/courses/v1/courses/?page_size=100,live_catalogue_changed_during_pagination;seats_and_certification_not_verified,requires_provider_and_availability_review
course-v1:DrAsMemorialEducationSociety+21322+1776524297,honey packer,DrAsMemorialEducationSociety,21322,instructor,2026-04-18T20:29:08.400000+05:30,timestamp,,,,,False,False,https://courses.skillindiadigital.gov.in/api/courses/v1/courses/?page_size=100,live_catalogue_changed_during_pagination;seats_and_certification_not_verified,requires_provider_and_availability_review
course-v1:DRC+17199+1713423080,fitter (Cert demo),DRC,17199,instructor,2030-01-01T05:30:00+05:30,empty,,,,,False,False,https://courses.skillindiadigital.gov.in/api/courses/v1/courses/?page_size=100,live_catalogue_changed_during_pagination;seats_and_certification_not_verified;test_or_demo_candidate,requires_provider_and_availability_review
course-v1:DRC+22900+1705472914,Demo Biomedical Waste Management- Auxiliary Staff/ Sanitation Staff,DRC,22900,instructor,2023-01-01T05:30:00+05:30,timestamp,,,,,False,False,https://courses.skillindiadigital.gov.in/api/courses/v1/courses/?page_size=100,live_catalogue_changed_during_pagination;seats_and_certification_not_verified;test_or_demo_candidate,requires_provider_and_availability_review
course-v1:DRC+27091+1713420541,Advance Problem Solving (cert demo),DRC,27091,instructor,2030-01-01T05:30:00+05:30,empty,,,,,False,False,https://courses.skillindiadigital.gov.in/api/courses/v1/courses/?page_size=100,live_catalogue_changed_during_pagination;seats_and_certification_not_verified;test_or_demo_candidate,requires_provider_and_availability_review
course-v1:DRC+27784+1733505360,test,DRC,27784,instructor,2024-12-06T22:46:14.722000+05:30,timestamp,,,,,False,False,https://courses.skillindiadigital.gov.in/api/courses/v1/courses/?page_size=100,live_catalogue_changed_during_pagination;seats_and_certification_not_verified;test_or_demo_candidate,requires_provider_and_availability_review
course-v1:DRC+32033+1736330216,demo course,DRC,32033,instructor,2025-01-08T15:27:23.687000+05:30,timestamp,,,,,False,False,https://courses.skillindiadigital.gov.in/api/courses/v1/courses/?page_size=100,live_catalogue_changed_during_pagination;seats_and_certification_not_verified;test_or_demo_candidate,requires_provider_and_availability_review
course-v1:DRC+34747+1732033201,test course,DRC,34747,instructor,2024-11-19T21:50:14.411000+05:30,timestamp,,,,,False,False,https://courses.skillindiadigital.gov.in/api/courses/v1/courses/?page_size=100,live_catalogue_changed_during_pagination;seats_and_certification_not_verified;test_or_demo_candidate,requires_provider_and_availability_review
course-v1:DRC+36313+1763966055,Counter Sales Executive - Tourism & Hospitality,DRC,36313,instructor,2023-07-01T05:30:00+05:30,timestamp,,,,,False,False,https://courses.skillindiadigital.gov.in/api/courses/v1/courses/?page_size=100,live_catalogue_changed_during_pagination;seats_and_certification_not_verified,requires_provider_and_availability_review
course-v1:DRC+37756+1705472669,Demo Biomedical Waste Management- Doctors and Administrative Staff,DRC,37756,instructor,2023-01-01T05:30:00+05:30,timestamp,,,,,False,False,https://courses.skillindiadigital.gov.in/api/courses/v1/courses/?page_size=100,live_catalogue_changed_during_pagination;seats_and_certification_not_verified;test_or_demo_candidate,requires_provider_and_availability_review
course-v1:DRC+40488+1713424972,Electric Vehicle Service Lead Technician (Cert Testing ),DRC,40488,instructor,2030-01-01T05:30:00+05:30,empty,,,,,False,False,https://courses.skillindiadigital.gov.in/api/courses/v1/courses/?page_size=100,live_catalogue_changed_during_pagination;seats_and_certification_not_verified;test_or_demo_candidate,requires_provider_and_availability_review
course-v1:DRC+40640+1729235038,bulk upload demo,DRC,40640,instructor,2030-01-01T05:30:00+05:30,empty,,,,,False,False,https://courses.skillindiadigital.gov.in/api/courses/v1/courses/?page_size=100,live_catalogue_changed_during_pagination;seats_and_certification_not_verified;test_or_demo_candidate,requires_provider_and_availability_review
course-v1:DRC+41099+1736333254,test demo,DRC,41099,instructor,2025-01-08T16:17:55.913000+05:30,timestamp,,,,,False,False,https://courses.skillindiadigital.gov.in/api/courses/v1/courses/?page_size=100,live_catalogue_changed_during_pagination;seats_and_certification_not_verified;test_or_demo_candidate,requires_provider_and_availability_review
course-v1:DRC+41214+1770895044,Cohort Test,DRC,41214,instructor,2026-02-12T16:47:36.778000+05:30,timestamp,,,,,False,False,https://courses.skillindiadigital.gov.in/api/courses/v1/courses/?page_size=100,live_catalogue_changed_during_pagination;seats_and_certification_not_verified;test_or_demo_candidate,requires_provider_and_availability_review
course-v1:DRC+42119+1736419770,test,DRC,42119,instructor,2025-01-09T16:21:37.540000+05:30,timestamp,,,,,False,False,https://courses.skillindiadigital.gov.in/api/courses/v1/courses/?page_size=100,live_catalogue_changed_during_pagination;seats_and_certification_not_verified;test_or_demo_candidate,requires_provider_and_availability_review
course-v1:DRC+43084+1778582948,Video Pipeline Testing DRC,DRC,43084,instructor,2026-05-12T16:19:28.648000+05:30,timestamp,,,,,False,False,https://courses.skillindiadigital.gov.in/api/courses/v1/courses/?page_size=100,live_catalogue_changed_during_pagination;seats_and_certification_not_verified;test_or_demo_candidate,requires_provider_and_availability_review
course-v1:DRC+45388+1759467856,test,DRC,45388,instructor,2025-10-03T10:35:26.653000+05:30,timestamp,,,,,False,False,https://courses.skillindiadigital.gov.in/api/courses/v1/courses/?page_size=100,live_catalogue_changed_during_pagination;seats_and_certification_not_verified;test_or_demo_candidate,requires_provider_and_availability_review
course-v1:DRC+45508+1705472736,Demo Biomedical Waste Management- Nursing/Paramedical Staff,DRC,45508,instructor,2023-01-01T05:30:00+05:30,timestamp,,,,,False,False,https://courses.skillindiadigital.gov.in/api/courses/v1/courses/?page_size=100,live_catalogue_changed_during_pagination;seats_and_certification_not_verified;test_or_demo_candidate,requires_provider_and_availability_review
course-v1:DRC+47471+1745396430,Test GO BPO Course,DRC,47471,instructor,2025-04-23T13:50:52.364000+05:30,timestamp,,,,,False,False,https://courses.skillindiadigital.gov.in/api/courses/v1/courses/?page_size=100,live_catalogue_changed_during_pagination;seats_and_certification_not_verified;test_or_demo_candidate,requires_provider_and_availability_review
course-v1:DRC+55170+1741772514,Test Course Scorm,DRC,55170,instructor,2025-03-12T15:52:41.300000+05:30,timestamp,,,,,False,False,https://courses.skillindiadigital.gov.in/api/courses/v1/courses/?page_size=100,live_catalogue_changed_during_pagination;seats_and_certification_not_verified;test_or_demo_candidate,requires_provider_and_availability_review
course-v1:DRC+55931+1736421665,test,DRC,55931,instructor,2025-01-09T17:58:16.085000+05:30,timestamp,,,,,False,False,https://courses.skillindiadigital.gov.in/api/courses/v1/courses/?page_size=100,live_catalogue_changed_during_pagination;seats_and_certification_not_verified;test_or_demo_candidate,requires_provider_and_availability_review
course-v1:drc+58325+1697547819,test course,drc,58325,instructor,2022-01-01T05:30:00+05:30,timestamp,,,,,False,False,https://courses.skillindiadigital.gov.in/api/courses/v1/courses/?page_size=100,live_catalogue_changed_during_pagination;seats_and_certification_not_verified;test_or_demo_candidate,requires_provider_and_availability_review
course-v1:DRC+64543+1713425512,Cold Storage Technician (Cert Demo),DRC,64543,instructor,2030-01-01T05:30:00+05:30,empty,,,,,False,False,https://courses.skillindiadigital.gov.in/api/courses/v1/courses/?page_size=100,live_catalogue_changed_during_pagination;seats_and_certification_not_verified;test_or_demo_candidate,requires_provider_and_availability_review
course-v1:DRC+65219+1709721888,Test: Online Writing Classes by Hussain Zaidi,DRC,65219,instructor,2030-01-01T05:30:00+05:30,empty,,,,,False,False,https://courses.skillindiadigital.gov.in/api/courses/v1/courses/?page_size=100,live_catalogue_changed_during_pagination;seats_and_certification_not_verified;test_or_demo_candidate,requires_provider_and_availability_review
course-v1:DRC+68825+1759482673,test,DRC,68825,instructor,2025-10-03T14:42:06.380000+05:30,timestamp,,,,,False,False,https://courses.skillindiadigital.gov.in/api/courses/v1/courses/?page_size=100,live_catalogue_changed_during_pagination;seats_and_certification_not_verified;test_or_demo_candidate,requires_provider_and_availability_review
course-v1:DRC+78920+1695621798,Test Course Describe,nsdc,78920,instructor,2023-01-01T05:30:00+05:30,timestamp,,,,,False,False,https://courses.skillindiadigital.gov.in/api/courses/v1/courses/?page_size=100,live_catalogue_changed_during_pagination;seats_and_certification_not_verified;test_or_demo_candidate,requires_provider_and_availability_review
course-v1:DRC+79641+1705472396,Demo Agri-residue Aggregator,DRC,79641,instructor,2023-01-01T05:30:00+05:30,timestamp,,,,,False,False,https://courses.skillindiadigital.gov.in/api/courses/v1/courses/?page_size=100,live_catalogue_changed_during_pagination;seats_and_certification_not_verified;test_or_demo_candidate,requires_provider_and_availability_review
course-v1:DRC+80690+1736487646,Demo 1,DRC,80690,instructor,2025-01-10T12:27:02.227000+05:30,timestamp,,,,,False,False,https://courses.skillindiadigital.gov.in/api/courses/v1/courses/?page_size=100,live_catalogue_changed_during_pagination;seats_and_certification_not_verified;test_or_demo_candidate,requires_provider_and_availability_review
course-v1:DRC+83381+1705473013,Demo Cybersecurity,DRC,83381,instructor,2023-01-01T05:30:00+05:30,timestamp,,,,,False,False,https://courses.skillindiadigital.gov.in/api/courses/v1/courses/?page_size=100,live_catalogue_changed_during_pagination;seats_and_certification_not_verified;test_or_demo_candidate,requires_provider_and_availability_review
course-v1:DRC+92397+1769668854,Partner Requirement demo course,DRC,92397,instructor,2026-01-29T12:11:03.193000+05:30,timestamp,,,,,False,False,https://courses.skillindiadigital.gov.in/api/courses/v1/courses/?page_size=100,live_catalogue_changed_during_pagination;seats_and_certification_not_verified;test_or_demo_candidate,requires_provider_and_availability_review
course-v1:DRC+95801+1736494567,demo3,DRC,95801,instructor,2025-01-10T13:06:17.068000+05:30,timestamp,,,,,False,False,https://courses.skillindiadigital.gov.in/api/courses/v1/courses/?page_size=100,live_catalogue_changed_during_pagination;seats_and_certification_not_verified,requires_provider_and_availability_review
course-v1:DRC+95817+1736419952,test course,DRC,95817,instructor,2025-01-09T16:25:52.833000+05:30,timestamp,,,,,False,False,https://courses.skillindiadigital.gov.in/api/courses/v1/courses/?page_size=100,live_catalogue_changed_during_pagination;seats_and_certification_not_verified;test_or_demo_candidate,requires_provider_and_availability_review
course-v1:DRC+99707+1736499209,demo4,DRC,99707,instructor,2025-01-10T14:26:37.371000+05:30,timestamp,,,,,False,False,https://courses.skillindiadigital.gov.in/api/courses/v1/courses/?page_size=100,live_catalogue_changed_during_pagination;seats_and_certification_not_verified,requires_provider_and_availability_review
course-v1:drc001+26342+1697568424,test course drc,drc001,26342,instructor,2022-01-01T05:30:00+05:30,timestamp,,,,,False,False,https://courses.skillindiadigital.gov.in/api/courses/v1/courses/?page_size=100,live_catalogue_changed_during_pagination;seats_and_certification_not_verified;test_or_demo_candidate,requires_provider_and_availability_review
course-v1:Drc1+32302+1688712674,New Beginner,Drc1,32302,instructor,2030-01-01T05:30:00+05:30,empty,,,,,False,False,https://courses.skillindiadigital.gov.in/api/courses/v1/courses/?page_size=100,live_catalogue_changed_during_pagination;seats_and_certification_not_verified,requires_provider_and_availability_review
course-v1:Drc1+41366+1733213181,test,Drc1,41366,instructor,2024-12-03T13:36:30.946000+05:30,timestamp,,,,,False,False,https://courses.skillindiadigital.gov.in/api/courses/v1/courses/?page_size=100,live_catalogue_changed_during_pagination;seats_and_certification_not_verified;test_or_demo_candidate,requires_provider_and_availability_review
course-v1:Drc1+61575+1726807168,FoSTaC - Basic Retail and Distribution,Drc1,61575,instructor,2023-08-01T05:30:00+05:30,timestamp,,,,,False,False,https://courses.skillindiadigital.gov.in/api/courses/v1/courses/?page_size=100,live_catalogue_changed_during_pagination;seats_and_certification_not_verified,requires_provider_and_availability_review
course-v1:Drc1+75335+1754548707,Demo Course,Drc1,75335,instructor,2025-08-07T12:08:49+05:30,timestamp,2026-06-23T00:00:00+05:30,,,,False,False,https://courses.skillindiadigital.gov.in/api/courses/v1/courses/?page_size=100,live_catalogue_changed_during_pagination;seats_and_certification_not_verified;test_or_demo_candidate,requires_provider_and_availability_review
course-v1:Drc1+75335+Version_2,Demo Course,Drc1,75335,instructor,2026-06-24T16:38:55+05:30,timestamp,,,,,False,False,https://courses.skillindiadigital.gov.in/api/courses/v1/courses/?page_size=100,live_catalogue_changed_during_pagination;seats_and_certification_not_verified;test_or_demo_candidate,requires_provider_and_availability_review
course-v1:Drc1+77395+1726807510,Fish and Sea Food Processing Technician,Drc1,77395,instructor,2023-08-01T05:30:00+05:30,timestamp,,,,,False,False,https://courses.skillindiadigital.gov.in/api/courses/v1/courses/?page_size=100,live_catalogue_changed_during_pagination;seats_and_certification_not_verified,requires_provider_and_availability_review
course-v1:Drc1+80847+1733242565,test,Drc1,80847,instructor,2024-12-03T21:46:15.304000+05:30,timestamp,,,,,False,False,https://courses.skillindiadigital.gov.in/api/courses/v1/courses/?page_size=100,live_catalogue_changed_during_pagination;seats_and_certification_not_verified;test_or_demo_candidate,requires_provider_and_availability_review
course-v1:DrcSystem+drc07+20222,Drc Course,DrcSystem,drc07,instructor,2021-01-01T05:30:00+05:30,timestamp,,,,,False,False,https://courses.skillindiadigital.gov.in/api/courses/v1/courses/?page_size=100,live_catalogue_changed_during_pagination;seats_and_certification_not_verified,requires_provider_and_availability_review
course-v1:DroneGuruIndiaTechnologiesPrivateLimited+97439+1722492727,DRONE PILOT TRAINING,DroneGuruIndiaTechnologiesPrivateLimited,97439,instructor,2030-01-01T05:30:00+05:30,empty,,,,,False,False,https://courses.skillindiadigital.gov.in/api/courses/v1/courses/?page_size=100,live_catalogue_changed_during_pagination;seats_and_certification_not_verified,requires_provider_and_availability_review
course-v1:DWSSC+85052+1692014968,Baby Caregiver Non Clinical (Household & Care Homes),DWSSC,85052,instructor,2023-07-01T05:30:00+05:30,timestamp,,,,,False,False,https://courses.skillindiadigital.gov.in/api/courses/v1/courses/?page_size=100,live_catalogue_changed_during_pagination;seats_and_certification_not_verified,requires_provider_and_availability_review
course-v1:E-digitalindia+30274+1740374292,Digital Media Expert,E-digitalindia,30274,instructor,2025-02-24T10:50:25.421000+05:30,timestamp,,,,,False,False,https://courses.skillindiadigital.gov.in/api/courses/v1/courses/?page_size=100,live_catalogue_changed_during_pagination;seats_and_certification_not_verified,requires_provider_and_availability_review
course-v1:E-wasteSocialPrivateLimited+81806+1785075370,What is Sustainability,E-wasteSocialPrivateLimited,81806,instructor,2026-07-26T19:59:45.808000+05:30,timestamp,,,,,False,False,https://courses.skillindiadigital.gov.in/api/courses/v1/courses/?page_size=100,live_catalogue_changed_during_pagination;seats_and_certification_not_verified,requires_provider_and_availability_review
course-v1:EarthheroesFoundation+65128+1772046620,CAPACITY BUIDING FOR TOUR GUIDES,EarthheroesFoundation,65128,instructor,2026-02-26T00:40:59.362000+05:30,timestamp,,,,,False,False,https://courses.skillindiadigital.gov.in/api/courses/v1/courses/?page_size=100,live_catalogue_changed_during_pagination;seats_and_certification_not_verified,requires_provider_and_availability_review
course-v1:EdinoexPrivateLimited+39017+1732072662,Construction Resource Manager,EdinoexPrivateLimited,39017,instructor,2024-11-20T08:48:15.104000+05:30,timestamp,,,,,False,False,https://courses.skillindiadigital.gov.in/api/courses/v1/courses/?page_size=100,live_catalogue_changed_during_pagination;seats_and_certification_not_verified,requires_provider_and_availability_review
course-v1:EdovuVenturesPrivateLimited+33649+1760095184,Empowering Educators with AI,EdovuVenturesPrivateLimited,33649,instructor,2025-10-10T16:50:03.024000+05:30,timestamp,,,,,False,False,https://courses.skillindiadigital.gov.in/api/courses/v1/courses/?page_size=100,live_catalogue_changed_during_pagination;seats_and_certification_not_verified,requires_provider_and_availability_review
course-v1:EduinxEducationServicesPrivateLimited+92282+1774610320,Data Science with Generative AI,EduinxEducationServicesPrivateLimited,92282,instructor,2026-03-27T16:49:07.669000+05:30,timestamp,,,,,False,False,https://courses.skillindiadigital.gov.in/api/courses/v1/courses/?page_size=100,live_catalogue_changed_during_pagination;seats_and_certification_not_verified,requires_provider_and_availability_review
course-v1:EduspringAcademy+23616+1718822982,Handwriting Teacher Training Programme,EduspringAcademy,23616,instructor,2030-01-01T05:30:00+05:30,empty,,,,,False,False,https://courses.skillindiadigital.gov.in/api/courses/v1/courses/?page_size=100,live_catalogue_changed_during_pagination;seats_and_certification_not_verified,requires_provider_and_availability_review
course-v1:EdutechSolutions+52760+1729581100,Automotive,EdutechSolutions,52760,instructor,2030-01-01T05:30:00+05:30,empty,,,,,False,False,https://courses.skillindiadigital.gov.in/api/courses/v1/courses/?page_size=100,live_catalogue_changed_during_pagination;seats_and_certification_not_verified,requires_provider_and_availability_review
course-v1:edx+12335+1697571870,test lib 3,edx,12335,instructor,2030-01-01T05:30:00+05:30,empty,,,,,False,False,https://courses.skillindiadigital.gov.in/api/courses/v1/courses/?page_size=100,live_catalogue_changed_during_pagination;seats_and_certification_not_verified;test_or_demo_candidate,requires_provider_and_availability_review
course-v1:edx+29333+1695359641,test course post deployment,edx,29333,instructor,2030-01-01T05:30:00+05:30,empty,,,,,False,False,https://courses.skillindiadigital.gov.in/api/courses/v1/courses/?page_size=100,live_catalogue_changed_during_pagination;seats_and_certification_not_verified;test_or_demo_candidate,requires_provider_and_availability_review
course-v1:edx+66313+1697617148,scorm course,edx,66313,instructor,2030-01-01T05:30:00+05:30,empty,,,,,False,False,https://courses.skillindiadigital.gov.in/api/courses/v1/courses/?page_size=100,live_catalogue_changed_during_pagination;seats_and_certification_not_verified,requires_provider_and_availability_review
course-v1:EfsimSkillsDevelopmentAcademyPrivateLimited+29984+1733729168,Fundamentals of Welding Techniques,EfsimSkillsDevelopmentAcademyPrivateLimited,29984,instructor,2024-12-09T12:56:32.876000+05:30,timestamp,,,,,False,False,https://courses.skillindiadigital.gov.in/api/courses/v1/courses/?page_size=100,live_catalogue_changed_during_pagination;seats_and_certification_not_verified,requires_provider_and_availability_review
course-v1:EhiapurAsthaWelfareSociety+32615+1788977193,electrician,EhiapurAsthaWelfareSociety,32615,instructor,2026-09-09T23:39:00.293000+05:30,timestamp,,,,,False,False,https://courses.skillindiadigital.gov.in/api/courses/v1/courses/?page_size=100,live_catalogue_changed_during_pagination;seats_and_certification_not_verified,requires_provider_and_availability_review
course-v1:EipSportingSolutionsIndiaPrivateLimited+14942+1781256988,EIP SPaaSmester,EipSportingSolutionsIndiaPrivateLimited,14942,instructor,2026-06-12T15:06:50.714000+05:30,timestamp,,,,,False,False,https://courses.skillindiadigital.gov.in/api/courses/v1/courses/?page_size=100,live_catalogue_changed_during_pagination;seats_and_certification_not_verified,requires_provider_and_availability_review
course-v1:EkaAcademyPrivateLimited+48084+1740720571,Project Dronacharya - A New Age Train-the-Trainer Program,EkaAcademyPrivateLimited,48084,instructor,2025-02-28T11:00:24.375000+05:30,timestamp,,,,,False,False,https://courses.skillindiadigital.gov.in/api/courses/v1/courses/?page_size=100,live_catalogue_changed_during_pagination;seats_and_certification_not_verified,requires_provider_and_availability_review
course-v1:EklavayaUniversalPrivateLimited+64050+1782930044,"Information Technology Internship (Basic IT, MS Office & Cyber Security)",EklavayaUniversalPrivateLimited,64050,instructor,2026-07-01T23:53:54.738000+05:30,timestamp,,,,,False,False,https://courses.skillindiadigital.gov.in/api/courses/v1/courses/?page_size=100,live_catalogue_changed_during_pagination;seats_and_certification_not_verified,requires_provider_and_availability_review
course-v1:EktaJyotyWelfareSociety+38516+1746199005,Internship in Clinical and Counseling Psyco,EktaJyotyWelfareSociety,38516,instructor,2025-05-02T20:50:18.317000+05:30,timestamp,,,,,False,False,https://courses.skillindiadigital.gov.in/api/courses/v1/courses/?page_size=100,live_catalogue_changed_during_pagination;seats_and_certification_not_verified,requires_provider_and_availability_review
course-v1:ElectronoSolutionsPrivateLimited+51375+1729579401,NDT,ElectronoSolutionsPrivateLimited,51375,instructor,2030-01-01T05:30:00+05:30,empty,,,,,False,False,https://courses.skillindiadigital.gov.in/api/courses/v1/courses/?page_size=100,live_catalogue_changed_during_pagination;seats_and_certification_not_verified,requires_provider_and_availability_review
course-v1:ElectronoSolutionsPrivateLimited+86449+1729250873,Electrician Power Distribution,ElectronoSolutionsPrivateLimited,86449,instructor,2024-10-18T21:30:00+05:30,timestamp,2024-10-19T23:00:00+05:30,,,,False,False,https://courses.skillindiadigital.gov.in/api/courses/v1/courses/?page_size=100,live_catalogue_changed_during_pagination;seats_and_certification_not_verified,requires_provider_and_availability_review
course-v1:EmpowerindiaVocationalTrainingCentre+66896+1759038832,DMLT,EmpowerindiaVocationalTrainingCentre,66896,instructor,2025-09-28T11:24:39.863000+05:30,timestamp,,,,,False,False,https://courses.skillindiadigital.gov.in/api/courses/v1/courses/?page_size=100,live_catalogue_changed_during_pagination;seats_and_certification_not_verified,requires_provider_and_availability_review
course-v1:EscaleraTechnologiesPrivateLimited+19578+1723517742,Data Analytics - Hands On- For Beginners,EscaleraTechnologiesPrivateLimited,19578,instructor,2030-01-01T05:30:00+05:30,empty,,,,,False,False,https://courses.skillindiadigital.gov.in/api/courses/v1/courses/?page_size=100,live_catalogue_changed_during_pagination;seats_and_certification_not_verified,requires_provider_and_availability_review
course-v1:EshaEnterprises+16208+1711293871,ADVANCED COURSE TO JANA SEVA KENDRA OPERATOR,EshaEnterprises,16208,instructor,2024-01-04T15:30:00+05:30,timestamp,2024-09-30T21:30:00+05:30,,,,False,False,https://courses.skillindiadigital.gov.in/api/courses/v1/courses/?page_size=100,live_catalogue_changed_during_pagination;seats_and_certification_not_verified,requires_provider_and_availability_review
course-v1:ESSCI+40266+1691575489,Mobile Phone Hardware Repair Technician,ESSCI,40266,instructor,2023-07-01T05:30:00+05:30,timestamp,,,,,False,False,https://courses.skillindiadigital.gov.in/api/courses/v1/courses/?page_size=100,live_catalogue_changed_during_pagination;seats_and_certification_not_verified,requires_provider_and_availability_review
course-v1:ESSCI+77655+1689328219,"Solar Panel Installation Technician (ELE/Q5901,V3.0)",ESSCI,77655,instructor,2023-07-01T05:30:00+05:30,timestamp,,,,,False,False,https://courses.skillindiadigital.gov.in/api/courses/v1/courses/?page_size=100,live_catalogue_changed_during_pagination;seats_and_certification_not_verified,requires_provider_and_availability_review
course-v1:ESSCI+85965+1690524062,Field Technician Computing & Peripherals,ESSCI,85965,instructor,2023-07-01T05:30:00+05:30,timestamp,,,,,False,False,https://courses.skillindiadigital.gov.in/api/courses/v1/courses/?page_size=100,live_catalogue_changed_during_pagination;seats_and_certification_not_verified,requires_provider_and_availability_review
course-v1:EthansTechSolutionsLlp+26266+1765176961,Certification Course in Data Science and Analytics,EthansTechSolutionsLlp,26266,instructor,2025-12-08T12:26:30.909000+05:30,timestamp,,,,,False,False,https://courses.skillindiadigital.gov.in/api/courses/v1/courses/?page_size=100,live_catalogue_changed_during_pagination;seats_and_certification_not_verified,requires_provider_and_availability_review
course-v1:ExponentialEapIndiaPrivateLimited+93729+1762919850,Corporate Mental Health Advisor Certification Program,ExponentialEapIndiaPrivateLimited,93729,instructor,2025-11-12T09:28:24.991000+05:30,timestamp,,,,,False,False,https://courses.skillindiadigital.gov.in/api/courses/v1/courses/?page_size=100,live_catalogue_changed_during_pagination;seats_and_certification_not_verified,requires_provider_and_availability_review
course-v1:EY+128999+60,ABC,EY,128999,instructor,2030-01-01T05:30:00+05:30,empty,,,,,False,False,https://courses.skillindiadigital.gov.in/api/courses/v1/courses/?page_size=100,live_catalogue_changed_during_pagination;seats_and_certification_not_verified,requires_provider_and_availability_review
course-v1:ey+77+100,A,ey,77,instructor,2030-01-01T05:30:00+05:30,empty,,,,,False,False,https://courses.skillindiadigital.gov.in/api/courses/v1/courses/?page_size=100,live_catalogue_changed_during_pagination;seats_and_certification_not_verified,requires_provider_and_availability_review
course-v1:FakiraBahuudeshiyaSevabhaviSansthaBalirampur+26756+1746852496,PM Vishvkarma,FakiraBahuudeshiyaSevabhaviSansthaBalirampur,26756,instructor,2025-05-10T10:18:43.378000+05:30,timestamp,,,,,False,False,https://courses.skillindiadigital.gov.in/api/courses/v1/courses/?page_size=100,live_catalogue_changed_during_pagination;seats_and_certification_not_verified,requires_provider_and_availability_review
course-v1:FICSI+10201+1690267551,Rice Fortification,FICSI,10201,instructor,2023-07-01T05:30:00+05:30,timestamp,,,,,False,False,https://courses.skillindiadigital.gov.in/api/courses/v1/courses/?page_size=100,live_catalogue_changed_during_pagination;seats_and_certification_not_verified,requires_provider_and_availability_review
course-v1:FICSI+17402+1692937654,Pickle Making Technician - Hindi,FICSI,17402,instructor,2023-08-01T05:30:00+05:30,timestamp,,,,,False,False,https://courses.skillindiadigital.gov.in/api/courses/v1/courses/?page_size=100,live_catalogue_changed_during_pagination;seats_and_certification_not_verified,requires_provider_and_availability_review
course-v1:FICSI+17466+1692957999,FoSTaC - Advance Manufacturing Bakery Level 2,FICSI,17466,instructor,2023-08-01T05:30:00+05:30,timestamp,,,,,False,False,https://courses.skillindiadigital.gov.in/api/courses/v1/courses/?page_size=100,live_catalogue_changed_during_pagination;seats_and_certification_not_verified,requires_provider_and_availability_review
course-v1:FICSI+18716+1694169945,Plant Base Proteins - Hindi,FICSI,18716,instructor,2023-08-01T05:30:00+05:30,timestamp,,,,,False,False,https://courses.skillindiadigital.gov.in/api/courses/v1/courses/?page_size=100,live_catalogue_changed_during_pagination;seats_and_certification_not_verified,requires_provider_and_availability_review
course-v1:FICSI+32332+1694146709,Pickle Making Technician,FICSI,32332,instructor,2023-08-01T05:30:00+05:30,timestamp,,,,,False,False,https://courses.skillindiadigital.gov.in/api/courses/v1/courses/?page_size=100,live_catalogue_changed_during_pagination;seats_and_certification_not_verified,requires_provider_and_availability_review
course-v1:FICSI+33589+1692771117,FoSTaC - Advance Manufacturing,FICSI,33589,instructor,2023-08-01T05:30:00+05:30,timestamp,,,,,False,False,https://courses.skillindiadigital.gov.in/api/courses/v1/courses/?page_size=100,live_catalogue_changed_during_pagination;seats_and_certification_not_verified,requires_provider_and_availability_review
course-v1:FICSI+36654+1693196783,Rice Fortification - Hindi,FICSI,36654,instructor,2023-08-01T05:30:00+05:30,timestamp,,,,,False,False,https://courses.skillindiadigital.gov.in/api/courses/v1/courses/?page_size=100,live_catalogue_changed_during_pagination;seats_and_certification_not_verified,requires_provider_and_availability_review
course-v1:FICSI+37899+1693212495,Craft Baker,FICSI,37899,instructor,2023-08-01T05:30:00+05:30,timestamp,,,,,False,False,https://courses.skillindiadigital.gov.in/api/courses/v1/courses/?page_size=100,live_catalogue_changed_during_pagination;seats_and_certification_not_verified,requires_provider_and_availability_review
course-v1:FICSI+46345+1693197248,FoSTaC - Basic Retail and Distribution,FICSI,46345,instructor,2023-08-01T05:30:00+05:30,timestamp,,,,,False,False,https://courses.skillindiadigital.gov.in/api/courses/v1/courses/?page_size=100,live_catalogue_changed_during_pagination;seats_and_certification_not_verified,requires_provider_and_availability_review
course-v1:FICSI+55073+1693196580,Traditional Snacks and Savoury Maker - Hindi,FICSI,55073,instructor,2023-08-01T05:30:00+05:30,timestamp,,,,,False,False,https://courses.skillindiadigital.gov.in/api/courses/v1/courses/?page_size=100,live_catalogue_changed_during_pagination;seats_and_certification_not_verified,requires_provider_and_availability_review
course-v1:FICSI+55154+1692945734,"Jam, Jelly and Ketchup Processing Technician - Hindi",FICSI,55154,instructor,2023-08-01T05:30:00+05:30,timestamp,,,,,False,False,https://courses.skillindiadigital.gov.in/api/courses/v1/courses/?page_size=100,live_catalogue_changed_during_pagination;seats_and_certification_not_verified,requires_provider_and_availability_review
course-v1:FICSI+56970+1693195771,Cold Storage Technician - Hindi,FICSI,56970,instructor,2023-08-01T05:30:00+05:30,timestamp,,,,,False,False,https://courses.skillindiadigital.gov.in/api/courses/v1/courses/?page_size=100,live_catalogue_changed_during_pagination;seats_and_certification_not_verified,requires_provider_and_availability_review
course-v1:FICSI+57218+1693197118,FoSTaC - Advance Retail and Distribution,FICSI,57218,instructor,2023-08-01T05:30:00+05:30,timestamp,,,,,False,False,https://courses.skillindiadigital.gov.in/api/courses/v1/courses/?page_size=100,live_catalogue_changed_during_pagination;seats_and_certification_not_verified,requires_provider_and_availability_review
course-v1:FICSI+62812+1692770242,FoSTaC - Basic Manufacturing,FICSI,62812,instructor,2023-08-01T05:30:00+05:30,timestamp,,,,,False,False,https://courses.skillindiadigital.gov.in/api/courses/v1/courses/?page_size=100,live_catalogue_changed_during_pagination;seats_and_certification_not_verified,requires_provider_and_availability_review
course-v1:FICSI+74768+1692940125,Traditional Snacks and Savoury Maker,FICSI,74768,instructor,2023-08-01T05:30:00+05:30,timestamp,,,,,False,False,https://courses.skillindiadigital.gov.in/api/courses/v1/courses/?page_size=100,live_catalogue_changed_during_pagination;seats_and_certification_not_verified,requires_provider_and_availability_review
course-v1:FICSI+82183+1692946930,"Jam, Jelly and Ketchup Processing Technician - Hindi",FICSI,82183,instructor,2023-08-01T05:30:00+05:30,timestamp,,,,,False,False,https://courses.skillindiadigital.gov.in/api/courses/v1/courses/?page_size=100,live_catalogue_changed_during_pagination;seats_and_certification_not_verified,requires_provider_and_availability_review
course-v1:FICSI+90051+1694172571,Cold Storage Technician,FICSI,90051,instructor,2023-08-01T05:30:00+05:30,timestamp,,,,,False,False,https://courses.skillindiadigital.gov.in/api/courses/v1/courses/?page_size=100,live_catalogue_changed_during_pagination;seats_and_certification_not_verified,requires_provider_and_availability_review
course-v1:FICSI+93005+1692879364,"Jam, Jelly and Ketchup Processing Technician",FICSI,93005,instructor,2023-08-01T05:30:00+05:30,timestamp,,,,,False,False,https://courses.skillindiadigital.gov.in/api/courses/v1/courses/?page_size=100,live_catalogue_changed_during_pagination;seats_and_certification_not_verified,requires_provider_and_availability_review
course-v1:FICSI+93890+1692773461,Fish and Sea Food Processing Technician,FICSI,93890,instructor,2023-08-01T05:30:00+05:30,timestamp,,,,,False,False,https://courses.skillindiadigital.gov.in/api/courses/v1/courses/?page_size=100,live_catalogue_changed_during_pagination;seats_and_certification_not_verified,requires_provider_and_availability_review
course-v1:FICSI+95746+1693286459,Fish and Sea Food Processing Technician - Hindi,FICSI,95746,instructor,2023-08-01T05:30:00+05:30,timestamp,,,,,False,False,https://courses.skillindiadigital.gov.in/api/courses/v1/courses/?page_size=100,live_catalogue_changed_during_pagination;seats_and_certification_not_verified,requires_provider_and_availability_review
course-v1:FICSI+98601+1690174638,Plant Base Proteins,FICSI,98601,instructor,2023-07-01T05:30:00+05:30,timestamp,,,,,False,False,https://courses.skillindiadigital.gov.in/api/courses/v1/courses/?page_size=100,live_catalogue_changed_during_pagination;seats_and_certification_not_verified,requires_provider_and_availability_review
course-v1:FineDineFoods+51913+1718352044,Restaurant Management System,FineDineFoods,51913,instructor,2030-01-01T05:30:00+05:30,empty,,,,,False,False,https://courses.skillindiadigital.gov.in/api/courses/v1/courses/?page_size=100,live_catalogue_changed_during_pagination;seats_and_certification_not_verified,requires_provider_and_availability_review
course-v1:FineDineFoods+53513+1718012589,CLOUD KITCHEN MANAGEMENT COURSE,FineDineFoods,53513,instructor,2030-01-01T05:30:00+05:30,empty,,,,,False,False,https://courses.skillindiadigital.gov.in/api/courses/v1/courses/?page_size=100,live_catalogue_changed_during_pagination;seats_and_certification_not_verified,requires_provider_and_availability_review
course-v1:FlaponeAviationPrivateLimited+43271+1729231568,Small RPC - Drone Pilot Training,FlaponeAviationPrivateLimited,43271,instructor,2024-10-28T05:30:00+05:30,timestamp,,,,,False,False,https://courses.skillindiadigital.gov.in/api/courses/v1/courses/?page_size=100,live_catalogue_changed_during_pagination;seats_and_certification_not_verified,requires_provider_and_availability_review
course-v1:FoundationForAdvancedTrainingInPlantBreeding+40233+1747655263,Mastering Scientific Writing and Editing,FoundationForAdvancedTrainingInPlantBreeding,40233,instructor,2025-05-19T17:18:23.547000+05:30,timestamp,,,,,False,False,https://courses.skillindiadigital.gov.in/api/courses/v1/courses/?page_size=100,live_catalogue_changed_during_pagination;seats_and_certification_not_verified,requires_provider_and_availability_review
course-v1:FurnitureAndFittingsSkillCouncil+42007+1770810603,AI Basics for Furniture Makers,FurnitureAndFittingsSkillCouncil,42007,instructor,2026-02-11T17:21:01.510000+05:30,timestamp,,,,,False,False,https://courses.skillindiadigital.gov.in/api/courses/v1/courses/?page_size=100,live_catalogue_changed_during_pagination;seats_and_certification_not_verified,requires_provider_and_availability_review
course-v1:GapAviaLlp+41210+1777874861,ICAO SMS training for Aviation stake holders,GapAviaLlp,41210,instructor,2026-05-04T11:38:52.622000+05:30,timestamp,,,,,False,False,https://courses.skillindiadigital.gov.in/api/courses/v1/courses/?page_size=100,live_catalogue_changed_during_pagination;seats_and_certification_not_verified,requires_provider_and_availability_review
course-v1:GayatriFoundationTrust+24205+1729597117,ADVERTISING,GayatriFoundationTrust,24205,instructor,2030-01-01T05:30:00+05:30,empty,,,,,False,False,https://courses.skillindiadigital.gov.in/api/courses/v1/courses/?page_size=100,live_catalogue_changed_during_pagination;seats_and_certification_not_verified,requires_provider_and_availability_review
course-v1:GeecyApavePrivateLimited+56572+1763705453,Radiography Testing,GeecyApavePrivateLimited,56572,instructor,2025-11-21T11:41:22.767000+05:30,timestamp,,,,,False,False,https://courses.skillindiadigital.gov.in/api/courses/v1/courses/?page_size=100,live_catalogue_changed_during_pagination;seats_and_certification_not_verified;test_or_demo_candidate,requires_provider_and_availability_review
course-v1:GenisysEmployeeManagementServices+67662+1717562999,Communication Skills,GenisysEmployeeManagementServices,67662,instructor,2024-02-01T06:30:00+05:30,timestamp,2024-06-05T08:30:00+05:30,,,,False,False,https://courses.skillindiadigital.gov.in/api/courses/v1/courses/?page_size=100,live_catalogue_changed_during_pagination;seats_and_certification_not_verified,requires_provider_and_availability_review
course-v1:GenisysEmployeeManagementServices+79773+1717563350,Introduction to communication skills,GenisysEmployeeManagementServices,79773,instructor,2025-01-01T05:30:00+05:30,timestamp,,,,,False,False,https://courses.skillindiadigital.gov.in/api/courses/v1/courses/?page_size=100,live_catalogue_changed_during_pagination;seats_and_certification_not_verified,requires_provider_and_availability_review
course-v1:GeniusMindPragyawaanBhavah+52338+1726819316,Power of Thoughts,GeniusMindPragyawaanBhavah,52338,instructor,2030-01-01T05:30:00+05:30,empty,,,,,False,False,https://courses.skillindiadigital.gov.in/api/courses/v1/courses/?page_size=100,live_catalogue_changed_during_pagination;seats_and_certification_not_verified,requires_provider_and_availability_review
course-v1:GeniusMindPragyawaanBhavah+79930+1726760332,Power of Thoughts,GeniusMindPragyawaanBhavah,79930,instructor,2024-09-20T05:30:00+05:30,timestamp,2024-09-30T05:30:00+05:30,,,,False,False,https://courses.skillindiadigital.gov.in/api/courses/v1/courses/?page_size=100,live_catalogue_changed_during_pagination;seats_and_certification_not_verified,requires_provider_and_availability_review
course-v1:GetcrrLlp+64093+1734435381,Job Magnet,GetcrrLlp,64093,instructor,2024-12-17T17:06:50.232000+05:30,timestamp,,,,,False,False,https://courses.skillindiadigital.gov.in/api/courses/v1/courses/?page_size=100,live_catalogue_changed_during_pagination;seats_and_certification_not_verified,requires_provider_and_availability_review
course-v1:GhatyaJaisingMaharajJansevaSamiti+88530+1780772562,PALAMBAR,GhatyaJaisingMaharajJansevaSamiti,88530,instructor,2026-06-07T00:33:28.221000+05:30,timestamp,,,,,False,False,https://courses.skillindiadigital.gov.in/api/courses/v1/courses/?page_size=100,live_catalogue_changed_during_pagination;seats_and_certification_not_verified,requires_provider_and_availability_review
course-v1:GhubayaSkillDevelopment+63747+1719056615,tailor,GhubayaSkillDevelopment,63747,instructor,2030-01-01T05:30:00+05:30,empty,,,,,False,False,https://courses.skillindiadigital.gov.in/api/courses/v1/courses/?page_size=100,live_catalogue_changed_during_pagination;seats_and_certification_not_verified,requires_provider_and_availability_review
course-v1:GitaMittalFoundation+17685+1786355805,Advance Excel,GitaMittalFoundation,17685,instructor,2026-08-10T15:27:16.823000+05:30,timestamp,,,,,False,False,https://courses.skillindiadigital.gov.in/api/courses/v1/courses/?page_size=100,live_catalogue_changed_during_pagination;seats_and_certification_not_verified,requires_provider_and_availability_review
course-v1:GithamConsultingPrivateLimited+23473+1735362834,Collaboration the Secret to Success,GithamConsultingPrivateLimited,23473,instructor,2024-12-28T10:46:01.676000+05:30,timestamp,,,,,False,False,https://courses.skillindiadigital.gov.in/api/courses/v1/courses/?page_size=100,live_catalogue_changed_during_pagination;seats_and_certification_not_verified,requires_provider_and_availability_review
course-v1:GithamConsultingPrivateLimited+66976+1753180942,Introduction to PoSH,GithamConsultingPrivateLimited,66976,instructor,2025-07-22T16:13:00.145000+05:30,timestamp,,,,,False,False,https://courses.skillindiadigital.gov.in/api/courses/v1/courses/?page_size=100,live_catalogue_changed_during_pagination;seats_and_certification_not_verified,requires_provider_and_availability_review
course-v1:GitiPithoragarh+39492+1701324542,Nal Jal,GitiPithoragarh,39492,instructor,2030-01-01T05:30:00+05:30,empty,,,,,False,False,https://courses.skillindiadigital.gov.in/api/courses/v1/courses/?page_size=100,live_catalogue_changed_during_pagination;seats_and_certification_not_verified,requires_provider_and_availability_review
course-v1:GlobalSkillDevelopment+51190+1705262492,Online course,GlobalSkillDevelopment,51190,instructor,2030-01-01T05:30:00+05:30,empty,,,,,False,False,https://courses.skillindiadigital.gov.in/api/courses/v1/courses/?page_size=100,live_catalogue_changed_during_pagination;seats_and_certification_not_verified,requires_provider_and_availability_review
course-v1:GlobalsunPowerTechnologiesPrivateLimited+27699+1750233570,Introduction to Solar,GlobalsunPowerTechnologiesPrivateLimited,27699,instructor,2025-06-18T13:53:51.261000+05:30,timestamp,,,,,False,False,https://courses.skillindiadigital.gov.in/api/courses/v1/courses/?page_size=100,live_catalogue_changed_during_pagination;seats_and_certification_not_verified,requires_provider_and_availability_review
course-v1:GlobalTextilesAndGlobalTailoringTrainingCentre+11681+1718957367,self empolyed tailor,GlobalTextilesAndGlobalTailoringTrainingCentre,11681,instructor,2030-01-01T05:30:00+05:30,empty,,,,,False,False,https://courses.skillindiadigital.gov.in/api/courses/v1/courses/?page_size=100,live_catalogue_changed_during_pagination;seats_and_certification_not_verified,requires_provider_and_availability_review
course-v1:GOBpoServicesPrivateLimited+16876+1740053524,Introduction to Bar and Beverage,GOBpoServicesPrivateLimited,16876,instructor,2025-02-20T17:42:54.098000+05:30,timestamp,,,,,False,False,https://courses.skillindiadigital.gov.in/api/courses/v1/courses/?page_size=100,live_catalogue_changed_during_pagination;seats_and_certification_not_verified,requires_provider_and_availability_review
course-v1:GOBpoServicesPrivateLimited+18280+1740121712,Introduction to Front Desk and Telephone Operations Service,GOBpoServicesPrivateLimited,18280,instructor,2025-02-21T12:44:38.793000+05:30,timestamp,,,,,False,False,https://courses.skillindiadigital.gov.in/api/courses/v1/courses/?page_size=100,live_catalogue_changed_during_pagination;seats_and_certification_not_verified,requires_provider_and_availability_review
course-v1:GOBpoServicesPrivateLimited+19761+1774941732,Building a Powerful Non-IT LinkedIn Profile,GOBpoServicesPrivateLimited,19761,instructor,2026-03-31T12:52:35.771000+05:30,timestamp,,,,,False,False,https://courses.skillindiadigital.gov.in/api/courses/v1/courses/?page_size=100,live_catalogue_changed_during_pagination;seats_and_certification_not_verified,requires_provider_and_availability_review
course-v1:GOBpoServicesPrivateLimited+23177+1774608414,Resume Writing Tips,GOBpoServicesPrivateLimited,23177,instructor,2026-03-27T16:17:49.034000+05:30,timestamp,,,,,False,False,https://courses.skillindiadigital.gov.in/api/courses/v1/courses/?page_size=100,live_catalogue_changed_during_pagination;seats_and_certification_not_verified,requires_provider_and_availability_review
course-v1:GOBpoServicesPrivateLimited+27555+1739271182,Introduction to Order to Cash (O2C),GOBpoServicesPrivateLimited,27555,instructor,2025-02-11T16:23:40.614000+05:30,timestamp,,,,,False,False,https://courses.skillindiadigital.gov.in/api/courses/v1/courses/?page_size=100,live_catalogue_changed_during_pagination;seats_and_certification_not_verified,requires_provider_and_availability_review
course-v1:GOBpoServicesPrivateLimited+29742+1740136636,Introduction to Guest Room Housekeeping Service,GOBpoServicesPrivateLimited,29742,instructor,2025-02-21T16:56:43.004000+05:30,timestamp,,,,,False,False,https://courses.skillindiadigital.gov.in/api/courses/v1/courses/?page_size=100,live_catalogue_changed_during_pagination;seats_and_certification_not_verified,requires_provider_and_availability_review
course-v1:GOBpoServicesPrivateLimited+30095+1749014314,Introduction to Professional English for Housekeeping,GOBpoServicesPrivateLimited,30095,instructor,2025-06-04T10:48:49.535000+05:30,timestamp,,,,,False,False,https://courses.skillindiadigital.gov.in/api/courses/v1/courses/?page_size=100,live_catalogue_changed_during_pagination;seats_and_certification_not_verified,requires_provider_and_availability_review
course-v1:GOBpoServicesPrivateLimited+31114+1774955420,Easy Steps to Interview Success,GOBpoServicesPrivateLimited,31114,instructor,2026-03-31T16:40:49.691000+05:30,timestamp,,,,,False,False,https://courses.skillindiadigital.gov.in/api/courses/v1/courses/?page_size=100,live_catalogue_changed_during_pagination;seats_and_certification_not_verified,requires_provider_and_availability_review
course-v1:GOBpoServicesPrivateLimited+31278+1740042111,Introduction to Room Service,GOBpoServicesPrivateLimited,31278,instructor,2025-02-20T14:34:28.734000+05:30,timestamp,,,,,False,False,https://courses.skillindiadigital.gov.in/api/courses/v1/courses/?page_size=100,live_catalogue_changed_during_pagination;seats_and_certification_not_verified,requires_provider_and_availability_review
course-v1:GOBpoServicesPrivateLimited+31894+1740145196,Introduction to Housekeeping Service,GOBpoServicesPrivateLimited,31894,instructor,2025-02-21T19:10:05.231000+05:30,timestamp,,,,,False,False,https://courses.skillindiadigital.gov.in/api/courses/v1/courses/?page_size=100,live_catalogue_changed_during_pagination;seats_and_certification_not_verified,requires_provider_and_availability_review
course-v1:GOBpoServicesPrivateLimited+34045+1749012357,Introduction to Professional English for Hotel Front Office Staff,GOBpoServicesPrivateLimited,34045,instructor,2025-06-04T10:16:27.727000+05:30,timestamp,,,,,False,False,https://courses.skillindiadigital.gov.in/api/courses/v1/courses/?page_size=100,live_catalogue_changed_during_pagination;seats_and_certification_not_verified,requires_provider_and_availability_review
course-v1:GOBpoServicesPrivateLimited+36167+1774852813,Resume Writing Tips,GOBpoServicesPrivateLimited,36167,instructor,2026-03-30T12:11:25.735000+05:30,timestamp,,,,,False,False,https://courses.skillindiadigital.gov.in/api/courses/v1/courses/?page_size=100,live_catalogue_changed_during_pagination;seats_and_certification_not_verified,requires_provider_and_availability_review
course-v1:GOBpoServicesPrivateLimited+40314+1740025744,Introduction to Advanced Accounting,GOBpoServicesPrivateLimited,40314,instructor,2025-02-20T09:59:32.173000+05:30,timestamp,,,,,False,False,https://courses.skillindiadigital.gov.in/api/courses/v1/courses/?page_size=100,live_catalogue_changed_during_pagination;seats_and_certification_not_verified,requires_provider_and_availability_review
course-v1:GOBpoServicesPrivateLimited+40372+1770285130,Writing Resumes which will get you a job,GOBpoServicesPrivateLimited,40372,instructor,2026-02-05T15:22:52.382000+05:30,timestamp,,,,,False,False,https://courses.skillindiadigital.gov.in/api/courses/v1/courses/?page_size=100,live_catalogue_changed_during_pagination;seats_and_certification_not_verified,requires_provider_and_availability_review
course-v1:GOBpoServicesPrivateLimited+40620+1737718632,Introduction to Record to Report (R2R),GOBpoServicesPrivateLimited,40620,instructor,2025-01-24T17:08:28.320000+05:30,timestamp,,,,,False,False,https://courses.skillindiadigital.gov.in/api/courses/v1/courses/?page_size=100,live_catalogue_changed_during_pagination;seats_and_certification_not_verified,requires_provider_and_availability_review
course-v1:GOBpoServicesPrivateLimited+41040+1739271270,Introduction to Procure to Pay (P2P),GOBpoServicesPrivateLimited,41040,instructor,2025-02-11T16:24:58.428000+05:30,timestamp,,,,,False,False,https://courses.skillindiadigital.gov.in/api/courses/v1/courses/?page_size=100,live_catalogue_changed_during_pagination;seats_and_certification_not_verified,requires_provider_and_availability_review
course-v1:GOBpoServicesPrivateLimited+46393+1749015519,Introduction to Professional English for Room Service Attendant,GOBpoServicesPrivateLimited,46393,instructor,2025-06-04T11:08:54.415000+05:30,timestamp,,,,,False,False,https://courses.skillindiadigital.gov.in/api/courses/v1/courses/?page_size=100,live_catalogue_changed_during_pagination;seats_and_certification_not_verified,requires_provider_and_availability_review
course-v1:GOBpoServicesPrivateLimited+60383+1774611944,Resume Writing Tips,GOBpoServicesPrivateLimited,60383,instructor,2026-03-27T17:15:58.349000+05:30,timestamp,,,,,False,False,https://courses.skillindiadigital.gov.in/api/courses/v1/courses/?page_size=100,live_catalogue_changed_during_pagination;seats_and_certification_not_verified,requires_provider_and_availability_review
course-v1:GOBpoServicesPrivateLimited+63081+1740025441,Introduction to Basics of Accounting & Finance,GOBpoServicesPrivateLimited,63081,instructor,2025-02-20T09:54:58.085000+05:30,timestamp,,,,,False,False,https://courses.skillindiadigital.gov.in/api/courses/v1/courses/?page_size=100,live_catalogue_changed_during_pagination;seats_and_certification_not_verified,requires_provider_and_availability_review
course-v1:GOBpoServicesPrivateLimited+66730+1740140698,Introduction to Restaurant Service,GOBpoServicesPrivateLimited,66730,instructor,2025-02-21T18:02:39.471000+05:30,timestamp,,,,,False,False,https://courses.skillindiadigital.gov.in/api/courses/v1/courses/?page_size=100,live_catalogue_changed_during_pagination;seats_and_certification_not_verified,requires_provider_and_availability_review
course-v1:GOBpoServicesPrivateLimited+70509+1740142800,Introduction to Food and Beverage Service,GOBpoServicesPrivateLimited,70509,instructor,2025-02-21T18:45:21.869000+05:30,timestamp,,,,,False,False,https://courses.skillindiadigital.gov.in/api/courses/v1/courses/?page_size=100,live_catalogue_changed_during_pagination;seats_and_certification_not_verified,requires_provider_and_availability_review
course-v1:GOBpoServicesPrivateLimited+74069+1740133344,Introduction to Bell Desk Assistant Service,GOBpoServicesPrivateLimited,74069,instructor,2025-02-21T15:53:37.378000+05:30,timestamp,,,,,False,False,https://courses.skillindiadigital.gov.in/api/courses/v1/courses/?page_size=100,live_catalogue_changed_during_pagination;seats_and_certification_not_verified,requires_provider_and_availability_review
course-v1:GOBpoServicesPrivateLimited+80004+1740138999,Introduction to Public Area and Restaurant Housekeeping Service,GOBpoServicesPrivateLimited,80004,instructor,2025-02-21T17:26:43.546000+05:30,timestamp,,,,,False,False,https://courses.skillindiadigital.gov.in/api/courses/v1/courses/?page_size=100,live_catalogue_changed_during_pagination;seats_and_certification_not_verified,requires_provider_and_availability_review
course-v1:GOBpoServicesPrivateLimited+81362+1740130811,Introduction to Front office executive Service,GOBpoServicesPrivateLimited,81362,instructor,2025-02-21T15:11:52.144000+05:30,timestamp,,,,,False,False,https://courses.skillindiadigital.gov.in/api/courses/v1/courses/?page_size=100,live_catalogue_changed_during_pagination;seats_and_certification_not_verified,requires_provider_and_availability_review
course-v1:GOBpoServicesPrivateLimited+81810+1774956975,Mastering Your Money A Guide to Smarter Saving,GOBpoServicesPrivateLimited,81810,instructor,2026-03-31T17:07:39.095000+05:30,timestamp,,,,,False,False,https://courses.skillindiadigital.gov.in/api/courses/v1/courses/?page_size=100,live_catalogue_changed_during_pagination;seats_and_certification_not_verified,requires_provider_and_availability_review
course-v1:GOBpoServicesPrivateLimited+91100+1740118659,Introduction to Reservation Assistant Service,GOBpoServicesPrivateLimited,91100,instructor,2025-02-21T12:01:17.748000+05:30,timestamp,,,,,False,False,https://courses.skillindiadigital.gov.in/api/courses/v1/courses/?page_size=100,live_catalogue_changed_during_pagination;seats_and_certification_not_verified,requires_provider_and_availability_review
course-v1:GOBpoServicesPrivateLimited+92913+1774952210,Setting Up Your LinkedIn Profile for IT Roles,GOBpoServicesPrivateLimited,92913,instructor,2026-03-31T15:47:15.945000+05:30,timestamp,,,,,False,False,https://courses.skillindiadigital.gov.in/api/courses/v1/courses/?page_size=100,live_catalogue_changed_during_pagination;seats_and_certification_not_verified,requires_provider_and_availability_review
course-v1:GOBpoServicesPrivateLimited+96973+1776250786,The Foundations of Personal Finance - A Comprehensive Guide to Investment Options,GOBpoServicesPrivateLimited,96973,instructor,2026-04-15T16:30:53.457000+05:30,timestamp,,,,,False,False,https://courses.skillindiadigital.gov.in/api/courses/v1/courses/?page_size=100,live_catalogue_changed_during_pagination;seats_and_certification_not_verified,requires_provider_and_availability_review
course-v1:GodwinsInstitutionsPrivateLtd+93280+1728471693,Retail Sales Associate,GodwinsInstitutionsPrivateLtd,93280,instructor,2024-10-09T15:30:00+05:30,timestamp,2024-12-19T22:30:00+05:30,,,,False,False,https://courses.skillindiadigital.gov.in/api/courses/v1/courses/?page_size=100,live_catalogue_changed_during_pagination;seats_and_certification_not_verified,requires_provider_and_availability_review
course-v1:GoenkaKachaveLlp+95016+1745496357,Legacy Wealth Builder,GoenkaKachaveLlp,95016,instructor,2025-04-24T17:38:20.078000+05:30,timestamp,,,,,False,False,https://courses.skillindiadigital.gov.in/api/courses/v1/courses/?page_size=100,live_catalogue_changed_during_pagination;seats_and_certification_not_verified,requires_provider_and_availability_review
course-v1:GogyJoseph+62533+1764050895,Welding,GogyJoseph,62533,instructor,2025-11-25T11:38:37.169000+05:30,timestamp,,,,,False,False,https://courses.skillindiadigital.gov.in/api/courses/v1/courses/?page_size=100,live_catalogue_changed_during_pagination;seats_and_certification_not_verified,requires_provider_and_availability_review
course-v1:GovindKumar+66522+1728786414,Web developer,GovindKumar,66522,instructor,2030-01-01T05:30:00+05:30,empty,,,,,False,False,https://courses.skillindiadigital.gov.in/api/courses/v1/courses/?page_size=100,live_catalogue_changed_during_pagination;seats_and_certification_not_verified,requires_provider_and_availability_review
course-v1:GovindKumar+69433+1727945304,COMPUTER MASTER,GovindKumar,69433,instructor,2030-01-01T05:30:00+05:30,empty,,,,,False,False,https://courses.skillindiadigital.gov.in/api/courses/v1/courses/?page_size=100,live_catalogue_changed_during_pagination;seats_and_certification_not_verified,requires_provider_and_availability_review
course-v1:Govt.itiChamba+80035+1783599524,navya,Govt.itiChamba,80035,instructor,2026-07-09T17:50:08.708000+05:30,timestamp,,,,,False,False,https://courses.skillindiadigital.gov.in/api/courses/v1/courses/?page_size=100,live_catalogue_changed_during_pagination;seats_and_certification_not_verified,requires_provider_and_availability_review
course-v1:Govt.itiChamba+85502+1783599104,navya,Govt.itiChamba,85502,instructor,2026-07-09T17:42:08.683000+05:30,timestamp,,,,,False,False,https://courses.skillindiadigital.gov.in/api/courses/v1/courses/?page_size=100,live_catalogue_changed_during_pagination;seats_and_certification_not_verified,requires_provider_and_availability_review
course-v1:GovtBoysSeniorSecondarySchoolGazipurDelhi110096+28028+1712753995,Advance computer course,GovtBoysSeniorSecondarySchoolGazipurDelhi110096,28028,instructor,2030-01-01T05:30:00+05:30,empty,,,,,False,False,https://courses.skillindiadigital.gov.in/api/courses/v1/courses/?page_size=100,live_catalogue_changed_during_pagination;seats_and_certification_not_verified,requires_provider_and_availability_review
course-v1:GovtItiKhuribatpora+81695+1768229553,INTRODUCTION TO COMPUTER,GovtItiKhuribatpora,81695,instructor,2026-01-12T20:23:28.195000+05:30,timestamp,,,,,False,False,https://courses.skillindiadigital.gov.in/api/courses/v1/courses/?page_size=100,live_catalogue_changed_during_pagination;seats_and_certification_not_verified,requires_provider_and_availability_review
course-v1:Graduvation+26164+1717530704,Cloud Computing,Graduvation,26164,instructor,2030-01-01T05:30:00+05:30,empty,,,,,False,False,https://courses.skillindiadigital.gov.in/api/courses/v1/courses/?page_size=100,live_catalogue_changed_during_pagination;seats_and_certification_not_verified,requires_provider_and_availability_review
course-v1:GraminSkillsDevelopmentSociety+17713+1754473065,Fire Fighter,GraminSkillsDevelopmentSociety,17713,instructor,2025-08-06T15:08:41.855000+05:30,timestamp,,,,,False,False,https://courses.skillindiadigital.gov.in/api/courses/v1/courses/?page_size=100,live_catalogue_changed_during_pagination;seats_and_certification_not_verified,requires_provider_and_availability_review
course-v1:greenjobs+32525+1689569867,Manager-Waste management,greenjobs,32525,instructor,2023-07-01T05:30:00+05:30,timestamp,,,,,False,False,https://courses.skillindiadigital.gov.in/api/courses/v1/courses/?page_size=100,live_catalogue_changed_during_pagination;seats_and_certification_not_verified,requires_provider_and_availability_review
course-v1:greenjobs+50642+1689574668,Agri-residue Aggregator (SGJQ6201),greenjobs,50642,instructor,2023-07-01T05:30:00+05:30,timestamp,,,,,False,False,https://courses.skillindiadigital.gov.in/api/courses/v1/courses/?page_size=100,live_catalogue_changed_during_pagination;seats_and_certification_not_verified,requires_provider_and_availability_review
course-v1:GSDigitalIndustries+82144+1720195694,BASIC COMPUTER COURSE,GSDigitalIndustries,82144,instructor,2030-01-01T05:30:00+05:30,empty,,,,,False,False,https://courses.skillindiadigital.gov.in/api/courses/v1/courses/?page_size=100,live_catalogue_changed_during_pagination;seats_and_certification_not_verified,requires_provider_and_availability_review
course-v1:GsmTechHubPrivateLimited+81689+1731168262,AIT,GsmTechHubPrivateLimited,81689,instructor,2030-01-01T05:30:00+05:30,empty,,,,,False,False,https://courses.skillindiadigital.gov.in/api/courses/v1/courses/?page_size=100,live_catalogue_changed_during_pagination;seats_and_certification_not_verified,requires_provider_and_availability_review
course-v1:GsssMuana+16988+1762143087,DOMESTIC IT HELPDESK ATTENANT,GsssMuana,16988,instructor,2025-11-03T09:42:15.379000+05:30,timestamp,,,,,False,False,https://courses.skillindiadigital.gov.in/api/courses/v1/courses/?page_size=100,live_catalogue_changed_during_pagination;seats_and_certification_not_verified,requires_provider_and_availability_review
course-v1:GyaanbyteLabsPrivateLimited+67700+1762761958,Python Programming,GyaanbyteLabsPrivateLimited,67700,instructor,2025-11-10T13:36:30.848000+05:30,timestamp,,,,,False,False,https://courses.skillindiadigital.gov.in/api/courses/v1/courses/?page_size=100,live_catalogue_changed_during_pagination;seats_and_certification_not_verified,requires_provider_and_availability_review
course-v1:GyanendraKumar+33553+1775371607,Introduction to LCA & EP,GyanendraKumar,33553,instructor,2026-04-05T12:19:50.263000+05:30,timestamp,,,,,False,False,https://courses.skillindiadigital.gov.in/api/courses/v1/courses/?page_size=100,live_catalogue_changed_during_pagination;seats_and_certification_not_verified,requires_provider_and_availability_review
course-v1:GyanSarovarFoundationTrust+30473+1735305888,Basic Computer course,GyanSarovarFoundationTrust,30473,instructor,2024-12-27T18:55:42.287000+05:30,timestamp,,,,,False,False,https://courses.skillindiadigital.gov.in/api/courses/v1/courses/?page_size=100,live_catalogue_changed_during_pagination;seats_and_certification_not_verified,requires_provider_and_availability_review
course-v1:GyanSarovarFoundationTrust+56627+1739099337,General Duty Assistant,GyanSarovarFoundationTrust,56627,instructor,2025-02-09T16:40:02.857000+05:30,timestamp,,,,,False,False,https://courses.skillindiadigital.gov.in/api/courses/v1/courses/?page_size=100,live_catalogue_changed_during_pagination;seats_and_certification_not_verified,requires_provider_and_availability_review
course-v1:HabibullaEnterprise+46304+1713019836,DIGITAL INDIA WITH CYBER CAFE,HabibullaEnterprise,46304,instructor,2030-01-01T05:30:00+05:30,empty,,,,,False,False,https://courses.skillindiadigital.gov.in/api/courses/v1/courses/?page_size=100,live_catalogue_changed_during_pagination;seats_and_certification_not_verified,requires_provider_and_availability_review
course-v1:Hack4all+51329+1701773645,Certification Course for Digital Skills and Literacy,Hack4all,51329,instructor,2023-12-01T05:30:00+05:30,timestamp,,,,,False,False,https://courses.skillindiadigital.gov.in/api/courses/v1/courses/?page_size=100,live_catalogue_changed_during_pagination;seats_and_certification_not_verified,requires_provider_and_availability_review
course-v1:Hack4all+61955+1705910227,Certification Course for Digital Skills and Literacy,Hack4all,61955,instructor,2030-01-01T05:30:00+05:30,empty,,,,,False,False,https://courses.skillindiadigital.gov.in/api/courses/v1/courses/?page_size=100,live_catalogue_changed_during_pagination;seats_and_certification_not_verified,requires_provider_and_availability_review
course-v1:hacssc+33724+1770880793,AI AS CULTURAL TRANSLATOR FOR GLOBAL MARKETS ENGLISH,hacssc,33724,instructor,2026-02-12T12:50:25.305000+05:30,timestamp,,,,,False,False,https://courses.skillindiadigital.gov.in/api/courses/v1/courses/?page_size=100,live_catalogue_changed_during_pagination;seats_and_certification_not_verified,requires_provider_and_availability_review
course-v1:hacssc+45364+1770807605,Demo,hacssc,45364,instructor,2026-02-11T16:32:38.580000+05:30,timestamp,,,,,False,False,https://courses.skillindiadigital.gov.in/api/courses/v1/courses/?page_size=100,live_catalogue_changed_during_pagination;seats_and_certification_not_verified;test_or_demo_candidate,requires_provider_and_availability_review
course-v1:hacssc+55557+1770880150,AI AS CULTURAL TRANSLATOR FOR GLOBAL MARKETS,hacssc,55557,instructor,2026-02-12T12:39:34.878000+05:30,timestamp,,,,,False,False,https://courses.skillindiadigital.gov.in/api/courses/v1/courses/?page_size=100,live_catalogue_changed_during_pagination;seats_and_certification_not_verified,requires_provider_and_availability_review
course-v1:hacssc+82336+1770878744,AI FOR HERITAGE CRAFT STORYTELLING HINDI,hacssc,82336,instructor,2026-02-12T12:17:07.463000+05:30,timestamp,,,,,False,False,https://courses.skillindiadigital.gov.in/api/courses/v1/courses/?page_size=100,live_catalogue_changed_during_pagination;seats_and_certification_not_verified,requires_provider_and_availability_review
course-v1:hacssc+83870+1770870288,AI FOR HERITAGE CRAFT STORYTELLING,hacssc,83870,instructor,2026-02-12T09:55:23.428000+05:30,timestamp,,,,,False,False,https://courses.skillindiadigital.gov.in/api/courses/v1/courses/?page_size=100,live_catalogue_changed_during_pagination;seats_and_certification_not_verified,requires_provider_and_availability_review
course-v1:HailakandiPolytechnic+48108+1771852235,Introduction to IT,HailakandiPolytechnic,48108,instructor,2026-02-23T18:42:07.615000+05:30,timestamp,,,,,False,False,https://courses.skillindiadigital.gov.in/api/courses/v1/courses/?page_size=100,live_catalogue_changed_during_pagination;seats_and_certification_not_verified,requires_provider_and_availability_review
course-v1:HaldiaServiceSociety+48847+1746529601,Data entry operator,HaldiaServiceSociety,48847,instructor,2025-05-06T16:38:11.465000+05:30,timestamp,,,,,False,False,https://courses.skillindiadigital.gov.in/api/courses/v1/courses/?page_size=100,live_catalogue_changed_during_pagination;seats_and_certification_not_verified,requires_provider_and_availability_review
course-v1:HarcourtButlerTechnicalUniversity+63557+1722683386,3D printing,HarcourtButlerTechnicalUniversity,63557,instructor,2030-01-01T05:30:00+05:30,empty,,,,,False,False,https://courses.skillindiadigital.gov.in/api/courses/v1/courses/?page_size=100,live_catalogue_changed_during_pagination;seats_and_certification_not_verified,requires_provider_and_availability_review
course-v1:HaryanaInstituteOfInformationTechnology+90701+1775715917,fashion designing,HaryanaInstituteOfInformationTechnology,90701,instructor,2026-04-09T11:55:56.246000+05:30,timestamp,,,,,False,False,https://courses.skillindiadigital.gov.in/api/courses/v1/courses/?page_size=100,live_catalogue_changed_during_pagination;seats_and_certification_not_verified,requires_provider_and_availability_review
course-v1:Hcltech+10685+1718345301,Demo for NSDC production CS Course,Hcltech,10685,instructor,2030-01-01T05:30:00+05:30,empty,,,,,False,False,https://courses.skillindiadigital.gov.in/api/courses/v1/courses/?page_size=100,live_catalogue_changed_during_pagination;seats_and_certification_not_verified;test_or_demo_candidate,requires_provider_and_availability_review
course-v1:Hcltech+21442+1709293508,Test1,Hcltech,21442,instructor,2030-01-01T05:30:00+05:30,empty,,,,,False,False,https://courses.skillindiadigital.gov.in/api/courses/v1/courses/?page_size=100,live_catalogue_changed_during_pagination;seats_and_certification_not_verified,requires_provider_and_availability_review
course-v1:Hcltech+24263+1718634561,Demo Infosys,Hcltech,24263,instructor,2030-01-01T05:30:00+05:30,empty,,,,,False,False,https://courses.skillindiadigital.gov.in/api/courses/v1/courses/?page_size=100,live_catalogue_changed_during_pagination;seats_and_certification_not_verified;test_or_demo_candidate,requires_provider_and_availability_review
course-v1:Hcltech+26335+1715051371,Generative AI for Educators part1,Hcltech,26335,instructor,2030-01-01T05:30:00+05:30,empty,,,,,False,False,https://courses.skillindiadigital.gov.in/api/courses/v1/courses/?page_size=100,live_catalogue_changed_during_pagination;seats_and_certification_not_verified,requires_provider_and_availability_review
course-v1:Hcltech+29926+1725877858,SOAR - AI for Educators and Trainers,Hcltech,29926,instructor,2025-01-01T05:30:00+05:30,timestamp,,,,,False,False,https://courses.skillindiadigital.gov.in/api/courses/v1/courses/?page_size=100,live_catalogue_changed_during_pagination;seats_and_certification_not_verified,requires_provider_and_availability_review
course-v1:Hcltech+41526+1752904290,SOAR - AI to be Aware,Hcltech,41526,instructor,2025-07-19T11:22:13.920000+05:30,timestamp,,,,,False,False,https://courses.skillindiadigital.gov.in/api/courses/v1/courses/?page_size=100,live_catalogue_changed_during_pagination;seats_and_certification_not_verified,requires_provider_and_availability_review
course-v1:Hcltech+54556+1753011617,SOAR - AI to Aspire,Hcltech,54556,instructor,2025-07-20T17:11:18.406000+05:30,timestamp,,,,,False,False,https://courses.skillindiadigital.gov.in/api/courses/v1/courses/?page_size=100,live_catalogue_changed_during_pagination;seats_and_certification_not_verified,requires_provider_and_availability_review
course-v1:Hcltech+55900+1752911669,SOAR - AI to Acquire,Hcltech,55900,instructor,2025-07-19T13:25:19.383000+05:30,timestamp,,,,,False,False,https://courses.skillindiadigital.gov.in/api/courses/v1/courses/?page_size=100,live_catalogue_changed_during_pagination;seats_and_certification_not_verified,requires_provider_and_availability_review
course-v1:Hcltech+65239+1752987188,test course,Hcltech,65239,instructor,2025-07-20T10:40:16.070000+05:30,timestamp,,,,,False,False,https://courses.skillindiadigital.gov.in/api/courses/v1/courses/?page_size=100,live_catalogue_changed_during_pagination;seats_and_certification_not_verified;test_or_demo_candidate,requires_provider_and_availability_review
course-v1:Hcltech+72708+1709186760,Generative AI for Educators,Hcltech,72708,instructor,2024-03-01T05:30:00+05:30,timestamp,2024-04-01T05:00:00+05:30,,,,False,False,https://courses.skillindiadigital.gov.in/api/courses/v1/courses/?page_size=100,live_catalogue_changed_during_pagination;seats_and_certification_not_verified,requires_provider_and_availability_review
course-v1:Hcltech+78871+1709293487,Test,Hcltech,78871,instructor,2030-01-01T05:30:00+05:30,empty,,,,,False,False,https://courses.skillindiadigital.gov.in/api/courses/v1/courses/?page_size=100,live_catalogue_changed_during_pagination;seats_and_certification_not_verified;test_or_demo_candidate,requires_provider_and_availability_review
course-v1:HCSSC+34706+1693212847,Bamboo Work Artisan,HCSSC,34706,instructor,2023-08-01T05:30:00+05:30,timestamp,,,,,False,False,https://courses.skillindiadigital.gov.in/api/courses/v1/courses/?page_size=100,live_catalogue_changed_during_pagination;seats_and_certification_not_verified,requires_provider_and_availability_review
course-v1:HCSSC+59442+1692679372,Paper Mache Products Artisan,HCSSC,59442,instructor,2023-08-01T05:30:00+05:30,timestamp,,,,,False,False,https://courses.skillindiadigital.gov.in/api/courses/v1/courses/?page_size=100,live_catalogue_changed_during_pagination;seats_and_certification_not_verified,requires_provider_and_availability_review
course-v1:HCSSC+85943+1693212660,Product Maker (Fashion Jewellery),HCSSC,85943,instructor,2023-08-01T05:30:00+05:30,timestamp,,,,,False,False,https://courses.skillindiadigital.gov.in/api/courses/v1/courses/?page_size=100,live_catalogue_changed_during_pagination;seats_and_certification_not_verified,requires_provider_and_availability_review
course-v1:HdfcErgo+23121+1788772355,Test 1,HdfcErgo,23121,instructor,2026-09-07T14:43:14.633000+05:30,timestamp,,,,,False,False,https://courses.skillindiadigital.gov.in/api/courses/v1/courses/?page_size=100,live_catalogue_changed_during_pagination;seats_and_certification_not_verified;test_or_demo_candidate,requires_provider_and_availability_review
course-v1:HdfcErgo+43144+1774952174,10 Tips to Create an Impressive Resume,HdfcErgo,43144,instructor,2026-03-31T15:46:47.998000+05:30,timestamp,,,,,False,False,https://courses.skillindiadigital.gov.in/api/courses/v1/courses/?page_size=100,live_catalogue_changed_during_pagination;seats_and_certification_not_verified,requires_provider_and_availability_review
course-v1:HdfcErgo+73648+1774954041,Creative Thinking,HdfcErgo,73648,instructor,2026-03-31T16:18:50.084000+05:30,timestamp,,,,,False,False,https://courses.skillindiadigital.gov.in/api/courses/v1/courses/?page_size=100,live_catalogue_changed_during_pagination;seats_and_certification_not_verified,requires_provider_and_availability_review
course-v1:HdfcErgo+76897+1775812920,10 Tips to find a right job for you,HdfcErgo,76897,instructor,2026-04-10T14:52:52.112000+05:30,timestamp,,,,,False,False,https://courses.skillindiadigital.gov.in/api/courses/v1/courses/?page_size=100,live_catalogue_changed_during_pagination;seats_and_certification_not_verified,requires_provider_and_availability_review
course-v1:HdfcErgo+99284+1766481044,Demo Course,HdfcErgo,99284,instructor,2025-12-23T14:44:35.525000+05:30,timestamp,,,,,False,False,https://courses.skillindiadigital.gov.in/api/courses/v1/courses/?page_size=100,live_catalogue_changed_during_pagination;seats_and_certification_not_verified;test_or_demo_candidate,requires_provider_and_availability_review
course-v1:HdfcErgo+99522+1778582859,Fundamentals of General Insurance,HdfcErgo,99522,instructor,2026-05-12T16:18:10.254000+05:30,timestamp,,,,,False,False,https://courses.skillindiadigital.gov.in/api/courses/v1/courses/?page_size=100,live_catalogue_changed_during_pagination;seats_and_certification_not_verified,requires_provider_and_availability_review
course-v1:HenryHarvinIndiaEducationLlp+89409+1790586848,Intrdoduction to German Language,HenryHarvinIndiaEducationLlp,89409,instructor,2026-09-28T14:45:19.193000+05:30,timestamp,,,,,False,False,https://courses.skillindiadigital.gov.in/api/courses/v1/courses/?page_size=100,live_catalogue_changed_during_pagination;seats_and_certification_not_verified,requires_provider_and_availability_review
course-v1:HighskyEnterprises+63796+1790713131,INTRODUCTION TO COMPUTER SCIENCE,HighskyEnterprises,63796,instructor,2026-09-30T01:49:45.041000+05:30,timestamp,,,,,False,False,https://courses.skillindiadigital.gov.in/api/courses/v1/courses/?page_size=100,live_catalogue_changed_during_pagination;seats_and_certification_not_verified,requires_provider_and_availability_review
course-v1:HimanshiComputerTrainingCenter+91340+1711708164,bcc,HimanshiComputerTrainingCenter,91340,instructor,2030-01-01T05:30:00+05:30,empty,,,,,False,False,https://courses.skillindiadigital.gov.in/api/courses/v1/courses/?page_size=100,live_catalogue_changed_during_pagination;seats_and_certification_not_verified,requires_provider_and_availability_review
course-v1:HirdeshRaghav+80793+1717231641,Computer Data entry operator,HirdeshRaghav,80793,instructor,2024-06-01T14:00:00+05:30,timestamp,2024-07-10T16:00:00+05:30,,,,False,False,https://courses.skillindiadigital.gov.in/api/courses/v1/courses/?page_size=100,live_catalogue_changed_during_pagination;seats_and_certification_not_verified,requires_provider_and_availability_review
course-v1:HissarsrmEducationInstituteIsharwalFoundation+67125+1721278412,"COMPUTER,YOGA,ELECTRICIAN,PARMEDICAL",HissarsrmEducationInstituteIsharwalFoundation,67125,instructor,2030-01-01T05:30:00+05:30,empty,,,,,False,False,https://courses.skillindiadigital.gov.in/api/courses/v1/courses/?page_size=100,live_catalogue_changed_during_pagination;seats_and_certification_not_verified,requires_provider_and_availability_review
course-v1:HumanityEntrapreneur+18891+1712652225,Writing Skills,HumanityEntrapreneur,18891,instructor,2030-01-01T05:30:00+05:30,empty,,,,,False,False,https://courses.skillindiadigital.gov.in/api/courses/v1/courses/?page_size=100,live_catalogue_changed_during_pagination;seats_and_certification_not_verified,requires_provider_and_availability_review
course-v1:HydrocarbonSectorSkillCouncil+40671+1736949790,LPG Delivery Personnel,HydrocarbonSectorSkillCouncil,40671,instructor,2025-01-15T19:34:06.922000+05:30,timestamp,,,,,False,False,https://courses.skillindiadigital.gov.in/api/courses/v1/courses/?page_size=100,live_catalogue_changed_during_pagination;seats_and_certification_not_verified,requires_provider_and_availability_review
course-v1:HydrocarbonSectorSkillCouncil+94643+1736164676,Retail Outlet Attendant (Oil & Gas),HydrocarbonSectorSkillCouncil,94643,instructor,2025-01-06T17:28:26.825000+05:30,timestamp,,,,,False,False,https://courses.skillindiadigital.gov.in/api/courses/v1/courses/?page_size=100,live_catalogue_changed_during_pagination;seats_and_certification_not_verified,requires_provider_and_availability_review
course-v1:HydrocarbonSectorSkillCouncil+98951+1737452380,Process Safety Management,HydrocarbonSectorSkillCouncil,98951,instructor,2025-01-21T15:11:04.438000+05:30,timestamp,,,,,False,False,https://courses.skillindiadigital.gov.in/api/courses/v1/courses/?page_size=100,live_catalogue_changed_during_pagination;seats_and_certification_not_verified,requires_provider_and_availability_review
course-v1:I-logicComputerEducationTechnologyWelfareSociety+34358+1719924478,Data Entry Operator,I-logicComputerEducationTechnologyWelfareSociety,34358,instructor,2030-01-01T05:30:00+05:30,empty,,,,,False,False,https://courses.skillindiadigital.gov.in/api/courses/v1/courses/?page_size=100,live_catalogue_changed_during_pagination;seats_and_certification_not_verified,requires_provider_and_availability_review
course-v1:I-logicComputerEducationTechnologyWelfareSociety+52539+1719975328,Basic Computer Course,I-logicComputerEducationTechnologyWelfareSociety,52539,instructor,2024-03-07T05:30:00+05:30,timestamp,2025-01-31T05:30:00+05:30,,,,False,False,https://courses.skillindiadigital.gov.in/api/courses/v1/courses/?page_size=100,live_catalogue_changed_during_pagination;seats_and_certification_not_verified,requires_provider_and_availability_review
course-v1:IgaytDigitalAcademy+51536+1703578199,BFSI- Banking Finance Services Insurance,IgaytDigitalAcademy,51536,instructor,2030-01-01T05:30:00+05:30,empty,,,,,False,False,https://courses.skillindiadigital.gov.in/api/courses/v1/courses/?page_size=100,live_catalogue_changed_during_pagination;seats_and_certification_not_verified,requires_provider_and_availability_review
course-v1:iitrnsdc+92320+1707492664,IdeaForge: A Technical Brainstorming Session,iitrnsdc,92320,instructor,2024-01-01T05:30:00+05:30,timestamp,,,,,False,False,https://courses.skillindiadigital.gov.in/api/courses/v1/courses/?page_size=100,live_catalogue_changed_during_pagination;seats_and_certification_not_verified,requires_provider_and_availability_review
course-v1:IlahiringTechnologiesPrivateLimited+62164+1721030047,Customer Support Executive,IlahiringTechnologiesPrivateLimited,62164,instructor,2030-01-01T05:30:00+05:30,empty,,,,,False,False,https://courses.skillindiadigital.gov.in/api/courses/v1/courses/?page_size=100,live_catalogue_changed_during_pagination;seats_and_certification_not_verified,requires_provider_and_availability_review
course-v1:IndianInstituteOfMicroedgeSkillDevelopment+98013+1768120605,ADVANCE DIPLOMA IN FINANCE ACCOUNTS-ADFA,IndianInstituteOfMicroedgeSkillDevelopment,98013,instructor,2026-01-11T14:07:22.205000+05:30,timestamp,,,,,False,False,https://courses.skillindiadigital.gov.in/api/courses/v1/courses/?page_size=100,live_catalogue_changed_during_pagination;seats_and_certification_not_verified,requires_provider_and_availability_review
course-v1:InfosurgeExpertLlp+60476+1769497252,BIM Basics,InfosurgeExpertLlp,60476,instructor,2026-01-27T12:31:48.898000+05:30,timestamp,,,,,False,False,https://courses.skillindiadigital.gov.in/api/courses/v1/courses/?page_size=100,live_catalogue_changed_during_pagination;seats_and_certification_not_verified,requires_provider_and_availability_review
course-v1:InfosysSpringboard+10096+1785736880,"Fundamentals of Front-end Web Development using HTML, CSS and JavaScript",InfosysSpringboard,10096,instructor,2026-08-03T11:32:21.316000+05:30,timestamp,,,,,False,False,https://courses.skillindiadigital.gov.in/api/courses/v1/courses/?page_size=100,live_catalogue_changed_during_pagination;seats_and_certification_not_verified,requires_provider_and_availability_review
course-v1:InfotechSolutions+49295+1703921429,DCA,Unitech,49295,instructor,2024-01-01T05:30:00+05:30,timestamp,,,,,False,False,https://courses.skillindiadigital.gov.in/api/courses/v1/courses/?page_size=100,live_catalogue_changed_during_pagination;seats_and_certification_not_verified,requires_provider_and_availability_review
course-v1:InleadManagementService+91448+1778592919,HACCP LEVEL 2,InleadManagementService,91448,instructor,2026-05-12T19:06:28.654000+05:30,timestamp,,,,,False,False,https://courses.skillindiadigital.gov.in/api/courses/v1/courses/?page_size=100,live_catalogue_changed_during_pagination;seats_and_certification_not_verified,requires_provider_and_availability_review
course-v1:InnoventraSolutionsLlp+38708+1761215015,Certified Agentic AI Developer,InnoventraSolutionsLlp,38708,instructor,2025-10-23T15:54:27.030000+05:30,timestamp,,,,,False,False,https://courses.skillindiadigital.gov.in/api/courses/v1/courses/?page_size=100,live_catalogue_changed_during_pagination;seats_and_certification_not_verified,requires_provider_and_availability_review
course-v1:InstituteOfBiologyAndClinicalResearch+11340+1783933801,Geriatric,InstituteOfBiologyAndClinicalResearch,11340,instructor,2026-07-13T14:40:41.399000+05:30,timestamp,,,,,False,False,https://courses.skillindiadigital.gov.in/api/courses/v1/courses/?page_size=100,live_catalogue_changed_during_pagination;seats_and_certification_not_verified,requires_provider_and_availability_review
course-v1:IntellibiInnovationsPrivateLimited+14207+1772108239,Data Analyst,IntellibiInnovationsPrivateLimited,14207,instructor,2026-02-26T17:48:41.240000+05:30,timestamp,,,,,False,False,https://courses.skillindiadigital.gov.in/api/courses/v1/courses/?page_size=100,live_catalogue_changed_during_pagination;seats_and_certification_not_verified,requires_provider_and_availability_review
course-v1:IntelTechnologyIndiaPrivateLimited+23416+1732855383,AI for Entrepreneurship,IntelTechnologyIndiaPrivateLimited,23416,instructor,2024-11-29T10:13:27.279000+05:30,timestamp,,,,,False,False,https://courses.skillindiadigital.gov.in/api/courses/v1/courses/?page_size=100,live_catalogue_changed_during_pagination;seats_and_certification_not_verified,requires_provider_and_availability_review
course-v1:IntelTechnologyIndiaPrivateLimited+69633+1741681850,AI for All,IntelTechnologyIndiaPrivateLimited,69633,instructor,2025-03-11T14:01:21.105000+05:30,timestamp,,,,,False,False,https://courses.skillindiadigital.gov.in/api/courses/v1/courses/?page_size=100,live_catalogue_changed_during_pagination;seats_and_certification_not_verified,requires_provider_and_availability_review
course-v1:InternalMeeting+67367+1708080190,Saurabh Please Don't Approve This,InternalMeeting,67367,instructor,2030-01-01T05:30:00+05:30,empty,,,,,False,False,https://courses.skillindiadigital.gov.in/api/courses/v1/courses/?page_size=100,live_catalogue_changed_during_pagination;seats_and_certification_not_verified,requires_provider_and_availability_review
course-v1:InternationalInstituteOfHumanResource+42814+1752289411,Certified Human Resources Generalist,InternationalInstituteOfHumanResource,42814,instructor,2025-07-12T08:34:01.319000+05:30,timestamp,,,,,False,False,https://courses.skillindiadigital.gov.in/api/courses/v1/courses/?page_size=100,live_catalogue_changed_during_pagination;seats_and_certification_not_verified,requires_provider_and_availability_review
course-v1:InventgridIndiaPrivateLimited+27715+1708511444,Introduction to Drone Technology: Fundamentals of Drones and Their Applications.,InventgridIndiaPrivateLimited,27715,instructor,2024-01-01T05:30:00+05:30,timestamp,,,,,False,False,https://courses.skillindiadigital.gov.in/api/courses/v1/courses/?page_size=100,live_catalogue_changed_during_pagination;seats_and_certification_not_verified,requires_provider_and_availability_review
course-v1:InventgridIndiaPrivateLimited+48764+1727927869,Drone Technology Essentials: Understanding the Fundamentals and Applications (Hindi),InventgridIndiaPrivateLimited,48764,instructor,2030-01-01T05:30:00+05:30,empty,,,,,False,False,https://courses.skillindiadigital.gov.in/api/courses/v1/courses/?page_size=100,live_catalogue_changed_during_pagination;seats_and_certification_not_verified,requires_provider_and_availability_review
course-v1:InventgridIndiaPrivateLimited+59578+1710485112,Advance Program in Drone Engineering: Applications & Usage of Drones in Industries,InventgridIndiaPrivateLimited,59578,instructor,2024-07-22T05:30:00+05:30,timestamp,,,,,False,False,https://courses.skillindiadigital.gov.in/api/courses/v1/courses/?page_size=100,live_catalogue_changed_during_pagination;seats_and_certification_not_verified,requires_provider_and_availability_review
course-v1:InventgridIndiaPrivateLimited+94570+1721641706,Foundations of Drone Technology: Principles and Practical Applications,InventgridIndiaPrivateLimited,94570,instructor,2024-07-22T05:30:00+05:30,timestamp,,,,,False,False,https://courses.skillindiadigital.gov.in/api/courses/v1/courses/?page_size=100,live_catalogue_changed_during_pagination;seats_and_certification_not_verified,requires_provider_and_availability_review
course-v1:IswarchandraVidyasagarNationalYouthCouncil+77257+1764678548,DESKTOP PUBLISHING,IswarchandraVidyasagarNationalYouthCouncil,77257,instructor,2025-12-02T17:59:32.605000+05:30,timestamp,,,,,False,False,https://courses.skillindiadigital.gov.in/api/courses/v1/courses/?page_size=100,live_catalogue_changed_during_pagination;seats_and_certification_not_verified,requires_provider_and_availability_review
course-v1:ItekunokurattoStrategicTechventuresPrivateLimited+82365+1766811579,BLOCKCHAIN MADE EASY,ItekunokurattoStrategicTechventuresPrivateLimited,82365,instructor,2025-12-27T10:31:09.657000+05:30,timestamp,,,,,False,False,https://courses.skillindiadigital.gov.in/api/courses/v1/courses/?page_size=100,live_catalogue_changed_during_pagination;seats_and_certification_not_verified,requires_provider_and_availability_review
course-v1:JannobiStaffingService+22505+1708280293,BASIC,JannobiStaffingService,22505,instructor,2030-01-01T05:30:00+05:30,empty,,,,,False,False,https://courses.skillindiadigital.gov.in/api/courses/v1/courses/?page_size=100,live_catalogue_changed_during_pagination;seats_and_certification_not_verified,requires_provider_and_availability_review
course-v1:JayVeersingh+46083+1721093242,EMT,JayVeersingh,46083,instructor,2030-01-01T05:30:00+05:30,empty,,,,,False,False,https://courses.skillindiadigital.gov.in/api/courses/v1/courses/?page_size=100,live_catalogue_changed_during_pagination;seats_and_certification_not_verified,requires_provider_and_availability_review
course-v1:JigyasaEducationalServicesPrivateLimited+72928+1727492659,DIPLOMA IN COMPUTER APPLICATION,JigyasaEducationalServicesPrivateLimited,72928,instructor,2030-01-01T05:30:00+05:30,empty,,,,,False,False,https://courses.skillindiadigital.gov.in/api/courses/v1/courses/?page_size=100,live_catalogue_changed_during_pagination;seats_and_certification_not_verified,requires_provider_and_availability_review
course-v1:JigyasaFoundation+81430+1727502702,COMPUTER TRAINING PROGRAMME,JigyasaFoundation,81430,instructor,2025-01-01T15:30:00+05:30,timestamp,2025-09-30T08:30:00+05:30,,,,False,False,https://courses.skillindiadigital.gov.in/api/courses/v1/courses/?page_size=100,live_catalogue_changed_during_pagination;seats_and_certification_not_verified,requires_provider_and_availability_review
course-v1:jj+77+j,A,jj,77,instructor,2030-01-01T05:30:00+05:30,empty,,,,,False,False,https://courses.skillindiadigital.gov.in/api/courses/v1/courses/?page_size=100,live_catalogue_changed_during_pagination;seats_and_certification_not_verified,requires_provider_and_availability_review
course-v1:JKCementNimbaheraFoundation+76368+1719487469,Course on Computer Concept,JKCementNimbaheraFoundation,76368,instructor,2030-01-01T05:30:00+05:30,empty,,,,,False,False,https://courses.skillindiadigital.gov.in/api/courses/v1/courses/?page_size=100,live_catalogue_changed_during_pagination;seats_and_certification_not_verified,requires_provider_and_availability_review
course-v1:JosephKumarMuchu+26566+1759565640,Java Full stack Course,JosephKumarMuchu,26566,instructor,2025-10-04T13:44:31.377000+05:30,timestamp,,,,,False,False,https://courses.skillindiadigital.gov.in/api/courses/v1/courses/?page_size=100,live_catalogue_changed_during_pagination;seats_and_certification_not_verified,requires_provider_and_availability_review
course-v1:JwalaRiskConsultingPrivateLimited+47861+1761630179,Basics of Sustainability,JwalaRiskConsultingPrivateLimited,47861,instructor,2025-10-28T11:30:38.444000+05:30,timestamp,,,,,False,False,https://courses.skillindiadigital.gov.in/api/courses/v1/courses/?page_size=100,live_catalogue_changed_during_pagination;seats_and_certification_not_verified,requires_provider_and_availability_review
course-v1:KaiHajiDaudPatelShikshanPrasarakMandal+62676+1766730557,COMPUTER,KaiHajiDaudPatelShikshanPrasarakMandal,62676,instructor,2025-12-26T11:59:31.595000+05:30,timestamp,,,,,False,False,https://courses.skillindiadigital.gov.in/api/courses/v1/courses/?page_size=100,live_catalogue_changed_during_pagination;seats_and_certification_not_verified,requires_provider_and_availability_review
course-v1:KamalComputers+11941+1706361460,computers Sales and Service,KamalComputers,11941,instructor,2030-01-01T05:30:00+05:30,empty,,,,,False,False,https://courses.skillindiadigital.gov.in/api/courses/v1/courses/?page_size=100,live_catalogue_changed_during_pagination;seats_and_certification_not_verified,requires_provider_and_availability_review
course-v1:KaminiDhiman+93816+1741412863,Eco-Tourism,KaminiDhiman,93816,instructor,2025-03-08T11:19:27.512000+05:30,timestamp,,,,,False,False,https://courses.skillindiadigital.gov.in/api/courses/v1/courses/?page_size=100,live_catalogue_changed_during_pagination;seats_and_certification_not_verified,requires_provider_and_availability_review
course-v1:KamlaShikshanPrashikshanBalNariUtthanFoundation+52181+1738513445,Foood cooking,KamlaShikshanPrashikshanBalNariUtthanFoundation,52181,instructor,2025-02-02T21:54:47.267000+05:30,timestamp,,,,,False,False,https://courses.skillindiadigital.gov.in/api/courses/v1/courses/?page_size=100,live_catalogue_changed_during_pagination;seats_and_certification_not_verified,requires_provider_and_availability_review
course-v1:Kanagalakshmi+92571+1757049329,Introduction To Cloud,Kanagalakshmi,92571,instructor,2025-09-05T10:45:59.998000+05:30,timestamp,,,,,False,False,https://courses.skillindiadigital.gov.in/api/courses/v1/courses/?page_size=100,live_catalogue_changed_during_pagination;seats_and_certification_not_verified,requires_provider_and_availability_review
course-v1:Karamveer+85223+1703832317,banking,Karamveer,85223,instructor,2030-01-01T05:30:00+05:30,empty,,,,,False,False,https://courses.skillindiadigital.gov.in/api/courses/v1/courses/?page_size=100,live_catalogue_changed_during_pagination;seats_and_certification_not_verified,requires_provider_and_availability_review
course-v1:KenInstituteOfExecutiveLearningPrivateLimited+13219+1747721371,Diploma in Health Safety and Environmental Management,KenInstituteOfExecutiveLearningPrivateLimited,13219,instructor,2025-05-20T11:40:03.032000+05:30,timestamp,,,,,False,False,https://courses.skillindiadigital.gov.in/api/courses/v1/courses/?page_size=100,live_catalogue_changed_during_pagination;seats_and_certification_not_verified,requires_provider_and_availability_review
course-v1:Kenrise+76637+1704609335,PHP BASICS,Kenrise,76637,instructor,2030-01-01T05:30:00+05:30,empty,,,,,False,False,https://courses.skillindiadigital.gov.in/api/courses/v1/courses/?page_size=100,live_catalogue_changed_during_pagination;seats_and_certification_not_verified,requires_provider_and_availability_review
course-v1:KgislMicrocollege+51936+1761819278,Professional Certification in Artificial Intelligence,KgislMicrocollege,51936,instructor,2025-10-30T15:48:43.758000+05:30,timestamp,,,,,False,False,https://courses.skillindiadigital.gov.in/api/courses/v1/courses/?page_size=100,live_catalogue_changed_during_pagination;seats_and_certification_not_verified,requires_provider_and_availability_review
course-v1:KitesSoftwaresPrivateLimited+96781+1757492860,AI ML SPECIALIST WITH PYTHON,KitesSoftwaresPrivateLimited,96781,instructor,2025-09-10T13:58:59.951000+05:30,timestamp,,,,,False,False,https://courses.skillindiadigital.gov.in/api/courses/v1/courses/?page_size=100,live_catalogue_changed_during_pagination;seats_and_certification_not_verified,requires_provider_and_availability_review
course-v1:KokanEducationAndMedicalTrust+76669+1785914459,Digital Marketing,KokanEducationAndMedicalTrust,76669,instructor,2026-08-05T12:51:23.707000+05:30,timestamp,,,,,False,False,https://courses.skillindiadigital.gov.in/api/courses/v1/courses/?page_size=100,live_catalogue_changed_during_pagination;seats_and_certification_not_verified,requires_provider_and_availability_review
course-v1:KpbSolution+77206+1701000776,Personal Branding,KpbSolution,77206,instructor,2023-01-13T02:30:00+05:30,timestamp,2023-11-27T03:00:00+05:30,,,,False,False,https://courses.skillindiadigital.gov.in/api/courses/v1/courses/?page_size=100,live_catalogue_changed_during_pagination;seats_and_certification_not_verified,requires_provider_and_availability_review
course-v1:KrishnaDevMishra+42708+1728723562,DAIRY FARMING (RPL),KrishnaDevMishra,42708,instructor,2024-01-08T14:00:00+05:30,timestamp,2024-08-11T18:00:00+05:30,,,,False,False,https://courses.skillindiadigital.gov.in/api/courses/v1/courses/?page_size=100,live_catalogue_changed_during_pagination;seats_and_certification_not_verified,requires_provider_and_availability_review
course-v1:KrishnaswamySourirajan+14441+1755233249,Introduction of air-conditioners,KrishnaswamySourirajan,14441,instructor,2025-08-15T10:18:23.311000+05:30,timestamp,,,,,False,False,https://courses.skillindiadigital.gov.in/api/courses/v1/courses/?page_size=100,live_catalogue_changed_during_pagination;seats_and_certification_not_verified,requires_provider_and_availability_review
course-v1:Kspl+64365+1706451443,Congratulations,Kspl,64365,instructor,2030-01-01T05:30:00+05:30,empty,,,,,False,False,https://courses.skillindiadigital.gov.in/api/courses/v1/courses/?page_size=100,live_catalogue_changed_during_pagination;seats_and_certification_not_verified,requires_provider_and_availability_review
course-v1:LadiesMassageNagpur+47179+1720545114,Massage,LadiesMassageNagpur,47179,instructor,2030-01-01T05:30:00+05:30,empty,,,,,False,False,https://courses.skillindiadigital.gov.in/api/courses/v1/courses/?page_size=100,live_catalogue_changed_during_pagination;seats_and_certification_not_verified,requires_provider_and_availability_review
course-v1:LalaniKajalAmirali+68144+1757502392,FP&A Foundations,LalaniKajalAmirali,68144,instructor,2025-09-10T16:37:07.797000+05:30,timestamp,,,,,False,False,https://courses.skillindiadigital.gov.in/api/courses/v1/courses/?page_size=100,live_catalogue_changed_during_pagination;seats_and_certification_not_verified,requires_provider_and_availability_review
course-v1:LandlushTextileManufacturingProducerCompanyLimited+15924+1773645694,Assistant Designer,LandlushTextileManufacturingProducerCompanyLimited,15924,instructor,2026-03-16T12:55:35.210000+05:30,timestamp,,,,,False,False,https://courses.skillindiadigital.gov.in/api/courses/v1/courses/?page_size=100,live_catalogue_changed_during_pagination;seats_and_certification_not_verified,requires_provider_and_availability_review
course-v1:LandlushTextileManufacturingProducerCompanyLimited+29087+1773920567,Assistant Designer,LandlushTextileManufacturingProducerCompanyLimited,29087,instructor,2026-03-19T17:15:15.946000+05:30,timestamp,,,,,False,False,https://courses.skillindiadigital.gov.in/api/courses/v1/courses/?page_size=100,live_catalogue_changed_during_pagination;seats_and_certification_not_verified,requires_provider_and_availability_review
course-v1:LapnetComputers+68015+1784097091,Introduction of Computer Cencepts,LapnetComputers,68015,instructor,2026-07-15T12:03:21.184000+05:30,timestamp,,,,,False,False,https://courses.skillindiadigital.gov.in/api/courses/v1/courses/?page_size=100,live_catalogue_changed_during_pagination;seats_and_certification_not_verified,requires_provider_and_availability_review
course-v1:LaunchedEdutechSolutionsPrivateLimited+55709+1741715165,APP DEVELOPMENT,LaunchedEdutechSolutionsPrivateLimited,55709,instructor,2025-03-11T23:16:26.319000+05:30,timestamp,,,,,False,False,https://courses.skillindiadigital.gov.in/api/courses/v1/courses/?page_size=100,live_catalogue_changed_during_pagination;seats_and_certification_not_verified,requires_provider_and_availability_review
course-v1:LaunchedEdutechSolutionsPrivateLimited+70968+1771415963,Machine Learning,LaunchedEdutechSolutionsPrivateLimited,70968,instructor,2026-02-18T17:29:48.192000+05:30,timestamp,,,,,False,False,https://courses.skillindiadigital.gov.in/api/courses/v1/courses/?page_size=100,live_catalogue_changed_during_pagination;seats_and_certification_not_verified,requires_provider_and_availability_review
course-v1:LaunchedEdutechSolutionsPrivateLimited+84523+1755425652,Web Development,LaunchedEdutechSolutionsPrivateLimited,84523,instructor,2025-08-17T15:44:39.470000+05:30,timestamp,,,,,False,False,https://courses.skillindiadigital.gov.in/api/courses/v1/courses/?page_size=100,live_catalogue_changed_during_pagination;seats_and_certification_not_verified,requires_provider_and_availability_review
course-v1:LaunchedEdutechSolutionsPrivateLimited+98804+1770549141,Web Development,LaunchedEdutechSolutionsPrivateLimited,98804,instructor,2026-02-08T16:42:50.598000+05:30,timestamp,,,,,False,False,https://courses.skillindiadigital.gov.in/api/courses/v1/courses/?page_size=100,live_catalogue_changed_during_pagination;seats_and_certification_not_verified,requires_provider_and_availability_review
course-v1:LavenHealthServicesPrivateLimited+14186+1731302163,Introduction to Dental Office Assisting,LavenHealthServicesPrivateLimited,14186,instructor,2030-01-01T05:30:00+05:30,empty,,,,,False,False,https://courses.skillindiadigital.gov.in/api/courses/v1/courses/?page_size=100,live_catalogue_changed_during_pagination;seats_and_certification_not_verified,requires_provider_and_availability_review
course-v1:LaxmiNarayanDash+78795+1741094215,MOBILE REPAIR TRAINING,LaxmiNarayanDash,78795,instructor,2025-03-04T18:47:42.954000+05:30,timestamp,,,,,False,False,https://courses.skillindiadigital.gov.in/api/courses/v1/courses/?page_size=100,live_catalogue_changed_during_pagination;seats_and_certification_not_verified,requires_provider_and_availability_review
course-v1:LearnetSkillsLimited+62957+1762856258,Guest Service Associate (Housekeeping),LearnetSkillsLimited,62957,instructor,2025-11-11T15:50:15.771000+05:30,timestamp,,,,,False,False,https://courses.skillindiadigital.gov.in/api/courses/v1/courses/?page_size=100,live_catalogue_changed_during_pagination;seats_and_certification_not_verified,requires_provider_and_availability_review
course-v1:LearnvernPvtLtd+60096+1722488856,C++ Course,LearnvernPvtLtd,60096,instructor,2030-08-01T05:30:00+05:30,timestamp,2030-08-02T05:00:00+05:30,,,,False,False,https://courses.skillindiadigital.gov.in/api/courses/v1/courses/?page_size=100,live_catalogue_changed_during_pagination;seats_and_certification_not_verified,requires_provider_and_availability_review
course-v1:LeatherSectorSkillCouncil+14911+1705913232,Demo: Stitcher- Goods and Garments,LeatherSectorSkillCouncil,14911,instructor,2030-01-01T05:30:00+05:30,empty,,,,,False,False,https://courses.skillindiadigital.gov.in/api/courses/v1/courses/?page_size=100,live_catalogue_changed_during_pagination;seats_and_certification_not_verified;test_or_demo_candidate,requires_provider_and_availability_review
course-v1:LeatherSectorSkillCouncil+88907+1776667050,Sample Course,LeatherSectorSkillCouncil,88907,instructor,2026-04-20T12:07:51.117000+05:30,timestamp,,,,,False,False,https://courses.skillindiadigital.gov.in/api/courses/v1/courses/?page_size=100,live_catalogue_changed_during_pagination;seats_and_certification_not_verified;test_or_demo_candidate,requires_provider_and_availability_review
course-v1:LifeSciencesSectorSkillDevelopmentCouncil+79943+1770878247,AI in Pharma: Transforming Life Sciences Through Technology,LifeSciencesSectorSkillDevelopmentCouncil,79943,instructor,2026-02-12T12:08:07.048000+05:30,timestamp,,,,,False,False,https://courses.skillindiadigital.gov.in/api/courses/v1/courses/?page_size=100,live_catalogue_changed_during_pagination;seats_and_certification_not_verified,requires_provider_and_availability_review
course-v1:LogicknotsIndiaPrivateLimited+45654+1707814135,Foundation Course in Semiconductor IC Design and Verification,Logicknots India Private Limited,45654,instructor,2024-01-01T05:30:00+05:30,timestamp,,,,,False,False,https://courses.skillindiadigital.gov.in/api/courses/v1/courses/?page_size=100,live_catalogue_changed_during_pagination;seats_and_certification_not_verified,requires_provider_and_availability_review
course-v1:LogisticsSectorSkillCouncil+34587+1702884503,Warehouse Data Entry and Analysis using ERP,LogisticsSectorSkillCouncil,34587,instructor,2030-01-01T05:30:00+05:30,empty,,,,,False,False,https://courses.skillindiadigital.gov.in/api/courses/v1/courses/?page_size=100,live_catalogue_changed_during_pagination;seats_and_certification_not_verified,requires_provider_and_availability_review
course-v1:LogisticsSectorSkillCouncil+59852+1702640082,Warehouse Analytics using ERP,LogisticsSectorSkillCouncil,59852,instructor,2030-01-01T05:30:00+05:30,empty,,,,,False,False,https://courses.skillindiadigital.gov.in/api/courses/v1/courses/?page_size=100,live_catalogue_changed_during_pagination;seats_and_certification_not_verified,requires_provider_and_availability_review
course-v1:LordJesusBelieversTrust+54654+1719649998,it,LordJesusBelieversTrust,54654,instructor,2030-01-01T05:30:00+05:30,empty,,,,,False,False,https://courses.skillindiadigital.gov.in/api/courses/v1/courses/?page_size=100,live_catalogue_changed_during_pagination;seats_and_certification_not_verified,requires_provider_and_availability_review
course-v1:LSSSDC+28386+1692169484,Environmental Sustainability Practices,LSSSDC,28386,instructor,2023-08-01T05:30:00+05:30,timestamp,,,,,False,False,https://courses.skillindiadigital.gov.in/api/courses/v1/courses/?page_size=100,live_catalogue_changed_during_pagination;seats_and_certification_not_verified,requires_provider_and_availability_review
course-v1:MaaShardaDigitalEducationInstituteLimited+70880+1772271244,ADVANCE DIPLOMA IN COMPUTER APPLICATION-ADCA,MaaShardaDigitalEducationInstituteLimited,70880,instructor,2026-02-28T15:05:23.124000+05:30,timestamp,,,,,False,False,https://courses.skillindiadigital.gov.in/api/courses/v1/courses/?page_size=100,live_catalogue_changed_during_pagination;seats_and_certification_not_verified,requires_provider_and_availability_review
course-v1:MagicWandEmpowermentPrivateLimited+58030+1728644565,100 Board Members,MagicWandEmpowermentPrivateLimited,58030,instructor,2030-01-01T05:30:00+05:30,empty,,,,,False,False,https://courses.skillindiadigital.gov.in/api/courses/v1/courses/?page_size=100,live_catalogue_changed_during_pagination;seats_and_certification_not_verified,requires_provider_and_availability_review
course-v1:MahataComputerCentre+76552+1708437795,Computer,MahataComputerCentre,76552,instructor,2030-01-01T05:30:00+05:30,empty,,,,,False,False,https://courses.skillindiadigital.gov.in/api/courses/v1/courses/?page_size=100,live_catalogue_changed_during_pagination;seats_and_certification_not_verified,requires_provider_and_availability_review
course-v1:MahatmaGandhiAyurvigyanVidyapeeth+51591+1789752024,Naturopathy and Yoga,MahatmaGandhiAyurvigyanVidyapeeth,51591,instructor,2026-09-18T22:51:18.859000+05:30,timestamp,,,,,False,False,https://courses.skillindiadigital.gov.in/api/courses/v1/courses/?page_size=100,live_catalogue_changed_during_pagination;seats_and_certification_not_verified,requires_provider_and_availability_review
course-v1:MahmoodHusain+27026+1712001529,CCC,MahmoodHusain,27026,instructor,2030-01-01T05:30:00+05:30,empty,,,,,False,False,https://courses.skillindiadigital.gov.in/api/courses/v1/courses/?page_size=100,live_catalogue_changed_during_pagination;seats_and_certification_not_verified,requires_provider_and_availability_review
course-v1:MahrattaChamberOfCommerceindustriesAgriculture+40585+1736156740,"Export Essentials: What, Where, How and When?",MahrattaChamberOfCommerceindustriesAgriculture,40585,instructor,2025-01-06T15:16:21.126000+05:30,timestamp,,,,,False,False,https://courses.skillindiadigital.gov.in/api/courses/v1/courses/?page_size=100,live_catalogue_changed_during_pagination;seats_and_certification_not_verified,requires_provider_and_availability_review
course-v1:MahrattaChamberOfCommerceindustriesAgriculture+65864+1734945912,Brand Sprint - Essentials for an Impactful Brand,MahrattaChamberOfCommerceindustriesAgriculture,65864,instructor,2024-12-23T14:55:48.617000+05:30,timestamp,,,,,False,False,https://courses.skillindiadigital.gov.in/api/courses/v1/courses/?page_size=100,live_catalogue_changed_during_pagination;seats_and_certification_not_verified,requires_provider_and_availability_review
course-v1:MahrattaChamberOfCommerceindustriesAgriculture+86621+1736316872,Foundational Course on Sustainable Development,MahrattaChamberOfCommerceindustriesAgriculture,86621,instructor,2025-01-08T11:45:09.017000+05:30,timestamp,,,,,False,False,https://courses.skillindiadigital.gov.in/api/courses/v1/courses/?page_size=100,live_catalogue_changed_during_pagination;seats_and_certification_not_verified,requires_provider_and_availability_review
course-v1:MahrattaChamberOfCommerceindustriesAgriculture+91797+1733913967,Social Media Strategies for Business Growth,MahrattaChamberOfCommerceindustriesAgriculture,91797,instructor,2024-12-11T16:16:18.462000+05:30,timestamp,,,,,False,False,https://courses.skillindiadigital.gov.in/api/courses/v1/courses/?page_size=100,live_catalogue_changed_during_pagination;seats_and_certification_not_verified,requires_provider_and_availability_review
course-v1:MalaJaipuriaFoundation+75898+1724304448,Digital Marketing,MalaJaipuriaFoundation,75898,instructor,2030-01-01T05:30:00+05:30,empty,,,,,False,False,https://courses.skillindiadigital.gov.in/api/courses/v1/courses/?page_size=100,live_catalogue_changed_during_pagination;seats_and_certification_not_verified,requires_provider_and_availability_review
course-v1:ManavRachnaInnovationAndIncubationFoundation+71763+1743670179,Arduino Fundamentals,ManavRachnaInnovationAndIncubationFoundation,71763,instructor,2025-04-03T14:20:25.861000+05:30,timestamp,,,,,False,False,https://courses.skillindiadigital.gov.in/api/courses/v1/courses/?page_size=100,live_catalogue_changed_during_pagination;seats_and_certification_not_verified,requires_provider_and_availability_review
course-v1:ManavVikasShikshanPrashikshanSansthan+53873+1754379789,ITI,ManavVikasShikshanPrashikshanSansthan,53873,instructor,2025-08-05T13:13:23.797000+05:30,timestamp,,,,,False,False,https://courses.skillindiadigital.gov.in/api/courses/v1/courses/?page_size=100,live_catalogue_changed_during_pagination;seats_and_certification_not_verified,requires_provider_and_availability_review
course-v1:MangaonNagareekSevaFoundation+27723+1746003091,Tally,MangaonNagareekSevaFoundation,27723,instructor,2025-04-30T14:21:55.846000+05:30,timestamp,,,,,False,False,https://courses.skillindiadigital.gov.in/api/courses/v1/courses/?page_size=100,live_catalogue_changed_during_pagination;seats_and_certification_not_verified,requires_provider_and_availability_review
course-v1:MangaonNagareekSevaFoundation+95535+1717657473,data entry opretoer,MangaonNagareekSevaFoundation,95535,instructor,2024-06-17T05:30:00+05:30,timestamp,2024-09-16T05:30:00+05:30,,,,False,False,https://courses.skillindiadigital.gov.in/api/courses/v1/courses/?page_size=100,live_catalogue_changed_during_pagination;seats_and_certification_not_verified,requires_provider_and_availability_review
course-v1:MangiLalGargMemorialShikshanSansthan+95558+1718272988,WELLNESS,MangiLalGargMemorialShikshanSansthan,95558,instructor,2030-01-01T05:30:00+05:30,empty,,,,,False,False,https://courses.skillindiadigital.gov.in/api/courses/v1/courses/?page_size=100,live_catalogue_changed_during_pagination;seats_and_certification_not_verified,requires_provider_and_availability_review
course-v1:ManjunathOrganizationForTesting+10136+1787135719,Demo course 19 Aug,ManjunathOrganizationForTesting,10136,instructor,2026-08-19T16:05:39.131000+05:30,timestamp,,,,,False,False,https://courses.skillindiadigital.gov.in/api/courses/v1/courses/?page_size=100,live_catalogue_changed_during_pagination;seats_and_certification_not_verified;test_or_demo_candidate,requires_provider_and_availability_review
course-v1:ManjunathOrganizationForTesting+10849+1778754936,Demo Course 14 May,ManjunathOrganizationForTesting,10849,instructor,2026-05-14T16:06:30.663000+05:30,timestamp,,,,,False,False,https://courses.skillindiadigital.gov.in/api/courses/v1/courses/?page_size=100,live_catalogue_changed_during_pagination;seats_and_certification_not_verified;test_or_demo_candidate,requires_provider_and_availability_review
course-v1:ManjunathOrganizationForTesting+13810+1734603126,PYTHON,ManjunathOrganizationForTesting,13810,instructor,2024-12-19T15:42:33.119000+05:30,timestamp,,,,,False,False,https://courses.skillindiadigital.gov.in/api/courses/v1/courses/?page_size=100,live_catalogue_changed_during_pagination;seats_and_certification_not_verified,requires_provider_and_availability_review
course-v1:ManjunathOrganizationForTesting+14464+1770012562,Demo course 2 feb,ManjunathOrganizationForTesting,14464,instructor,2026-02-02T11:39:44.291000+05:30,timestamp,,,,,False,False,https://courses.skillindiadigital.gov.in/api/courses/v1/courses/?page_size=100,live_catalogue_changed_during_pagination;seats_and_certification_not_verified;test_or_demo_candidate,requires_provider_and_availability_review
course-v1:ManjunathOrganizationForTesting+16284+1773911019,Demo course 19 March,ManjunathOrganizationForTesting,16284,instructor,2026-03-19T14:34:01.569000+05:30,timestamp,,,,,False,False,https://courses.skillindiadigital.gov.in/api/courses/v1/courses/?page_size=100,live_catalogue_changed_during_pagination;seats_and_certification_not_verified;test_or_demo_candidate,requires_provider_and_availability_review
course-v1:ManjunathOrganizationForTesting+17964+1774606201,Demo course 27march,ManjunathOrganizationForTesting,17964,instructor,2026-03-27T15:40:26.893000+05:30,timestamp,,,,,False,False,https://courses.skillindiadigital.gov.in/api/courses/v1/courses/?page_size=100,live_catalogue_changed_during_pagination;seats_and_certification_not_verified;test_or_demo_candidate,requires_provider_and_availability_review
course-v1:ManjunathOrganizationForTesting+18509+1731938759,Test for date uday,ManjunathOrganizationForTesting,18509,instructor,2030-01-01T05:30:00+05:30,empty,,,,,False,False,https://courses.skillindiadigital.gov.in/api/courses/v1/courses/?page_size=100,live_catalogue_changed_during_pagination;seats_and_certification_not_verified;test_or_demo_candidate,requires_provider_and_availability_review
course-v1:ManjunathOrganizationForTesting+18695+1759835047,Testing - AI and ML for Begineers,ManjunathOrganizationForTesting,18695,instructor,2025-10-07T16:34:35.563000+05:30,timestamp,,,,,False,False,https://courses.skillindiadigital.gov.in/api/courses/v1/courses/?page_size=100,live_catalogue_changed_during_pagination;seats_and_certification_not_verified;test_or_demo_candidate,requires_provider_and_availability_review
course-v1:ManjunathOrganizationForTesting+22385+1754550676,test,ManjunathOrganizationForTesting,22385,instructor,2025-08-07T12:41:31.059000+05:30,timestamp,,,,,False,False,https://courses.skillindiadigital.gov.in/api/courses/v1/courses/?page_size=100,live_catalogue_changed_during_pagination;seats_and_certification_not_verified;test_or_demo_candidate,requires_provider_and_availability_review
course-v1:ManjunathOrganizationForTesting+28010+1756287576,Demo Course 27-aug,ManjunathOrganizationForTesting,28010,instructor,2025-08-27T15:10:08.708000+05:30,timestamp,,,,,False,False,https://courses.skillindiadigital.gov.in/api/courses/v1/courses/?page_size=100,live_catalogue_changed_during_pagination;seats_and_certification_not_verified;test_or_demo_candidate,requires_provider_and_availability_review
course-v1:ManjunathOrganizationForTesting+29532+1773738713,Demo Course 17 March,ManjunathOrganizationForTesting,29532,instructor,2026-03-17T14:42:26.930000+05:30,timestamp,,,,,False,False,https://courses.skillindiadigital.gov.in/api/courses/v1/courses/?page_size=100,live_catalogue_changed_during_pagination;seats_and_certification_not_verified;test_or_demo_candidate,requires_provider_and_availability_review
course-v1:ManjunathOrganizationForTesting+33448+1760454771,test,ManjunathOrganizationForTesting,33448,instructor,2025-10-14T20:43:00.431000+05:30,timestamp,,,,,False,False,https://courses.skillindiadigital.gov.in/api/courses/v1/courses/?page_size=100,live_catalogue_changed_during_pagination;seats_and_certification_not_verified;test_or_demo_candidate,requires_provider_and_availability_review
course-v1:ManjunathOrganizationForTesting+38221+1756895152,demo course 3 sep,ManjunathOrganizationForTesting,38221,instructor,2025-09-03T15:56:14.301000+05:30,timestamp,,,,,False,False,https://courses.skillindiadigital.gov.in/api/courses/v1/courses/?page_size=100,live_catalogue_changed_during_pagination;seats_and_certification_not_verified;test_or_demo_candidate,requires_provider_and_availability_review
course-v1:ManjunathOrganizationForTesting+46850+1771399850,offline course,ManjunathOrganizationForTesting,46850,instructor,2026-02-18T13:01:25.658000+05:30,timestamp,,,,,False,False,https://courses.skillindiadigital.gov.in/api/courses/v1/courses/?page_size=100,live_catalogue_changed_during_pagination;seats_and_certification_not_verified,requires_provider_and_availability_review
course-v1:ManjunathOrganizationForTesting+50913+1784011874,All Modules Demo Course,ManjunathOrganizationForTesting,50913,instructor,2026-07-14T12:21:27.514000+05:30,timestamp,,,,,False,False,https://courses.skillindiadigital.gov.in/api/courses/v1/courses/?page_size=100,live_catalogue_changed_during_pagination;seats_and_certification_not_verified;test_or_demo_candidate,requires_provider_and_availability_review
course-v1:ManjunathOrganizationForTesting+54083+1734537987,test,ManjunathOrganizationForTesting,54083,instructor,2024-12-18T21:36:34.450000+05:30,timestamp,,,,,False,False,https://courses.skillindiadigital.gov.in/api/courses/v1/courses/?page_size=100,live_catalogue_changed_during_pagination;seats_and_certification_not_verified;test_or_demo_candidate,requires_provider_and_availability_review
course-v1:ManjunathOrganizationForTesting+57090+1769687329,Demo Course 29 Jan2,ManjunathOrganizationForTesting,57090,instructor,2026-01-29T17:19:35.992000+05:30,timestamp,,,,,False,False,https://courses.skillindiadigital.gov.in/api/courses/v1/courses/?page_size=100,live_catalogue_changed_during_pagination;seats_and_certification_not_verified;test_or_demo_candidate,requires_provider_and_availability_review
course-v1:ManjunathOrganizationForTesting+59052+1761199068,Test1234,ManjunathOrganizationForTesting,59052,instructor,2025-10-23T11:28:13.908000+05:30,timestamp,,,,,False,False,https://courses.skillindiadigital.gov.in/api/courses/v1/courses/?page_size=100,live_catalogue_changed_during_pagination;seats_and_certification_not_verified,requires_provider_and_availability_review
course-v1:ManjunathOrganizationForTesting+61267+1727540048,test,ManjunathOrganizationForTesting,61267,instructor,2023-01-01T05:30:00+05:30,timestamp,,,,,False,False,https://courses.skillindiadigital.gov.in/api/courses/v1/courses/?page_size=100,live_catalogue_changed_during_pagination;seats_and_certification_not_verified;test_or_demo_candidate,requires_provider_and_availability_review
course-v1:ManjunathOrganizationForTesting+63298+1770372953,Demo course 6 feb,ManjunathOrganizationForTesting,63298,instructor,2026-02-06T15:46:23.833000+05:30,timestamp,,,,,False,False,https://courses.skillindiadigital.gov.in/api/courses/v1/courses/?page_size=100,live_catalogue_changed_during_pagination;seats_and_certification_not_verified;test_or_demo_candidate,requires_provider_and_availability_review
course-v1:ManjunathOrganizationForTesting+67897+1760454798,wwww,ManjunathOrganizationForTesting,67897,instructor,2025-10-14T20:43:23.066000+05:30,timestamp,,,,,False,False,https://courses.skillindiadigital.gov.in/api/courses/v1/courses/?page_size=100,live_catalogue_changed_during_pagination;seats_and_certification_not_verified,requires_provider_and_availability_review
course-v1:ManjunathOrganizationForTesting+71333+1754549917,test course 7-Aug,ManjunathOrganizationForTesting,71333,instructor,2025-08-07T12:29:01.704000+05:30,timestamp,,,,,False,False,https://courses.skillindiadigital.gov.in/api/courses/v1/courses/?page_size=100,live_catalogue_changed_during_pagination;seats_and_certification_not_verified;test_or_demo_candidate,requires_provider_and_availability_review
course-v1:ManjunathOrganizationForTesting+71502+1761222690,Test1234,ManjunathOrganizationForTesting,71502,instructor,2025-10-23T18:01:51.623000+05:30,timestamp,,,,,False,False,https://courses.skillindiadigital.gov.in/api/courses/v1/courses/?page_size=100,live_catalogue_changed_during_pagination;seats_and_certification_not_verified,requires_provider_and_availability_review
course-v1:ManjunathOrganizationForTesting+71723+1790674900,Demo Course 29 Sept,ManjunathOrganizationForTesting,71723,instructor,2026-09-29T15:12:00.677000+05:30,timestamp,,,,,False,False,https://courses.skillindiadigital.gov.in/api/courses/v1/courses/?page_size=100,live_catalogue_changed_during_pagination;seats_and_certification_not_verified;test_or_demo_candidate,requires_provider_and_availability_review
course-v1:ManjunathOrganizationForTesting+73421+1769670960,Demo course 29 Jan,ManjunathOrganizationForTesting,73421,instructor,2026-01-29T12:46:18.763000+05:30,timestamp,,,,,False,False,https://courses.skillindiadigital.gov.in/api/courses/v1/courses/?page_size=100,live_catalogue_changed_during_pagination;seats_and_certification_not_verified;test_or_demo_candidate,requires_provider_and_availability_review
course-v1:ManjunathOrganizationForTesting+75647+1750448519,chaithra-testing course1,ManjunathOrganizationForTesting,75647,instructor,2025-06-21T01:12:12.938000+05:30,timestamp,,,,,False,False,https://courses.skillindiadigital.gov.in/api/courses/v1/courses/?page_size=100,live_catalogue_changed_during_pagination;seats_and_certification_not_verified;test_or_demo_candidate,requires_provider_and_availability_review
course-v1:ManjunathOrganizationForTesting+77378+1776162365,Demo Course April 14,ManjunathOrganizationForTesting,77378,instructor,2026-04-14T15:56:37.351000+05:30,timestamp,,,,,False,False,https://courses.skillindiadigital.gov.in/api/courses/v1/courses/?page_size=100,live_catalogue_changed_during_pagination;seats_and_certification_not_verified;test_or_demo_candidate,requires_provider_and_availability_review
course-v1:ManjunathOrganizationForTesting+79061+1727364874,Capstone demo course,ManjunathOrganizationForTesting,79061,instructor,2024-01-01T05:30:00+05:30,timestamp,,,,,False,False,https://courses.skillindiadigital.gov.in/api/courses/v1/courses/?page_size=100,live_catalogue_changed_during_pagination;seats_and_certification_not_verified;test_or_demo_candidate,requires_provider_and_availability_review
course-v1:ManjunathOrganizationForTesting+81524+1789381191,AI test Jindal,ManjunathOrganizationForTesting,81524,instructor,2026-09-14T15:50:15.967000+05:30,timestamp,,,,,False,False,https://courses.skillindiadigital.gov.in/api/courses/v1/courses/?page_size=100,live_catalogue_changed_during_pagination;seats_and_certification_not_verified;test_or_demo_candidate,requires_provider_and_availability_review
course-v1:ManjunathOrganizationForTesting+81984+1774938347,Demo course 31march,ManjunathOrganizationForTesting,81984,instructor,2026-03-31T11:56:32.659000+05:30,timestamp,,,,,False,False,https://courses.skillindiadigital.gov.in/api/courses/v1/courses/?page_size=100,live_catalogue_changed_during_pagination;seats_and_certification_not_verified;test_or_demo_candidate,requires_provider_and_availability_review
course-v1:ManjunathOrganizationForTesting+83635+1771397656,Demo course 18 feb,ManjunathOrganizationForTesting,83635,instructor,2026-02-18T12:24:46.345000+05:30,timestamp,,,,,False,False,https://courses.skillindiadigital.gov.in/api/courses/v1/courses/?page_size=100,live_catalogue_changed_during_pagination;seats_and_certification_not_verified;test_or_demo_candidate,requires_provider_and_availability_review
course-v1:ManjunathOrganizationForTesting+85577+1761287747,Demo course test 24 oct,ManjunathOrganizationForTesting,85577,instructor,2025-10-24T12:06:10.071000+05:30,timestamp,,,,,False,False,https://courses.skillindiadigital.gov.in/api/courses/v1/courses/?page_size=100,live_catalogue_changed_during_pagination;seats_and_certification_not_verified;test_or_demo_candidate,requires_provider_and_availability_review
course-v1:ManjunathOrganizationForTesting+88256+1770791031,Demo course 11 feb,ManjunathOrganizationForTesting,88256,instructor,2026-02-11T11:55:02.924000+05:30,timestamp,,,,,False,False,https://courses.skillindiadigital.gov.in/api/courses/v1/courses/?page_size=100,live_catalogue_changed_during_pagination;seats_and_certification_not_verified;test_or_demo_candidate,requires_provider_and_availability_review
course-v1:ManjunathOrganizationForTesting+92128+1774516458,Demo course 26 march,ManjunathOrganizationForTesting,92128,instructor,2026-03-26T14:44:36.327000+05:30,timestamp,,,,,False,False,https://courses.skillindiadigital.gov.in/api/courses/v1/courses/?page_size=100,live_catalogue_changed_during_pagination;seats_and_certification_not_verified;test_or_demo_candidate,requires_provider_and_availability_review
course-v1:ManjunathOrganizationForTesting+92546+1759834971,Testing,ManjunathOrganizationForTesting,92546,instructor,2025-10-07T16:33:24.598000+05:30,timestamp,,,,,False,False,https://courses.skillindiadigital.gov.in/api/courses/v1/courses/?page_size=100,live_catalogue_changed_during_pagination;seats_and_certification_not_verified;test_or_demo_candidate,requires_provider_and_availability_review
course-v1:ManjunathOrganizationForTesting+94840+1734584475,Computer Programming,ManjunathOrganizationForTesting,94840,instructor,2024-12-19T10:33:47.991000+05:30,timestamp,,,,,False,False,https://courses.skillindiadigital.gov.in/api/courses/v1/courses/?page_size=100,live_catalogue_changed_during_pagination;seats_and_certification_not_verified,requires_provider_and_availability_review
course-v1:ManjunathOrganizationForTesting+95978+1774948381,Metadata test 31 march,ManjunathOrganizationForTesting,95978,instructor,2026-03-31T14:43:13.868000+05:30,timestamp,,,,,False,False,https://courses.skillindiadigital.gov.in/api/courses/v1/courses/?page_size=100,live_catalogue_changed_during_pagination;seats_and_certification_not_verified;test_or_demo_candidate,requires_provider_and_availability_review
course-v1:ManjunathOrganizationForTesting+98754+1770632111,Demo Course 9 feb,ManjunathOrganizationForTesting,98754,instructor,2026-02-09T15:45:24.361000+05:30,timestamp,,,,,False,False,https://courses.skillindiadigital.gov.in/api/courses/v1/courses/?page_size=100,live_catalogue_changed_during_pagination;seats_and_certification_not_verified;test_or_demo_candidate,requires_provider_and_availability_review
course-v1:ManskillEnterprises+58663+1704881563,Computer Course,ManskillEnterprises,58663,instructor,2030-01-01T05:30:00+05:30,empty,,,,,False,False,https://courses.skillindiadigital.gov.in/api/courses/v1/courses/?page_size=100,live_catalogue_changed_during_pagination;seats_and_certification_not_verified,requires_provider_and_availability_review
course-v1:MayaMahilaBahuudeshiyaSevaSanstha+22087+1751986495,"GDA ,MEKE UP ARTIEST, GARMENT MANUFACTURING,EMTB.",MayaMahilaBahuudeshiyaSevaSanstha,22087,instructor,2025-07-08T20:28:58.601000+05:30,timestamp,,,,,False,False,https://courses.skillindiadigital.gov.in/api/courses/v1/courses/?page_size=100,live_catalogue_changed_during_pagination;seats_and_certification_not_verified,requires_provider_and_availability_review
course-v1:MediprobeConsultancyServicesPrivateLimited+31843+1739342213,Hospital Administration,MediprobeConsultancyServicesPrivateLimited,31843,instructor,2025-02-12T12:07:48.811000+05:30,timestamp,,,,,False,False,https://courses.skillindiadigital.gov.in/api/courses/v1/courses/?page_size=100,live_catalogue_changed_during_pagination;seats_and_certification_not_verified,requires_provider_and_availability_review
course-v1:MelodiousEducationHousingAcademy+60526+1747790064,Diploma in Aviation,MelodiousEducationHousingAcademy,60526,instructor,2025-05-21T06:45:02.110000+05:30,timestamp,,,,,False,False,https://courses.skillindiadigital.gov.in/api/courses/v1/courses/?page_size=100,live_catalogue_changed_during_pagination;seats_and_certification_not_verified,requires_provider_and_availability_review
course-v1:MEPSC+20183+1771477564,HR Executive - Payroll and Employee Data Management,MEPSC,20183,instructor,2026-02-19T10:37:40.077000+05:30,timestamp,,,,,False,False,https://courses.skillindiadigital.gov.in/api/courses/v1/courses/?page_size=100,live_catalogue_changed_during_pagination;seats_and_certification_not_verified,requires_provider_and_availability_review
course-v1:MEPSC+31423+1783401280,Business Support Practitioner,MEPSC,31423,instructor,2026-07-07T10:46:58.090000+05:30,timestamp,,,,,False,False,https://courses.skillindiadigital.gov.in/api/courses/v1/courses/?page_size=100,live_catalogue_changed_during_pagination;seats_and_certification_not_verified,requires_provider_and_availability_review
course-v1:MEPSC+42460+1739344951,Preschool & Daycare Facilitator,MEPSC,42460,instructor,2025-02-12T12:52:45.941000+05:30,timestamp,,,,,False,False,https://courses.skillindiadigital.gov.in/api/courses/v1/courses/?page_size=100,live_catalogue_changed_during_pagination;seats_and_certification_not_verified,requires_provider_and_availability_review
course-v1:MEPSC+49557+1758533112,Fundamentals of Digital Literacy (Office Applications),MEPSC,49557,instructor,2025-09-22T14:55:36.606000+05:30,timestamp,,,,,False,False,https://courses.skillindiadigital.gov.in/api/courses/v1/courses/?page_size=100,live_catalogue_changed_during_pagination;seats_and_certification_not_verified,requires_provider_and_availability_review
course-v1:MEPSC+57332+1743073117,Executive - Secretarial Services,MEPSC,57332,instructor,2025-03-27T16:28:55.141000+05:30,timestamp,,,,,False,False,https://courses.skillindiadigital.gov.in/api/courses/v1/courses/?page_size=100,live_catalogue_changed_during_pagination;seats_and_certification_not_verified,requires_provider_and_availability_review
course-v1:MEPSC+64105+1738220341,Office Assistant,MEPSC,64105,instructor,2025-01-29T12:32:00+05:30,timestamp,,,,,False,False,https://courses.skillindiadigital.gov.in/api/courses/v1/courses/?page_size=100,live_catalogue_changed_during_pagination;seats_and_certification_not_verified,requires_provider_and_availability_review
course-v1:MEPSC+66064+1777625521,Sole Proprietorship Associate,MEPSC,66064,instructor,2026-05-01T14:22:28.392000+05:30,timestamp,,,,,False,False,https://courses.skillindiadigital.gov.in/api/courses/v1/courses/?page_size=100,live_catalogue_changed_during_pagination;seats_and_certification_not_verified,requires_provider_and_availability_review
course-v1:MEPSC+74393+1738576085,Security Guard,MEPSC,74393,instructor,2025-02-03T15:18:26.085000+05:30,timestamp,,,,,False,False,https://courses.skillindiadigital.gov.in/api/courses/v1/courses/?page_size=100,live_catalogue_changed_during_pagination;seats_and_certification_not_verified,requires_provider_and_availability_review
course-v1:MEPSC+87858+1738571418,CCTV Supervisor,MEPSC,87858,instructor,2025-02-03T14:00:36.486000+05:30,timestamp,,,,,False,False,https://courses.skillindiadigital.gov.in/api/courses/v1/courses/?page_size=100,live_catalogue_changed_during_pagination;seats_and_certification_not_verified,requires_provider_and_availability_review
course-v1:MEPSC+92622+1738565103,Nano Entrepreneur,MEPSC,92622,instructor,2025-02-03T12:16:05.593000+05:30,timestamp,,,,,False,False,https://courses.skillindiadigital.gov.in/api/courses/v1/courses/?page_size=100,live_catalogue_changed_during_pagination;seats_and_certification_not_verified,requires_provider_and_availability_review
course-v1:MEPSC+94215+1761111637,Office Assistant – Virtual,MEPSC,94215,instructor,2025-10-22T11:10:58.080000+05:30,timestamp,,,,,False,False,https://courses.skillindiadigital.gov.in/api/courses/v1/courses/?page_size=100,live_catalogue_changed_during_pagination;seats_and_certification_not_verified,requires_provider_and_availability_review
course-v1:MEPSC+95068+1738573703,Field Survey Enumerator,MEPSC,95068,instructor,2025-02-03T14:38:30.776000+05:30,timestamp,,,,,False,False,https://courses.skillindiadigital.gov.in/api/courses/v1/courses/?page_size=100,live_catalogue_changed_during_pagination;seats_and_certification_not_verified,requires_provider_and_availability_review
course-v1:MEPSC+96267+1758781236,Personal Security Officer,MEPSC,96267,instructor,2025-09-25T11:53:57.530000+05:30,timestamp,,,,,False,False,https://courses.skillindiadigital.gov.in/api/courses/v1/courses/?page_size=100,live_catalogue_changed_during_pagination;seats_and_certification_not_verified,requires_provider_and_availability_review
course-v1:MESC+19052+1700134392,Online MakeUp and Hair Classes by Ojas Rajani,MESC,19052,instructor,2023-01-01T05:30:00+05:30,timestamp,,,,,False,False,https://courses.skillindiadigital.gov.in/api/courses/v1/courses/?page_size=100,live_catalogue_changed_during_pagination;seats_and_certification_not_verified,requires_provider_and_availability_review
course-v1:MESC+19198+1699440898,Online Wildlife Photography Classes by Sudhir Shivaram,MESC,19198,instructor,2024-01-01T05:30:00+05:30,timestamp,,,,,False,False,https://courses.skillindiadigital.gov.in/api/courses/v1/courses/?page_size=100,live_catalogue_changed_during_pagination;seats_and_certification_not_verified,requires_provider_and_availability_review
course-v1:MESC+26469+1700215398,Online Image Management Classes by Dr. Kuiljeit Uppaal,MESC,26469,instructor,2023-01-01T05:30:00+05:30,timestamp,,,,,False,False,https://courses.skillindiadigital.gov.in/api/courses/v1/courses/?page_size=100,live_catalogue_changed_during_pagination;seats_and_certification_not_verified,requires_provider_and_availability_review
course-v1:MESC+26732+1699377421,Online Business Classes by Siddharth Prabhakar,MESC,26732,instructor,2023-01-01T05:30:00+05:30,timestamp,,,,,False,False,https://courses.skillindiadigital.gov.in/api/courses/v1/courses/?page_size=100,live_catalogue_changed_during_pagination;seats_and_certification_not_verified,requires_provider_and_availability_review
course-v1:MESC+27623+1699367211,Online Singing Foundation Classes by Asha Bhosle,MESC,27623,instructor,2023-01-01T05:30:00+05:30,timestamp,,,,,False,False,https://courses.skillindiadigital.gov.in/api/courses/v1/courses/?page_size=100,live_catalogue_changed_during_pagination;seats_and_certification_not_verified,requires_provider_and_availability_review
course-v1:MESC+30470+1700288426,Online Dance Classes by Ganesh Acharya,MESC,30470,instructor,2023-01-01T05:30:00+05:30,timestamp,,,,,False,False,https://courses.skillindiadigital.gov.in/api/courses/v1/courses/?page_size=100,live_catalogue_changed_during_pagination;seats_and_certification_not_verified,requires_provider_and_availability_review
course-v1:MESC+45546+1700135958,Online Confidence Building Classes by Manya Singh,MESC,45546,instructor,2023-01-01T05:30:00+05:30,timestamp,,,,,False,False,https://courses.skillindiadigital.gov.in/api/courses/v1/courses/?page_size=100,live_catalogue_changed_during_pagination;seats_and_certification_not_verified,requires_provider_and_availability_review
course-v1:MESC+51080+1699363993,Online Acting Classes by Nawazuddin Siddiqui,MESC,51080,instructor,2023-11-06T05:30:00+05:30,timestamp,,,,,False,False,https://courses.skillindiadigital.gov.in/api/courses/v1/courses/?page_size=100,live_catalogue_changed_during_pagination;seats_and_certification_not_verified,requires_provider_and_availability_review
course-v1:MESC+57233+1700199599,Online Public Speaking Classes by Tanvi Bhatt,MESC,57233,instructor,2023-01-01T05:30:00+05:30,timestamp,,,,,False,False,https://courses.skillindiadigital.gov.in/api/courses/v1/courses/?page_size=100,live_catalogue_changed_during_pagination;seats_and_certification_not_verified,requires_provider_and_availability_review
course-v1:MESC+61073+1700204359,Online Writing Classes by Hussain Zaidi,MESC,61073,instructor,2023-01-01T05:30:00+05:30,timestamp,,,,,False,False,https://courses.skillindiadigital.gov.in/api/courses/v1/courses/?page_size=100,live_catalogue_changed_during_pagination;seats_and_certification_not_verified,requires_provider_and_availability_review
course-v1:MESC+68210+1700290559,Online Digital 101 Classes by Vivek Bhargava,MESC,68210,instructor,2023-01-01T05:30:00+05:30,timestamp,,,,,False,False,https://courses.skillindiadigital.gov.in/api/courses/v1/courses/?page_size=100,live_catalogue_changed_during_pagination;seats_and_certification_not_verified,requires_provider_and_availability_review
course-v1:MESC+83261+1699378824,Online Singing Classes by Shaan,MESC,83261,instructor,2024-01-01T05:30:00+05:30,timestamp,,,,,False,False,https://courses.skillindiadigital.gov.in/api/courses/v1/courses/?page_size=100,live_catalogue_changed_during_pagination;seats_and_certification_not_verified,requires_provider_and_availability_review
course-v1:MESC+88815+1699375548,Online Independent Filmmaking Classes by Madhur Bhandarkar,MESC,88815,instructor,2024-01-01T05:30:00+05:30,timestamp,,,,,False,False,https://courses.skillindiadigital.gov.in/api/courses/v1/courses/?page_size=100,live_catalogue_changed_during_pagination;seats_and_certification_not_verified,requires_provider_and_availability_review
course-v1:MESC+90020+1699368608,Online Photography Classes by Dabboo Ratnani,MESC,90020,instructor,2024-01-01T05:30:00+05:30,timestamp,,,,,False,False,https://courses.skillindiadigital.gov.in/api/courses/v1/courses/?page_size=100,live_catalogue_changed_during_pagination;seats_and_certification_not_verified,requires_provider_and_availability_review
course-v1:MESC+95875+1699372962,Online Communication Skills Classes by Sabira Merchant,MESC,95875,instructor,2024-01-01T05:30:00+05:30,timestamp,,,,,False,False,https://courses.skillindiadigital.gov.in/api/courses/v1/courses/?page_size=100,live_catalogue_changed_during_pagination;seats_and_certification_not_verified,requires_provider_and_availability_review
course-v1:MetisEduventuresPrivateLimited+16067+1779787829,Sample,MetisEduventuresPrivateLimited,16067,instructor,2026-05-26T15:00:45.816000+05:30,timestamp,,,,,False,False,https://courses.skillindiadigital.gov.in/api/courses/v1/courses/?page_size=100,live_catalogue_changed_during_pagination;seats_and_certification_not_verified;test_or_demo_candidate,requires_provider_and_availability_review
course-v1:MetisEduventuresPrivateLimited+37260+1776850955,TEST LMS course,MetisEduventuresPrivateLimited,37260,instructor,2026-04-22T15:13:09.640000+05:30,timestamp,,,,,False,False,https://courses.skillindiadigital.gov.in/api/courses/v1/courses/?page_size=100,live_catalogue_changed_during_pagination;seats_and_certification_not_verified;test_or_demo_candidate,requires_provider_and_availability_review
course-v1:MetisEduventuresPrivateLimited+90675+1776850936,Test,MetisEduventuresPrivateLimited,90675,instructor,2026-04-22T15:12:36.612000+05:30,timestamp,,,,,False,False,https://courses.skillindiadigital.gov.in/api/courses/v1/courses/?page_size=100,live_catalogue_changed_during_pagination;seats_and_certification_not_verified;test_or_demo_candidate,requires_provider_and_availability_review
course-v1:MICROSOFT+15688+1790748223,AI FOR ELECTRONICS (BENGALI),MICROSOFT,15688,instructor,2026-09-30T11:34:31.240000+05:30,timestamp,,,,,False,False,https://courses.skillindiadigital.gov.in/api/courses/v1/courses/?page_size=100,live_catalogue_changed_during_pagination;seats_and_certification_not_verified,requires_provider_and_availability_review
course-v1:MICROSOFT+15850+1770703362,AI in Healthcare,MICROSOFT,15850,instructor,2026-02-10T11:34:27.833000+05:30,timestamp,,,,,False,False,https://courses.skillindiadigital.gov.in/api/courses/v1/courses/?page_size=100,live_catalogue_changed_during_pagination;seats_and_certification_not_verified,requires_provider_and_availability_review
course-v1:MICROSOFT+18101+1790784154,AI for Automotive (English),MICROSOFT,18101,instructor,2026-09-30T21:33:54.397000+05:30,timestamp,,,,,False,False,https://courses.skillindiadigital.gov.in/api/courses/v1/courses/?page_size=100,live_catalogue_changed_during_pagination;seats_and_certification_not_verified,requires_provider_and_availability_review
course-v1:MICROSOFT+19550+1785401085,Demo,MICROSOFT,19550,instructor,2026-07-30T14:15:06.248000+05:30,timestamp,,,,,False,False,https://courses.skillindiadigital.gov.in/api/courses/v1/courses/?page_size=100,live_catalogue_changed_during_pagination;seats_and_certification_not_verified;test_or_demo_candidate,requires_provider_and_availability_review
course-v1:MICROSOFT+20762+1776844981,AI For Construction,MICROSOFT,20762,instructor,2026-04-22T15:17:54.145000+05:30,timestamp,,,,,False,False,https://courses.skillindiadigital.gov.in/api/courses/v1/courses/?page_size=100,live_catalogue_changed_during_pagination;seats_and_certification_not_verified,requires_provider_and_availability_review
course-v1:MICROSOFT+21728+1751866518,Democourse,MICROSOFT,21728,instructor,2025-07-07T11:07:09.138000+05:30,timestamp,,,,,False,False,https://courses.skillindiadigital.gov.in/api/courses/v1/courses/?page_size=100,live_catalogue_changed_during_pagination;seats_and_certification_not_verified,requires_provider_and_availability_review
course-v1:MICROSOFT+22284+1693024308,Python Programming,MICROSOFT,22284,instructor,2023-08-01T05:30:00+05:30,timestamp,,,,,False,False,https://courses.skillindiadigital.gov.in/api/courses/v1/courses/?page_size=100,live_catalogue_changed_during_pagination;seats_and_certification_not_verified,requires_provider_and_availability_review
course-v1:MICROSOFT+23816+1789992087,AI for Automotive,MICROSOFT,23816,instructor,2026-09-21T17:32:11.399000+05:30,timestamp,,,,,False,False,https://courses.skillindiadigital.gov.in/api/courses/v1/courses/?page_size=100,live_catalogue_changed_during_pagination;seats_and_certification_not_verified,requires_provider_and_availability_review
course-v1:MICROSOFT+24325+1770729953,AI in Healthcare,MICROSOFT,24325,instructor,2026-02-10T18:56:18.629000+05:30,timestamp,,,,,False,False,https://courses.skillindiadigital.gov.in/api/courses/v1/courses/?page_size=100,live_catalogue_changed_during_pagination;seats_and_certification_not_verified,requires_provider_and_availability_review
course-v1:MICROSOFT+38023+1752828504,SOAR - AI to Aspire,MICROSOFT,38023,instructor,2025-07-16T14:18:02+05:30,timestamp,,,,,False,False,https://courses.skillindiadigital.gov.in/api/courses/v1/courses/?page_size=100,live_catalogue_changed_during_pagination;seats_and_certification_not_verified,requires_provider_and_availability_review
course-v1:MICROSOFT+39687+1788855851,English Skills for Youth,MICROSOFT,39687,instructor,2026-09-08T13:55:41.772000+05:30,timestamp,,,,,False,False,https://courses.skillindiadigital.gov.in/api/courses/v1/courses/?page_size=100,live_catalogue_changed_during_pagination;seats_and_certification_not_verified,requires_provider_and_availability_review
course-v1:MICROSOFT+47161+1752828255,SOAR - AI to Acquire,MICROSOFT,47161,instructor,2025-07-16T14:15:55+05:30,timestamp,,,,,False,False,https://courses.skillindiadigital.gov.in/api/courses/v1/courses/?page_size=100,live_catalogue_changed_during_pagination;seats_and_certification_not_verified,requires_provider_and_availability_review
course-v1:MICROSOFT+60942+1770895188,Unlocking AI for Everyone (Beginner),MICROSOFT,60942,instructor,2026-02-12T16:50:28.738000+05:30,timestamp,,,,,False,False,https://courses.skillindiadigital.gov.in/api/courses/v1/courses/?page_size=100,live_catalogue_changed_during_pagination;seats_and_certification_not_verified,requires_provider_and_availability_review
course-v1:MICROSOFT+67508+1770828745,Demo 2,MICROSOFT,67508,instructor,2026-02-11T22:22:50.402000+05:30,timestamp,,,,,False,False,https://courses.skillindiadigital.gov.in/api/courses/v1/courses/?page_size=100,live_catalogue_changed_during_pagination;seats_and_certification_not_verified;test_or_demo_candidate,requires_provider_and_availability_review
course-v1:MICROSOFT+69258+1790748487,AI for Fashion (Bengali),MICROSOFT,69258,instructor,2026-09-30T11:38:43.669000+05:30,timestamp,,,,,False,False,https://courses.skillindiadigital.gov.in/api/courses/v1/courses/?page_size=100,live_catalogue_changed_during_pagination;seats_and_certification_not_verified,requires_provider_and_availability_review
course-v1:MICROSOFT+71895+1752061278,Cybersecurity Foundations,MICROSOFT,71895,instructor,2025-07-09T17:11:40.369000+05:30,timestamp,,,,,False,False,https://courses.skillindiadigital.gov.in/api/courses/v1/courses/?page_size=100,live_catalogue_changed_during_pagination;seats_and_certification_not_verified,requires_provider_and_availability_review
course-v1:MICROSOFT+74572+1752828622,SOAR - AI for Educators,MICROSOFT,74572,instructor,2025-07-16T14:22:26+05:30,timestamp,,,,,False,False,https://courses.skillindiadigital.gov.in/api/courses/v1/courses/?page_size=100,live_catalogue_changed_during_pagination;seats_and_certification_not_verified,requires_provider_and_availability_review
course-v1:MICROSOFT+75731+1789046501,Demo AI for Automotive,MICROSOFT,75731,instructor,2026-09-10T18:52:19.279000+05:30,timestamp,,,,,False,False,https://courses.skillindiadigital.gov.in/api/courses/v1/courses/?page_size=100,live_catalogue_changed_during_pagination;seats_and_certification_not_verified;test_or_demo_candidate,requires_provider_and_availability_review
course-v1:MICROSOFT+81910+1692943733,Microsoft Digital Literacy,MICROSOFT,81910,instructor,2023-08-01T05:30:00+05:30,timestamp,,,,,False,False,https://courses.skillindiadigital.gov.in/api/courses/v1/courses/?page_size=100,live_catalogue_changed_during_pagination;seats_and_certification_not_verified,requires_provider_and_availability_review
course-v1:MICROSOFT+82318+1790685645,AI for Electricals (Bengali),MICROSOFT,82318,instructor,2026-09-29T18:19:08.834000+05:30,timestamp,,,,,False,False,https://courses.skillindiadigital.gov.in/api/courses/v1/courses/?page_size=100,live_catalogue_changed_during_pagination;seats_and_certification_not_verified,requires_provider_and_availability_review
course-v1:MICROSOFT+87705+1790572022,AI for Automobile,MICROSOFT,87705,instructor,2026-09-28T10:39:52.633000+05:30,timestamp,,,,,False,False,https://courses.skillindiadigital.gov.in/api/courses/v1/courses/?page_size=100,live_catalogue_changed_during_pagination;seats_and_certification_not_verified,requires_provider_and_availability_review
course-v1:MICROSOFT+90336+1770798639,Demo,MICROSOFT,90336,instructor,2026-02-11T14:01:21.237000+05:30,timestamp,,,,,False,False,https://courses.skillindiadigital.gov.in/api/courses/v1/courses/?page_size=100,live_catalogue_changed_during_pagination;seats_and_certification_not_verified;test_or_demo_candidate,requires_provider_and_availability_review
course-v1:MICROSOFT+90593+1751698223,AI Fluency,MICROSOFT,90593,instructor,2025-07-05T12:22:54.971000+05:30,timestamp,,,,,False,False,https://courses.skillindiadigital.gov.in/api/courses/v1/courses/?page_size=100,live_catalogue_changed_during_pagination;seats_and_certification_not_verified,requires_provider_and_availability_review
course-v1:MICROSOFT+92528+1770899533,Unlocking AI for Everyone Expert,MICROSOFT,92528,instructor,2026-02-12T18:02:41.555000+05:30,timestamp,,,,,False,False,https://courses.skillindiadigital.gov.in/api/courses/v1/courses/?page_size=100,live_catalogue_changed_during_pagination;seats_and_certification_not_verified,requires_provider_and_availability_review
course-v1:MICROSOFT+92661+1692944063,Microsoft Digital Literacy,MICROSOFT,92661,instructor,2023-08-01T05:30:00+05:30,timestamp,,,,,False,False,https://courses.skillindiadigital.gov.in/api/courses/v1/courses/?page_size=100,live_catalogue_changed_during_pagination;seats_and_certification_not_verified,requires_provider_and_availability_review
course-v1:MICROSOFT+93367+1693045349,Microsoft Digital Productivity,MICROSOFT,93367,instructor,2023-08-01T05:30:00+05:30,timestamp,,,,,False,False,https://courses.skillindiadigital.gov.in/api/courses/v1/courses/?page_size=100,live_catalogue_changed_during_pagination;seats_and_certification_not_verified,requires_provider_and_availability_review
course-v1:MICROSOFT+95475+1752823735,AI to be Aware,MICROSOFT,95475,instructor,2025-07-16T13:44:28+05:30,timestamp,,,,,False,False,https://courses.skillindiadigital.gov.in/api/courses/v1/courses/?page_size=100,live_catalogue_changed_during_pagination;seats_and_certification_not_verified,requires_provider_and_availability_review
course-v1:MICROSOFT+97556+1770727279,AI in Manufacturing,MICROSOFT,97556,instructor,2026-02-10T18:11:39.170000+05:30,timestamp,,,,,False,False,https://courses.skillindiadigital.gov.in/api/courses/v1/courses/?page_size=100,live_catalogue_changed_during_pagination;seats_and_certification_not_verified,requires_provider_and_availability_review
course-v1:MilatservicesPvtLtd+66151+1718696789,Advance Diploma In Computer Application,MilatservicesPvtLtd,66151,instructor,2024-06-18T06:30:00+05:30,timestamp,2024-06-18T09:30:00+05:30,,,,False,False,https://courses.skillindiadigital.gov.in/api/courses/v1/courses/?page_size=100,live_catalogue_changed_during_pagination;seats_and_certification_not_verified,requires_provider_and_availability_review
course-v1:MiliDeviCharitableTrust+32884+1722596328,Aviation management,MiliDeviCharitableTrust,32884,instructor,2030-01-01T05:30:00+05:30,empty,,,,,False,False,https://courses.skillindiadigital.gov.in/api/courses/v1/courses/?page_size=100,live_catalogue_changed_during_pagination;seats_and_certification_not_verified,requires_provider_and_availability_review
course-v1:MilindNivruttiaher+71099+1790568536,Introduction for Supply Chain Management,MilindNivruttiaher,71099,instructor,2026-09-28T09:43:19.893000+05:30,timestamp,,,,,False,False,https://courses.skillindiadigital.gov.in/api/courses/v1/courses/?page_size=100,live_catalogue_changed_during_pagination;seats_and_certification_not_verified,requires_provider_and_availability_review
course-v1:MindMergeSoftTechPrivateLimited+29572+1728899552,HTML Course,MindMergeSoftTechPrivateLimited,29572,instructor,2024-10-20T16:00:00+05:30,timestamp,2024-11-30T17:00:00+05:30,,,,False,False,https://courses.skillindiadigital.gov.in/api/courses/v1/courses/?page_size=100,live_catalogue_changed_during_pagination;seats_and_certification_not_verified,requires_provider_and_availability_review
course-v1:MindMergeSoftTechPrivateLimited+44139+1782911413,Generative AI & Prompt Engineering Fundamentals,MindMergeSoftTechPrivateLimited,44139,instructor,2026-07-01T18:40:49.716000+05:30,timestamp,,,,,False,False,https://courses.skillindiadigital.gov.in/api/courses/v1/courses/?page_size=100,live_catalogue_changed_during_pagination;seats_and_certification_not_verified,requires_provider_and_availability_review
course-v1:MisatCharitableFoundationTrust+31770+1768298581,general duty assistant,MisatCharitableFoundationTrust,31770,instructor,2026-01-13T15:34:09.310000+05:30,timestamp,,,,,False,False,https://courses.skillindiadigital.gov.in/api/courses/v1/courses/?page_size=100,live_catalogue_changed_during_pagination;seats_and_certification_not_verified,requires_provider_and_availability_review
course-v1:ModernTrainingInstitute+81010+1783078590,IT ITES,ModernTrainingInstitute,81010,instructor,2026-07-03T17:06:51.840000+05:30,timestamp,,,,,False,False,https://courses.skillindiadigital.gov.in/api/courses/v1/courses/?page_size=100,live_catalogue_changed_during_pagination;seats_and_certification_not_verified,requires_provider_and_availability_review
course-v1:MohanSinghIsaacC+51204+1786424418,"Basic Computer, Online Form Filling & Customer Support",MohanSinghIsaacC,51204,instructor,2026-08-11T10:32:53.737000+05:30,timestamp,,,,,False,False,https://courses.skillindiadigital.gov.in/api/courses/v1/courses/?page_size=100,live_catalogue_changed_during_pagination;seats_and_certification_not_verified,requires_provider_and_availability_review
course-v1:MojahidulHoque+39217+1763952268,SPOKEN ENGLISH,MojahidulHoque,39217,instructor,2025-11-24T08:16:25.055000+05:30,timestamp,,,,,False,False,https://courses.skillindiadigital.gov.in/api/courses/v1/courses/?page_size=100,live_catalogue_changed_during_pagination;seats_and_certification_not_verified,requires_provider_and_availability_review
course-v1:MojahidulHoque+74402+1733030185,PGDCA,MojahidulHoque,74402,instructor,2024-12-01T10:46:50.710000+05:30,timestamp,,,,,False,False,https://courses.skillindiadigital.gov.in/api/courses/v1/courses/?page_size=100,live_catalogue_changed_during_pagination;seats_and_certification_not_verified,requires_provider_and_availability_review
course-v1:MonikaJain+55698+1738980228,BASICS of RENEWABLE ENERGY,MonikaJain,55698,instructor,2025-02-08T07:52:56.106000+05:30,timestamp,,,,,False,False,https://courses.skillindiadigital.gov.in/api/courses/v1/courses/?page_size=100,live_catalogue_changed_during_pagination;seats_and_certification_not_verified,requires_provider_and_availability_review
course-v1:MoorthyVeeraBalu+70740+1766413266,English Communication,MoorthyVeeraBalu,70740,instructor,2025-12-22T19:51:44.134000+05:30,timestamp,,,,,False,False,https://courses.skillindiadigital.gov.in/api/courses/v1/courses/?page_size=100,live_catalogue_changed_during_pagination;seats_and_certification_not_verified,requires_provider_and_availability_review
course-v1:MorisMediaPrivateLimited+97787+1737523606,Master's Marketing Program,MorisMediaPrivateLimited,97787,instructor,2025-01-22T11:14:10.714000+05:30,timestamp,,,,,False,False,https://courses.skillindiadigital.gov.in/api/courses/v1/courses/?page_size=100,live_catalogue_changed_during_pagination;seats_and_certification_not_verified,requires_provider_and_availability_review
course-v1:MotherTeressaMedicalTrust+66166+1773904958,DRONE OPERATOR-MULTI ROTOR,MotherTeressaMedicalTrust,66166,instructor,2026-03-19T12:55:04.663000+05:30,timestamp,,,,,False,False,https://courses.skillindiadigital.gov.in/api/courses/v1/courses/?page_size=100,live_catalogue_changed_during_pagination;seats_and_certification_not_verified,requires_provider_and_availability_review
course-v1:MzInternationalAcademyPrivateLimited+84163+1774510011,Beauty Masterclass,MzInternationalAcademyPrivateLimited,84163,instructor,2026-03-26T12:58:15.048000+05:30,timestamp,,,,,False,False,https://courses.skillindiadigital.gov.in/api/courses/v1/courses/?page_size=100,live_catalogue_changed_during_pagination;seats_and_certification_not_verified,requires_provider_and_availability_review
course-v1:NachimuthuIndustrialAssociation+37410+1786534387,Solar PV Engineer,NachimuthuIndustrialAssociation,37410,instructor,2026-08-12T17:04:05.592000+05:30,timestamp,,,,,False,False,https://courses.skillindiadigital.gov.in/api/courses/v1/courses/?page_size=100,live_catalogue_changed_during_pagination;seats_and_certification_not_verified,requires_provider_and_availability_review
course-v1:NADC+IBPOH+2033,International BPO-Hindi,NADC,IBPOH,instructor,2030-01-01T05:30:00+05:30,empty,,,,,False,False,https://courses.skillindiadigital.gov.in/api/courses/v1/courses/?page_size=100,live_catalogue_changed_during_pagination;seats_and_certification_not_verified,requires_provider_and_availability_review
course-v1:NandaniNamdev+26322+1718126039,Skills india,NandaniNamdev,26322,instructor,2030-01-01T05:30:00+05:30,empty,,,,,False,False,https://courses.skillindiadigital.gov.in/api/courses/v1/courses/?page_size=100,live_catalogue_changed_during_pagination;seats_and_certification_not_verified,requires_provider_and_availability_review
course-v1:NarayanUddhavKute+85457+1724494312,Diploma in Journalism and Mass Communication,NarayanUddhavKute,85457,instructor,2024-09-15T16:00:00+05:30,timestamp,2025-09-14T23:00:00+05:30,,,,False,False,https://courses.skillindiadigital.gov.in/api/courses/v1/courses/?page_size=100,live_catalogue_changed_during_pagination;seats_and_certification_not_verified,requires_provider_and_availability_review
course-v1:NationalAssociationOfSoftwareAndServiceCompanies+10376+1741676029,Product Manager - Web & Mobile,NationalAssociationOfSoftwareAndServiceCompanies,10376,instructor,2025-03-11T12:24:04.600000+05:30,timestamp,,,,,False,False,https://courses.skillindiadigital.gov.in/api/courses/v1/courses/?page_size=100,live_catalogue_changed_during_pagination;seats_and_certification_not_verified,requires_provider_and_availability_review
course-v1:NationalAssociationOfSoftwareAndServiceCompanies+12655+1741682386,Software Developer- IT Services,NationalAssociationOfSoftwareAndServiceCompanies,12655,instructor,2025-03-11T14:09:55.830000+05:30,timestamp,,,,,False,False,https://courses.skillindiadigital.gov.in/api/courses/v1/courses/?page_size=100,live_catalogue_changed_during_pagination;seats_and_certification_not_verified,requires_provider_and_availability_review
course-v1:NationalAssociationOfSoftwareAndServiceCompanies+13619+1779263448,AI- Data Engineer,NationalAssociationOfSoftwareAndServiceCompanies,13619,instructor,2026-05-20T13:21:40.814000+05:30,timestamp,,,,,False,False,https://courses.skillindiadigital.gov.in/api/courses/v1/courses/?page_size=100,live_catalogue_changed_during_pagination;seats_and_certification_not_verified,requires_provider_and_availability_review
course-v1:NationalAssociationOfSoftwareAndServiceCompanies+14815+1743139073,AI - DevOps Engineer,NationalAssociationOfSoftwareAndServiceCompanies,14815,instructor,2025-03-28T10:48:04.576000+05:30,timestamp,,,,,False,False,https://courses.skillindiadigital.gov.in/api/courses/v1/courses/?page_size=100,live_catalogue_changed_during_pagination;seats_and_certification_not_verified,requires_provider_and_availability_review
course-v1:NationalAssociationOfSoftwareAndServiceCompanies+15373+1743140431,IT Forensic specialist,NationalAssociationOfSoftwareAndServiceCompanies,15373,instructor,2025-03-28T11:10:42.279000+05:30,timestamp,,,,,False,False,https://courses.skillindiadigital.gov.in/api/courses/v1/courses/?page_size=100,live_catalogue_changed_during_pagination;seats_and_certification_not_verified,requires_provider_and_availability_review
course-v1:NationalAssociationOfSoftwareAndServiceCompanies+15942+1774248955,Application Security Analyst,NationalAssociationOfSoftwareAndServiceCompanies,15942,instructor,2026-03-23T14:40:55.455000+05:30,timestamp,,,,,False,False,https://courses.skillindiadigital.gov.in/api/courses/v1/courses/?page_size=100,live_catalogue_changed_during_pagination;seats_and_certification_not_verified,requires_provider_and_availability_review
course-v1:NationalAssociationOfSoftwareAndServiceCompanies+18142+1743140240,Drone Developer (Software),NationalAssociationOfSoftwareAndServiceCompanies,18142,instructor,2025-03-28T11:08:14.317000+05:30,timestamp,,,,,False,False,https://courses.skillindiadigital.gov.in/api/courses/v1/courses/?page_size=100,live_catalogue_changed_during_pagination;seats_and_certification_not_verified,requires_provider_and_availability_review
course-v1:NationalAssociationOfSoftwareAndServiceCompanies+18578+1779103019,Customer Care Sr. Executive (Voice and Non- Voice),NationalAssociationOfSoftwareAndServiceCompanies,18578,instructor,2026-05-18T16:48:11.849000+05:30,timestamp,,,,,False,False,https://courses.skillindiadigital.gov.in/api/courses/v1/courses/?page_size=100,live_catalogue_changed_during_pagination;seats_and_certification_not_verified,requires_provider_and_availability_review
course-v1:NationalAssociationOfSoftwareAndServiceCompanies+19150+1741676657,Software Developer - Product Development,NationalAssociationOfSoftwareAndServiceCompanies,19150,instructor,2025-03-11T12:34:46.989000+05:30,timestamp,,,,,False,False,https://courses.skillindiadigital.gov.in/api/courses/v1/courses/?page_size=100,live_catalogue_changed_during_pagination;seats_and_certification_not_verified,requires_provider_and_availability_review
course-v1:NationalAssociationOfSoftwareAndServiceCompanies+19357+1774333459,Mobile Device Management Analyst,NationalAssociationOfSoftwareAndServiceCompanies,19357,instructor,2026-03-24T11:55:34.863000+05:30,timestamp,,,,,False,False,https://courses.skillindiadigital.gov.in/api/courses/v1/courses/?page_size=100,live_catalogue_changed_during_pagination;seats_and_certification_not_verified,requires_provider_and_availability_review
course-v1:NationalAssociationOfSoftwareAndServiceCompanies+22816+1732695248,Domestic Data Entry Operator,NationalAssociationOfSoftwareAndServiceCompanies,22816,instructor,2024-11-27T13:48:01.829000+05:30,timestamp,,,,,False,False,https://courses.skillindiadigital.gov.in/api/courses/v1/courses/?page_size=100,live_catalogue_changed_during_pagination;seats_and_certification_not_verified,requires_provider_and_availability_review
course-v1:NationalAssociationOfSoftwareAndServiceCompanies+23508+1743140135,Cloud Security Analyst,NationalAssociationOfSoftwareAndServiceCompanies,23508,instructor,2025-03-28T11:05:49.769000+05:30,timestamp,,,,,False,False,https://courses.skillindiadigital.gov.in/api/courses/v1/courses/?page_size=100,live_catalogue_changed_during_pagination;seats_and_certification_not_verified,requires_provider_and_availability_review
course-v1:NationalAssociationOfSoftwareAndServiceCompanies+24734+1743145299,AI – Data Scientist,NationalAssociationOfSoftwareAndServiceCompanies,24734,instructor,2025-03-28T12:31:46.376000+05:30,timestamp,,,,,False,False,https://courses.skillindiadigital.gov.in/api/courses/v1/courses/?page_size=100,live_catalogue_changed_during_pagination;seats_and_certification_not_verified,requires_provider_and_availability_review
course-v1:NationalAssociationOfSoftwareAndServiceCompanies+25606+1743144961,Consultant Network Security,NationalAssociationOfSoftwareAndServiceCompanies,25606,instructor,2025-03-28T12:26:15.843000+05:30,timestamp,,,,,False,False,https://courses.skillindiadigital.gov.in/api/courses/v1/courses/?page_size=100,live_catalogue_changed_during_pagination;seats_and_certification_not_verified,requires_provider_and_availability_review
course-v1:NationalAssociationOfSoftwareAndServiceCompanies+26515+1774243723,IT Customer Care Executive,NationalAssociationOfSoftwareAndServiceCompanies,26515,instructor,2026-03-23T10:59:50.864000+05:30,timestamp,,,,,False,False,https://courses.skillindiadigital.gov.in/api/courses/v1/courses/?page_size=100,live_catalogue_changed_during_pagination;seats_and_certification_not_verified,requires_provider_and_availability_review
course-v1:NationalAssociationOfSoftwareAndServiceCompanies+26746+1743145484,AI - Solution Architect,NationalAssociationOfSoftwareAndServiceCompanies,26746,instructor,2025-03-28T12:34:49.411000+05:30,timestamp,,,,,False,False,https://courses.skillindiadigital.gov.in/api/courses/v1/courses/?page_size=100,live_catalogue_changed_during_pagination;seats_and_certification_not_verified,requires_provider_and_availability_review
course-v1:NationalAssociationOfSoftwareAndServiceCompanies+27765+1774336205,Security Analyst,NationalAssociationOfSoftwareAndServiceCompanies,27765,instructor,2026-03-24T13:08:02.331000+05:30,timestamp,,,,,False,False,https://courses.skillindiadigital.gov.in/api/courses/v1/courses/?page_size=100,live_catalogue_changed_during_pagination;seats_and_certification_not_verified,requires_provider_and_availability_review
course-v1:NationalAssociationOfSoftwareAndServiceCompanies+28726+1774341229,IT Technical Support Associate,NationalAssociationOfSoftwareAndServiceCompanies,28726,instructor,2026-03-24T14:05:12.494277+05:30,timestamp,,,,,False,False,https://courses.skillindiadigital.gov.in/api/courses/v1/courses/?page_size=100,live_catalogue_changed_during_pagination;seats_and_certification_not_verified,requires_provider_and_availability_review
course-v1:NationalAssociationOfSoftwareAndServiceCompanies+29238+1732698716,AI - Database Administrator,NationalAssociationOfSoftwareAndServiceCompanies,29238,instructor,2024-11-27T14:42:13.075000+05:30,timestamp,,,,,False,False,https://courses.skillindiadigital.gov.in/api/courses/v1/courses/?page_size=100,live_catalogue_changed_during_pagination;seats_and_certification_not_verified,requires_provider_and_availability_review
course-v1:NationalAssociationOfSoftwareAndServiceCompanies+31026+1773824685,Digital Mitra,NationalAssociationOfSoftwareAndServiceCompanies,31026,instructor,2026-03-20T12:34:17.946000+05:30,timestamp,,,,,False,False,https://courses.skillindiadigital.gov.in/api/courses/v1/courses/?page_size=100,live_catalogue_changed_during_pagination;seats_and_certification_not_verified,requires_provider_and_availability_review
course-v1:NationalAssociationOfSoftwareAndServiceCompanies+33601+1743144763,Analyst Endpoint Security-Cybersecurity,NationalAssociationOfSoftwareAndServiceCompanies,33601,instructor,2025-03-28T12:22:54.839000+05:30,timestamp,,,,,False,False,https://courses.skillindiadigital.gov.in/api/courses/v1/courses/?page_size=100,live_catalogue_changed_during_pagination;seats_and_certification_not_verified,requires_provider_and_availability_review
course-v1:NationalAssociationOfSoftwareAndServiceCompanies+35112+1743139933,Cloud Application Developer,NationalAssociationOfSoftwareAndServiceCompanies,35112,instructor,2025-03-28T11:02:21.267000+05:30,timestamp,,,,,False,False,https://courses.skillindiadigital.gov.in/api/courses/v1/courses/?page_size=100,live_catalogue_changed_during_pagination;seats_and_certification_not_verified,requires_provider_and_availability_review
course-v1:NationalAssociationOfSoftwareAndServiceCompanies+35167+1779169718,Information Security Analyst,NationalAssociationOfSoftwareAndServiceCompanies,35167,instructor,2026-05-19T11:19:36.917000+05:30,timestamp,,,,,False,False,https://courses.skillindiadigital.gov.in/api/courses/v1/courses/?page_size=100,live_catalogue_changed_during_pagination;seats_and_certification_not_verified,requires_provider_and_availability_review
course-v1:NationalAssociationOfSoftwareAndServiceCompanies+36255+1774257075,IT Technical Writer,NationalAssociationOfSoftwareAndServiceCompanies,36255,instructor,2026-03-23T14:42:24.221000+05:30,timestamp,,,,,False,False,https://courses.skillindiadigital.gov.in/api/courses/v1/courses/?page_size=100,live_catalogue_changed_during_pagination;seats_and_certification_not_verified,requires_provider_and_availability_review
course-v1:NationalAssociationOfSoftwareAndServiceCompanies+37747+1743145042,Information Security Specilaist,NationalAssociationOfSoftwareAndServiceCompanies,37747,instructor,2025-03-28T12:27:32.760000+05:30,timestamp,,,,,False,False,https://courses.skillindiadigital.gov.in/api/courses/v1/courses/?page_size=100,live_catalogue_changed_during_pagination;seats_and_certification_not_verified,requires_provider_and_availability_review
course-v1:NationalAssociationOfSoftwareAndServiceCompanies+41149+1743145129,AI – Data Quality Analyst,NationalAssociationOfSoftwareAndServiceCompanies,41149,instructor,2025-03-28T12:28:58.772000+05:30,timestamp,,,,,False,False,https://courses.skillindiadigital.gov.in/api/courses/v1/courses/?page_size=100,live_catalogue_changed_during_pagination;seats_and_certification_not_verified,requires_provider_and_availability_review
course-v1:NationalAssociationOfSoftwareAndServiceCompanies+43009+1741675179,Domestic Biometric Data Operator,NationalAssociationOfSoftwareAndServiceCompanies,43009,instructor,2025-03-11T12:10:48.143000+05:30,timestamp,,,,,False,False,https://courses.skillindiadigital.gov.in/api/courses/v1/courses/?page_size=100,live_catalogue_changed_during_pagination;seats_and_certification_not_verified,requires_provider_and_availability_review
course-v1:NationalAssociationOfSoftwareAndServiceCompanies+44650+1752835449,AI Aware,NationalAssociationOfSoftwareAndServiceCompanies,44650,self,2020-11-16T05:30:00+05:30,timestamp,2030-12-31T05:31:00+05:30,2020-11-16T05:30:00+05:30,2030-12-31T05:30:00+05:30,"10 weeks, online<br>4 hours/week",False,False,https://courses.skillindiadigital.gov.in/api/courses/v1/courses/?page_size=100,live_catalogue_changed_during_pagination;seats_and_certification_not_verified,requires_provider_and_availability_review
course-v1:NationalAssociationOfSoftwareAndServiceCompanies+44674+1743145812,AI- Business Analyst,NationalAssociationOfSoftwareAndServiceCompanies,44674,instructor,2025-03-28T12:40:27.148000+05:30,timestamp,,,,,False,False,https://courses.skillindiadigital.gov.in/api/courses/v1/courses/?page_size=100,live_catalogue_changed_during_pagination;seats_and_certification_not_verified,requires_provider_and_availability_review
course-v1:NationalAssociationOfSoftwareAndServiceCompanies+44816+1743139250,IoT - Security Specialist,NationalAssociationOfSoftwareAndServiceCompanies,44816,instructor,2025-03-28T10:51:01.793000+05:30,timestamp,,,,,False,False,https://courses.skillindiadigital.gov.in/api/courses/v1/courses/?page_size=100,live_catalogue_changed_during_pagination;seats_and_certification_not_verified,requires_provider_and_availability_review
course-v1:NationalAssociationOfSoftwareAndServiceCompanies+47358+1741674340,Junior Software Developer,NationalAssociationOfSoftwareAndServiceCompanies,47358,instructor,2025-03-11T11:55:45.858000+05:30,timestamp,,,,,False,False,https://courses.skillindiadigital.gov.in/api/courses/v1/courses/?page_size=100,live_catalogue_changed_during_pagination;seats_and_certification_not_verified,requires_provider_and_availability_review
course-v1:NationalAssociationOfSoftwareAndServiceCompanies+47566+1741673622,Engineer-Technical Support(Level 1),NationalAssociationOfSoftwareAndServiceCompanies,47566,instructor,2025-03-11T11:43:56.235000+05:30,timestamp,,,,,False,False,https://courses.skillindiadigital.gov.in/api/courses/v1/courses/?page_size=100,live_catalogue_changed_during_pagination;seats_and_certification_not_verified,requires_provider_and_availability_review
course-v1:NationalAssociationOfSoftwareAndServiceCompanies+48315+1774333592,Security Operations Centre Analyst,NationalAssociationOfSoftwareAndServiceCompanies,48315,instructor,2026-03-24T12:38:36.427000+05:30,timestamp,,,,,False,False,https://courses.skillindiadigital.gov.in/api/courses/v1/courses/?page_size=100,live_catalogue_changed_during_pagination;seats_and_certification_not_verified,requires_provider_and_availability_review
course-v1:NationalAssociationOfSoftwareAndServiceCompanies+49149+1741680867,Sr. Associate - Desktop Publishing (DTP),NationalAssociationOfSoftwareAndServiceCompanies,49149,instructor,2025-03-11T13:44:39.545000+05:30,timestamp,,,,,False,False,https://courses.skillindiadigital.gov.in/api/courses/v1/courses/?page_size=100,live_catalogue_changed_during_pagination;seats_and_certification_not_verified,requires_provider_and_availability_review
course-v1:NationalAssociationOfSoftwareAndServiceCompanies+49401+1741606070,Application Architect - Web & Mobile,NationalAssociationOfSoftwareAndServiceCompanies,49401,instructor,2025-03-10T16:58:34.156000+05:30,timestamp,,,,,False,False,https://courses.skillindiadigital.gov.in/api/courses/v1/courses/?page_size=100,live_catalogue_changed_during_pagination;seats_and_certification_not_verified,requires_provider_and_availability_review
course-v1:NationalAssociationOfSoftwareAndServiceCompanies+49592+1743139726,Robotic Process Automation Developer,NationalAssociationOfSoftwareAndServiceCompanies,49592,instructor,2025-03-28T10:58:56.526000+05:30,timestamp,,,,,False,False,https://courses.skillindiadigital.gov.in/api/courses/v1/courses/?page_size=100,live_catalogue_changed_during_pagination;seats_and_certification_not_verified,requires_provider_and_availability_review
course-v1:NationalAssociationOfSoftwareAndServiceCompanies+49599+1779171366,IoT Security Analyst,NationalAssociationOfSoftwareAndServiceCompanies,49599,instructor,2026-05-19T11:46:22.218000+05:30,timestamp,,,,,False,False,https://courses.skillindiadigital.gov.in/api/courses/v1/courses/?page_size=100,live_catalogue_changed_during_pagination;seats_and_certification_not_verified,requires_provider_and_availability_review
course-v1:NationalAssociationOfSoftwareAndServiceCompanies+51232+1743139584,AI - Data Engineer,NationalAssociationOfSoftwareAndServiceCompanies,51232,instructor,2025-03-28T10:56:36.119000+05:30,timestamp,,,,,False,False,https://courses.skillindiadigital.gov.in/api/courses/v1/courses/?page_size=100,live_catalogue_changed_during_pagination;seats_and_certification_not_verified,requires_provider_and_availability_review
course-v1:NationalAssociationOfSoftwareAndServiceCompanies+52138+1743138591,AI-Machine Learning Engineer,NationalAssociationOfSoftwareAndServiceCompanies,52138,instructor,2025-03-28T10:40:12.668000+05:30,timestamp,,,,,False,False,https://courses.skillindiadigital.gov.in/api/courses/v1/courses/?page_size=100,live_catalogue_changed_during_pagination;seats_and_certification_not_verified,requires_provider_and_availability_review
course-v1:NationalAssociationOfSoftwareAndServiceCompanies+52821+1779171582,IT Forensic Analyst,NationalAssociationOfSoftwareAndServiceCompanies,52821,instructor,2026-05-19T11:54:46.767000+05:30,timestamp,,,,,False,False,https://courses.skillindiadigital.gov.in/api/courses/v1/courses/?page_size=100,live_catalogue_changed_during_pagination;seats_and_certification_not_verified,requires_provider_and_availability_review
course-v1:NationalAssociationOfSoftwareAndServiceCompanies+55675+1774336127,Software Product Developer,NationalAssociationOfSoftwareAndServiceCompanies,55675,instructor,2026-03-24T12:39:58.212000+05:30,timestamp,,,,,False,False,https://courses.skillindiadigital.gov.in/api/courses/v1/courses/?page_size=100,live_catalogue_changed_during_pagination;seats_and_certification_not_verified,requires_provider_and_availability_review
course-v1:NationalAssociationOfSoftwareAndServiceCompanies+55779+1774341323,Blockchain Full Stack Developer,NationalAssociationOfSoftwareAndServiceCompanies,55779,instructor,2026-03-24T14:06:06.236000+05:30,timestamp,,,,,False,False,https://courses.skillindiadigital.gov.in/api/courses/v1/courses/?page_size=100,live_catalogue_changed_during_pagination;seats_and_certification_not_verified,requires_provider_and_availability_review
course-v1:NationalAssociationOfSoftwareAndServiceCompanies+56273+1732697958,Domestic IT Helpdesk Attendant,NationalAssociationOfSoftwareAndServiceCompanies,56273,instructor,2024-11-27T14:29:46.856000+05:30,timestamp,,,,,False,False,https://courses.skillindiadigital.gov.in/api/courses/v1/courses/?page_size=100,live_catalogue_changed_during_pagination;seats_and_certification_not_verified,requires_provider_and_availability_review
course-v1:NationalAssociationOfSoftwareAndServiceCompanies+56293+1779170280,AI DevOps Analyst,NationalAssociationOfSoftwareAndServiceCompanies,56293,instructor,2026-05-19T11:42:42.672000+05:30,timestamp,,,,,False,False,https://courses.skillindiadigital.gov.in/api/courses/v1/courses/?page_size=100,live_catalogue_changed_during_pagination;seats_and_certification_not_verified,requires_provider_and_availability_review
course-v1:NationalAssociationOfSoftwareAndServiceCompanies+63664+1774333547,Software Test Engineer,NationalAssociationOfSoftwareAndServiceCompanies,63664,instructor,2026-03-24T11:56:21.586000+05:30,timestamp,,,,,False,False,https://courses.skillindiadigital.gov.in/api/courses/v1/courses/?page_size=100,live_catalogue_changed_during_pagination;seats_and_certification_not_verified;test_or_demo_candidate,requires_provider_and_availability_review
course-v1:NationalAssociationOfSoftwareAndServiceCompanies+64104+1743145213,AI - Business Intelligence Analyst,NationalAssociationOfSoftwareAndServiceCompanies,64104,instructor,2025-03-28T12:30:17.114000+05:30,timestamp,,,,,False,False,https://courses.skillindiadigital.gov.in/api/courses/v1/courses/?page_size=100,live_catalogue_changed_during_pagination;seats_and_certification_not_verified,requires_provider_and_availability_review
course-v1:NationalAssociationOfSoftwareAndServiceCompanies+65147+1741672694,Associate Customer care (Voice and Non-Voice),NationalAssociationOfSoftwareAndServiceCompanies,65147,instructor,2025-03-11T11:28:27.185000+05:30,timestamp,,,,,False,False,https://courses.skillindiadigital.gov.in/api/courses/v1/courses/?page_size=100,live_catalogue_changed_during_pagination;seats_and_certification_not_verified,requires_provider_and_availability_review
course-v1:NationalAssociationOfSoftwareAndServiceCompanies+65678+1741681229,User Experience Designer,NationalAssociationOfSoftwareAndServiceCompanies,65678,instructor,2025-03-11T13:50:51.485000+05:30,timestamp,,,,,False,False,https://courses.skillindiadigital.gov.in/api/courses/v1/courses/?page_size=100,live_catalogue_changed_during_pagination;seats_and_certification_not_verified,requires_provider_and_availability_review
course-v1:NationalAssociationOfSoftwareAndServiceCompanies+66540+1775626016,Drone Software Technician,NationalAssociationOfSoftwareAndServiceCompanies,66540,instructor,2026-04-08T10:57:29.952000+05:30,timestamp,,,,,False,False,https://courses.skillindiadigital.gov.in/api/courses/v1/courses/?page_size=100,live_catalogue_changed_during_pagination;seats_and_certification_not_verified,requires_provider_and_availability_review
course-v1:NationalAssociationOfSoftwareAndServiceCompanies+68616+1752835697,AI Acquire,NationalAssociationOfSoftwareAndServiceCompanies,68616,self,2020-08-28T05:30:00+05:30,timestamp,2030-12-31T05:31:00+05:30,2020-08-28T05:30:00+05:30,2030-12-31T05:30:00+05:30,"4 weeks, online <br>1-2 hours/week",False,False,https://courses.skillindiadigital.gov.in/api/courses/v1/courses/?page_size=100,live_catalogue_changed_during_pagination;seats_and_certification_not_verified,requires_provider_and_availability_review
course-v1:NationalAssociationOfSoftwareAndServiceCompanies+70719+1741683624,Technical Support Engineer,NationalAssociationOfSoftwareAndServiceCompanies,70719,instructor,2025-03-11T14:30:44.473000+05:30,timestamp,,,,,False,False,https://courses.skillindiadigital.gov.in/api/courses/v1/courses/?page_size=100,live_catalogue_changed_during_pagination;seats_and_certification_not_verified,requires_provider_and_availability_review
course-v1:NationalAssociationOfSoftwareAndServiceCompanies+72022+1743144871,Analyst Compliance Audit-Cybersecurity,NationalAssociationOfSoftwareAndServiceCompanies,72022,instructor,2025-03-28T12:24:43.795000+05:30,timestamp,,,,,False,False,https://courses.skillindiadigital.gov.in/api/courses/v1/courses/?page_size=100,live_catalogue_changed_during_pagination;seats_and_certification_not_verified,requires_provider_and_availability_review
course-v1:NationalAssociationOfSoftwareAndServiceCompanies+72395+1752835774,AI Aspire,NationalAssociationOfSoftwareAndServiceCompanies,72395,self,2020-11-16T05:30:00+05:30,timestamp,2030-12-31T05:30:00+05:30,2020-11-16T05:30:00+05:30,2030-12-31T05:30:00+05:30,"10 weeks, online<br>4 hours/week",False,False,https://courses.skillindiadigital.gov.in/api/courses/v1/courses/?page_size=100,live_catalogue_changed_during_pagination;seats_and_certification_not_verified,requires_provider_and_availability_review
course-v1:NationalAssociationOfSoftwareAndServiceCompanies+73009+1741682831,Sr. Associate-F & A Complex,NationalAssociationOfSoftwareAndServiceCompanies,73009,instructor,2025-03-11T14:17:25.614000+05:30,timestamp,,,,,False,False,https://courses.skillindiadigital.gov.in/api/courses/v1/courses/?page_size=100,live_catalogue_changed_during_pagination;seats_and_certification_not_verified,requires_provider_and_availability_review
course-v1:NationalAssociationOfSoftwareAndServiceCompanies+73405+1726047073,Customer Care Executive-Domestic- Non- Voice,NationalAssociationOfSoftwareAndServiceCompanies,73405,instructor,2024-01-01T05:30:00+05:30,timestamp,,,,,False,False,https://courses.skillindiadigital.gov.in/api/courses/v1/courses/?page_size=100,live_catalogue_changed_during_pagination;seats_and_certification_not_verified,requires_provider_and_availability_review
course-v1:NationalAssociationOfSoftwareAndServiceCompanies+74985+1774328989,Specialist Transactional F&A,NationalAssociationOfSoftwareAndServiceCompanies,74985,instructor,2026-03-24T11:48:08.415000+05:30,timestamp,,,,,False,False,https://courses.skillindiadigital.gov.in/api/courses/v1/courses/?page_size=100,live_catalogue_changed_during_pagination;seats_and_certification_not_verified,requires_provider_and_availability_review
course-v1:NationalAssociationOfSoftwareAndServiceCompanies+76209+1741680471,Software Programmer,NationalAssociationOfSoftwareAndServiceCompanies,76209,instructor,2025-03-11T13:38:18.401000+05:30,timestamp,,,,,False,False,https://courses.skillindiadigital.gov.in/api/courses/v1/courses/?page_size=100,live_catalogue_changed_during_pagination;seats_and_certification_not_verified,requires_provider_and_availability_review
course-v1:NationalAssociationOfSoftwareAndServiceCompanies+76501+1743140046,Data Annotator,NationalAssociationOfSoftwareAndServiceCompanies,76501,instructor,2025-03-28T11:04:17.708000+05:30,timestamp,,,,,False,False,https://courses.skillindiadigital.gov.in/api/courses/v1/courses/?page_size=100,live_catalogue_changed_during_pagination;seats_and_certification_not_verified,requires_provider_and_availability_review
course-v1:NationalAssociationOfSoftwareAndServiceCompanies+77242+1743144657,Software Vulnerability/Penetration Tester,NationalAssociationOfSoftwareAndServiceCompanies,77242,instructor,2025-03-28T12:21:21.944000+05:30,timestamp,,,,,False,False,https://courses.skillindiadigital.gov.in/api/courses/v1/courses/?page_size=100,live_catalogue_changed_during_pagination;seats_and_certification_not_verified,requires_provider_and_availability_review
course-v1:NationalAssociationOfSoftwareAndServiceCompanies+79403+1774341161,Blockchain Architect,NationalAssociationOfSoftwareAndServiceCompanies,79403,instructor,2026-03-24T14:03:25.752000+05:30,timestamp,,,,,False,False,https://courses.skillindiadigital.gov.in/api/courses/v1/courses/?page_size=100,live_catalogue_changed_during_pagination;seats_and_certification_not_verified,requires_provider_and_availability_review
course-v1:NationalAssociationOfSoftwareAndServiceCompanies+80031+1743145603,AR/VR Software Developer,NationalAssociationOfSoftwareAndServiceCompanies,80031,instructor,2025-03-28T12:36:59.704000+05:30,timestamp,,,,,False,False,https://courses.skillindiadigital.gov.in/api/courses/v1/courses/?page_size=100,live_catalogue_changed_during_pagination;seats_and_certification_not_verified,requires_provider_and_availability_review
course-v1:NationalAssociationOfSoftwareAndServiceCompanies+81067+1741681761,Web Developer,NationalAssociationOfSoftwareAndServiceCompanies,81067,instructor,2025-03-11T13:59:31.487000+05:30,timestamp,,,,,False,False,https://courses.skillindiadigital.gov.in/api/courses/v1/courses/?page_size=100,live_catalogue_changed_during_pagination;seats_and_certification_not_verified,requires_provider_and_availability_review
course-v1:NationalAssociationOfSoftwareAndServiceCompanies+82114+1779265946,Al - Data Engineering Analyst,NationalAssociationOfSoftwareAndServiceCompanies,82114,instructor,2026-05-20T14:03:53.410000+05:30,timestamp,,,,,False,False,https://courses.skillindiadigital.gov.in/api/courses/v1/courses/?page_size=100,live_catalogue_changed_during_pagination;seats_and_certification_not_verified,requires_provider_and_availability_review
course-v1:NationalAssociationOfSoftwareAndServiceCompanies+83084+1774333409,IT Technical Support Executive,NationalAssociationOfSoftwareAndServiceCompanies,83084,instructor,2026-03-24T11:54:02.830000+05:30,timestamp,,,,,False,False,https://courses.skillindiadigital.gov.in/api/courses/v1/courses/?page_size=100,live_catalogue_changed_during_pagination;seats_and_certification_not_verified,requires_provider_and_availability_review
course-v1:NationalAssociationOfSoftwareAndServiceCompanies+83628+1743139477,IoT - Test Analyst,NationalAssociationOfSoftwareAndServiceCompanies,83628,instructor,2025-03-28T10:54:54.659000+05:30,timestamp,,,,,False,False,https://courses.skillindiadigital.gov.in/api/courses/v1/courses/?page_size=100,live_catalogue_changed_during_pagination;seats_and_certification_not_verified;test_or_demo_candidate,requires_provider_and_availability_review
course-v1:NationalAssociationOfSoftwareAndServiceCompanies+84995+1779166851,Network Security Engineer,NationalAssociationOfSoftwareAndServiceCompanies,84995,instructor,2026-05-19T10:44:19.516000+05:30,timestamp,,,,,False,False,https://courses.skillindiadigital.gov.in/api/courses/v1/courses/?page_size=100,live_catalogue_changed_during_pagination;seats_and_certification_not_verified,requires_provider_and_availability_review
course-v1:NationalAssociationOfSoftwareAndServiceCompanies+86564+1743139831,Robotic Process Automation Support Analyst,NationalAssociationOfSoftwareAndServiceCompanies,86564,instructor,2025-03-28T11:00:35.275000+05:30,timestamp,,,,,False,False,https://courses.skillindiadigital.gov.in/api/courses/v1/courses/?page_size=100,live_catalogue_changed_during_pagination;seats_and_certification_not_verified,requires_provider_and_availability_review
course-v1:NationalAssociationOfSoftwareAndServiceCompanies+86811+1774337901,Cloud Infrastructure Analyst,NationalAssociationOfSoftwareAndServiceCompanies,86811,instructor,2026-03-24T14:02:30.501000+05:30,timestamp,,,,,False,False,https://courses.skillindiadigital.gov.in/api/courses/v1/courses/?page_size=100,live_catalogue_changed_during_pagination;seats_and_certification_not_verified,requires_provider_and_availability_review
course-v1:NationalAssociationOfSoftwareAndServiceCompanies+89954+1741673256,Customer Care Executive-Domestic- Voice,NationalAssociationOfSoftwareAndServiceCompanies,89954,instructor,2025-03-11T11:37:41.923000+05:30,timestamp,,,,,False,False,https://courses.skillindiadigital.gov.in/api/courses/v1/courses/?page_size=100,live_catalogue_changed_during_pagination;seats_and_certification_not_verified,requires_provider_and_availability_review
course-v1:NationalAssociationOfSoftwareAndServiceCompanies+90399+1743139370,IoT - Software Analyst,NationalAssociationOfSoftwareAndServiceCompanies,90399,instructor,2025-03-28T10:52:54.698000+05:30,timestamp,,,,,False,False,https://courses.skillindiadigital.gov.in/api/courses/v1/courses/?page_size=100,live_catalogue_changed_during_pagination;seats_and_certification_not_verified,requires_provider_and_availability_review
course-v1:NationalAssociationOfSoftwareAndServiceCompanies+91338+1732699367,Application Developer- Web & Mobile,NationalAssociationOfSoftwareAndServiceCompanies,91338,instructor,2024-11-27T14:53:57.868000+05:30,timestamp,,,,,False,False,https://courses.skillindiadigital.gov.in/api/courses/v1/courses/?page_size=100,live_catalogue_changed_during_pagination;seats_and_certification_not_verified,requires_provider_and_availability_review
course-v1:NationalAssociationOfSoftwareAndServiceCompanies+92038+1758801122,AI for Educators,NationalAssociationOfSoftwareAndServiceCompanies,92038,instructor,2025-09-25T17:39:18.011000+05:30,timestamp,,,,,False,False,https://courses.skillindiadigital.gov.in/api/courses/v1/courses/?page_size=100,live_catalogue_changed_during_pagination;seats_and_certification_not_verified,requires_provider_and_availability_review
course-v1:NationalAssociationOfSoftwareAndServiceCompanies+93415+1743662594,AR/VR Software Developer,NationalAssociationOfSoftwareAndServiceCompanies,93415,instructor,2025-04-03T12:13:34.231000+05:30,timestamp,,,,,False,False,https://courses.skillindiadigital.gov.in/api/courses/v1/courses/?page_size=100,live_catalogue_changed_during_pagination;seats_and_certification_not_verified,requires_provider_and_availability_review
course-v1:NationalAssociationOfSoftwareAndServiceCompanies+95439+1752812407,AI Aware,NationalAssociationOfSoftwareAndServiceCompanies,95439,self,2020-11-16T05:30:00+05:30,timestamp,2030-12-31T05:31:00+05:30,2020-11-16T05:30:00+05:30,2030-12-31T05:30:00+05:30,"10 weeks, online<br>4 hours/week",False,False,https://courses.skillindiadigital.gov.in/api/courses/v1/courses/?page_size=100,live_catalogue_changed_during_pagination;seats_and_certification_not_verified,requires_provider_and_availability_review
course-v1:NationalAssociationOfSoftwareAndServiceCompanies+97511+1743145375,AI - Data Architect,NationalAssociationOfSoftwareAndServiceCompanies,97511,instructor,2025-03-28T12:33:01.530000+05:30,timestamp,,,,,False,False,https://courses.skillindiadigital.gov.in/api/courses/v1/courses/?page_size=100,live_catalogue_changed_during_pagination;seats_and_certification_not_verified,requires_provider_and_availability_review
course-v1:NationalAssociationOfSoftwareAndServicesCompanies+13465+1703741239,SSC/Q2210Customer Care Executive-Domestic- Voice,NationalAssociationOfSoftwareAndServicesCompanies,13465,instructor,2030-01-01T05:30:00+05:30,empty,,,,,False,False,https://courses.skillindiadigital.gov.in/api/courses/v1/courses/?page_size=100,live_catalogue_changed_during_pagination;seats_and_certification_not_verified,requires_provider_and_availability_review
course-v1:NationalInstituteOfProfessionalPromotionSkills+40960+1705692929,Certified Conciliator Professional,NationalInstituteOfProfessionalPromotionSkills,40960,instructor,2030-01-01T05:30:00+05:30,empty,,,,,False,False,https://courses.skillindiadigital.gov.in/api/courses/v1/courses/?page_size=100,live_catalogue_changed_during_pagination;seats_and_certification_not_verified,requires_provider_and_availability_review
course-v1:NationalTrainingCentre+70047+1715261172,Vocational training Education,NationalTrainingCentre,70047,instructor,2030-01-01T05:30:00+05:30,empty,,,,,False,False,https://courses.skillindiadigital.gov.in/api/courses/v1/courses/?page_size=100,live_catalogue_changed_during_pagination;seats_and_certification_not_verified,requires_provider_and_availability_review
course-v1:NationalYouthVocationalTrainingCenter+89882+1738852496,Certificate in Digital Bharat,NationalYouthVocationalTrainingCenter,89882,instructor,2025-02-06T20:06:45.228000+05:30,timestamp,,,,,False,False,https://courses.skillindiadigital.gov.in/api/courses/v1/courses/?page_size=100,live_catalogue_changed_during_pagination;seats_and_certification_not_verified,requires_provider_and_availability_review
course-v1:NaveenComputer+52568+1710966297,COMPUTER OPRATER,NaveenComputer,52568,instructor,2024-01-05T05:30:00+05:30,timestamp,2024-05-15T05:30:00+05:30,,,,False,False,https://courses.skillindiadigital.gov.in/api/courses/v1/courses/?page_size=100,live_catalogue_changed_during_pagination;seats_and_certification_not_verified,requires_provider_and_availability_review
course-v1:NbceSkillDevelopmentPrivateLimited+15508+1747919338,CERTIFICATE IN AI APPLICATIONS,NbceSkillDevelopmentPrivateLimited,15508,instructor,2025-05-22T18:40:23.576000+05:30,timestamp,,,,,False,False,https://courses.skillindiadigital.gov.in/api/courses/v1/courses/?page_size=100,live_catalogue_changed_during_pagination;seats_and_certification_not_verified,requires_provider_and_availability_review
course-v1:NbVocationalEducationTraining+32725+1744451936,ARTIFICIAL INTELIGENCE,NbVocationalEducationTraining,32725,instructor,2025-04-12T15:29:56.665000+05:30,timestamp,,,,,False,False,https://courses.skillindiadigital.gov.in/api/courses/v1/courses/?page_size=100,live_catalogue_changed_during_pagination;seats_and_certification_not_verified,requires_provider_and_availability_review
course-v1:NeerajKumar+74504+1730207443,Mindfulness Meditation Program,NeerajKumar,74504,instructor,2030-01-01T05:30:00+05:30,empty,,,,,False,False,https://courses.skillindiadigital.gov.in/api/courses/v1/courses/?page_size=100,live_catalogue_changed_during_pagination;seats_and_certification_not_verified,requires_provider_and_availability_review
course-v1:Net-proInfotech+60305+1712473278,computer hardware networking,Net-proInfotech,60305,instructor,2024-01-01T22:30:00+05:30,timestamp,2024-03-31T22:30:00+05:30,,,,False,False,https://courses.skillindiadigital.gov.in/api/courses/v1/courses/?page_size=100,live_catalogue_changed_during_pagination;seats_and_certification_not_verified,requires_provider_and_availability_review
course-v1:NewGeniusComputerAkademy+13315+1784730171,ADVANCE EXCEL,NewGeniusComputerAkademy,13315,instructor,2026-07-22T19:54:02.114000+05:30,timestamp,,,,,False,False,https://courses.skillindiadigital.gov.in/api/courses/v1/courses/?page_size=100,live_catalogue_changed_during_pagination;seats_and_certification_not_verified,requires_provider_and_availability_review
course-v1:NewGeniusComputerAkademy+27769+1784730024,MS-OFFICE,NewGeniusComputerAkademy,27769,instructor,2026-07-22T19:50:48.389000+05:30,timestamp,,,,,False,False,https://courses.skillindiadigital.gov.in/api/courses/v1/courses/?page_size=100,live_catalogue_changed_during_pagination;seats_and_certification_not_verified,requires_provider_and_availability_review
course-v1:NewGeniusComputerAkademy+40022+1784730282,TALLY PRIME,NewGeniusComputerAkademy,40022,instructor,2026-07-22T19:55:00.497000+05:30,timestamp,,,,,False,False,https://courses.skillindiadigital.gov.in/api/courses/v1/courses/?page_size=100,live_catalogue_changed_during_pagination;seats_and_certification_not_verified,requires_provider_and_availability_review
course-v1:NewGeniusComputerAkademy+49888+1784789003,TALLY GST,NewGeniusComputerAkademy,49888,instructor,2026-07-23T12:13:48.646000+05:30,timestamp,,,,,False,False,https://courses.skillindiadigital.gov.in/api/courses/v1/courses/?page_size=100,live_catalogue_changed_during_pagination;seats_and_certification_not_verified,requires_provider_and_availability_review
course-v1:NewGurukulEducationSociety+59462+1719964802,Introduction of computer,NewGurukulEducationSociety,59462,instructor,2030-01-01T05:30:00+05:30,empty,,,,,False,False,https://courses.skillindiadigital.gov.in/api/courses/v1/courses/?page_size=100,live_catalogue_changed_during_pagination;seats_and_certification_not_verified,requires_provider_and_availability_review
course-v1:NexopTechnologyPvtLtd+86024+1770312870,Digital Marketing,NexopTechnologyPvtLtd,86024,instructor,2026-02-05T23:04:54.994000+05:30,timestamp,,,,,False,False,https://courses.skillindiadigital.gov.in/api/courses/v1/courses/?page_size=100,live_catalogue_changed_during_pagination;seats_and_certification_not_verified,requires_provider_and_availability_review
course-v1:NIELIT+10073+1770713027,Yuva AI for All (Marathi),NIELIT,10073,instructor,2026-02-10T14:14:38.848000+05:30,timestamp,,,,,False,False,https://courses.skillindiadigital.gov.in/api/courses/v1/courses/?page_size=100,live_catalogue_changed_during_pagination;seats_and_certification_not_verified,requires_provider_and_availability_review
course-v1:NIELIT+13742+1770701026,Yuva AI for All,NIELIT,13742,instructor,2026-02-10T10:54:14.567000+05:30,timestamp,,,,,False,False,https://courses.skillindiadigital.gov.in/api/courses/v1/courses/?page_size=100,live_catalogue_changed_during_pagination;seats_and_certification_not_verified,requires_provider_and_availability_review
course-v1:NIELIT+18068+1770803005,Yuva AI for All (Kannada),NIELIT,18068,instructor,2026-02-11T15:15:03.753000+05:30,timestamp,,,,,False,False,https://courses.skillindiadigital.gov.in/api/courses/v1/courses/?page_size=100,live_catalogue_changed_during_pagination;seats_and_certification_not_verified,requires_provider_and_availability_review
course-v1:NIELIT+44566+1770702125,Yuva AI for ALL (Odia),NIELIT,44566,instructor,2026-02-10T11:12:27.731000+05:30,timestamp,,,,,False,False,https://courses.skillindiadigital.gov.in/api/courses/v1/courses/?page_size=100,live_catalogue_changed_during_pagination;seats_and_certification_not_verified,requires_provider_and_availability_review
course-v1:NIELIT+49892+1770792155,Yuva AI for All (Telgu),NIELIT,49892,instructor,2026-02-11T12:12:55.236000+05:30,timestamp,,,,,False,False,https://courses.skillindiadigital.gov.in/api/courses/v1/courses/?page_size=100,live_catalogue_changed_during_pagination;seats_and_certification_not_verified,requires_provider_and_availability_review
course-v1:NIELIT+51101+1770702957,Yuva AI for All (Punjabi),NIELIT,51101,instructor,2026-02-10T11:28:29.466000+05:30,timestamp,,,,,False,False,https://courses.skillindiadigital.gov.in/api/courses/v1/courses/?page_size=100,live_catalogue_changed_during_pagination;seats_and_certification_not_verified,requires_provider_and_availability_review
course-v1:NIELIT+52798+1770703630,Yuva AI for All Hindi,NIELIT,52798,instructor,2026-02-10T11:37:31.507000+05:30,timestamp,,,,,False,False,https://courses.skillindiadigital.gov.in/api/courses/v1/courses/?page_size=100,live_catalogue_changed_during_pagination;seats_and_certification_not_verified,requires_provider_and_availability_review
course-v1:NIELIT+58481+1770704123,युवा एआई सभी के लिए (हिंदी),NIELIT,58481,instructor,2026-02-10T11:45:30.103000+05:30,timestamp,,,,,False,False,https://courses.skillindiadigital.gov.in/api/courses/v1/courses/?page_size=100,live_catalogue_changed_during_pagination;seats_and_certification_not_verified,requires_provider_and_availability_review
course-v1:NIELIT+58811+1770869997,Yuva AI for All (Bengali),NIELIT,58811,instructor,2026-02-12T09:50:13.178000+05:30,timestamp,,,,,False,False,https://courses.skillindiadigital.gov.in/api/courses/v1/courses/?page_size=100,live_catalogue_changed_during_pagination;seats_and_certification_not_verified,requires_provider_and_availability_review
course-v1:NIELIT+62167+1770703157,Yuva AI for All (Assamese),NIELIT,62167,instructor,2026-02-10T11:30:10.766000+05:30,timestamp,,,,,False,False,https://courses.skillindiadigital.gov.in/api/courses/v1/courses/?page_size=100,live_catalogue_changed_during_pagination;seats_and_certification_not_verified,requires_provider_and_availability_review
course-v1:NIELIT+78911+1770802689,Yuva AI for All (Gujarati),NIELIT,78911,instructor,2026-02-11T15:09:11.314000+05:30,timestamp,,,,,False,False,https://courses.skillindiadigital.gov.in/api/courses/v1/courses/?page_size=100,live_catalogue_changed_during_pagination;seats_and_certification_not_verified,requires_provider_and_availability_review
course-v1:NIELIT+80569+1770702052,Yuva AL for ALL,NIELIT,80569,instructor,2026-02-10T11:11:35.646919+05:30,timestamp,,,,,False,False,https://courses.skillindiadigital.gov.in/api/courses/v1/courses/?page_size=100,live_catalogue_changed_during_pagination;seats_and_certification_not_verified,requires_provider_and_availability_review
course-v1:NIELIT+80695+1770706398,Yuva AI for All (Malyalam),NIELIT,80695,instructor,2026-02-10T12:24:15.960000+05:30,timestamp,,,,,False,False,https://courses.skillindiadigital.gov.in/api/courses/v1/courses/?page_size=100,live_catalogue_changed_during_pagination;seats_and_certification_not_verified,requires_provider_and_availability_review
course-v1:NIELIT+83217+1770273750,Yuva AI for All,NIELIT,83217,instructor,2026-02-05T12:12:44.772000+05:30,timestamp,,,,,False,False,https://courses.skillindiadigital.gov.in/api/courses/v1/courses/?page_size=100,live_catalogue_changed_during_pagination;seats_and_certification_not_verified,requires_provider_and_availability_review
course-v1:NIELIT+87639+1770704190,युवा एआई सभी के लिए (हिंदी),NIELIT,87639,instructor,2026-02-10T11:46:42.044000+05:30,timestamp,,,,,False,False,https://courses.skillindiadigital.gov.in/api/courses/v1/courses/?page_size=100,live_catalogue_changed_during_pagination;seats_and_certification_not_verified,requires_provider_and_availability_review
course-v1:NIELIT+90140+1770870239,Yuva AI for All (Tamil),NIELIT,90140,instructor,2026-02-12T09:54:26.709000+05:30,timestamp,,,,,False,False,https://courses.skillindiadigital.gov.in/api/courses/v1/courses/?page_size=100,live_catalogue_changed_during_pagination;seats_and_certification_not_verified,requires_provider_and_availability_review
course-v1:NIELIT+90549+1770791939,అన్ని తెలుగు కోసం యువ AI,NIELIT,90549,instructor,2026-02-11T12:34:34.097000+05:30,timestamp,,,,,False,False,https://courses.skillindiadigital.gov.in/api/courses/v1/courses/?page_size=100,live_catalogue_changed_during_pagination;seats_and_certification_not_verified,requires_provider_and_availability_review
course-v1:Niesbud+32514+1713351725,Grow Your Business with Facebook (Hindi),Niesbud,32514,instructor,2024-01-01T05:30:00+05:30,timestamp,,,,,False,False,https://courses.skillindiadigital.gov.in/api/courses/v1/courses/?page_size=100,live_catalogue_changed_during_pagination;seats_and_certification_not_verified,requires_provider_and_availability_review
course-v1:Niesbud+39695+1713342858,Grow with Instagram (English),Niesbud,39695,instructor,2024-01-01T05:30:00+05:30,timestamp,,,,,False,False,https://courses.skillindiadigital.gov.in/api/courses/v1/courses/?page_size=100,live_catalogue_changed_during_pagination;seats_and_certification_not_verified,requires_provider_and_availability_review
course-v1:Niesbud+47569+1713349356,Reels Masterclass (English),Niesbud,47569,instructor,2024-01-01T05:30:00+05:30,timestamp,,,,,False,False,https://courses.skillindiadigital.gov.in/api/courses/v1/courses/?page_size=100,live_catalogue_changed_during_pagination;seats_and_certification_not_verified,requires_provider_and_availability_review
course-v1:Niesbud+57926+1718119419,test course,Niesbud,57926,instructor,2030-01-01T05:30:00+05:30,empty,,,,,False,False,https://courses.skillindiadigital.gov.in/api/courses/v1/courses/?page_size=100,live_catalogue_changed_during_pagination;seats_and_certification_not_verified;test_or_demo_candidate,requires_provider_and_availability_review
course-v1:Niesbud+64567+1713350809,Grow Your Business with Facebook (English),Niesbud,64567,instructor,2024-01-01T05:30:00+05:30,timestamp,,,,,False,False,https://courses.skillindiadigital.gov.in/api/courses/v1/courses/?page_size=100,live_catalogue_changed_during_pagination;seats_and_certification_not_verified,requires_provider_and_availability_review
course-v1:Niesbud+69302+1719484656,Grow Your Business with Facebook (English),Niesbud,69302,instructor,2024-01-01T05:30:00+05:30,timestamp,,,,,False,False,https://courses.skillindiadigital.gov.in/api/courses/v1/courses/?page_size=100,live_catalogue_changed_during_pagination;seats_and_certification_not_verified,requires_provider_and_availability_review
course-v1:Niesbud+72370+1712559995,Facebook Marketing Part-1 (English),Niesbud,72370,instructor,2024-01-01T05:30:00+05:30,timestamp,,,,,False,False,https://courses.skillindiadigital.gov.in/api/courses/v1/courses/?page_size=100,live_catalogue_changed_during_pagination;seats_and_certification_not_verified,requires_provider_and_availability_review
course-v1:Niesbud+73982+1713414716,Reels Masterclass (Hindi),Niesbud,73982,instructor,2024-01-01T05:30:00+05:30,timestamp,,,,,False,False,https://courses.skillindiadigital.gov.in/api/courses/v1/courses/?page_size=100,live_catalogue_changed_during_pagination;seats_and_certification_not_verified,requires_provider_and_availability_review
course-v1:Niesbud+76176+1713376825,Build and Grow Your Business using WhatsApp (Hindi),Niesbud,76176,instructor,2024-01-01T05:30:00+05:30,timestamp,,,,,False,False,https://courses.skillindiadigital.gov.in/api/courses/v1/courses/?page_size=100,live_catalogue_changed_during_pagination;seats_and_certification_not_verified,requires_provider_and_availability_review
course-v1:Niesbud+83513+1713353127,Grow With Instagram (Hindi),Niesbud,83513,instructor,2024-01-01T05:30:00+05:30,timestamp,,,,,False,False,https://courses.skillindiadigital.gov.in/api/courses/v1/courses/?page_size=100,live_catalogue_changed_during_pagination;seats_and_certification_not_verified,requires_provider_and_availability_review
course-v1:Niesbud+91978+1713349672,Build and Grow Your Business using WhatsApp (English),Niesbud,91978,instructor,2024-01-01T05:30:00+05:30,timestamp,,,,,False,False,https://courses.skillindiadigital.gov.in/api/courses/v1/courses/?page_size=100,live_catalogue_changed_during_pagination;seats_and_certification_not_verified,requires_provider_and_availability_review
course-v1:Niesbud+98342+1713346095,Build and Grow Your Business using WhatsApp,Niesbud,98342,instructor,2024-01-01T05:30:00+05:30,timestamp,,,,,False,False,https://courses.skillindiadigital.gov.in/api/courses/v1/courses/?page_size=100,live_catalogue_changed_during_pagination;seats_and_certification_not_verified,requires_provider_and_availability_review
course-v1:NimbusSystemsPrivateLimited+76221+1717070423,ERP (Enterprise Resource Planning) Basic,NimbusSystemsPrivateLimited,76221,instructor,2030-01-01T05:30:00+05:30,empty,,,,,False,False,https://courses.skillindiadigital.gov.in/api/courses/v1/courses/?page_size=100,live_catalogue_changed_during_pagination;seats_and_certification_not_verified,requires_provider_and_availability_review
course-v1:Nimi+14902+1706239299,fitter,Nimi,14902,instructor,2024-01-01T05:30:00+05:30,timestamp,,,,,False,False,https://courses.skillindiadigital.gov.in/api/courses/v1/courses/?page_size=100,live_catalogue_changed_during_pagination;seats_and_certification_not_verified,requires_provider_and_availability_review
course-v1:Nimi+19663+1722312515,ELECTRICIAN - 1st Year,Nimi,19663,instructor,2026-01-01T05:30:00+05:30,timestamp,,,,,False,False,https://courses.skillindiadigital.gov.in/api/courses/v1/courses/?page_size=100,live_catalogue_changed_during_pagination;seats_and_certification_not_verified,requires_provider_and_availability_review
course-v1:Nimi+26122+1773031749,WELDER NSQF 1200 Hrs English,Nimi,26122,instructor,2026-03-09T10:19:46.394000+05:30,timestamp,,,,,False,False,https://courses.skillindiadigital.gov.in/api/courses/v1/courses/?page_size=100,live_catalogue_changed_during_pagination;seats_and_certification_not_verified,requires_provider_and_availability_review
course-v1:Nimi+26311+1706026310,FITTER NSQF DRILLING MODULE (ENGLISH),Nimi,26311,instructor,2024-01-01T05:30:00+05:30,timestamp,2024-01-24T05:00:00+05:30,,,,False,False,https://courses.skillindiadigital.gov.in/api/courses/v1/courses/?page_size=100,live_catalogue_changed_during_pagination;seats_and_certification_not_verified,requires_provider_and_availability_review
course-v1:Nimi+27322+1787811969,Mechanic Motor Vehicle NSQF 1st Year 1200 Hrs.,Nimi,27322,instructor,2026-08-27T11:57:45.066000+05:30,timestamp,,,,,False,False,https://courses.skillindiadigital.gov.in/api/courses/v1/courses/?page_size=100,live_catalogue_changed_during_pagination;seats_and_certification_not_verified,requires_provider_and_availability_review
course-v1:Nimi+28965+1719978803,Welder NSQF 1200 Hrs First Year English,Nimi,28965,instructor,2026-03-17T05:30:00+05:30,timestamp,,,,,False,False,https://courses.skillindiadigital.gov.in/api/courses/v1/courses/?page_size=100,live_catalogue_changed_during_pagination;seats_and_certification_not_verified,requires_provider_and_availability_review
course-v1:Nimi+29354+1779684318,Mechanic Diesel NSQF 1200 Hrs. English,Nimi,29354,instructor,2026-05-25T10:15:42.612000+05:30,timestamp,,,,,False,False,https://courses.skillindiadigital.gov.in/api/courses/v1/courses/?page_size=100,live_catalogue_changed_during_pagination;seats_and_certification_not_verified,requires_provider_and_availability_review
course-v1:Nimi+33978+1715940768,Fitter NSQF 1200 Hrs English First Year,Nimi,33978,instructor,2025-01-01T05:30:00+05:30,timestamp,,,,,False,False,https://courses.skillindiadigital.gov.in/api/courses/v1/courses/?page_size=100,live_catalogue_changed_during_pagination;seats_and_certification_not_verified,requires_provider_and_availability_review
course-v1:Nimi+46136+1719978766,Electrician NSQF 1200 Hrs First Year English,Nimi,46136,instructor,2025-01-01T05:30:00+05:30,timestamp,,,,,False,False,https://courses.skillindiadigital.gov.in/api/courses/v1/courses/?page_size=100,live_catalogue_changed_during_pagination;seats_and_certification_not_verified,requires_provider_and_availability_review
course-v1:Nimi+52770+1774516809,COSMETOLOGY NSQF 1200 Hrs. English,Nimi,52770,instructor,2026-03-26T14:50:41.337000+05:30,timestamp,,,,,False,False,https://courses.skillindiadigital.gov.in/api/courses/v1/courses/?page_size=100,live_catalogue_changed_during_pagination;seats_and_certification_not_verified,requires_provider_and_availability_review
course-v1:Nimi+70667+1784784325,ELECTRICIAN SECOND YEAR NSQF 1200 Hrs English,Nimi,70667,instructor,2026-07-23T10:55:52.723000+05:30,timestamp,,,,,False,False,https://courses.skillindiadigital.gov.in/api/courses/v1/courses/?page_size=100,live_catalogue_changed_during_pagination;seats_and_certification_not_verified,requires_provider_and_availability_review
course-v1:Nimi+80251+1706064967,FITTER NSQF DRILLING MODULE (ENGLISH),Nimi,80251,instructor,2024-01-01T05:30:00+05:30,timestamp,2024-01-25T05:00:00+05:30,,,,False,False,https://courses.skillindiadigital.gov.in/api/courses/v1/courses/?page_size=100,live_catalogue_changed_during_pagination;seats_and_certification_not_verified,requires_provider_and_availability_review
course-v1:Nimi+92731+1782812121,Fitter NSQF 1200 Hrs English Second Year,Nimi,92731,instructor,2026-06-30T15:05:40.435000+05:30,timestamp,,,,,False,False,https://courses.skillindiadigital.gov.in/api/courses/v1/courses/?page_size=100,live_catalogue_changed_during_pagination;seats_and_certification_not_verified,requires_provider_and_availability_review
course-v1:Nimi+98798+1717389709,Fitter NSQF 1200 Hrs English Secound Year,Nimi,98798,instructor,2030-01-01T05:30:00+05:30,empty,,,,,False,False,https://courses.skillindiadigital.gov.in/api/courses/v1/courses/?page_size=100,live_catalogue_changed_during_pagination;seats_and_certification_not_verified,requires_provider_and_availability_review
course-v1:NiwaraSocialFoundation+36380+1724492829,masson,NiwaraSocialFoundation,36380,instructor,2030-01-01T05:30:00+05:30,empty,,,,,False,False,https://courses.skillindiadigital.gov.in/api/courses/v1/courses/?page_size=100,live_catalogue_changed_during_pagination;seats_and_certification_not_verified,requires_provider_and_availability_review
course-v1:NiwaraSocialFoundation+57967+1724591742,Barbar,NiwaraSocialFoundation,57967,instructor,2030-01-01T05:30:00+05:30,empty,,,,,False,False,https://courses.skillindiadigital.gov.in/api/courses/v1/courses/?page_size=100,live_catalogue_changed_during_pagination;seats_and_certification_not_verified,requires_provider_and_availability_review
course-v1:NiwaraSocialFoundation+80127+1718791680,masson,NiwaraSocialFoundation,80127,instructor,2030-01-01T05:30:00+05:30,empty,,,,,False,False,https://courses.skillindiadigital.gov.in/api/courses/v1/courses/?page_size=100,live_catalogue_changed_during_pagination;seats_and_certification_not_verified,requires_provider_and_availability_review
course-v1:NolanEdutechPrivateLimited+58211+1716548054,Micro-Credit Program in Computer Science Domain from Daksh Gurukul - IIT Guwahati,NolanEdutechPrivateLimited,58211,instructor,2030-01-01T05:30:00+05:30,empty,,,,,False,False,https://courses.skillindiadigital.gov.in/api/courses/v1/courses/?page_size=100,live_catalogue_changed_during_pagination;seats_and_certification_not_verified,requires_provider_and_availability_review
course-v1:NrTechnologies+29189+1722351663,AI-Data Scientist,NrTechnologies,29189,instructor,2024-07-30T14:30:00+05:30,timestamp,2024-12-31T06:30:00+05:30,,,,False,False,https://courses.skillindiadigital.gov.in/api/courses/v1/courses/?page_size=100,live_catalogue_changed_during_pagination;seats_and_certification_not_verified,requires_provider_and_availability_review
course-v1:NrTechnologies+33368+1735299434,AI-Data Architect,NrTechnologies,33368,instructor,2024-12-27T17:08:18.316000+05:30,timestamp,,,,,False,False,https://courses.skillindiadigital.gov.in/api/courses/v1/courses/?page_size=100,live_catalogue_changed_during_pagination;seats_and_certification_not_verified,requires_provider_and_availability_review
course-v1:NSDC+10101+www,HOW TO LOGIN,NSDC,10101,self,2030-01-01T05:30:00+05:30,empty,,,,,False,False,https://courses.skillindiadigital.gov.in/api/courses/v1/courses/?page_size=100,live_catalogue_changed_during_pagination;seats_and_certification_not_verified,requires_provider_and_availability_review
course-v1:NSDC+10256+1724388567,Demo Course,NSDC,10256,instructor,2022-01-01T05:30:00+05:30,timestamp,,,,,False,False,https://courses.skillindiadigital.gov.in/api/courses/v1/courses/?page_size=100,live_catalogue_changed_during_pagination;seats_and_certification_not_verified;test_or_demo_candidate,requires_provider_and_availability_review
course-v1:NSDC+10720+1703926861,Foundational Skills Program - Advanced Employability,NSDC,10720,instructor,2023-12-30T05:30:00+05:30,timestamp,,,,,False,False,https://courses.skillindiadigital.gov.in/api/courses/v1/courses/?page_size=100,live_catalogue_changed_during_pagination;seats_and_certification_not_verified,requires_provider_and_availability_review
course-v1:NSDC+11304+1689244966,Arabic for Beginners-Lesson 9: Using of Present Continuous and Future Tense in simple Arabic Sentences/Questions,NSDC,11304,instructor,2023-07-01T05:30:00+05:30,timestamp,,,,,False,False,https://courses.skillindiadigital.gov.in/api/courses/v1/courses/?page_size=100,live_catalogue_changed_during_pagination;seats_and_certification_not_verified,requires_provider_and_availability_review
course-v1:NSDC+12343+1689240560,"Arabic for beginners-Lesson 21: Appreciating Arabic Culture, Customs and Etiquette",NSDC,12343,instructor,2023-07-01T05:30:00+05:30,timestamp,,,,,False,False,https://courses.skillindiadigital.gov.in/api/courses/v1/courses/?page_size=100,live_catalogue_changed_during_pagination;seats_and_certification_not_verified,requires_provider_and_availability_review
course-v1:NSDC+123455634343+123456765566,Agri-residue Aggregator,SCGJ,123455634343,instructor,2023-01-01T05:30:00+05:30,timestamp,,,,,False,False,https://courses.skillindiadigital.gov.in/api/courses/v1/courses/?page_size=100,live_catalogue_changed_during_pagination;seats_and_certification_not_verified,requires_provider_and_availability_review
course-v1:NSDC+12933+1728020826,yo,NSDC,12933,instructor,2030-01-01T05:30:00+05:30,empty,,,,,False,False,https://courses.skillindiadigital.gov.in/api/courses/v1/courses/?page_size=100,live_catalogue_changed_during_pagination;seats_and_certification_not_verified,requires_provider_and_availability_review
course-v1:NSDC+12940+1733716026,उद्यमिता कौशल (उन्नत),NSDC,12940,instructor,2024-12-09T09:17:18.236000+05:30,timestamp,,,,,False,False,https://courses.skillindiadigital.gov.in/api/courses/v1/courses/?page_size=100,live_catalogue_changed_during_pagination;seats_and_certification_not_verified,requires_provider_and_availability_review
course-v1:NSDC+13818+1697179443,Digital Literacy,NSDC,13818,instructor,2030-01-01T05:30:00+05:30,empty,,,,,False,False,https://courses.skillindiadigital.gov.in/api/courses/v1/courses/?page_size=100,live_catalogue_changed_during_pagination;seats_and_certification_not_verified,requires_provider_and_availability_review
course-v1:NSDC+14318+1689239570,"Arabic for Beginners- Lesson 1: Use of What, This and That in Arabic Phrases/Sentence",NSDC,14318,instructor,2023-07-01T05:30:00+05:30,timestamp,,,,,False,False,https://courses.skillindiadigital.gov.in/api/courses/v1/courses/?page_size=100,live_catalogue_changed_during_pagination;seats_and_certification_not_verified,requires_provider_and_availability_review
course-v1:NSDC+16498+1689244297,Arabic for Beginners-Lesson 12: Conversation at the Airport in Arabic,NSDC,16498,instructor,2023-07-01T05:30:00+05:30,timestamp,,,,,False,False,https://courses.skillindiadigital.gov.in/api/courses/v1/courses/?page_size=100,live_catalogue_changed_during_pagination;seats_and_certification_not_verified,requires_provider_and_availability_review
course-v1:NSDC+16583065012575445+16583065012575352,Electric Vehicle Service Lead Technician,AUTOMOTIVE,16583065012575445,instructor,2022-01-01T05:30:00+05:30,timestamp,,,,,False,False,https://courses.skillindiadigital.gov.in/api/courses/v1/courses/?page_size=100,live_catalogue_changed_during_pagination;seats_and_certification_not_verified,requires_provider_and_availability_review
course-v1:NSDC+16583157769778924+1658315776977883,Mushroom Grower,NSDC,16583157769778924,instructor,2022-01-01T05:30:00+05:30,timestamp,,,,,False,False,https://courses.skillindiadigital.gov.in/api/courses/v1/courses/?page_size=100,live_catalogue_changed_during_pagination;seats_and_certification_not_verified,requires_provider_and_availability_review
course-v1:NSDC+16583312693008962+16583312693008876,Plumber (General),NSDC,16583312693008962,instructor,2022-07-19T05:30:00+05:30,timestamp,,,,,False,False,https://courses.skillindiadigital.gov.in/api/courses/v1/courses/?page_size=100,live_catalogue_changed_during_pagination;seats_and_certification_not_verified,requires_provider_and_availability_review
course-v1:NSDC+16590142682805336+16590142682805228,Machine Lathe Test,NSDC,16590142682805336,instructor,2022-07-28T18:47:48.280000+05:30,timestamp,,,,,False,False,https://courses.skillindiadigital.gov.in/api/courses/v1/courses/?page_size=100,live_catalogue_changed_during_pagination;seats_and_certification_not_verified;test_or_demo_candidate,requires_provider_and_availability_review
course-v1:NSDC+16590165586153297+16590165586153188,Beauty Therapist,NSDC,16590165586153297,instructor,2022-07-28T19:25:58.615000+05:30,timestamp,,,,,False,False,https://courses.skillindiadigital.gov.in/api/courses/v1/courses/?page_size=100,live_catalogue_changed_during_pagination;seats_and_certification_not_verified,requires_provider_and_availability_review
course-v1:NSDC+16590887838483508+16590887838483367,Wastewater Treatment Plant Technician,NSDC,16590887838483508,instructor,2022-07-29T15:29:43.849000+05:30,timestamp,,,,,False,False,https://courses.skillindiadigital.gov.in/api/courses/v1/courses/?page_size=100,live_catalogue_changed_during_pagination;seats_and_certification_not_verified,requires_provider_and_availability_review
course-v1:NSDC+16591195457766938+16591195457766848,"Jam, Jelly and Ketchup Processing Technician",NSDC,16591195457766938,instructor,2022-07-30T00:02:25+05:30,timestamp,,,,,False,False,https://courses.skillindiadigital.gov.in/api/courses/v1/courses/?page_size=100,live_catalogue_changed_during_pagination;seats_and_certification_not_verified,requires_provider_and_availability_review
course-v1:NSDC+16591206364497705+16591206364497619,"जाम, जेली और केचप प्रसंस्करण तकनीशियन (Jam, Jelly and Ketchup Processing Technician)",NSDC,16591206364497705,instructor,2022-07-30T00:20:36.450000+05:30,timestamp,,,,,False,False,https://courses.skillindiadigital.gov.in/api/courses/v1/courses/?page_size=100,live_catalogue_changed_during_pagination;seats_and_certification_not_verified,requires_provider_and_availability_review
course-v1:NSDC+16591211002797344+16591211002797253,Pickle Making Technician,NSDC,16591211002797344,instructor,2022-07-30T00:28:20+05:30,timestamp,,,,,False,False,https://courses.skillindiadigital.gov.in/api/courses/v1/courses/?page_size=100,live_catalogue_changed_during_pagination;seats_and_certification_not_verified,requires_provider_and_availability_review
course-v1:NSDC+16591215293411832+16591215293411748,Stitcher - Goods & Garments,NSDC,16591215293411832,instructor,2022-07-30T00:35:29+05:30,timestamp,,,,,False,False,https://courses.skillindiadigital.gov.in/api/courses/v1/courses/?page_size=100,live_catalogue_changed_during_pagination;seats_and_certification_not_verified,requires_provider_and_availability_review
course-v1:NSDC+16591216863453026+165912168634529,Craft Baker,NSDC,16591216863453026,instructor,2022-07-30T00:38:06+05:30,timestamp,,,,,False,False,https://courses.skillindiadigital.gov.in/api/courses/v1/courses/?page_size=100,live_catalogue_changed_during_pagination;seats_and_certification_not_verified,requires_provider_and_availability_review
course-v1:NSDC+1659122177147104+1659122177147095,Cold storage technician - Hindi,NSDC,1659122177147104,instructor,2022-07-30T00:46:17.147000+05:30,timestamp,,,,,False,False,https://courses.skillindiadigital.gov.in/api/courses/v1/courses/?page_size=100,live_catalogue_changed_during_pagination;seats_and_certification_not_verified,requires_provider_and_availability_review
course-v1:NSDC+16591226612973654+16591226612973566,Cutter - Goods & Garments,NSDC,16591226612973654,instructor,2022-07-30T00:54:21+05:30,timestamp,,,,,False,False,https://courses.skillindiadigital.gov.in/api/courses/v1/courses/?page_size=100,live_catalogue_changed_during_pagination;seats_and_certification_not_verified,requires_provider_and_availability_review
course-v1:NSDC+165912278180335+16591227818033412,Stitcher - Footwear,NSDC,165912278180335,instructor,2022-07-30T00:56:21+05:30,timestamp,,,,,False,False,https://courses.skillindiadigital.gov.in/api/courses/v1/courses/?page_size=100,live_catalogue_changed_during_pagination;seats_and_certification_not_verified,requires_provider_and_availability_review
course-v1:NSDC+16591586001256816+16591586001256719,Cutter - Footwear,NSDC,16591586001256816,instructor,2022-07-30T10:53:20+05:30,timestamp,,,,,False,False,https://courses.skillindiadigital.gov.in/api/courses/v1/courses/?page_size=100,live_catalogue_changed_during_pagination;seats_and_certification_not_verified,requires_provider_and_availability_review
course-v1:NSDC+16591588136773605+16591588136773517,Optical Fibre Technician (OFT),NSDC,16591588136773605,instructor,2022-07-30T10:56:53.677000+05:30,timestamp,,,,,False,False,https://courses.skillindiadigital.gov.in/api/courses/v1/courses/?page_size=100,live_catalogue_changed_during_pagination;seats_and_certification_not_verified,requires_provider_and_availability_review
course-v1:NSDC+16591589452089362+16591589452089276,Optical Fibre splicer (OFS),NSDC,16591589452089362,instructor,2022-07-30T10:59:05.209000+05:30,timestamp,,,,,False,False,https://courses.skillindiadigital.gov.in/api/courses/v1/courses/?page_size=100,live_catalogue_changed_during_pagination;seats_and_certification_not_verified,requires_provider_and_availability_review
course-v1:NSDC+16591764542077584+16591764542077494,Cold storage technician,NSDC,16591764542077584,instructor,2022-07-30T15:50:54.208000+05:30,timestamp,,,,,False,False,https://courses.skillindiadigital.gov.in/api/courses/v1/courses/?page_size=100,live_catalogue_changed_during_pagination;seats_and_certification_not_verified,requires_provider_and_availability_review
course-v1:NSDC+16591768077526734+16591768077526643,Fish and Seafood processing,NSDC,16591768077526734,instructor,2022-07-30T15:56:47+05:30,timestamp,,,,,False,False,https://courses.skillindiadigital.gov.in/api/courses/v1/courses/?page_size=100,live_catalogue_changed_during_pagination;seats_and_certification_not_verified,requires_provider_and_availability_review
course-v1:NSDC+16591771610993428+1659177161099311,Traditional Snack and Savoury,NSDC,16591771610993428,instructor,2022-07-30T16:02:41+05:30,timestamp,,,,,False,False,https://courses.skillindiadigital.gov.in/api/courses/v1/courses/?page_size=100,live_catalogue_changed_during_pagination;seats_and_certification_not_verified,requires_provider_and_availability_review
course-v1:NSDC+16591777351419253+16591777351419163,Fiber to-the Home Installer,NSDC,16591777351419253,instructor,2022-07-30T16:12:15.142000+05:30,timestamp,,,,,False,False,https://courses.skillindiadigital.gov.in/api/courses/v1/courses/?page_size=100,live_catalogue_changed_during_pagination;seats_and_certification_not_verified,requires_provider_and_availability_review
course-v1:NSDC+1659177838444005+16591778384439957,Customer Care Executive - Call Center/Relationship Center,NSDC,1659177838444005,instructor,2022-07-30T16:13:58.444000+05:30,timestamp,,,,,False,False,https://courses.skillindiadigital.gov.in/api/courses/v1/courses/?page_size=100,live_catalogue_changed_during_pagination;seats_and_certification_not_verified,requires_provider_and_availability_review
course-v1:NSDC+16591779232643242+16591779232643144,Customer Care Executive - Repair Center,NSDC,16591779232643242,instructor,2022-07-30T16:15:23.264000+05:30,timestamp,,,,,False,False,https://courses.skillindiadigital.gov.in/api/courses/v1/courses/?page_size=100,live_catalogue_changed_during_pagination;seats_and_certification_not_verified,requires_provider_and_availability_review
course-v1:NSDC+16591780048583298+16591780048583195,In-store Promoter,NSDC,16591780048583298,instructor,2022-07-30T16:16:44.858000+05:30,timestamp,,,,,False,False,https://courses.skillindiadigital.gov.in/api/courses/v1/courses/?page_size=100,live_catalogue_changed_during_pagination;seats_and_certification_not_verified,requires_provider_and_availability_review
course-v1:NSDC+1659348980695246+16593489806952348,Arabic for beginners,NSDC,1659348980695246,instructor,2022-08-01T15:46:20.695000+05:30,timestamp,,,,,False,False,https://courses.skillindiadigital.gov.in/api/courses/v1/courses/?page_size=100,live_catalogue_changed_during_pagination;seats_and_certification_not_verified,requires_provider_and_availability_review
course-v1:NSDC+16596024687242785+16596024687242684,Manager- Waste Management (Elective: Biomass Depot/Compost Yard/Dry Waste Center),NSDC,16596024687242785,instructor,2022-08-04T14:11:08+05:30,timestamp,,,,,False,False,https://courses.skillindiadigital.gov.in/api/courses/v1/courses/?page_size=100,live_catalogue_changed_during_pagination;seats_and_certification_not_verified,requires_provider_and_availability_review
course-v1:NSDC+1659645768926564+16596457689265542,Kisan Drone Operator,NSDC,1659645768926564,instructor,2022-08-05T02:12:48+05:30,timestamp,,,,,False,False,https://courses.skillindiadigital.gov.in/api/courses/v1/courses/?page_size=100,live_catalogue_changed_during_pagination;seats_and_certification_not_verified,requires_provider_and_availability_review
course-v1:NSDC+16606419495141819+16606419495141735,Drc test,NSDC,16606419495141819,instructor,2021-01-01T05:30:00+05:30,timestamp,,,,,False,False,https://courses.skillindiadigital.gov.in/api/courses/v1/courses/?page_size=100,live_catalogue_changed_during_pagination;seats_and_certification_not_verified;test_or_demo_candidate,requires_provider_and_availability_review
course-v1:NSDC+16606419495141819+jjj,Drc test jjj,NSDC,16606419495141819,instructor,2030-01-01T05:30:00+05:30,empty,,,,,False,False,https://courses.skillindiadigital.gov.in/api/courses/v1/courses/?page_size=100,live_catalogue_changed_during_pagination;seats_and_certification_not_verified;test_or_demo_candidate,requires_provider_and_availability_review
course-v1:NSDC+16630670757253826+16630670757253714,how to do trading,NSDC,16630670757253826,instructor,2022-09-13T16:34:35.725000+05:30,timestamp,,,,,False,False,https://courses.skillindiadigital.gov.in/api/courses/v1/courses/?page_size=100,live_catalogue_changed_during_pagination;seats_and_certification_not_verified,requires_provider_and_availability_review
course-v1:NSDC+16633204982886403+1663320498288631,DRC test api,NSDC,16633204982886403,instructor,2022-09-16T14:58:18.288000+05:30,timestamp,,,,,False,False,https://courses.skillindiadigital.gov.in/api/courses/v1/courses/?page_size=100,live_catalogue_changed_during_pagination;seats_and_certification_not_verified;test_or_demo_candidate,requires_provider_and_availability_review
course-v1:NSDC+1663575666026709+16635756660266993,DRC test api,NSDC,1663575666026709,instructor,2022-09-19T13:51:06.026000+05:30,timestamp,,,,,False,False,https://courses.skillindiadigital.gov.in/api/courses/v1/courses/?page_size=100,live_catalogue_changed_during_pagination;seats_and_certification_not_verified;test_or_demo_candidate,requires_provider_and_availability_review
course-v1:NSDC+16635757509477432+16635757509477327,DRC test api,NSDC,16635757509477432,instructor,2022-09-19T13:52:30.947000+05:30,timestamp,,,,,False,False,https://courses.skillindiadigital.gov.in/api/courses/v1/courses/?page_size=100,live_catalogue_changed_during_pagination;seats_and_certification_not_verified;test_or_demo_candidate,requires_provider_and_availability_review
course-v1:NSDC+16635759329081795+166357593290817,DRC test api,NSDC,16635759329081795,instructor,2022-09-19T13:55:32.908000+05:30,timestamp,,,,,False,False,https://courses.skillindiadigital.gov.in/api/courses/v1/courses/?page_size=100,live_catalogue_changed_during_pagination;seats_and_certification_not_verified;test_or_demo_candidate,requires_provider_and_availability_review
course-v1:NSDC+16635764590061615+16635764590061522,DRC test api,NSDC,16635764590061615,instructor,2022-09-19T14:04:19.006000+05:30,timestamp,,,,,False,False,https://courses.skillindiadigital.gov.in/api/courses/v1/courses/?page_size=100,live_catalogue_changed_during_pagination;seats_and_certification_not_verified;test_or_demo_candidate,requires_provider_and_availability_review
course-v1:NSDC+1663579408412233+1663579408412224,DRC test api,NSDC,1663579408412233,instructor,2022-09-19T14:53:28.412000+05:30,timestamp,,,,,False,False,https://courses.skillindiadigital.gov.in/api/courses/v1/courses/?page_size=100,live_catalogue_changed_during_pagination;seats_and_certification_not_verified;test_or_demo_candidate,requires_provider_and_availability_review
course-v1:NSDC+16635855307584653+16635855307584555,DRC test api,NSDC,16635855307584653,instructor,2022-09-19T16:35:30.758000+05:30,timestamp,,,,,False,False,https://courses.skillindiadigital.gov.in/api/courses/v1/courses/?page_size=100,live_catalogue_changed_during_pagination;seats_and_certification_not_verified;test_or_demo_candidate,requires_provider_and_availability_review
course-v1:NSDC+16635855481413667+16635855481413555,DRC test api,NSDC,16635855481413667,instructor,2022-09-19T16:35:48.141000+05:30,timestamp,,,,,False,False,https://courses.skillindiadigital.gov.in/api/courses/v1/courses/?page_size=100,live_catalogue_changed_during_pagination;seats_and_certification_not_verified;test_or_demo_candidate,requires_provider_and_availability_review
course-v1:NSDC+1663585656155201+16635856561551924,DRC test api,NSDC,1663585656155201,instructor,2022-09-19T16:37:36.155000+05:30,timestamp,,,,,False,False,https://courses.skillindiadigital.gov.in/api/courses/v1/courses/?page_size=100,live_catalogue_changed_during_pagination;seats_and_certification_not_verified;test_or_demo_candidate,requires_provider_and_availability_review
course-v1:NSDC+16635940322334528+16635940322334428,DRC test api,NSDC,16635940322334528,instructor,2022-09-19T18:57:12.233000+05:30,timestamp,,,,,False,False,https://courses.skillindiadigital.gov.in/api/courses/v1/courses/?page_size=100,live_catalogue_changed_during_pagination;seats_and_certification_not_verified;test_or_demo_candidate,requires_provider_and_availability_review
course-v1:NSDC+16636066878834503+16636066878834393,DRC test api,NSDC,16636066878834503,instructor,2022-09-19T22:28:07.883000+05:30,timestamp,,,,,False,False,https://courses.skillindiadigital.gov.in/api/courses/v1/courses/?page_size=100,live_catalogue_changed_during_pagination;seats_and_certification_not_verified;test_or_demo_candidate,requires_provider_and_availability_review
course-v1:NSDC+16636075628800921+16636075628800821,DRC test api,NSDC,16636075628800921,instructor,2022-09-19T22:42:42.880000+05:30,timestamp,,,,,False,False,https://courses.skillindiadigital.gov.in/api/courses/v1/courses/?page_size=100,live_catalogue_changed_during_pagination;seats_and_certification_not_verified;test_or_demo_candidate,requires_provider_and_availability_review
course-v1:NSDC+16636077976173549+16636077976173437,DRC test api,NSDC,16636077976173549,instructor,2022-09-19T22:46:37.617000+05:30,timestamp,,,,,False,False,https://courses.skillindiadigital.gov.in/api/courses/v1/courses/?page_size=100,live_catalogue_changed_during_pagination;seats_and_certification_not_verified;test_or_demo_candidate,requires_provider_and_availability_review
course-v1:NSDC+166360795639844+166360795639843,DRC test api,NSDC,166360795639844,instructor,2022-09-19T22:49:16.398000+05:30,timestamp,,,,,False,False,https://courses.skillindiadigital.gov.in/api/courses/v1/courses/?page_size=100,live_catalogue_changed_during_pagination;seats_and_certification_not_verified;test_or_demo_candidate,requires_provider_and_availability_review
course-v1:NSDC+16636080433991752+1663608043399166,DRC test api,NSDC,16636080433991752,instructor,2022-09-19T22:50:43.399000+05:30,timestamp,,,,,False,False,https://courses.skillindiadigital.gov.in/api/courses/v1/courses/?page_size=100,live_catalogue_changed_during_pagination;seats_and_certification_not_verified;test_or_demo_candidate,requires_provider_and_availability_review
course-v1:NSDC+16636083453396392+16636083453396308,DRC test api,NSDC,16636083453396392,instructor,2022-09-19T22:55:45.339000+05:30,timestamp,,,,,False,False,https://courses.skillindiadigital.gov.in/api/courses/v1/courses/?page_size=100,live_catalogue_changed_during_pagination;seats_and_certification_not_verified;test_or_demo_candidate,requires_provider_and_availability_review
course-v1:NSDC+16636089640544417+16636089640544312,DRC test api,NSDC,16636089640544417,instructor,2022-09-19T23:06:04.054000+05:30,timestamp,,,,,False,False,https://courses.skillindiadigital.gov.in/api/courses/v1/courses/?page_size=100,live_catalogue_changed_during_pagination;seats_and_certification_not_verified;test_or_demo_candidate,requires_provider_and_availability_review
course-v1:NSDC+16636543684266589+16636543684266498,DRC test api,NSDC,16636543684266589,instructor,2022-09-20T11:42:48.426000+05:30,timestamp,,,,,False,False,https://courses.skillindiadigital.gov.in/api/courses/v1/courses/?page_size=100,live_catalogue_changed_during_pagination;seats_and_certification_not_verified;test_or_demo_candidate,requires_provider_and_availability_review
course-v1:NSDC+16636682073555102+16636682073555007,DRC test api,NSDC,16636682073555102,instructor,2022-09-20T15:33:27.355000+05:30,timestamp,,,,,False,False,https://courses.skillindiadigital.gov.in/api/courses/v1/courses/?page_size=100,live_catalogue_changed_during_pagination;seats_and_certification_not_verified;test_or_demo_candidate,requires_provider_and_availability_review
course-v1:NSDC+16636740401227846+16636740401227744,DRC test api,NSDC,16636740401227846,instructor,2022-09-20T17:10:40.122000+05:30,timestamp,,,,,False,False,https://courses.skillindiadigital.gov.in/api/courses/v1/courses/?page_size=100,live_catalogue_changed_during_pagination;seats_and_certification_not_verified;test_or_demo_candidate,requires_provider_and_availability_review
course-v1:NSDC+16637363560329947+16637363560329862,DRC test api,NSDC,16637363560329947,instructor,2022-09-21T10:29:16.033000+05:30,timestamp,,,,,False,False,https://courses.skillindiadigital.gov.in/api/courses/v1/courses/?page_size=100,live_catalogue_changed_during_pagination;seats_and_certification_not_verified;test_or_demo_candidate,requires_provider_and_availability_review
course-v1:NSDC+16637426260309515+16637426260309422,DRC test api,NSDC,16637426260309515,instructor,2022-09-21T12:13:46.031000+05:30,timestamp,,,,,False,False,https://courses.skillindiadigital.gov.in/api/courses/v1/courses/?page_size=100,live_catalogue_changed_during_pagination;seats_and_certification_not_verified;test_or_demo_candidate,requires_provider_and_availability_review
course-v1:NSDC+16637476370855756+16637476370855665,DRC test api,NSDC,16637476370855756,instructor,2022-09-21T13:37:17.085000+05:30,timestamp,,,,,False,False,https://courses.skillindiadigital.gov.in/api/courses/v1/courses/?page_size=100,live_catalogue_changed_during_pagination;seats_and_certification_not_verified;test_or_demo_candidate,requires_provider_and_availability_review
course-v1:NSDC+1663748703558333+16637487035583239,DRC test api,NSDC,1663748703558333,instructor,2022-09-21T13:55:03.558000+05:30,timestamp,,,,,False,False,https://courses.skillindiadigital.gov.in/api/courses/v1/courses/?page_size=100,live_catalogue_changed_during_pagination;seats_and_certification_not_verified;test_or_demo_candidate,requires_provider_and_availability_review
course-v1:NSDC+16637504688884258+16637504688884172,DRC test api,NSDC,16637504688884258,instructor,2022-09-21T14:24:28.888000+05:30,timestamp,,,,,False,False,https://courses.skillindiadigital.gov.in/api/courses/v1/courses/?page_size=100,live_catalogue_changed_during_pagination;seats_and_certification_not_verified;test_or_demo_candidate,requires_provider_and_availability_review
course-v1:NSDC+1663753052611695+1663753052611687,DRC test api,NSDC,1663753052611695,instructor,2022-09-21T15:07:32.611000+05:30,timestamp,,,,,False,False,https://courses.skillindiadigital.gov.in/api/courses/v1/courses/?page_size=100,live_catalogue_changed_during_pagination;seats_and_certification_not_verified;test_or_demo_candidate,requires_provider_and_availability_review
course-v1:NSDC+16637537153719292+123,DRC test api,NSDC,16637537153719292,instructor,2030-01-01T05:30:00+05:30,empty,,,,,False,False,https://courses.skillindiadigital.gov.in/api/courses/v1/courses/?page_size=100,live_catalogue_changed_during_pagination;seats_and_certification_not_verified;test_or_demo_candidate,requires_provider_and_availability_review
course-v1:NSDC+16637537153719292+166375371537192,DRC test api,NSDC,16637537153719292,instructor,2022-09-21T15:18:35.372000+05:30,timestamp,,,,,False,False,https://courses.skillindiadigital.gov.in/api/courses/v1/courses/?page_size=100,live_catalogue_changed_during_pagination;seats_and_certification_not_verified;test_or_demo_candidate,requires_provider_and_availability_review
course-v1:NSDC+16637540186467545+1663754018646746,DRC test api,NSDC,16637540186467545,instructor,2022-09-21T15:23:38.646000+05:30,timestamp,,,,,False,False,https://courses.skillindiadigital.gov.in/api/courses/v1/courses/?page_size=100,live_catalogue_changed_during_pagination;seats_and_certification_not_verified;test_or_demo_candidate,requires_provider_and_availability_review
course-v1:NSDC+16637543427149158+16637543427149072,DRC test api,NSDC,16637543427149158,instructor,2022-09-21T15:29:02.714000+05:30,timestamp,,,,,False,False,https://courses.skillindiadigital.gov.in/api/courses/v1/courses/?page_size=100,live_catalogue_changed_during_pagination;seats_and_certification_not_verified;test_or_demo_candidate,requires_provider_and_availability_review
course-v1:NSDC+16637546836724453+16637546836724365,DRC test api,NSDC,16637546836724453,instructor,2022-09-21T15:34:43.672000+05:30,timestamp,,,,,False,False,https://courses.skillindiadigital.gov.in/api/courses/v1/courses/?page_size=100,live_catalogue_changed_during_pagination;seats_and_certification_not_verified;test_or_demo_candidate,requires_provider_and_availability_review
course-v1:NSDC+1663754846499418+16637548464994082,DRC test api,NSDC,1663754846499418,instructor,2022-09-21T15:37:26.499000+05:30,timestamp,,,,,False,False,https://courses.skillindiadigital.gov.in/api/courses/v1/courses/?page_size=100,live_catalogue_changed_during_pagination;seats_and_certification_not_verified;test_or_demo_candidate,requires_provider_and_availability_review
course-v1:NSDC+16637551313410795+1663755131341071,DRC test api,NSDC,16637551313410795,instructor,2022-09-21T15:42:11.341000+05:30,timestamp,,,,,False,False,https://courses.skillindiadigital.gov.in/api/courses/v1/courses/?page_size=100,live_catalogue_changed_during_pagination;seats_and_certification_not_verified;test_or_demo_candidate,requires_provider_and_availability_review
course-v1:NSDC+16637554768218334+16637554768218246,DRC test api,NSDC,16637554768218334,instructor,2022-09-21T15:47:56.821000+05:30,timestamp,,,,,False,False,https://courses.skillindiadigital.gov.in/api/courses/v1/courses/?page_size=100,live_catalogue_changed_during_pagination;seats_and_certification_not_verified;test_or_demo_candidate,requires_provider_and_availability_review
course-v1:NSDC+16637556619417086+16637556619416997,DRC test api,NSDC,16637556619417086,instructor,2022-09-21T15:51:01.941000+05:30,timestamp,,,,,False,False,https://courses.skillindiadigital.gov.in/api/courses/v1/courses/?page_size=100,live_catalogue_changed_during_pagination;seats_and_certification_not_verified;test_or_demo_candidate,requires_provider_and_availability_review
course-v1:NSDC+166375580450164+1663755804501632,DRC test api,NSDC,166375580450164,instructor,2022-09-21T15:53:24.501000+05:30,timestamp,,,,,False,False,https://courses.skillindiadigital.gov.in/api/courses/v1/courses/?page_size=100,live_catalogue_changed_during_pagination;seats_and_certification_not_verified;test_or_demo_candidate,requires_provider_and_availability_review
course-v1:NSDC+16637559598215013+16637559598214927,DRC test api,NSDC,16637559598215013,instructor,2022-09-21T15:55:59.821000+05:30,timestamp,,,,,False,False,https://courses.skillindiadigital.gov.in/api/courses/v1/courses/?page_size=100,live_catalogue_changed_during_pagination;seats_and_certification_not_verified;test_or_demo_candidate,requires_provider_and_availability_review
course-v1:NSDC+16637561198819833+16637561198819747,DRC test api,NSDC,16637561198819833,instructor,2022-09-21T15:58:39.882000+05:30,timestamp,,,,,False,False,https://courses.skillindiadigital.gov.in/api/courses/v1/courses/?page_size=100,live_catalogue_changed_during_pagination;seats_and_certification_not_verified;test_or_demo_candidate,requires_provider_and_availability_review
course-v1:NSDC+16637568938014219+166375689380141,DRC test api,NSDC,16637568938014219,instructor,2022-09-21T16:11:33.801000+05:30,timestamp,,,,,False,False,https://courses.skillindiadigital.gov.in/api/courses/v1/courses/?page_size=100,live_catalogue_changed_during_pagination;seats_and_certification_not_verified;test_or_demo_candidate,requires_provider_and_availability_review
course-v1:NSDC+16637572266496556+16637572266496468,DRC test api,NSDC,16637572266496556,instructor,2022-09-21T16:17:06.649000+05:30,timestamp,,,,,False,False,https://courses.skillindiadigital.gov.in/api/courses/v1/courses/?page_size=100,live_catalogue_changed_during_pagination;seats_and_certification_not_verified;test_or_demo_candidate,requires_provider_and_availability_review
course-v1:NSDC+1663757281918601+16637572819185925,DRC test api,NSDC,1663757281918601,instructor,2022-09-21T16:18:01.918000+05:30,timestamp,,,,,False,False,https://courses.skillindiadigital.gov.in/api/courses/v1/courses/?page_size=100,live_catalogue_changed_during_pagination;seats_and_certification_not_verified;test_or_demo_candidate,requires_provider_and_availability_review
course-v1:NSDC+1663757456220181+1663757456220172,DRC test api,NSDC,1663757456220181,instructor,2022-09-21T16:20:56.220000+05:30,timestamp,,,,,False,False,https://courses.skillindiadigital.gov.in/api/courses/v1/courses/?page_size=100,live_catalogue_changed_during_pagination;seats_and_certification_not_verified;test_or_demo_candidate,requires_provider_and_availability_review
course-v1:NSDC+1663757652340774+16637576523407655,DRC test api,NSDC,1663757652340774,instructor,2022-09-21T16:24:12.340000+05:30,timestamp,,,,,False,False,https://courses.skillindiadigital.gov.in/api/courses/v1/courses/?page_size=100,live_catalogue_changed_during_pagination;seats_and_certification_not_verified;test_or_demo_candidate,requires_provider_and_availability_review
course-v1:NSDC+16637577514215553+16637577514215457,DRC test api,NSDC,16637577514215553,instructor,2022-09-21T16:25:51.421000+05:30,timestamp,,,,,False,False,https://courses.skillindiadigital.gov.in/api/courses/v1/courses/?page_size=100,live_catalogue_changed_during_pagination;seats_and_certification_not_verified;test_or_demo_candidate,requires_provider_and_availability_review
course-v1:NSDC+16637583601015744+16637583601015651,DRC test api,NSDC,16637583601015744,instructor,2022-09-21T16:36:00.101000+05:30,timestamp,,,,,False,False,https://courses.skillindiadigital.gov.in/api/courses/v1/courses/?page_size=100,live_catalogue_changed_during_pagination;seats_and_certification_not_verified;test_or_demo_candidate,requires_provider_and_availability_review
course-v1:NSDC+16637585240310233+16637585240310137,DRC test api,NSDC,16637585240310233,instructor,2022-09-21T16:38:44.031000+05:30,timestamp,,,,,False,False,https://courses.skillindiadigital.gov.in/api/courses/v1/courses/?page_size=100,live_catalogue_changed_during_pagination;seats_and_certification_not_verified;test_or_demo_candidate,requires_provider_and_availability_review
course-v1:NSDC+1663759403357366+16637594033573575,DRC test api,NSDC,1663759403357366,instructor,2022-09-21T16:53:23.357000+05:30,timestamp,,,,,False,False,https://courses.skillindiadigital.gov.in/api/courses/v1/courses/?page_size=100,live_catalogue_changed_during_pagination;seats_and_certification_not_verified;test_or_demo_candidate,requires_provider_and_availability_review
course-v1:NSDC+16637595997162+16637595997161915,DRC test api,NSDC,16637595997162,instructor,2022-09-21T16:56:39.716000+05:30,timestamp,,,,,False,False,https://courses.skillindiadigital.gov.in/api/courses/v1/courses/?page_size=100,live_catalogue_changed_during_pagination;seats_and_certification_not_verified;test_or_demo_candidate,requires_provider_and_availability_review
course-v1:NSDC+16637601632046554+16637601632046468,DRC test api,NSDC,16637601632046554,instructor,2022-09-21T17:06:03.204000+05:30,timestamp,,,,,False,False,https://courses.skillindiadigital.gov.in/api/courses/v1/courses/?page_size=100,live_catalogue_changed_during_pagination;seats_and_certification_not_verified;test_or_demo_candidate,requires_provider_and_availability_review
course-v1:NSDC+1663760455158562+16637604551585517,DRC test api,NSDC,1663760455158562,instructor,2022-09-21T17:10:55.158000+05:30,timestamp,,,,,False,False,https://courses.skillindiadigital.gov.in/api/courses/v1/courses/?page_size=100,live_catalogue_changed_during_pagination;seats_and_certification_not_verified;test_or_demo_candidate,requires_provider_and_availability_review
course-v1:NSDC+16637608471595953+16637608471595857,DRC test api,NSDC,16637608471595953,instructor,2022-09-21T17:17:27.159000+05:30,timestamp,,,,,False,False,https://courses.skillindiadigital.gov.in/api/courses/v1/courses/?page_size=100,live_catalogue_changed_during_pagination;seats_and_certification_not_verified;test_or_demo_candidate,requires_provider_and_availability_review
course-v1:NSDC+16637671159384856+16637671159384766,DRC test api,NSDC,16637671159384856,instructor,2022-09-21T19:01:55.938000+05:30,timestamp,,,,,False,False,https://courses.skillindiadigital.gov.in/api/courses/v1/courses/?page_size=100,live_catalogue_changed_during_pagination;seats_and_certification_not_verified;test_or_demo_candidate,requires_provider_and_availability_review
course-v1:NSDC+166376736729773+16637673672977219,DRC test api,NSDC,166376736729773,instructor,2022-09-21T19:06:07.297000+05:30,timestamp,,,,,False,False,https://courses.skillindiadigital.gov.in/api/courses/v1/courses/?page_size=100,live_catalogue_changed_during_pagination;seats_and_certification_not_verified;test_or_demo_candidate,requires_provider_and_availability_review
course-v1:NSDC+16637680035565302+1663768003556521,DRC test api,NSDC,16637680035565302,instructor,2022-09-21T19:16:43.556000+05:30,timestamp,,,,,False,False,https://courses.skillindiadigital.gov.in/api/courses/v1/courses/?page_size=100,live_catalogue_changed_during_pagination;seats_and_certification_not_verified;test_or_demo_candidate,requires_provider_and_availability_review
course-v1:NSDC+16637681567352967+16637681567352877,DRC test api,NSDC,16637681567352967,instructor,2022-09-21T19:19:16.735000+05:30,timestamp,,,,,False,False,https://courses.skillindiadigital.gov.in/api/courses/v1/courses/?page_size=100,live_catalogue_changed_during_pagination;seats_and_certification_not_verified;test_or_demo_candidate,requires_provider_and_availability_review
course-v1:NSDC+16637686870953794+16637686870953708,DRC test api,NSDC,16637686870953794,instructor,2022-09-21T19:28:07.095000+05:30,timestamp,,,,,False,False,https://courses.skillindiadigital.gov.in/api/courses/v1/courses/?page_size=100,live_catalogue_changed_during_pagination;seats_and_certification_not_verified;test_or_demo_candidate,requires_provider_and_availability_review
course-v1:NSDC+16637690016708405+16637690016708314,DRC test api,NSDC,16637690016708405,instructor,2022-09-21T19:33:21.670000+05:30,timestamp,,,,,False,False,https://courses.skillindiadigital.gov.in/api/courses/v1/courses/?page_size=100,live_catalogue_changed_during_pagination;seats_and_certification_not_verified;test_or_demo_candidate,requires_provider_and_availability_review
course-v1:NSDC+16637700306961615+1663770030696152,DRC test api,NSDC,16637700306961615,instructor,2022-09-21T19:50:30.696000+05:30,timestamp,,,,,False,False,https://courses.skillindiadigital.gov.in/api/courses/v1/courses/?page_size=100,live_catalogue_changed_during_pagination;seats_and_certification_not_verified;test_or_demo_candidate,requires_provider_and_availability_review
course-v1:NSDC+166377011865376+16637701186537516,DRC test api,NSDC,166377011865376,instructor,2022-09-21T19:51:58.653000+05:30,timestamp,,,,,False,False,https://courses.skillindiadigital.gov.in/api/courses/v1/courses/?page_size=100,live_catalogue_changed_during_pagination;seats_and_certification_not_verified;test_or_demo_candidate,requires_provider_and_availability_review
course-v1:NSDC+16637713463955512+16637713463955424,DRC test api,NSDC,16637713463955512,instructor,2022-09-21T20:12:26.395000+05:30,timestamp,,,,,False,False,https://courses.skillindiadigital.gov.in/api/courses/v1/courses/?page_size=100,live_catalogue_changed_during_pagination;seats_and_certification_not_verified;test_or_demo_candidate,requires_provider_and_availability_review
course-v1:NSDC+16637715165365555+16637715165365462,DRC test api,NSDC,16637715165365555,instructor,2022-09-21T20:15:16.536000+05:30,timestamp,,,,,False,False,https://courses.skillindiadigital.gov.in/api/courses/v1/courses/?page_size=100,live_catalogue_changed_during_pagination;seats_and_certification_not_verified;test_or_demo_candidate,requires_provider_and_availability_review
course-v1:NSDC+16637716367617157+1663771636761702,DRC test api,NSDC,16637716367617157,instructor,2022-09-21T20:17:16.761000+05:30,timestamp,,,,,False,False,https://courses.skillindiadigital.gov.in/api/courses/v1/courses/?page_size=100,live_catalogue_changed_during_pagination;seats_and_certification_not_verified;test_or_demo_candidate,requires_provider_and_availability_review
course-v1:NSDC+16637717203552155+16637717203552067,DRC test api,NSDC,16637717203552155,instructor,2022-09-21T20:18:40.355000+05:30,timestamp,,,,,False,False,https://courses.skillindiadigital.gov.in/api/courses/v1/courses/?page_size=100,live_catalogue_changed_during_pagination;seats_and_certification_not_verified;test_or_demo_candidate,requires_provider_and_availability_review
course-v1:NSDC+16637718565320861+1663771856532078,DRC test api,NSDC,16637718565320861,instructor,2022-09-21T20:20:56.532000+05:30,timestamp,,,,,False,False,https://courses.skillindiadigital.gov.in/api/courses/v1/courses/?page_size=100,live_catalogue_changed_during_pagination;seats_and_certification_not_verified;test_or_demo_candidate,requires_provider_and_availability_review
course-v1:NSDC+16637719558617098+16637719558617015,DRC test api,NSDC,16637719558617098,instructor,2022-09-21T20:22:35.861000+05:30,timestamp,,,,,False,False,https://courses.skillindiadigital.gov.in/api/courses/v1/courses/?page_size=100,live_catalogue_changed_during_pagination;seats_and_certification_not_verified;test_or_demo_candidate,requires_provider_and_availability_review
course-v1:NSDC+16637724453252854+16637724453252766,DRC test api,NSDC,16637724453252854,instructor,2022-09-21T20:30:45.325000+05:30,timestamp,,,,,False,False,https://courses.skillindiadigital.gov.in/api/courses/v1/courses/?page_size=100,live_catalogue_changed_during_pagination;seats_and_certification_not_verified;test_or_demo_candidate,requires_provider_and_availability_review
course-v1:NSDC+16637725285055513+1663772528505542,DRC test api,NSDC,16637725285055513,instructor,2022-09-21T20:32:08.505000+05:30,timestamp,,,,,False,False,https://courses.skillindiadigital.gov.in/api/courses/v1/courses/?page_size=100,live_catalogue_changed_during_pagination;seats_and_certification_not_verified;test_or_demo_candidate,requires_provider_and_availability_review
course-v1:NSDC+16637727442734017+1663772744273392,DRC test api,NSDC,16637727442734017,instructor,2022-09-21T20:35:44.273000+05:30,timestamp,,,,,False,False,https://courses.skillindiadigital.gov.in/api/courses/v1/courses/?page_size=100,live_catalogue_changed_during_pagination;seats_and_certification_not_verified;test_or_demo_candidate,requires_provider_and_availability_review
course-v1:NSDC+1663772838545561+1663772838545553,DRC test api,NSDC,1663772838545561,instructor,2022-09-21T20:37:18.545000+05:30,timestamp,,,,,False,False,https://courses.skillindiadigital.gov.in/api/courses/v1/courses/?page_size=100,live_catalogue_changed_during_pagination;seats_and_certification_not_verified;test_or_demo_candidate,requires_provider_and_availability_review
course-v1:NSDC+16637729050554981+16637729050554893,DRC test api,NSDC,16637729050554981,instructor,2022-09-21T20:38:25.055000+05:30,timestamp,,,,,False,False,https://courses.skillindiadigital.gov.in/api/courses/v1/courses/?page_size=100,live_catalogue_changed_during_pagination;seats_and_certification_not_verified;test_or_demo_candidate,requires_provider_and_availability_review
course-v1:NSDC+16637729982080142+16637729982080042,DRC test api,NSDC,16637729982080142,instructor,2022-09-21T20:39:58.208000+05:30,timestamp,,,,,False,False,https://courses.skillindiadigital.gov.in/api/courses/v1/courses/?page_size=100,live_catalogue_changed_during_pagination;seats_and_certification_not_verified;test_or_demo_candidate,requires_provider_and_availability_review
course-v1:NSDC+16637760457968051+16637760457967951,DRC test api,NSDC,16637760457968051,instructor,2022-09-21T21:30:45.796000+05:30,timestamp,,,,,False,False,https://courses.skillindiadigital.gov.in/api/courses/v1/courses/?page_size=100,live_catalogue_changed_during_pagination;seats_and_certification_not_verified;test_or_demo_candidate,requires_provider_and_availability_review
course-v1:NSDC+16637796456780353+16637796456780257,DRC test api,NSDC,16637796456780353,instructor,2022-09-21T22:30:45.678000+05:30,timestamp,,,,,False,False,https://courses.skillindiadigital.gov.in/api/courses/v1/courses/?page_size=100,live_catalogue_changed_during_pagination;seats_and_certification_not_verified;test_or_demo_candidate,requires_provider_and_availability_review
course-v1:NSDC+16637832469009814+1663783246900973,DRC test api,NSDC,16637832469009814,instructor,2022-09-21T23:30:46.901000+05:30,timestamp,,,,,False,False,https://courses.skillindiadigital.gov.in/api/courses/v1/courses/?page_size=100,live_catalogue_changed_during_pagination;seats_and_certification_not_verified;test_or_demo_candidate,requires_provider_and_availability_review
course-v1:NSDC+1663786846694494+1663786846694484,DRC test api,NSDC,1663786846694494,instructor,2022-09-22T00:30:46.694000+05:30,timestamp,,,,,False,False,https://courses.skillindiadigital.gov.in/api/courses/v1/courses/?page_size=100,live_catalogue_changed_during_pagination;seats_and_certification_not_verified;test_or_demo_candidate,requires_provider_and_availability_review
course-v1:NSDC+16637904447337081+16637904447336988,DRC test api,NSDC,16637904447337081,instructor,2022-09-22T01:30:44.733000+05:30,timestamp,,,,,False,False,https://courses.skillindiadigital.gov.in/api/courses/v1/courses/?page_size=100,live_catalogue_changed_during_pagination;seats_and_certification_not_verified;test_or_demo_candidate,requires_provider_and_availability_review
course-v1:NSDC+16637940455595756+16637940455595665,DRC test api,NSDC,16637940455595756,instructor,2022-09-22T02:30:45.559000+05:30,timestamp,,,,,False,False,https://courses.skillindiadigital.gov.in/api/courses/v1/courses/?page_size=100,live_catalogue_changed_during_pagination;seats_and_certification_not_verified;test_or_demo_candidate,requires_provider_and_availability_review
course-v1:NSDC+16637976451204505+16637976451204422,DRC test api,NSDC,16637976451204505,instructor,2022-09-22T03:30:45.120000+05:30,timestamp,,,,,False,False,https://courses.skillindiadigital.gov.in/api/courses/v1/courses/?page_size=100,live_catalogue_changed_during_pagination;seats_and_certification_not_verified;test_or_demo_candidate,requires_provider_and_availability_review
course-v1:NSDC+16638012441157181+1663801244115709,DRC test api,NSDC,16638012441157181,instructor,2022-09-22T04:30:44.115000+05:30,timestamp,,,,,False,False,https://courses.skillindiadigital.gov.in/api/courses/v1/courses/?page_size=100,live_catalogue_changed_during_pagination;seats_and_certification_not_verified;test_or_demo_candidate,requires_provider_and_availability_review
course-v1:NSDC+16638048439661357+16638048439661272,DRC test api,NSDC,16638048439661357,instructor,2022-09-22T05:30:43.966000+05:30,timestamp,,,,,False,False,https://courses.skillindiadigital.gov.in/api/courses/v1/courses/?page_size=100,live_catalogue_changed_during_pagination;seats_and_certification_not_verified;test_or_demo_candidate,requires_provider_and_availability_review
course-v1:NSDC+1663808444512697+16638084445126882,DRC test api,NSDC,1663808444512697,instructor,2022-09-22T06:30:44.512000+05:30,timestamp,,,,,False,False,https://courses.skillindiadigital.gov.in/api/courses/v1/courses/?page_size=100,live_catalogue_changed_during_pagination;seats_and_certification_not_verified;test_or_demo_candidate,requires_provider_and_availability_review
course-v1:NSDC+16638120443355775+1663812044335569,DRC test api,NSDC,16638120443355775,instructor,2022-09-22T07:30:44.335000+05:30,timestamp,,,,,False,False,https://courses.skillindiadigital.gov.in/api/courses/v1/courses/?page_size=100,live_catalogue_changed_during_pagination;seats_and_certification_not_verified;test_or_demo_candidate,requires_provider_and_availability_review
course-v1:NSDC+16638156449724112+16638156449724023,DRC test api,NSDC,16638156449724112,instructor,2022-09-22T08:30:44.972000+05:30,timestamp,,,,,False,False,https://courses.skillindiadigital.gov.in/api/courses/v1/courses/?page_size=100,live_catalogue_changed_during_pagination;seats_and_certification_not_verified;test_or_demo_candidate,requires_provider_and_availability_review
course-v1:NSDC+16638192442899923+16638192442899835,DRC test api,NSDC,16638192442899923,instructor,2022-09-22T09:30:44.290000+05:30,timestamp,,,,,False,False,https://courses.skillindiadigital.gov.in/api/courses/v1/courses/?page_size=100,live_catalogue_changed_during_pagination;seats_and_certification_not_verified;test_or_demo_candidate,requires_provider_and_availability_review
course-v1:NSDC+1663822849208582+1663822849208573,DRC test api,NSDC,1663822849208582,instructor,2022-09-22T10:30:49.208000+05:30,timestamp,,,,,False,False,https://courses.skillindiadigital.gov.in/api/courses/v1/courses/?page_size=100,live_catalogue_changed_during_pagination;seats_and_certification_not_verified;test_or_demo_candidate,requires_provider_and_availability_review
course-v1:NSDC+16638264464197433+16638264464197342,DRC test api,NSDC,16638264464197433,instructor,2022-09-22T11:30:46.419000+05:30,timestamp,,,,,False,False,https://courses.skillindiadigital.gov.in/api/courses/v1/courses/?page_size=100,live_catalogue_changed_during_pagination;seats_and_certification_not_verified;test_or_demo_candidate,requires_provider_and_availability_review
course-v1:NSDC+16638278491545603+1663827849154551,DRC test api,NSDC,16638278491545603,instructor,2022-09-22T11:54:09.154000+05:30,timestamp,,,,,False,False,https://courses.skillindiadigital.gov.in/api/courses/v1/courses/?page_size=100,live_catalogue_changed_during_pagination;seats_and_certification_not_verified;test_or_demo_candidate,requires_provider_and_availability_review
course-v1:NSDC+16638289554276173+16638289554276075,DRC test api,NSDC,16638289554276173,instructor,2022-09-22T12:12:35.427000+05:30,timestamp,,,,,False,False,https://courses.skillindiadigital.gov.in/api/courses/v1/courses/?page_size=100,live_catalogue_changed_during_pagination;seats_and_certification_not_verified;test_or_demo_candidate,requires_provider_and_availability_review
course-v1:NSDC+16638290779068112+1663829077906802,DRC test api,NSDC,16638290779068112,instructor,2022-09-22T12:14:37.906000+05:30,timestamp,,,,,False,False,https://courses.skillindiadigital.gov.in/api/courses/v1/courses/?page_size=100,live_catalogue_changed_during_pagination;seats_and_certification_not_verified;test_or_demo_candidate,requires_provider_and_availability_review
course-v1:NSDC+16638293694678934+16638293694678845,DRC test api,NSDC,16638293694678934,instructor,2022-09-22T12:19:29.467000+05:30,timestamp,,,,,False,False,https://courses.skillindiadigital.gov.in/api/courses/v1/courses/?page_size=100,live_catalogue_changed_during_pagination;seats_and_certification_not_verified;test_or_demo_candidate,requires_provider_and_availability_review
course-v1:NSDC+16638300468023064+16638300468022962,DRC test api,NSDC,16638300468023064,instructor,2022-09-22T12:30:46.802000+05:30,timestamp,,,,,False,False,https://courses.skillindiadigital.gov.in/api/courses/v1/courses/?page_size=100,live_catalogue_changed_during_pagination;seats_and_certification_not_verified;test_or_demo_candidate,requires_provider_and_availability_review
course-v1:NSDC+16638660539246414+16638660539246323,DRC test api,NSDC,16638660539246414,instructor,2022-09-22T22:30:53.924000+05:30,timestamp,,,,,False,False,https://courses.skillindiadigital.gov.in/api/courses/v1/courses/?page_size=100,live_catalogue_changed_during_pagination;seats_and_certification_not_verified;test_or_demo_candidate,requires_provider_and_availability_review
course-v1:NSDC+16639848504336143+1663984850433605,DRC test api,NSDC,16639848504336143,instructor,2022-09-24T07:30:50.433000+05:30,timestamp,,,,,False,False,https://courses.skillindiadigital.gov.in/api/courses/v1/courses/?page_size=100,live_catalogue_changed_during_pagination;seats_and_certification_not_verified;test_or_demo_candidate,requires_provider_and_availability_review
course-v1:NSDC+1664024443097035+1664024443097026,DRC test api,NSDC,1664024443097035,instructor,2022-09-24T18:30:43.097000+05:30,timestamp,,,,,False,False,https://courses.skillindiadigital.gov.in/api/courses/v1/courses/?page_size=100,live_catalogue_changed_during_pagination;seats_and_certification_not_verified;test_or_demo_candidate,requires_provider_and_availability_review
course-v1:NSDC+16640428172598324+16640428172598228,Intoduction to Marketing with RS,NSDC,16640428172598324,instructor,2022-09-24T23:36:57.259000+05:30,timestamp,,,,,False,False,https://courses.skillindiadigital.gov.in/api/courses/v1/courses/?page_size=100,live_catalogue_changed_during_pagination;seats_and_certification_not_verified,requires_provider_and_availability_review
course-v1:NSDC+16640435619084404+16640435619084315,Introduction to Odoo,NSDC,16640435619084404,instructor,2022-09-24T23:49:21.908000+05:30,timestamp,,,,,False,False,https://courses.skillindiadigital.gov.in/api/courses/v1/courses/?page_size=100,live_catalogue_changed_during_pagination;seats_and_certification_not_verified,requires_provider_and_availability_review
course-v1:NSDC+16642563998287547+1664256399828744,pexels,NSDC,16642563998287547,instructor,2022-09-27T10:56:39.828000+05:30,timestamp,,,,,False,False,https://courses.skillindiadigital.gov.in/api/courses/v1/courses/?page_size=100,live_catalogue_changed_during_pagination;seats_and_certification_not_verified,requires_provider_and_availability_review
course-v1:NSDC+16642613431542034+16642613431541944,Lab Technician,NSDC,16642613431542034,instructor,2022-09-27T12:19:03.154000+05:30,timestamp,,,,,False,False,https://courses.skillindiadigital.gov.in/api/courses/v1/courses/?page_size=100,live_catalogue_changed_during_pagination;seats_and_certification_not_verified,requires_provider_and_availability_review
course-v1:NSDC+16644327933227952+16644327933227837,pexels,NSDC,16644327933227952,instructor,2022-09-29T11:56:33.322000+05:30,timestamp,,,,,False,False,https://courses.skillindiadigital.gov.in/api/courses/v1/courses/?page_size=100,live_catalogue_changed_during_pagination;seats_and_certification_not_verified,requires_provider_and_availability_review
course-v1:NSDC+16644517940875115+16644517940875018,test,NSDC,16644517940875115,instructor,2022-09-29T17:13:14.087000+05:30,timestamp,,,,,False,False,https://courses.skillindiadigital.gov.in/api/courses/v1/courses/?page_size=100,live_catalogue_changed_during_pagination;seats_and_certification_not_verified;test_or_demo_candidate,requires_provider_and_availability_review
course-v1:NSDC+16644539235201004+16644539235200853,Travel Test,NSDC,16644539235201004,instructor,2022-09-29T17:48:43.520000+05:30,timestamp,,,,,False,False,https://courses.skillindiadigital.gov.in/api/courses/v1/courses/?page_size=100,live_catalogue_changed_during_pagination;seats_and_certification_not_verified;test_or_demo_candidate,requires_provider_and_availability_review
course-v1:NSDC+1664454155079303+1664454155079294,Lab Technician,NSDC,1664454155079303,instructor,2022-09-29T17:52:35.079000+05:30,timestamp,,,,,False,False,https://courses.skillindiadigital.gov.in/api/courses/v1/courses/?page_size=100,live_catalogue_changed_during_pagination;seats_and_certification_not_verified,requires_provider_and_availability_review
course-v1:NSDC+16644541938024344+16644541938024256,Lab Technician,NSDC,16644541938024344,instructor,2022-09-29T17:53:13.802000+05:30,timestamp,,,,,False,False,https://courses.skillindiadigital.gov.in/api/courses/v1/courses/?page_size=100,live_catalogue_changed_during_pagination;seats_and_certification_not_verified,requires_provider_and_availability_review
course-v1:NSDC+16644542323216865+16644542323216763,Counter Sales Test,NSDC,16644542323216865,instructor,2022-09-29T17:53:52.321000+05:30,timestamp,,,,,False,False,https://courses.skillindiadigital.gov.in/api/courses/v1/courses/?page_size=100,live_catalogue_changed_during_pagination;seats_and_certification_not_verified;test_or_demo_candidate,requires_provider_and_availability_review
course-v1:NSDC+1664518980593403+16645189805933943,sdefdfg,NSDC,1664518980593403,instructor,2022-09-30T11:53:00.593000+05:30,timestamp,,,,,False,False,https://courses.skillindiadigital.gov.in/api/courses/v1/courses/?page_size=100,live_catalogue_changed_during_pagination;seats_and_certification_not_verified,requires_provider_and_availability_review
course-v1:NSDC+16645239230140615+16645239230140524,asfdwae,NSDC,16645239230140615,instructor,2022-09-30T13:15:23.014000+05:30,timestamp,,,,,False,False,https://courses.skillindiadigital.gov.in/api/courses/v1/courses/?page_size=100,live_catalogue_changed_during_pagination;seats_and_certification_not_verified,requires_provider_and_availability_review
course-v1:NSDC+16645240374196532+16645240374196432,asfdwae,NSDC,16645240374196532,instructor,2023-09-30T13:17:00+05:30,timestamp,,,,,False,False,https://courses.skillindiadigital.gov.in/api/courses/v1/courses/?page_size=100,live_catalogue_changed_during_pagination;seats_and_certification_not_verified,requires_provider_and_availability_review
course-v1:NSDC+16645241892325528+16645241892325423,detrsayhg,NSDC,16645241892325528,instructor,2022-09-30T13:19:49.232000+05:30,timestamp,,,,,False,False,https://courses.skillindiadigital.gov.in/api/courses/v1/courses/?page_size=100,live_catalogue_changed_during_pagination;seats_and_certification_not_verified,requires_provider_and_availability_review
course-v1:NSDC+16645246858558729+16645246858558638,ertg,NSDC,16645246858558729,instructor,2022-09-30T13:28:05.855000+05:30,timestamp,,,,,False,False,https://courses.skillindiadigital.gov.in/api/courses/v1/courses/?page_size=100,live_catalogue_changed_during_pagination;seats_and_certification_not_verified,requires_provider_and_availability_review
course-v1:NSDC+16645249950163782+16645249950163674,ertg,NSDC,16645249950163782,instructor,2022-09-30T13:33:15.016000+05:30,timestamp,,,,,False,False,https://courses.skillindiadigital.gov.in/api/courses/v1/courses/?page_size=100,live_catalogue_changed_during_pagination;seats_and_certification_not_verified,requires_provider_and_availability_review
course-v1:NSDC+16645253771452365+16645253771452272,eqrf,NSDC,16645253771452365,instructor,2022-09-30T13:39:37.145000+05:30,timestamp,,,,,False,False,https://courses.skillindiadigital.gov.in/api/courses/v1/courses/?page_size=100,live_catalogue_changed_during_pagination;seats_and_certification_not_verified,requires_provider_and_availability_review
course-v1:NSDC+1664525420298828+16645254202988183,eqrf,NSDC,1664525420298828,instructor,2022-09-30T13:40:20.298000+05:30,timestamp,,,,,False,False,https://courses.skillindiadigital.gov.in/api/courses/v1/courses/?page_size=100,live_catalogue_changed_during_pagination;seats_and_certification_not_verified,requires_provider_and_availability_review
course-v1:NSDC+16645256226495264+16645256226495175,erty4,NSDC,16645256226495264,instructor,2022-09-30T13:43:42.649000+05:30,timestamp,,,,,False,False,https://courses.skillindiadigital.gov.in/api/courses/v1/courses/?page_size=100,live_catalogue_changed_during_pagination;seats_and_certification_not_verified,requires_provider_and_availability_review
course-v1:NSDC+1664526602032651+16645266020326416,q,NSDC,1664526602032651,instructor,2022-09-30T14:00:02.032000+05:30,timestamp,,,,,False,False,https://courses.skillindiadigital.gov.in/api/courses/v1/courses/?page_size=100,live_catalogue_changed_during_pagination;seats_and_certification_not_verified,requires_provider_and_availability_review
course-v1:NSDC+16654661920053144+16654661920053055,Space,NSDC,16654661920053144,instructor,2022-10-11T10:59:52.005000+05:30,timestamp,,,,,False,False,https://courses.skillindiadigital.gov.in/api/courses/v1/courses/?page_size=100,live_catalogue_changed_during_pagination;seats_and_certification_not_verified,requires_provider_and_availability_review
course-v1:NSDC+16655062026822069+1665506202682198,space,NSDC,16655062026822069,instructor,2022-10-11T22:06:42.682000+05:30,timestamp,,,,,False,False,https://courses.skillindiadigital.gov.in/api/courses/v1/courses/?page_size=100,live_catalogue_changed_during_pagination;seats_and_certification_not_verified,requires_provider_and_availability_review
course-v1:NSDC+16655065300867336+16655065300867243,space,NSDC,16655065300867336,instructor,2022-10-11T22:12:10.086000+05:30,timestamp,,,,,False,False,https://courses.skillindiadigital.gov.in/api/courses/v1/courses/?page_size=100,live_catalogue_changed_during_pagination;seats_and_certification_not_verified,requires_provider_and_availability_review
course-v1:NSDC+1665506691201132+1665506691201123,Space station,NSDC,1665506691201132,instructor,2022-10-11T22:14:51.201000+05:30,timestamp,,,,,False,False,https://courses.skillindiadigital.gov.in/api/courses/v1/courses/?page_size=100,live_catalogue_changed_during_pagination;seats_and_certification_not_verified,requires_provider_and_availability_review
course-v1:NSDC+1665507018215084+16655070182150736,Space station,NSDC,1665507018215084,instructor,2022-10-11T22:20:18.215000+05:30,timestamp,,,,,False,False,https://courses.skillindiadigital.gov.in/api/courses/v1/courses/?page_size=100,live_catalogue_changed_during_pagination;seats_and_certification_not_verified,requires_provider_and_availability_review
course-v1:NSDC+1665507311033884+1665507311033875,Lab Technician,NSDC,1665507311033884,instructor,2022-10-11T22:25:11.033000+05:30,timestamp,,,,,False,False,https://courses.skillindiadigital.gov.in/api/courses/v1/courses/?page_size=100,live_catalogue_changed_during_pagination;seats_and_certification_not_verified,requires_provider_and_availability_review
course-v1:NSDC+1665508677789842+16655086777898324,revolving earth,NSDC,1665508677789842,instructor,2022-10-11T22:47:57.789000+05:30,timestamp,,,,,False,False,https://courses.skillindiadigital.gov.in/api/courses/v1/courses/?page_size=100,live_catalogue_changed_during_pagination;seats_and_certification_not_verified,requires_provider_and_availability_review
course-v1:NSDC+16655087895564396+16655087895564296,Lab Technician,NSDC,16655087895564396,instructor,2022-10-11T22:49:49.556000+05:30,timestamp,,,,,False,False,https://courses.skillindiadigital.gov.in/api/courses/v1/courses/?page_size=100,live_catalogue_changed_during_pagination;seats_and_certification_not_verified,requires_provider_and_availability_review
course-v1:NSDC+16655088148550375+16655088148550282,Lab Technician,NSDC,16655088148550375,instructor,2022-10-11T22:50:14.855000+05:30,timestamp,,,,,False,False,https://courses.skillindiadigital.gov.in/api/courses/v1/courses/?page_size=100,live_catalogue_changed_during_pagination;seats_and_certification_not_verified,requires_provider_and_availability_review
course-v1:NSDC+16655088496603034+16655088496602943,Lab Technician,NSDC,16655088496603034,instructor,2022-10-11T22:50:49.660000+05:30,timestamp,,,,,False,False,https://courses.skillindiadigital.gov.in/api/courses/v1/courses/?page_size=100,live_catalogue_changed_during_pagination;seats_and_certification_not_verified,requires_provider_and_availability_review
course-v1:NSDC+1665508855596265+16655088555962563,Lab Technician,NSDC,1665508855596265,instructor,2022-10-11T22:50:55.596000+05:30,timestamp,,,,,False,False,https://courses.skillindiadigital.gov.in/api/courses/v1/courses/?page_size=100,live_catalogue_changed_during_pagination;seats_and_certification_not_verified,requires_provider_and_availability_review
course-v1:NSDC+16655089308698087+16655089308697999,revolving earth,NSDC,16655089308698087,instructor,2022-10-11T22:52:10.869000+05:30,timestamp,,,,,False,False,https://courses.skillindiadigital.gov.in/api/courses/v1/courses/?page_size=100,live_catalogue_changed_during_pagination;seats_and_certification_not_verified,requires_provider_and_availability_review
course-v1:NSDC+16655090136051586+1665509013605149,Lab Technician,NSDC,16655090136051586,instructor,2022-10-11T22:53:33.605000+05:30,timestamp,,,,,False,False,https://courses.skillindiadigital.gov.in/api/courses/v1/courses/?page_size=100,live_catalogue_changed_during_pagination;seats_and_certification_not_verified,requires_provider_and_availability_review
course-v1:NSDC+16655092350814338+16655092350814247,revolving earth,NSDC,16655092350814338,instructor,2022-10-11T22:57:15.081000+05:30,timestamp,,,,,False,False,https://courses.skillindiadigital.gov.in/api/courses/v1/courses/?page_size=100,live_catalogue_changed_during_pagination;seats_and_certification_not_verified,requires_provider_and_availability_review
course-v1:NSDC+16655097627666748+16655097627666647,tester,NSDC,16655097627666748,instructor,2022-10-11T23:06:02.766000+05:30,timestamp,,,,,False,False,https://courses.skillindiadigital.gov.in/api/courses/v1/courses/?page_size=100,live_catalogue_changed_during_pagination;seats_and_certification_not_verified,requires_provider_and_availability_review
course-v1:NSDC+1665509789075972+16655097890759628,tester,NSDC,1665509789075972,instructor,2022-10-11T23:06:29.076000+05:30,timestamp,,,,,False,False,https://courses.skillindiadigital.gov.in/api/courses/v1/courses/?page_size=100,live_catalogue_changed_during_pagination;seats_and_certification_not_verified,requires_provider_and_availability_review
course-v1:NSDC+16655097914835625+16655097914835527,tester,NSDC,16655097914835625,instructor,2022-10-11T23:06:31.483000+05:30,timestamp,,,,,False,False,https://courses.skillindiadigital.gov.in/api/courses/v1/courses/?page_size=100,live_catalogue_changed_during_pagination;seats_and_certification_not_verified,requires_provider_and_availability_review
course-v1:NSDC+16655097932324562+16655097932324462,tester,NSDC,16655097932324562,instructor,2022-10-11T23:06:33.232000+05:30,timestamp,,,,,False,False,https://courses.skillindiadigital.gov.in/api/courses/v1/courses/?page_size=100,live_catalogue_changed_during_pagination;seats_and_certification_not_verified,requires_provider_and_availability_review
course-v1:NSDC+1665509796331151+16655097963311415,Lab Technician,NSDC,1665509796331151,instructor,2022-10-11T23:06:36.331000+05:30,timestamp,,,,,False,False,https://courses.skillindiadigital.gov.in/api/courses/v1/courses/?page_size=100,live_catalogue_changed_during_pagination;seats_and_certification_not_verified,requires_provider_and_availability_review
course-v1:NSDC+16655098048990705+1665509804899061,Lab Technician,NSDC,16655098048990705,instructor,2022-10-11T23:06:44.899000+05:30,timestamp,,,,,False,False,https://courses.skillindiadigital.gov.in/api/courses/v1/courses/?page_size=100,live_catalogue_changed_during_pagination;seats_and_certification_not_verified,requires_provider_and_availability_review
course-v1:NSDC+16655101362339895+16655101362339804,TESTER,NSDC,16655101362339895,instructor,2022-10-11T23:12:16.234000+05:30,timestamp,,,,,False,False,https://courses.skillindiadigital.gov.in/api/courses/v1/courses/?page_size=100,live_catalogue_changed_during_pagination;seats_and_certification_not_verified,requires_provider_and_availability_review
course-v1:NSDC+16655130023013833+16655130023013737,Lab Technician,NSDC,16655130023013833,instructor,2022-10-12T00:00:02.301000+05:30,timestamp,,,,,False,False,https://courses.skillindiadigital.gov.in/api/courses/v1/courses/?page_size=100,live_catalogue_changed_during_pagination;seats_and_certification_not_verified,requires_provider_and_availability_review
course-v1:NSDC+16655130379965067+16655130379964972,Lab Technician,NSDC,16655130379965067,instructor,2022-10-12T00:00:37.996000+05:30,timestamp,,,,,False,False,https://courses.skillindiadigital.gov.in/api/courses/v1/courses/?page_size=100,live_catalogue_changed_during_pagination;seats_and_certification_not_verified,requires_provider_and_availability_review
course-v1:NSDC+1665513083066166+16655130830661569,revolving earth,NSDC,1665513083066166,instructor,2022-10-12T00:01:23.066000+05:30,timestamp,,,,,False,False,https://courses.skillindiadigital.gov.in/api/courses/v1/courses/?page_size=100,live_catalogue_changed_during_pagination;seats_and_certification_not_verified,requires_provider_and_availability_review
course-v1:NSDC+16655131023849745+16655131023849628,revolving earth,NSDC,16655131023849745,instructor,2022-10-12T00:01:42.385000+05:30,timestamp,,,,,False,False,https://courses.skillindiadigital.gov.in/api/courses/v1/courses/?page_size=100,live_catalogue_changed_during_pagination;seats_and_certification_not_verified,requires_provider_and_availability_review
course-v1:NSDC+16655131087301028+16655131087300937,revolving earth,NSDC,16655131087301028,instructor,2022-10-12T00:01:48.730000+05:30,timestamp,,,,,False,False,https://courses.skillindiadigital.gov.in/api/courses/v1/courses/?page_size=100,live_catalogue_changed_during_pagination;seats_and_certification_not_verified,requires_provider_and_availability_review
course-v1:NSDC+1665513111631454+16655131116314416,revolving earth,NSDC,1665513111631454,instructor,2022-10-12T00:01:51.631000+05:30,timestamp,,,,,False,False,https://courses.skillindiadigital.gov.in/api/courses/v1/courses/?page_size=100,live_catalogue_changed_during_pagination;seats_and_certification_not_verified,requires_provider_and_availability_review
course-v1:NSDC+16655132675398598+16655132675398457,Lab Technician,NSDC,16655132675398598,instructor,2022-10-12T00:04:27.539000+05:30,timestamp,,,,,False,False,https://courses.skillindiadigital.gov.in/api/courses/v1/courses/?page_size=100,live_catalogue_changed_during_pagination;seats_and_certification_not_verified,requires_provider_and_availability_review
course-v1:NSDC+1666239854396027+16662398543960176,Introduction to Odoo CRM,NSDC,1666239854396027,instructor,2022-10-20T09:54:14.396000+05:30,timestamp,,,,,False,False,https://courses.skillindiadigital.gov.in/api/courses/v1/courses/?page_size=100,live_catalogue_changed_during_pagination;seats_and_certification_not_verified,requires_provider_and_availability_review
course-v1:NSDC+16669617727737052+16669617727736957,revolving earth2,NSDC,16669617727737052,instructor,2022-10-28T18:26:12.773000+05:30,timestamp,,,,,False,False,https://courses.skillindiadigital.gov.in/api/courses/v1/courses/?page_size=100,live_catalogue_changed_during_pagination;seats_and_certification_not_verified,requires_provider_and_availability_review
course-v1:NSDC+16672045664306507+16672045664306405,revolving earth3,NSDC,16672045664306507,instructor,2022-10-31T13:52:46.430000+05:30,timestamp,,,,,False,False,https://courses.skillindiadigital.gov.in/api/courses/v1/courses/?page_size=100,live_catalogue_changed_during_pagination;seats_and_certification_not_verified,requires_provider_and_availability_review
course-v1:NSDC+1667219687801042+16672196878010302,revolving earth3,NSDC,1667219687801042,instructor,2022-10-31T18:04:47.801000+05:30,timestamp,,,,,False,False,https://courses.skillindiadigital.gov.in/api/courses/v1/courses/?page_size=100,live_catalogue_changed_during_pagination;seats_and_certification_not_verified,requires_provider_and_availability_review
course-v1:NSDC+16673747979961314+16673747979961221,Testing the course,NSDC,16673747979961314,instructor,2022-11-02T13:09:57.996000+05:30,timestamp,,,,,False,False,https://courses.skillindiadigital.gov.in/api/courses/v1/courses/?page_size=100,live_catalogue_changed_during_pagination;seats_and_certification_not_verified;test_or_demo_candidate,requires_provider_and_availability_review
course-v1:NSDC+1667531247472721+16675312474727125,Lab Technician,NSDC,1667531247472721,instructor,2022-11-04T08:37:27.472000+05:30,timestamp,,,,,False,False,https://courses.skillindiadigital.gov.in/api/courses/v1/courses/?page_size=100,live_catalogue_changed_during_pagination;seats_and_certification_not_verified,requires_provider_and_availability_review
course-v1:NSDC+16675518692746859+16675518692746775,changes,NSDC,16675518692746859,instructor,2022-11-04T14:21:09.274000+05:30,timestamp,,,,,False,False,https://courses.skillindiadigital.gov.in/api/courses/v1/courses/?page_size=100,live_catalogue_changed_during_pagination;seats_and_certification_not_verified,requires_provider_and_availability_review
course-v1:NSDC+16678021939080837+1667802193908075,Solve the issue,NSDC,16678021939080837,instructor,2022-11-07T11:53:13.908000+05:30,timestamp,,,,,False,False,https://courses.skillindiadigital.gov.in/api/courses/v1/courses/?page_size=100,live_catalogue_changed_during_pagination;seats_and_certification_not_verified,requires_provider_and_availability_review
course-v1:NSDC+16678023351354518+16678023351354432,changes,NSDC,16678023351354518,instructor,2022-11-07T11:55:35.135000+05:30,timestamp,,,,,False,False,https://courses.skillindiadigital.gov.in/api/courses/v1/courses/?page_size=100,live_catalogue_changed_during_pagination;seats_and_certification_not_verified,requires_provider_and_availability_review
course-v1:NSDC+16678047534835134+16678047534835033,revolving earth,NSDC,16678047534835134,instructor,2022-11-07T12:35:53.483000+05:30,timestamp,,,,,False,False,https://courses.skillindiadigital.gov.in/api/courses/v1/courses/?page_size=100,live_catalogue_changed_during_pagination;seats_and_certification_not_verified,requires_provider_and_availability_review
course-v1:NSDC+16678135270205414+16678135270205317,Solve the issue,NSDC,16678135270205414,instructor,2022-11-07T15:02:07.020000+05:30,timestamp,,,,,False,False,https://courses.skillindiadigital.gov.in/api/courses/v1/courses/?page_size=100,live_catalogue_changed_during_pagination;seats_and_certification_not_verified,requires_provider_and_availability_review
course-v1:NSDC+16678154533511093+16678154533511004,revolving earth,NSDC,16678154533511093,instructor,2022-11-07T15:34:13.351000+05:30,timestamp,,,,,False,False,https://courses.skillindiadigital.gov.in/api/courses/v1/courses/?page_size=100,live_catalogue_changed_during_pagination;seats_and_certification_not_verified,requires_provider_and_availability_review
course-v1:NSDC+16678154932050273+16678154932050173,revolving earth,NSDC,16678154932050273,instructor,2022-11-07T15:34:53.205000+05:30,timestamp,,,,,False,False,https://courses.skillindiadigital.gov.in/api/courses/v1/courses/?page_size=100,live_catalogue_changed_during_pagination;seats_and_certification_not_verified,requires_provider_and_availability_review
course-v1:NSDC+16678942677532957+16678942677532866,Test 4 hhvh,NSDC,16678942677532957,instructor,2022-11-08T13:27:47.753000+05:30,timestamp,,,,,False,False,https://courses.skillindiadigital.gov.in/api/courses/v1/courses/?page_size=100,live_catalogue_changed_during_pagination;seats_and_certification_not_verified;test_or_demo_candidate,requires_provider_and_availability_review
course-v1:NSDC+16678943410951025+16678943410950933,Mobile Test Course,NSDC,16678943410951025,instructor,2022-11-08T13:29:01.095000+05:30,timestamp,,,,,False,False,https://courses.skillindiadigital.gov.in/api/courses/v1/courses/?page_size=100,live_catalogue_changed_during_pagination;seats_and_certification_not_verified;test_or_demo_candidate,requires_provider_and_availability_review
course-v1:NSDC+16678956728446324+1667895672844623,revolving earth,NSDC,16678956728446324,instructor,2022-11-08T13:51:12.844000+05:30,timestamp,,,,,False,False,https://courses.skillindiadigital.gov.in/api/courses/v1/courses/?page_size=100,live_catalogue_changed_during_pagination;seats_and_certification_not_verified,requires_provider_and_availability_review
course-v1:NSDC+16678986603163116+16678986603163009,CRM Domestic Voice,NSDC,16678986603163116,instructor,2022-11-08T14:41:00.316000+05:30,timestamp,,,,,False,False,https://courses.skillindiadigital.gov.in/api/courses/v1/courses/?page_size=100,live_catalogue_changed_during_pagination;seats_and_certification_not_verified,requires_provider_and_availability_review
course-v1:NSDC+1667906842495073+16679068424950628,Mobile Test Course,NSDC,1667906842495073,instructor,2022-11-08T16:57:22.495000+05:30,timestamp,,,,,False,False,https://courses.skillindiadigital.gov.in/api/courses/v1/courses/?page_size=100,live_catalogue_changed_during_pagination;seats_and_certification_not_verified;test_or_demo_candidate,requires_provider_and_availability_review
course-v1:NSDC+16679071719956608+16679071719956522,Mobile Test Course,NSDC,16679071719956608,instructor,2022-11-08T17:02:51.995000+05:30,timestamp,,,,,False,False,https://courses.skillindiadigital.gov.in/api/courses/v1/courses/?page_size=100,live_catalogue_changed_during_pagination;seats_and_certification_not_verified;test_or_demo_candidate,requires_provider_and_availability_review
course-v1:NSDC+16687615267310371+16687615267310276,twst,NSDC,16687615267310371,instructor,2022-11-18T14:22:06.731000+05:30,timestamp,,,,,False,False,https://courses.skillindiadigital.gov.in/api/courses/v1/courses/?page_size=100,live_catalogue_changed_during_pagination;seats_and_certification_not_verified,requires_provider_and_availability_review
course-v1:NSDC+16687623275100996+1668762327510091,tt,NSDC,16687623275100996,instructor,2022-11-18T14:35:27.510000+05:30,timestamp,,,,,False,False,https://courses.skillindiadigital.gov.in/api/courses/v1/courses/?page_size=100,live_catalogue_changed_during_pagination;seats_and_certification_not_verified,requires_provider_and_availability_review
course-v1:NSDC+16687628414875543+1668762841487545,test,NSDC,16687628414875543,instructor,2022-11-18T14:44:01.487000+05:30,timestamp,,,,,False,False,https://courses.skillindiadigital.gov.in/api/courses/v1/courses/?page_size=100,live_catalogue_changed_during_pagination;seats_and_certification_not_verified;test_or_demo_candidate,requires_provider_and_availability_review
course-v1:NSDC+16690143863786685+16690143863786588,pexels,NSDC,16690143863786685,instructor,2022-11-21T12:36:26.378000+05:30,timestamp,,,,,False,False,https://courses.skillindiadigital.gov.in/api/courses/v1/courses/?page_size=100,live_catalogue_changed_during_pagination;seats_and_certification_not_verified,requires_provider_and_availability_review
course-v1:NSDC+1669015199562624+16690151995626144,tester,NSDC,1669015199562624,instructor,2022-11-21T12:49:59.562000+05:30,timestamp,,,,,False,False,https://courses.skillindiadigital.gov.in/api/courses/v1/courses/?page_size=100,live_catalogue_changed_during_pagination;seats_and_certification_not_verified,requires_provider_and_availability_review
course-v1:NSDC+16691166811916916+1669116681191683,test,NSDC,16691166811916916,instructor,2022-11-22T17:01:21.191000+05:30,timestamp,,,,,False,False,https://courses.skillindiadigital.gov.in/api/courses/v1/courses/?page_size=100,live_catalogue_changed_during_pagination;seats_and_certification_not_verified;test_or_demo_candidate,requires_provider_and_availability_review
course-v1:NSDC+16691182749578762+16691182749578655,test,NSDC,16691182749578762,instructor,2022-11-22T17:27:54.957000+05:30,timestamp,,,,,False,False,https://courses.skillindiadigital.gov.in/api/courses/v1/courses/?page_size=100,live_catalogue_changed_during_pagination;seats_and_certification_not_verified;test_or_demo_candidate,requires_provider_and_availability_review
course-v1:NSDC+16691187072408187+1669118707240808,Test,NSDC,16691187072408187,instructor,2022-11-22T17:35:07.240000+05:30,timestamp,,,,,False,False,https://courses.skillindiadigital.gov.in/api/courses/v1/courses/?page_size=100,live_catalogue_changed_during_pagination;seats_and_certification_not_verified;test_or_demo_candidate,requires_provider_and_availability_review
course-v1:NSDC+16691191235172122+16691191235172024,test,NSDC,16691191235172122,instructor,2022-11-22T17:42:03.517000+05:30,timestamp,,,,,False,False,https://courses.skillindiadigital.gov.in/api/courses/v1/courses/?page_size=100,live_catalogue_changed_during_pagination;seats_and_certification_not_verified;test_or_demo_candidate,requires_provider_and_availability_review
course-v1:NSDC+1669119147958793+1669119147958784,test,NSDC,1669119147958793,instructor,2022-11-22T17:42:27.958000+05:30,timestamp,,,,,False,False,https://courses.skillindiadigital.gov.in/api/courses/v1/courses/?page_size=100,live_catalogue_changed_during_pagination;seats_and_certification_not_verified;test_or_demo_candidate,requires_provider_and_availability_review
course-v1:NSDC+16691191621110418+16691191621110308,test,NSDC,16691191621110418,instructor,2022-11-22T17:42:42.111000+05:30,timestamp,,,,,False,False,https://courses.skillindiadigital.gov.in/api/courses/v1/courses/?page_size=100,live_catalogue_changed_during_pagination;seats_and_certification_not_verified;test_or_demo_candidate,requires_provider_and_availability_review
course-v1:NSDC+16691193897600129+16691193897600036,test,NSDC,16691193897600129,instructor,2022-11-22T17:46:29.760000+05:30,timestamp,,,,,False,False,https://courses.skillindiadigital.gov.in/api/courses/v1/courses/?page_size=100,live_catalogue_changed_during_pagination;seats_and_certification_not_verified;test_or_demo_candidate,requires_provider_and_availability_review
course-v1:NSDC+1669119423534717+16691194235347078,test,NSDC,1669119423534717,instructor,2022-11-22T17:47:03.534000+05:30,timestamp,,,,,False,False,https://courses.skillindiadigital.gov.in/api/courses/v1/courses/?page_size=100,live_catalogue_changed_during_pagination;seats_and_certification_not_verified;test_or_demo_candidate,requires_provider_and_availability_review
course-v1:NSDC+16691211259080868+16691211259080765,hgsfcxd,NSDC,16691211259080868,instructor,2022-11-22T18:15:25.908000+05:30,timestamp,,,,,False,False,https://courses.skillindiadigital.gov.in/api/courses/v1/courses/?page_size=100,live_catalogue_changed_during_pagination;seats_and_certification_not_verified,requires_provider_and_availability_review
course-v1:NSDC+16691213814895613+1669121381489552,test,NSDC,16691213814895613,instructor,2022-11-22T18:19:41.489000+05:30,timestamp,,,,,False,False,https://courses.skillindiadigital.gov.in/api/courses/v1/courses/?page_size=100,live_catalogue_changed_during_pagination;seats_and_certification_not_verified;test_or_demo_candidate,requires_provider_and_availability_review
course-v1:NSDC+16691214475812995+1669121447581289,Test,NSDC,16691214475812995,instructor,2022-11-22T18:20:47.581000+05:30,timestamp,,,,,False,False,https://courses.skillindiadigital.gov.in/api/courses/v1/courses/?page_size=100,live_catalogue_changed_during_pagination;seats_and_certification_not_verified;test_or_demo_candidate,requires_provider_and_availability_review
course-v1:NSDC+16691229434575133+16691229434575038,Test,NSDC,16691229434575133,instructor,2022-11-22T18:45:43.457000+05:30,timestamp,,,,,False,False,https://courses.skillindiadigital.gov.in/api/courses/v1/courses/?page_size=100,live_catalogue_changed_during_pagination;seats_and_certification_not_verified;test_or_demo_candidate,requires_provider_and_availability_review
course-v1:NSDC+1669202165958666+16692021659586558,AA,NSDC,1669202165958666,instructor,2022-11-23T16:46:05.959000+05:30,timestamp,,,,,False,False,https://courses.skillindiadigital.gov.in/api/courses/v1/courses/?page_size=100,live_catalogue_changed_during_pagination;seats_and_certification_not_verified,requires_provider_and_availability_review
course-v1:NSDC+16692142421830268+16692142421830173,revolving earth,NSDC,16692142421830268,instructor,2022-11-23T20:07:22.183000+05:30,timestamp,,,,,False,False,https://courses.skillindiadigital.gov.in/api/courses/v1/courses/?page_size=100,live_catalogue_changed_during_pagination;seats_and_certification_not_verified,requires_provider_and_availability_review
course-v1:NSDC+16692667841465948+16692667841465857,Test,NSDC,16692667841465948,instructor,2022-11-24T10:43:04.146000+05:30,timestamp,,,,,False,False,https://courses.skillindiadigital.gov.in/api/courses/v1/courses/?page_size=100,live_catalogue_changed_during_pagination;seats_and_certification_not_verified;test_or_demo_candidate,requires_provider_and_availability_review
course-v1:NSDC+1670392285127697+16703922851276872,Test,NSDC,1670392285127697,instructor,2022-12-07T11:21:25.127000+05:30,timestamp,,,,,False,False,https://courses.skillindiadigital.gov.in/api/courses/v1/courses/?page_size=100,live_catalogue_changed_during_pagination;seats_and_certification_not_verified;test_or_demo_candidate,requires_provider_and_availability_review
course-v1:NSDC+16703924194922013+16703924194921913,Test1,NSDC,16703924194922013,instructor,2022-12-07T11:23:39.492000+05:30,timestamp,,,,,False,False,https://courses.skillindiadigital.gov.in/api/courses/v1/courses/?page_size=100,live_catalogue_changed_during_pagination;seats_and_certification_not_verified,requires_provider_and_availability_review
course-v1:NSDC+16704172155037103+16704172155036974,ujgikluiol,NSDC,16704172155037103,instructor,2022-12-07T18:16:55.503000+05:30,timestamp,,,,,False,False,https://courses.skillindiadigital.gov.in/api/courses/v1/courses/?page_size=100,live_catalogue_changed_during_pagination;seats_and_certification_not_verified,requires_provider_and_availability_review
course-v1:NSDC+1677657901037998+16776579010379913,Assistant Beauty Therapist - Tamil,NSDC,1677657901037998,instructor,2023-03-01T13:35:01+05:30,timestamp,,,,,False,False,https://courses.skillindiadigital.gov.in/api/courses/v1/courses/?page_size=100,live_catalogue_changed_during_pagination;seats_and_certification_not_verified,requires_provider_and_availability_review
course-v1:NSDC+16776604920574138+16776604920574064,Assistant Beauty Therapist - Telugu,NSDC,16776604920574138,instructor,2023-03-01T14:18:12.057000+05:30,timestamp,,,,,False,False,https://courses.skillindiadigital.gov.in/api/courses/v1/courses/?page_size=100,live_catalogue_changed_during_pagination;seats_and_certification_not_verified,requires_provider_and_availability_review
course-v1:NSDC+16776607525388541+16776607525388474,Assistant Beauty Therapist - Telugu,NSDC,16776607525388541,instructor,2023-03-01T14:22:32.539000+05:30,timestamp,,,,,False,False,https://courses.skillindiadigital.gov.in/api/courses/v1/courses/?page_size=100,live_catalogue_changed_during_pagination;seats_and_certification_not_verified,requires_provider_and_availability_review
course-v1:NSDC+16776608284729521+16776608284729404,Assistant Beauty Therapist - Telegu,NSDC,16776608284729521,instructor,2023-03-01T14:23:48+05:30,timestamp,,,,,False,False,https://courses.skillindiadigital.gov.in/api/courses/v1/courses/?page_size=100,live_catalogue_changed_during_pagination;seats_and_certification_not_verified,requires_provider_and_availability_review
course-v1:NSDC+1677661206463927+16776612064639208,Assistant Beauty Therapist - Telugu,NSDC,1677661206463927,instructor,2023-03-01T14:30:06+05:30,timestamp,,,,,False,False,https://courses.skillindiadigital.gov.in/api/courses/v1/courses/?page_size=100,live_catalogue_changed_during_pagination;seats_and_certification_not_verified,requires_provider_and_availability_review
course-v1:NSDC+16776613754441612+16776613754441538,Trainee Chef,NSDC,16776613754441612,instructor,2023-03-01T14:32:55.444000+05:30,timestamp,,,,,False,False,https://courses.skillindiadigital.gov.in/api/courses/v1/courses/?page_size=100,live_catalogue_changed_during_pagination;seats_and_certification_not_verified,requires_provider_and_availability_review
course-v1:NSDC+16776615819821284+16776615819821212,Assistant Surveyor - Telugu,NSDC,16776615819821284,instructor,2023-03-01T14:36:21.982000+05:30,timestamp,,,,,False,False,https://courses.skillindiadigital.gov.in/api/courses/v1/courses/?page_size=100,live_catalogue_changed_during_pagination;seats_and_certification_not_verified,requires_provider_and_availability_review
course-v1:NSDC+16776616315036843+16776616315036778,Trainee Chef - Telugu,NSDC,16776616315036843,instructor,2023-03-01T14:37:11+05:30,timestamp,,,,,False,False,https://courses.skillindiadigital.gov.in/api/courses/v1/courses/?page_size=100,live_catalogue_changed_during_pagination;seats_and_certification_not_verified,requires_provider_and_availability_review
course-v1:NSDC+18602+1689244449,"Arabic for Beginners-Lesson 8: Using When, and the Verbs Go and Come in simple Arabic Sentences/Questions",NSDC,18602,instructor,2023-07-01T05:30:00+05:30,timestamp,,,,,False,False,https://courses.skillindiadigital.gov.in/api/courses/v1/courses/?page_size=100,live_catalogue_changed_during_pagination;seats_and_certification_not_verified,requires_provider_and_availability_review
course-v1:NSDC+19923+1689596190,AI and ML Basics,NSDC,19923,self,2023-07-07T06:30:00+05:30,timestamp,2023-11-30T06:30:00+05:30,,,04:30,False,False,https://courses.skillindiadigital.gov.in/api/courses/v1/courses/?page_size=100,live_catalogue_changed_during_pagination;seats_and_certification_not_verified,requires_provider_and_availability_review
course-v1:NSDC+25321+1689241234,"Arabic for Beginners-Lesson 2: Use of Who, I, You, He and She",NSDC,25321,instructor,2023-07-01T05:30:00+05:30,timestamp,,,,,False,False,https://courses.skillindiadigital.gov.in/api/courses/v1/courses/?page_size=100,live_catalogue_changed_during_pagination;seats_and_certification_not_verified,requires_provider_and_availability_review
course-v1:NSDC+26130+1718871964,Course Created on 20 June 2024,NSDC,26130,instructor,2030-01-01T05:30:00+05:30,empty,,,,,False,False,https://courses.skillindiadigital.gov.in/api/courses/v1/courses/?page_size=100,live_catalogue_changed_during_pagination;seats_and_certification_not_verified,requires_provider_and_availability_review
course-v1:NSDC+26188+1689242038,Arabic for Beginners-Lesson 19: Name of Months and Days of the Week in Arabic and Words related to Driving in Arabic,NSDC,26188,instructor,2023-07-01T05:30:00+05:30,timestamp,,,,,False,False,https://courses.skillindiadigital.gov.in/api/courses/v1/courses/?page_size=100,live_catalogue_changed_during_pagination;seats_and_certification_not_verified,requires_provider_and_availability_review
course-v1:NSDC+26929+1733715936,संचार कौशल (उन्नत),NSDC,26929,instructor,2024-12-09T09:17:16.278000+05:30,timestamp,,,,,False,False,https://courses.skillindiadigital.gov.in/api/courses/v1/courses/?page_size=100,live_catalogue_changed_during_pagination;seats_and_certification_not_verified,requires_provider_and_availability_review
course-v1:NSDC+27551+1707218141,Kaushal Mitra,NSDC,27551,instructor,2024-02-05T05:30:00+05:30,timestamp,,,,,False,False,https://courses.skillindiadigital.gov.in/api/courses/v1/courses/?page_size=100,live_catalogue_changed_during_pagination;seats_and_certification_not_verified,requires_provider_and_availability_review
course-v1:NSDC+27557+1689243799,Arabic for Beginners-Lesson 14: Conversation at the Hotel in Arabic,NSDC,27557,instructor,2023-07-01T05:30:00+05:30,timestamp,,,,,False,False,https://courses.skillindiadigital.gov.in/api/courses/v1/courses/?page_size=100,live_catalogue_changed_during_pagination;seats_and_certification_not_verified,requires_provider_and_availability_review
course-v1:NSDC+29036+1689244511,Arabic for Beginners-Lesson 11: Introducing Overselves and Others in Arabic,NSDC,29036,instructor,2023-07-01T05:30:00+05:30,timestamp,,,,,False,False,https://courses.skillindiadigital.gov.in/api/courses/v1/courses/?page_size=100,live_catalogue_changed_during_pagination;seats_and_certification_not_verified,requires_provider_and_availability_review
course-v1:NSDC+30775+1689242688,Arabic for Beginners-Lesson 17: Conversation at the Hospital in Arabic,NSDC,30775,instructor,2023-07-01T05:30:00+05:30,timestamp,,,,,False,False,https://courses.skillindiadigital.gov.in/api/courses/v1/courses/?page_size=100,live_catalogue_changed_during_pagination;seats_and_certification_not_verified,requires_provider_and_availability_review
course-v1:NSDC+31748+1704808282,Foundational Skills Program – Employability,NSDC,31748,instructor,2024-01-01T05:30:00+05:30,timestamp,,,,,False,False,https://courses.skillindiadigital.gov.in/api/courses/v1/courses/?page_size=100,live_catalogue_changed_during_pagination;seats_and_certification_not_verified,requires_provider_and_availability_review
course-v1:NSDC+33698+1727250123,Prevention of Sexual Harassment (POSH) - Hindi,NSDC,33698,instructor,2024-01-01T05:30:00+05:30,timestamp,,,,,False,False,https://courses.skillindiadigital.gov.in/api/courses/v1/courses/?page_size=100,live_catalogue_changed_during_pagination;seats_and_certification_not_verified,requires_provider_and_availability_review
course-v1:NSDC+35557+1689336385,Pradhan Mantri Arogya Mitra - Malayalam,NSDC,35557,instructor,2023-07-01T05:30:00+05:30,timestamp,,,,,False,False,https://courses.skillindiadigital.gov.in/api/courses/v1/courses/?page_size=100,live_catalogue_changed_during_pagination;seats_and_certification_not_verified,requires_provider_and_availability_review
course-v1:NSDC+38326+1689244045,Arabic for Beginners-Lesson 13: Conversation at the Railway Station in Arabic,NSDC,38326,instructor,2023-07-01T05:30:00+05:30,timestamp,,,,,False,False,https://courses.skillindiadigital.gov.in/api/courses/v1/courses/?page_size=100,live_catalogue_changed_during_pagination;seats_and_certification_not_verified,requires_provider_and_availability_review
course-v1:NSDC+41712+1726807891,Demo Course,NSDC,41712,instructor,2022-01-01T05:30:00+05:30,timestamp,,,,,False,False,https://courses.skillindiadigital.gov.in/api/courses/v1/courses/?page_size=100,live_catalogue_changed_during_pagination;seats_and_certification_not_verified;test_or_demo_candidate,requires_provider_and_availability_review
course-v1:NSDC+42348+1690439697,Employability Skills (ES-120 hours),NSDC,42348,instructor,2023-07-01T05:30:00+05:30,timestamp,,,,,False,False,https://courses.skillindiadigital.gov.in/api/courses/v1/courses/?page_size=100,live_catalogue_changed_during_pagination;seats_and_certification_not_verified,requires_provider_and_availability_review
course-v1:NSDC+42895+1704777593,Foundational Skills Program - Advanced Retail,NSDC,42895,instructor,2023-01-09T05:30:00+05:30,timestamp,,,,,False,False,https://courses.skillindiadigital.gov.in/api/courses/v1/courses/?page_size=100,live_catalogue_changed_during_pagination;seats_and_certification_not_verified,requires_provider_and_availability_review
course-v1:NSDC+44770+1724409823,Communication Skills (Advanced),nsdc,44770,instructor,2022-01-01T05:30:00+05:30,timestamp,,,,,False,False,https://courses.skillindiadigital.gov.in/api/courses/v1/courses/?page_size=100,live_catalogue_changed_during_pagination;seats_and_certification_not_verified,requires_provider_and_availability_review
course-v1:NSDC+52523+1704911639,demo course backup1,NSDC,52523,instructor,2030-01-01T05:30:00+05:30,empty,,,,,False,False,https://courses.skillindiadigital.gov.in/api/courses/v1/courses/?page_size=100,live_catalogue_changed_during_pagination;seats_and_certification_not_verified;test_or_demo_candidate,requires_provider_and_availability_review
course-v1:NSDC+52612+1689242338,Arabic for Beginners-Lesson 18: Conversation related to Shopping in Arabic,NSDC,52612,instructor,2023-07-01T05:30:00+05:30,timestamp,,,,,False,False,https://courses.skillindiadigital.gov.in/api/courses/v1/courses/?page_size=100,live_catalogue_changed_during_pagination;seats_and_certification_not_verified,requires_provider_and_availability_review
course-v1:NSDC+53912+1690288140,Employability Skills Trainer Course,NSDC,53912,instructor,2023-07-01T05:30:00+05:30,timestamp,,,,,False,False,https://courses.skillindiadigital.gov.in/api/courses/v1/courses/?page_size=100,live_catalogue_changed_during_pagination;seats_and_certification_not_verified,requires_provider_and_availability_review
course-v1:NSDC+55401+1695367380,Progress Test 22-09-23,NSDC,55401,instructor,2023-01-01T05:30:00+05:30,timestamp,,,,,False,False,https://courses.skillindiadigital.gov.in/api/courses/v1/courses/?page_size=100,live_catalogue_changed_during_pagination;seats_and_certification_not_verified;test_or_demo_candidate,requires_provider_and_availability_review
course-v1:NSDC+55814+1704810285,Foundational Skills Program - Entrepreneurship,NSDC,55814,instructor,2024-01-01T05:30:00+05:30,timestamp,,,,,False,False,https://courses.skillindiadigital.gov.in/api/courses/v1/courses/?page_size=100,live_catalogue_changed_during_pagination;seats_and_certification_not_verified,requires_provider_and_availability_review
course-v1:NSDC+58007+1706095445,Demo: Stitcher - Goods & Garments,NSDC,58007,instructor,2030-01-01T05:30:00+05:30,empty,,,,,False,False,https://courses.skillindiadigital.gov.in/api/courses/v1/courses/?page_size=100,live_catalogue_changed_during_pagination;seats_and_certification_not_verified;test_or_demo_candidate,requires_provider_and_availability_review
course-v1:NSDC+58732+1689243676,Arabic for Beginners-Lesson 6: Using Do not and Does Not in simple Arabic Sentences/Questions,NSDC,58732,instructor,2023-07-01T05:30:00+05:30,timestamp,,,,,False,False,https://courses.skillindiadigital.gov.in/api/courses/v1/courses/?page_size=100,live_catalogue_changed_during_pagination;seats_and_certification_not_verified,requires_provider_and_availability_review
course-v1:NSDC+62990+1704810493,Foundational Skills Program - Drone,NSDC,62990,instructor,2030-01-01T05:30:00+05:30,empty,,,,,False,False,https://courses.skillindiadigital.gov.in/api/courses/v1/courses/?page_size=100,live_catalogue_changed_during_pagination;seats_and_certification_not_verified,requires_provider_and_availability_review
course-v1:NSDC+67995+1697179573,CNC Operator / Machining Technician (Lathe) - Test,NSDC,67995,instructor,2023-01-01T05:30:00+05:30,timestamp,,,,,False,False,https://courses.skillindiadigital.gov.in/api/courses/v1/courses/?page_size=100,live_catalogue_changed_during_pagination;seats_and_certification_not_verified;test_or_demo_candidate,requires_provider_and_availability_review
course-v1:NSDC+69152+1689243338,"Arabic for Beginners-Lesson 5: Using How many, Has and Have in simple Arabic Sentences/Questions",NSDC,69152,instructor,2023-07-01T05:30:00+05:30,timestamp,,,,,False,False,https://courses.skillindiadigital.gov.in/api/courses/v1/courses/?page_size=100,live_catalogue_changed_during_pagination;seats_and_certification_not_verified,requires_provider_and_availability_review
course-v1:NSDC+72692+1689241739,"Arabic for Beginners-Lesson 3: Use of Is it, Yes and No in Arabic Phrases/Sentences/Questions",NSDC,72692,instructor,2023-07-01T05:30:00+05:30,timestamp,,,,,False,False,https://courses.skillindiadigital.gov.in/api/courses/v1/courses/?page_size=100,live_catalogue_changed_during_pagination;seats_and_certification_not_verified,requires_provider_and_availability_review
course-v1:NSDC+73166+1689242452,Arabic for Beginners-Lesson 4: Using Simple Questions and Answers in Arabic,NSDC,73166,instructor,2023-07-01T05:30:00+05:30,timestamp,,,,,False,False,https://courses.skillindiadigital.gov.in/api/courses/v1/courses/?page_size=100,live_catalogue_changed_during_pagination;seats_and_certification_not_verified,requires_provider_and_availability_review
course-v1:NSDC+77035+1704911819,123,NSDC,77035,instructor,2022-01-01T05:30:00+05:30,timestamp,,,,,False,False,https://courses.skillindiadigital.gov.in/api/courses/v1/courses/?page_size=100,live_catalogue_changed_during_pagination;seats_and_certification_not_verified,requires_provider_and_availability_review
course-v1:NSDC+82605+1704911485,test course,NSDC,82605,instructor,2030-01-01T05:30:00+05:30,empty,,,,,False,False,https://courses.skillindiadigital.gov.in/api/courses/v1/courses/?page_size=100,live_catalogue_changed_during_pagination;seats_and_certification_not_verified;test_or_demo_candidate,requires_provider_and_availability_review
course-v1:NSDC+83720+1704797527,detrsayhg 1,NSDC,83720,instructor,2030-01-01T05:30:00+05:30,empty,,,,,False,False,https://courses.skillindiadigital.gov.in/api/courses/v1/courses/?page_size=100,live_catalogue_changed_during_pagination;seats_and_certification_not_verified,requires_provider_and_availability_review
course-v1:NSDC+84695+1689243436,Arabic for Beginners-Lesson 15: Conversation at the Restaurant in Arabic,NSDC,84695,instructor,2023-07-01T05:30:00+05:30,timestamp,,,,,False,False,https://courses.skillindiadigital.gov.in/api/courses/v1/courses/?page_size=100,live_catalogue_changed_during_pagination;seats_and_certification_not_verified,requires_provider_and_availability_review
course-v1:NSDC+84828+1689243184,Arabic for Beginners-Lesson 16: Conversation at the Bank in Arabic,NSDC,84828,instructor,2023-07-01T05:30:00+05:30,timestamp,,,,,False,False,https://courses.skillindiadigital.gov.in/api/courses/v1/courses/?page_size=100,live_catalogue_changed_during_pagination;seats_and_certification_not_verified,requires_provider_and_availability_review
course-v1:NSDC+85289+1726208075,TEST,NSDC,85289,instructor,2030-01-01T05:30:00+05:30,empty,,,,,False,False,https://courses.skillindiadigital.gov.in/api/courses/v1/courses/?page_size=100,live_catalogue_changed_during_pagination;seats_and_certification_not_verified;test_or_demo_candidate,requires_provider_and_availability_review
course-v1:NSDC+87605+1704810395,Foundational Skills Program - Retail,NSDC,87605,instructor,2024-01-01T05:30:00+05:30,timestamp,,,,,False,False,https://courses.skillindiadigital.gov.in/api/courses/v1/courses/?page_size=100,live_catalogue_changed_during_pagination;seats_and_certification_not_verified,requires_provider_and_availability_review
course-v1:NSDC+87723+1704259212,Becoming a Professional in the 21st Century,NSDC,87723,instructor,2024-01-03T05:30:00+05:30,timestamp,,,,,False,False,https://courses.skillindiadigital.gov.in/api/courses/v1/courses/?page_size=100,live_catalogue_changed_during_pagination;seats_and_certification_not_verified,requires_provider_and_availability_review
course-v1:NSDC+89248+1718119841,test course,NSDC,89248,instructor,2030-01-01T05:30:00+05:30,empty,,,,,False,False,https://courses.skillindiadigital.gov.in/api/courses/v1/courses/?page_size=100,live_catalogue_changed_during_pagination;seats_and_certification_not_verified;test_or_demo_candidate,requires_provider_and_availability_review
course-v1:NSDC+92356+1689244768,Arabic for Beginners-Lesson 10: Using Affirmative and Negative sentences in simple Arabic Sentences/Questions,NSDC,92356,instructor,2023-07-01T05:30:00+05:30,timestamp,,,,,False,False,https://courses.skillindiadigital.gov.in/api/courses/v1/courses/?page_size=100,live_catalogue_changed_during_pagination;seats_and_certification_not_verified,requires_provider_and_availability_review
course-v1:NSDC+92400+1697019762,Assistant Mine Surveyor Pre-Assessment,NSDC,92400,instructor,2030-01-01T05:30:00+05:30,empty,,,,,False,False,https://courses.skillindiadigital.gov.in/api/courses/v1/courses/?page_size=100,live_catalogue_changed_during_pagination;seats_and_certification_not_verified,requires_provider_and_availability_review
course-v1:NSDC+93834+1703936598,Foundational Skills Program - Advanced Entrepreneurship,NSDC,93834,instructor,2023-12-30T05:30:00+05:30,timestamp,,,,,False,False,https://courses.skillindiadigital.gov.in/api/courses/v1/courses/?page_size=100,live_catalogue_changed_during_pagination;seats_and_certification_not_verified,requires_provider_and_availability_review
course-v1:NSDC+95162+1689241692,Arabic for Beginners-Lesson 20: Basic Counting in Arabic,NSDC,95162,instructor,2023-07-01T05:30:00+05:30,timestamp,,,,,False,False,https://courses.skillindiadigital.gov.in/api/courses/v1/courses/?page_size=100,live_catalogue_changed_during_pagination;seats_and_certification_not_verified,requires_provider_and_availability_review
course-v1:NSDC+95320+1689244073,"Arabic for Beginners-Lesson 7: Using How, This and That in simple Arabic Sentences/Questions",NSDC,95320,instructor,2023-07-01T05:30:00+05:30,timestamp,,,,,False,False,https://courses.skillindiadigital.gov.in/api/courses/v1/courses/?page_size=100,live_catalogue_changed_during_pagination;seats_and_certification_not_verified,requires_provider_and_availability_review
course-v1:NSDC+95390+1691429635,Mongo Test Course,NSDC,95390,instructor,2023-01-01T05:30:00+05:30,timestamp,,,,,False,False,https://courses.skillindiadigital.gov.in/api/courses/v1/courses/?page_size=100,live_catalogue_changed_during_pagination;seats_and_certification_not_verified;test_or_demo_candidate,requires_provider_and_availability_review
course-v1:NSDC+ABT-H+2022,Assistant Beauty Therapist- Hindi,NSDC,ABT-H,instructor,2022-08-12T05:30:00+05:30,timestamp,,,,,False,False,https://courses.skillindiadigital.gov.in/api/courses/v1/courses/?page_size=100,live_catalogue_changed_during_pagination;seats_and_certification_not_verified,requires_provider_and_availability_review
course-v1:NSDC+ABT001+2022,Assistant Beauty Therapist,NSDC,ABT001,instructor,2022-01-01T05:30:00+05:30,timestamp,,,,,False,False,https://courses.skillindiadigital.gov.in/api/courses/v1/courses/?page_size=100,live_catalogue_changed_during_pagination;seats_and_certification_not_verified,requires_provider_and_availability_review
course-v1:NSDC+ABT002KD+NSDCABTKD,Assistant Beauty Therapist - Kannada,NSDC,ABT002KD,instructor,2023-03-01T05:30:00+05:30,timestamp,,,,,False,False,https://courses.skillindiadigital.gov.in/api/courses/v1/courses/?page_size=100,live_catalogue_changed_during_pagination;seats_and_certification_not_verified,requires_provider_and_availability_review
course-v1:NSDC+ABT003OR+NSDCABTOR,Assistant Beauty Therapist - Oriya,NSDC,ABT003OR,instructor,2023-02-02T05:30:00+05:30,timestamp,,,,,False,False,https://courses.skillindiadigital.gov.in/api/courses/v1/courses/?page_size=100,live_catalogue_changed_during_pagination;seats_and_certification_not_verified,requires_provider_and_availability_review
course-v1:NSDC+ABT004OR+NSDCABTOR,test,NSDC,ABT004OR,instructor,2030-01-01T05:30:00+05:30,empty,,,,,False,False,https://courses.skillindiadigital.gov.in/api/courses/v1/courses/?page_size=100,live_catalogue_changed_during_pagination;seats_and_certification_not_verified;test_or_demo_candidate,requires_provider_and_availability_review
course-v1:NSDC+ABT005BN+NSDCABTBN,Assistant Beauty Therapist - Bengali,NSDC,ABT005BN,instructor,2023-03-01T05:30:00+05:30,timestamp,,,,,False,False,https://courses.skillindiadigital.gov.in/api/courses/v1/courses/?page_size=100,live_catalogue_changed_during_pagination;seats_and_certification_not_verified,requires_provider_and_availability_review
course-v1:NSDC+AE001+2022,Assistant Electrician,NSDC,AE001,instructor,2022-01-01T05:30:00+05:30,timestamp,,,,,False,False,https://courses.skillindiadigital.gov.in/api/courses/v1/courses/?page_size=100,live_catalogue_changed_during_pagination;seats_and_certification_not_verified,requires_provider_and_availability_review
course-v1:NSDC+AE02+2022,Assistant Electrician (Hindi),NSDC,AE02,instructor,2022-01-01T05:30:00+05:30,timestamp,,,,,False,False,https://courses.skillindiadigital.gov.in/api/courses/v1/courses/?page_size=100,live_catalogue_changed_during_pagination;seats_and_certification_not_verified,requires_provider_and_availability_review
course-v1:NSDC+AM-H+2022,Assistant Mason- Hindi,NSDC,AM-H,instructor,2023-03-01T05:30:00+05:30,timestamp,,,,,False,False,https://courses.skillindiadigital.gov.in/api/courses/v1/courses/?page_size=100,live_catalogue_changed_during_pagination;seats_and_certification_not_verified,requires_provider_and_availability_review
course-v1:NSDC+AM001+2022,Assistant Mason,NSDC,AM001,instructor,2022-01-01T05:30:00+05:30,timestamp,,,,,False,False,https://courses.skillindiadigital.gov.in/api/courses/v1/courses/?page_size=100,live_catalogue_changed_during_pagination;seats_and_certification_not_verified,requires_provider_and_availability_review
course-v1:NSDC+AMBEN+2033,Assistant Mason - Bengali,NSDC,AMBEN,instructor,2023-03-01T05:30:00+05:30,timestamp,,,,,False,False,https://courses.skillindiadigital.gov.in/api/courses/v1/courses/?page_size=100,live_catalogue_changed_during_pagination;seats_and_certification_not_verified,requires_provider_and_availability_review
course-v1:NSDC+AMHIN+2033,Assistant Mason - Hindi,NSDC,AMHIN,instructor,2030-01-01T05:30:00+05:30,empty,,,,,False,False,https://courses.skillindiadigital.gov.in/api/courses/v1/courses/?page_size=100,live_catalogue_changed_during_pagination;seats_and_certification_not_verified,requires_provider_and_availability_review
course-v1:NSDC+AMKAN+2033,Assistant Mason - Kanada,NSDC,AMKAN,instructor,2023-03-01T05:30:00+05:30,timestamp,,,,,False,False,https://courses.skillindiadigital.gov.in/api/courses/v1/courses/?page_size=100,live_catalogue_changed_during_pagination;seats_and_certification_not_verified,requires_provider_and_availability_review
course-v1:NSDC+AMORI+2033,Assistant Mason - Oriya,NSDC,AMORI,instructor,2023-03-01T05:30:00+05:30,timestamp,,,,,False,False,https://courses.skillindiadigital.gov.in/api/courses/v1/courses/?page_size=100,live_catalogue_changed_during_pagination;seats_and_certification_not_verified,requires_provider_and_availability_review
course-v1:NSDC+AMTAM+2033,Assistant Mason - Tamil,NSDC,AMTAM,instructor,2023-03-01T05:30:00+05:30,timestamp,,,,,False,False,https://courses.skillindiadigital.gov.in/api/courses/v1/courses/?page_size=100,live_catalogue_changed_during_pagination;seats_and_certification_not_verified,requires_provider_and_availability_review
course-v1:NSDC+AMTEL+2033,Assistant Mason - Telugu,NSDC,AMTEL,instructor,2023-03-01T05:30:00+05:30,timestamp,,,,,False,False,https://courses.skillindiadigital.gov.in/api/courses/v1/courses/?page_size=100,live_catalogue_changed_during_pagination;seats_and_certification_not_verified,requires_provider_and_availability_review
course-v1:NSDC+AS-H+2022,Assistant Surveyor- Hindi,NSDC,AS-H,instructor,2023-03-01T05:30:00+05:30,timestamp,,,,,False,False,https://courses.skillindiadigital.gov.in/api/courses/v1/courses/?page_size=100,live_catalogue_changed_during_pagination;seats_and_certification_not_verified,requires_provider_and_availability_review
course-v1:NSDC+AS001+2022,Assistant Surveyor,NSDC,AS001,instructor,2022-01-01T05:30:00+05:30,timestamp,,,,,False,False,https://courses.skillindiadigital.gov.in/api/courses/v1/courses/?page_size=100,live_catalogue_changed_during_pagination;seats_and_certification_not_verified,requires_provider_and_availability_review
course-v1:NSDC+AS003TE+NSDCASTE,Assistant Surveyor - Telugu,NSDC,AS003TE,instructor,2023-03-01T05:30:00+05:30,timestamp,,,,,False,False,https://courses.skillindiadigital.gov.in/api/courses/v1/courses/?page_size=100,live_catalogue_changed_during_pagination;seats_and_certification_not_verified,requires_provider_and_availability_review
course-v1:NSDC+AS004TA+NSDCASTA,Assistant Surveyor - Tamil,NSDC,AS004TA,instructor,2023-03-01T05:30:00+05:30,timestamp,,,,,False,False,https://courses.skillindiadigital.gov.in/api/courses/v1/courses/?page_size=100,live_catalogue_changed_during_pagination;seats_and_certification_not_verified,requires_provider_and_availability_review
course-v1:NSDC+AS005KD+NSDCASKD,Assistant Surveyor - Kanada,NSDC,AS005KD,instructor,2023-03-01T05:30:00+05:30,timestamp,,,,,False,False,https://courses.skillindiadigital.gov.in/api/courses/v1/courses/?page_size=100,live_catalogue_changed_during_pagination;seats_and_certification_not_verified,requires_provider_and_availability_review
course-v1:NSDC+AS006OR+NSDCASOR,Assistant Surveyor - Oriya,NSDC,AS006OR,instructor,2023-03-01T05:30:00+05:30,timestamp,,,,,False,False,https://courses.skillindiadigital.gov.in/api/courses/v1/courses/?page_size=100,live_catalogue_changed_during_pagination;seats_and_certification_not_verified,requires_provider_and_availability_review
course-v1:NSDC+AS007BN+NSDCASBN,Assistant Surveyor - Bengali,NSDC,AS007BN,self,2023-01-01T05:30:00+05:30,timestamp,,,,,False,False,https://courses.skillindiadigital.gov.in/api/courses/v1/courses/?page_size=100,live_catalogue_changed_during_pagination;seats_and_certification_not_verified,requires_provider_and_availability_review
course-v1:NSDC+AST-H+2022,Auto Service Technician- Hindi,NSDC,AST-H,instructor,2022-01-01T05:30:00+05:30,timestamp,,,,,False,False,https://courses.skillindiadigital.gov.in/api/courses/v1/courses/?page_size=100,live_catalogue_changed_during_pagination;seats_and_certification_not_verified,requires_provider_and_availability_review
course-v1:NSDC+AST001+2022,Auto Service Technician,NSDC,AST001,instructor,2022-01-01T05:30:00+05:30,timestamp,,,,,False,False,https://courses.skillindiadigital.gov.in/api/courses/v1/courses/?page_size=100,live_catalogue_changed_during_pagination;seats_and_certification_not_verified,requires_provider_and_availability_review
course-v1:NSDC+AST003TE+NSDCASTTE,Auto Service Technician (Four Wheelers) - Telugu,NSDC,AST003TE,instructor,2023-03-01T05:30:00+05:30,timestamp,,,,,False,False,https://courses.skillindiadigital.gov.in/api/courses/v1/courses/?page_size=100,live_catalogue_changed_during_pagination;seats_and_certification_not_verified,requires_provider_and_availability_review
course-v1:NSDC+AST004TA+NSDCASTTA,Auto Service Technician (Four Wheelers) - Tamil,NSDC,AST004TA,instructor,2023-03-01T05:30:00+05:30,timestamp,,,,,False,False,https://courses.skillindiadigital.gov.in/api/courses/v1/courses/?page_size=100,live_catalogue_changed_during_pagination;seats_and_certification_not_verified,requires_provider_and_availability_review
course-v1:NSDC+AST005KD+NSDCASTKD,Auto Service Technician (Four Wheelers) - Kanada,NSDC,AST005KD,instructor,2023-03-01T05:30:00+05:30,timestamp,,,,,False,False,https://courses.skillindiadigital.gov.in/api/courses/v1/courses/?page_size=100,live_catalogue_changed_during_pagination;seats_and_certification_not_verified,requires_provider_and_availability_review
course-v1:NSDC+AST006OR+NSDCASTOR,Auto Service Technician (Four Wheelers) - Oriya,NSDC,AST006OR,instructor,2023-03-01T05:30:00+05:30,timestamp,,,,,False,False,https://courses.skillindiadigital.gov.in/api/courses/v1/courses/?page_size=100,live_catalogue_changed_during_pagination;seats_and_certification_not_verified,requires_provider_and_availability_review
course-v1:NSDC+AST007BN+NSDCASTBN,Auto Service Technician (Four Wheelers) - Bengali,NSDC,AST007BN,instructor,2023-03-01T05:30:00+05:30,timestamp,,,,,False,False,https://courses.skillindiadigital.gov.in/api/courses/v1/courses/?page_size=100,live_catalogue_changed_during_pagination;seats_and_certification_not_verified,requires_provider_and_availability_review
course-v1:NSDC+BBE001+2022,Branch Banking Executive,NSDC,BBE001,instructor,2022-01-01T05:30:00+05:30,timestamp,,,,,False,False,https://courses.skillindiadigital.gov.in/api/courses/v1/courses/?page_size=100,live_catalogue_changed_during_pagination;seats_and_certification_not_verified,requires_provider_and_availability_review
course-v1:NSDC+BBE002HN+NSDCBBEHN,Branch Banking Executive - Hindi,NSDC,BBE002HN,instructor,2030-01-01T05:30:00+05:30,empty,,,,,False,False,https://courses.skillindiadigital.gov.in/api/courses/v1/courses/?page_size=100,live_catalogue_changed_during_pagination;seats_and_certification_not_verified,requires_provider_and_availability_review
course-v1:NSDC+BBE003TE+NSDCBBETE,Branch Banking Executive - Telugu,NSDC,BBE003TE,instructor,2030-01-01T05:30:00+05:30,empty,,,,,False,False,https://courses.skillindiadigital.gov.in/api/courses/v1/courses/?page_size=100,live_catalogue_changed_during_pagination;seats_and_certification_not_verified,requires_provider_and_availability_review
course-v1:NSDC+BBE004TA+NSDCBBETA,Branch Banking Executive - Tamil,NSDC,BBE004TA,instructor,2030-01-01T05:30:00+05:30,empty,,,,,False,False,https://courses.skillindiadigital.gov.in/api/courses/v1/courses/?page_size=100,live_catalogue_changed_during_pagination;seats_and_certification_not_verified,requires_provider_and_availability_review
course-v1:NSDC+BBE005KD+NSDCBBEKD,Branch Banking Executive - Kanada,NSDC,BBE005KD,instructor,2030-01-01T05:30:00+05:30,empty,,,,,False,False,https://courses.skillindiadigital.gov.in/api/courses/v1/courses/?page_size=100,live_catalogue_changed_during_pagination;seats_and_certification_not_verified,requires_provider_and_availability_review
course-v1:NSDC+BBE006OR+NSDCBBEOR,Branch Banking Executive - Oriya,NSDC,BBE006OR,instructor,2030-01-01T05:30:00+05:30,empty,,,,,False,False,https://courses.skillindiadigital.gov.in/api/courses/v1/courses/?page_size=100,live_catalogue_changed_during_pagination;seats_and_certification_not_verified,requires_provider_and_availability_review
course-v1:NSDC+BBE007BN+NSDCBBEBN,Branch Banking Executive - Bengali,NSDC,BBE007BN,instructor,2030-01-01T05:30:00+05:30,empty,,,,,False,False,https://courses.skillindiadigital.gov.in/api/courses/v1/courses/?page_size=100,live_catalogue_changed_during_pagination;seats_and_certification_not_verified,requires_provider_and_availability_review
course-v1:NSDC+BES001+NSDCBES,Introduction to English Skills,NSDC,BES001,instructor,2024-01-03T05:30:00+05:30,timestamp,,,,,False,False,https://courses.skillindiadigital.gov.in/api/courses/v1/courses/?page_size=100,live_catalogue_changed_during_pagination;seats_and_certification_not_verified,requires_provider_and_availability_review
course-v1:NSDC+BPTC001+NSDCBPTC,Introduction to 21st Century Skills,NSDC,BPTC001,instructor,2024-01-03T05:30:00+05:30,timestamp,,,,,False,False,https://courses.skillindiadigital.gov.in/api/courses/v1/courses/?page_size=100,live_catalogue_changed_during_pagination;seats_and_certification_not_verified,requires_provider_and_availability_review
course-v1:NSDC+CCFE01+2022,Certificate Course for Foundation in Education,NSDC,CCFE01,instructor,2022-01-01T05:30:00+05:30,timestamp,,,,,False,False,https://courses.skillindiadigital.gov.in/api/courses/v1/courses/?page_size=100,live_catalogue_changed_during_pagination;seats_and_certification_not_verified,requires_provider_and_availability_review
course-v1:NSDC+CDGS001+NSDCCDGS,Knowing about Career Development and Goal Setting,NSDC,CDGS001,instructor,2024-01-03T05:30:00+05:30,timestamp,,,,,False,False,https://courses.skillindiadigital.gov.in/api/courses/v1/courses/?page_size=100,live_catalogue_changed_during_pagination;seats_and_certification_not_verified,requires_provider_and_availability_review
course-v1:NSDC+CDVBEN+2033,CRM Domestic Voice - Bengali,NSDC,CDVBEN,instructor,2022-03-01T05:30:00+05:30,timestamp,,,,,False,False,https://courses.skillindiadigital.gov.in/api/courses/v1/courses/?page_size=100,live_catalogue_changed_during_pagination;seats_and_certification_not_verified,requires_provider_and_availability_review
course-v1:NSDC+CDVKAN+2033,CRM Domestic Voice - Kanada,NSDC,CDVKAN,instructor,2023-03-01T05:30:00+05:30,timestamp,,,,,False,False,https://courses.skillindiadigital.gov.in/api/courses/v1/courses/?page_size=100,live_catalogue_changed_during_pagination;seats_and_certification_not_verified,requires_provider_and_availability_review
course-v1:NSDC+CDVORI+2033,CRM Domestic Voice - Oriya,NSDC,CDVORI,instructor,2023-03-01T05:30:00+05:30,timestamp,,,,,False,False,https://courses.skillindiadigital.gov.in/api/courses/v1/courses/?page_size=100,live_catalogue_changed_during_pagination;seats_and_certification_not_verified,requires_provider_and_availability_review
course-v1:NSDC+CDWTAM+2033,CRM Domestic Voice - Tamil,NSDC,CDWTAM,instructor,2023-03-01T05:30:00+05:30,timestamp,,,,,False,False,https://courses.skillindiadigital.gov.in/api/courses/v1/courses/?page_size=100,live_catalogue_changed_during_pagination;seats_and_certification_not_verified,requires_provider_and_availability_review
course-v1:NSDC+CDWTEL+2033,CRM Domestic Voice - Telugu,NSDC,CDWTEL,instructor,2023-03-01T05:30:00+05:30,timestamp,,,,,False,False,https://courses.skillindiadigital.gov.in/api/courses/v1/courses/?page_size=100,live_catalogue_changed_during_pagination;seats_and_certification_not_verified,requires_provider_and_availability_review
course-v1:NSDC+CIE001+NSDCCIE,Creating an Inclusive Environment,NSDC,CIE001,instructor,2023-05-01T05:30:00+05:30,timestamp,,,,,False,False,https://courses.skillindiadigital.gov.in/api/courses/v1/courses/?page_size=100,live_catalogue_changed_during_pagination;seats_and_certification_not_verified,requires_provider_and_availability_review
course-v1:NSDC+CMS001+NSDCCMS,Introduction to Communication Skills,NSDC,CMS001,instructor,2024-01-03T05:30:00+05:30,timestamp,,,,,False,False,https://courses.skillindiadigital.gov.in/api/courses/v1/courses/?page_size=100,live_catalogue_changed_during_pagination;seats_and_certification_not_verified,requires_provider_and_availability_review
course-v1:NSDC+CN002+2022,General Assistant - Furniture and Fittings,NSDC,CN002,instructor,2022-06-25T05:30:00+05:30,timestamp,2022-12-01T05:30:00+05:30,,,04:30,False,False,https://courses.skillindiadigital.gov.in/api/courses/v1/courses/?page_size=100,live_catalogue_changed_during_pagination;seats_and_certification_not_verified,requires_provider_and_availability_review
course-v1:NSDC+CN003+2022,Solar Panel Installation Technician,NSDC,CN003,instructor,2021-01-01T05:30:00+05:30,timestamp,2022-12-01T05:30:00+05:30,,,,False,False,https://courses.skillindiadigital.gov.in/api/courses/v1/courses/?page_size=100,live_catalogue_changed_during_pagination;seats_and_certification_not_verified,requires_provider_and_availability_review
course-v1:NSDC+CNCOMT001+2022,CNC Operator Machining Technician (Milling),NSDC,CNCOMT001,instructor,2022-01-01T05:30:00+05:30,timestamp,,,,,False,False,https://courses.skillindiadigital.gov.in/api/courses/v1/courses/?page_size=100,live_catalogue_changed_during_pagination;seats_and_certification_not_verified,requires_provider_and_availability_review
course-v1:NSDC+CNCOMTL001+2022,CNC Operator Machining Technician (Lathe),NSDC,CNCOMTL001,instructor,2022-01-01T05:30:00+05:30,timestamp,,,,,False,False,https://courses.skillindiadigital.gov.in/api/courses/v1/courses/?page_size=100,live_catalogue_changed_during_pagination;seats_and_certification_not_verified,requires_provider_and_availability_review
course-v1:NSDC+CNCOMTL002+2022,CNC Operator Machining Technician (Lathe) Hindi,NSDC,CNCOMTL002,instructor,2022-01-01T05:30:00+05:30,timestamp,,,,,False,False,https://courses.skillindiadigital.gov.in/api/courses/v1/courses/?page_size=100,live_catalogue_changed_during_pagination;seats_and_certification_not_verified,requires_provider_and_availability_review
course-v1:NSDC+CNCOMTM003EN+NSDCCNCOMTMEN,CNC Operator / Machining Technician (Milling),NSDC,CNCOMTM003EN,instructor,2030-01-01T05:30:00+05:30,empty,,,,,False,False,https://courses.skillindiadigital.gov.in/api/courses/v1/courses/?page_size=100,live_catalogue_changed_during_pagination;seats_and_certification_not_verified,requires_provider_and_availability_review
course-v1:NSDC+CNCOMTMH002+2022,CNC Operator Machining Technician (Milling) (Hindi),NSDC,CNCOMTMH002,instructor,2022-01-01T05:30:00+05:30,timestamp,,,,,False,False,https://courses.skillindiadigital.gov.in/api/courses/v1/courses/?page_size=100,live_catalogue_changed_during_pagination;seats_and_certification_not_verified,requires_provider_and_availability_review
course-v1:NSDC+COMT002EN+NSDCCOMTEN,CNC Operator / Machining Technician (Lathe),NSDC,COMT002EN,instructor,2030-01-01T05:30:00+05:30,empty,,,,,False,False,https://courses.skillindiadigital.gov.in/api/courses/v1/courses/?page_size=100,live_catalogue_changed_during_pagination;seats_and_certification_not_verified,requires_provider_and_availability_review
course-v1:NSDC+COMT003EN+NSDCCOMTEN,CNC Operator / Machining Technician (Lathe),NSDC,COMT003EN,instructor,2023-03-01T05:30:00+05:30,timestamp,,,,,False,False,https://courses.skillindiadigital.gov.in/api/courses/v1/courses/?page_size=100,live_catalogue_changed_during_pagination;seats_and_certification_not_verified,requires_provider_and_availability_review
course-v1:NSDC+COMT004TE+NSDCCOMTTE,CNC Operator / Machining Technician (Lathe) - Telugu,NSDC,COMT004TE,instructor,2023-03-01T05:30:00+05:30,timestamp,,,,,False,False,https://courses.skillindiadigital.gov.in/api/courses/v1/courses/?page_size=100,live_catalogue_changed_during_pagination;seats_and_certification_not_verified,requires_provider_and_availability_review
course-v1:NSDC+COMT005TA+NSDCCOMTTA,CNC Operator / Machining Technician (Lathe) - Tamil,NSDC,COMT005TA,instructor,2023-01-01T05:30:00+05:30,timestamp,,,,,False,False,https://courses.skillindiadigital.gov.in/api/courses/v1/courses/?page_size=100,live_catalogue_changed_during_pagination;seats_and_certification_not_verified,requires_provider_and_availability_review
course-v1:NSDC+COMT006KD+NSDCCOMTKD,CNC Operator / Machining Technician (Lathe) - Kanada,NSDC,COMT006KD,instructor,2023-01-01T05:30:00+05:30,timestamp,,,,,False,False,https://courses.skillindiadigital.gov.in/api/courses/v1/courses/?page_size=100,live_catalogue_changed_during_pagination;seats_and_certification_not_verified,requires_provider_and_availability_review
course-v1:NSDC+COMT007OR+NSDCCOMTOR,CNC Operator / Machining Technician (Lathe) - Oriya,NSDC,COMT007OR,instructor,2023-01-01T05:30:00+05:30,timestamp,,,,,False,False,https://courses.skillindiadigital.gov.in/api/courses/v1/courses/?page_size=100,live_catalogue_changed_during_pagination;seats_and_certification_not_verified,requires_provider_and_availability_review
course-v1:NSDC+COMT008BN+NSDCCOMTBN,CNC Operator / Machining Technician (Lathe) - Bengali,NSDC,COMT008BN,instructor,2023-01-01T05:30:00+05:30,timestamp,,,,,False,False,https://courses.skillindiadigital.gov.in/api/courses/v1/courses/?page_size=100,live_catalogue_changed_during_pagination;seats_and_certification_not_verified,requires_provider_and_availability_review
course-v1:NSDC+COMTM002EN+NSDCCOMTMEN,CNC Operator / Machining Technician (Milling),NSDC,COMTM002EN,instructor,2030-01-01T05:30:00+05:30,empty,,,,,False,False,https://courses.skillindiadigital.gov.in/api/courses/v1/courses/?page_size=100,live_catalogue_changed_during_pagination;seats_and_certification_not_verified,requires_provider_and_availability_review
course-v1:NSDC+COMTM002EN+NSDCENCOMTM,CNC Operator / Machining Technician (Milling),NSDC,COMTM002EN,instructor,2030-01-01T05:30:00+05:30,empty,,,,,False,False,https://courses.skillindiadigital.gov.in/api/courses/v1/courses/?page_size=100,live_catalogue_changed_during_pagination;seats_and_certification_not_verified,requires_provider_and_availability_review
course-v1:NSDC+COMTM003EN+NSDCCOMTMEN,CNC Operator / Machining Technician (Milling),NSDC,COMTM003EN,instructor,2030-01-01T05:30:00+05:30,empty,,,,,False,False,https://courses.skillindiadigital.gov.in/api/courses/v1/courses/?page_size=100,live_catalogue_changed_during_pagination;seats_and_certification_not_verified,requires_provider_and_availability_review
course-v1:NSDC+COMTM003TE+NSDCTECOMTM,CNC Operator / Machining Technician (Milling) - Telugu,NSDC,COMTM003TE,instructor,2023-03-01T05:30:00+05:30,timestamp,,,,,False,False,https://courses.skillindiadigital.gov.in/api/courses/v1/courses/?page_size=100,live_catalogue_changed_during_pagination;seats_and_certification_not_verified,requires_provider_and_availability_review
course-v1:NSDC+COMTM004TA+NSDCTACOMTM,CNC Operator / Machining Technician (Milling) - Tamil,NSDC,COMTM004TA,instructor,2023-03-01T05:30:00+05:30,timestamp,,,,,False,False,https://courses.skillindiadigital.gov.in/api/courses/v1/courses/?page_size=100,live_catalogue_changed_during_pagination;seats_and_certification_not_verified,requires_provider_and_availability_review
course-v1:NSDC+COMTM005KD+NSDCKDCOMTM,CNC Operator / Machining Technician (Milling) - Kanada,NSDC,COMTM005KD,instructor,2023-03-01T05:30:00+05:30,timestamp,,,,,False,False,https://courses.skillindiadigital.gov.in/api/courses/v1/courses/?page_size=100,live_catalogue_changed_during_pagination;seats_and_certification_not_verified,requires_provider_and_availability_review
course-v1:NSDC+COMTM006OR+NSDCORCOMTM,CNC Operator / Machining Technician (Milling) - Oriya,NSDC,COMTM006OR,instructor,2023-01-01T05:30:00+05:30,timestamp,,,,,False,False,https://courses.skillindiadigital.gov.in/api/courses/v1/courses/?page_size=100,live_catalogue_changed_during_pagination;seats_and_certification_not_verified,requires_provider_and_availability_review
course-v1:NSDC+COMTM007BN+NSDCBNCOMTM,CNC Operator / Machining Technician (Milling) - Bengali,NSDC,COMTM007BN,instructor,2023-03-01T05:30:00+05:30,timestamp,,,,,False,False,https://courses.skillindiadigital.gov.in/api/courses/v1/courses/?page_size=100,live_catalogue_changed_during_pagination;seats_and_certification_not_verified,requires_provider_and_availability_review
course-v1:NSDC+COMTM008BN+NSDCBNCOMTM,CNC Operator / Machining Technician (Milling) - Bengali,NSDC,COMTM008BN,instructor,2030-01-01T05:30:00+05:30,empty,,,,,False,False,https://courses.skillindiadigital.gov.in/api/courses/v1/courses/?page_size=100,live_catalogue_changed_during_pagination;seats_and_certification_not_verified,requires_provider_and_availability_review
course-v1:NSDC+CRMDV-H+2022,CRM Domestic Voice- Hindi,NSDC,CRMDV-H,instructor,2022-01-01T05:30:00+05:30,timestamp,,,,,False,False,https://courses.skillindiadigital.gov.in/api/courses/v1/courses/?page_size=100,live_catalogue_changed_during_pagination;seats_and_certification_not_verified,requires_provider_and_availability_review
course-v1:NSDC+CRMDV001+2022,CRM Domestic Voice,NSDC,CRMDV001,instructor,2022-01-01T05:30:00+05:30,timestamp,,,,,False,False,https://courses.skillindiadigital.gov.in/api/courses/v1/courses/?page_size=100,live_catalogue_changed_during_pagination;seats_and_certification_not_verified,requires_provider_and_availability_review
course-v1:NSDC+CSE001+NSDCCSE,Understanding the Customer Services,NSDC,CSE001,instructor,2024-01-03T05:30:00+05:30,timestamp,,,,,False,False,https://courses.skillindiadigital.gov.in/api/courses/v1/courses/?page_size=100,live_catalogue_changed_during_pagination;seats_and_certification_not_verified,requires_provider_and_availability_review
course-v1:NSDC+CVC001+NSDCCVC,Understanding the Constitutional Values – Citizenship,NSDC,CVC001,instructor,2024-01-03T05:30:00+05:30,timestamp,,,,,False,False,https://courses.skillindiadigital.gov.in/api/courses/v1/courses/?page_size=100,live_catalogue_changed_during_pagination;seats_and_certification_not_verified,requires_provider_and_availability_review
course-v1:NSDC+CWF-H+2022,Carpenter Wooden Furniture- Hindi,NSDC,CWF-H,instructor,2022-01-01T05:30:00+05:30,timestamp,,,,,False,False,https://courses.skillindiadigital.gov.in/api/courses/v1/courses/?page_size=100,live_catalogue_changed_during_pagination;seats_and_certification_not_verified,requires_provider_and_availability_review
course-v1:NSDC+CWF001+2022,Carpenter Wooden Furniture,NSDC,CWF001,instructor,2022-01-01T05:30:00+05:30,timestamp,,,,,False,False,https://courses.skillindiadigital.gov.in/api/courses/v1/courses/?page_size=100,live_catalogue_changed_during_pagination;seats_and_certification_not_verified,requires_provider_and_availability_review
course-v1:NSDC+CWFBEN+2033,Carpenter Wooden Furniture - Bengali,NSDC,CWFBEN,instructor,2023-03-01T05:30:00+05:30,timestamp,,,,,False,False,https://courses.skillindiadigital.gov.in/api/courses/v1/courses/?page_size=100,live_catalogue_changed_during_pagination;seats_and_certification_not_verified,requires_provider_and_availability_review
course-v1:NSDC+CWFKAN+2033,Carpenter Wooden Furniture - Kanada,NSDC,CWFKAN,instructor,2023-03-01T05:30:00+05:30,timestamp,,,,,False,False,https://courses.skillindiadigital.gov.in/api/courses/v1/courses/?page_size=100,live_catalogue_changed_during_pagination;seats_and_certification_not_verified,requires_provider_and_availability_review
course-v1:NSDC+CWFORI+2033,Carpenter Wooden Furniture - Oriya,NSDC,CWFORI,instructor,2023-03-01T05:30:00+05:30,timestamp,,,,,False,False,https://courses.skillindiadigital.gov.in/api/courses/v1/courses/?page_size=100,live_catalogue_changed_during_pagination;seats_and_certification_not_verified,requires_provider_and_availability_review
course-v1:NSDC+CWFTAM+2033,Carpenter Wooden Furniture - Tamil,NSDC,CWFTAM,instructor,2023-03-01T05:30:00+05:30,timestamp,,,,,False,False,https://courses.skillindiadigital.gov.in/api/courses/v1/courses/?page_size=100,live_catalogue_changed_during_pagination;seats_and_certification_not_verified,requires_provider_and_availability_review
course-v1:NSDC+CWFTEL+2033,Carpenter Wooden Furniture - Telugu,NSDC,CWFTEL,instructor,2023-03-01T05:30:00+05:30,timestamp,,,,,False,False,https://courses.skillindiadigital.gov.in/api/courses/v1/courses/?page_size=100,live_catalogue_changed_during_pagination;seats_and_certification_not_verified,requires_provider_and_availability_review
course-v1:NSDC+DI001+NSDCDI,Diversity and Inclusion,NSDC,DI001,instructor,2024-01-03T05:30:00+05:30,timestamp,,,,,False,False,https://courses.skillindiadigital.gov.in/api/courses/v1/courses/?page_size=100,live_catalogue_changed_during_pagination;seats_and_certification_not_verified,requires_provider_and_availability_review
course-v1:nsdc+DPO-E+2022,Desktop publishing operator - Hindi,nsdc,DPO-E,instructor,2023-03-01T05:30:00+05:30,timestamp,,,,,False,False,https://courses.skillindiadigital.gov.in/api/courses/v1/courses/?page_size=100,live_catalogue_changed_during_pagination;seats_and_certification_not_verified,requires_provider_and_availability_review
course-v1:nsdc+DPO-H+2022,Desktop publishing operator,nsdc,DPO-H,instructor,2022-01-01T05:30:00+05:30,timestamp,,,,,False,False,https://courses.skillindiadigital.gov.in/api/courses/v1/courses/?page_size=100,live_catalogue_changed_during_pagination;seats_and_certification_not_verified,requires_provider_and_availability_review
course-v1:NSDC+DPOBEN+2033,Desktop Publishing Operator - Bengali,NSDC,DPOBEN,instructor,2023-03-01T05:30:00+05:30,timestamp,,,,,False,False,https://courses.skillindiadigital.gov.in/api/courses/v1/courses/?page_size=100,live_catalogue_changed_during_pagination;seats_and_certification_not_verified,requires_provider_and_availability_review
course-v1:NSDC+DPOKAN+2033,Desktop Publishing Operator - Kanada,NSDC,DPOKAN,instructor,2023-03-01T05:30:00+05:30,timestamp,,,,,False,False,https://courses.skillindiadigital.gov.in/api/courses/v1/courses/?page_size=100,live_catalogue_changed_during_pagination;seats_and_certification_not_verified,requires_provider_and_availability_review
course-v1:NSDC+DPOORI+2033,Desktop Publishing Operator - Oriya,NSDC,DPOORI,instructor,2023-03-01T05:30:00+05:30,timestamp,,,,,False,False,https://courses.skillindiadigital.gov.in/api/courses/v1/courses/?page_size=100,live_catalogue_changed_during_pagination;seats_and_certification_not_verified,requires_provider_and_availability_review
course-v1:NSDC+DPOTAM+2033,Desktop Publishing Operator - Tamil,NSDC,DPOTAM,instructor,2023-03-01T05:30:00+05:30,timestamp,,,,,False,False,https://courses.skillindiadigital.gov.in/api/courses/v1/courses/?page_size=100,live_catalogue_changed_during_pagination;seats_and_certification_not_verified,requires_provider_and_availability_review
course-v1:NSDC+DPOTEL+2033,Desktop Publishing Operator - Telugu,NSDC,DPOTEL,instructor,2023-03-01T05:30:00+05:30,timestamp,,,,,False,False,https://courses.skillindiadigital.gov.in/api/courses/v1/courses/?page_size=100,live_catalogue_changed_during_pagination;seats_and_certification_not_verified,requires_provider_and_availability_review
course-v1:NSDC+EC001+NSDCEC,Effective Communication,NSDC,EC001,instructor,2023-05-01T05:30:00+05:30,timestamp,,,,,False,False,https://courses.skillindiadigital.gov.in/api/courses/v1/courses/?page_size=100,live_catalogue_changed_during_pagination;seats_and_certification_not_verified,requires_provider_and_availability_review
course-v1:NSDC+EDS001+NSDCEDS,Introduction to Digital Skills,NSDC,EDS001,instructor,2024-01-03T05:30:00+05:30,timestamp,,,,,False,False,https://courses.skillindiadigital.gov.in/api/courses/v1/courses/?page_size=100,live_catalogue_changed_during_pagination;seats_and_certification_not_verified,requires_provider_and_availability_review
course-v1:NSDC+EFOHA001+NSDCEFOHA,"Electronics - Field Technician – Other Home Appliances (ELE/Q3104, V1.0)",Electronics-SSC,EFOHA001,instructor,2023-07-01T05:30:00+05:30,timestamp,,,,,False,False,https://courses.skillindiadigital.gov.in/api/courses/v1/courses/?page_size=100,live_catalogue_changed_during_pagination;seats_and_certification_not_verified,requires_provider_and_availability_review
course-v1:NSDC+EPS001+NSDCEPS,Introduction to Entrepreneurship Skills,NSDC,EPS001,instructor,2024-01-08T05:30:00+05:30,timestamp,,,,,False,False,https://courses.skillindiadigital.gov.in/api/courses/v1/courses/?page_size=100,live_catalogue_changed_during_pagination;seats_and_certification_not_verified,requires_provider_and_availability_review
course-v1:NSDC+ESTC001+NSDCESTC,Employability Skills Trainer Course,NSDC,ESTC001,instructor,2023-01-01T05:30:00+05:30,timestamp,,,,,False,False,https://courses.skillindiadigital.gov.in/api/courses/v1/courses/?page_size=100,live_catalogue_changed_during_pagination;seats_and_certification_not_verified,requires_provider_and_availability_review
course-v1:NSDC+FALL001+NSDCFALL,Introduction to Financial And Legal Literacy,NSDC,FALL001,instructor,2024-01-03T05:30:00+05:30,timestamp,,,,,False,False,https://courses.skillindiadigital.gov.in/api/courses/v1/courses/?page_size=100,live_catalogue_changed_during_pagination;seats_and_certification_not_verified,requires_provider_and_availability_review
course-v1:NSDC+FBH002+2022,Food & Beverage Steward - Hindi,NSDC,FBH002,instructor,2022-01-01T05:30:00+05:30,timestamp,,,,,False,False,https://courses.skillindiadigital.gov.in/api/courses/v1/courses/?page_size=100,live_catalogue_changed_during_pagination;seats_and_certification_not_verified,requires_provider_and_availability_review
course-v1:NSDC+FBS001+2022,Food & Beverage Steward,NSDC,FBS001,instructor,2022-01-01T05:30:00+05:30,timestamp,,,,,False,False,https://courses.skillindiadigital.gov.in/api/courses/v1/courses/?page_size=100,live_catalogue_changed_during_pagination;seats_and_certification_not_verified,requires_provider_and_availability_review
course-v1:NSDC+FDS003TE+NSDCFDSTE,Food & Beverage Steward - Telugu,NSDC,FDS003TE,instructor,2023-03-01T05:30:00+05:30,timestamp,,,,,False,False,https://courses.skillindiadigital.gov.in/api/courses/v1/courses/?page_size=100,live_catalogue_changed_during_pagination;seats_and_certification_not_verified,requires_provider_and_availability_review
course-v1:NSDC+FDS004TA+NSDCFDSTA,Food & Beverage Steward - Tamil,NSDC,FDS004TA,instructor,2023-03-01T05:30:00+05:30,timestamp,,,,,False,False,https://courses.skillindiadigital.gov.in/api/courses/v1/courses/?page_size=100,live_catalogue_changed_during_pagination;seats_and_certification_not_verified,requires_provider_and_availability_review
course-v1:NSDC+FDS005KD+NSDCFDSKD,Food & Beverage Steward - Kanada,NSDC,FDS005KD,instructor,2023-03-01T05:30:00+05:30,timestamp,,,,,False,False,https://courses.skillindiadigital.gov.in/api/courses/v1/courses/?page_size=100,live_catalogue_changed_during_pagination;seats_and_certification_not_verified,requires_provider_and_availability_review
course-v1:NSDC+FDS006OR+NSDCFDSOR,Food & Beverage Steward - Oriya,NSDC,FDS006OR,instructor,2023-01-01T05:30:00+05:30,timestamp,,,,,False,False,https://courses.skillindiadigital.gov.in/api/courses/v1/courses/?page_size=100,live_catalogue_changed_during_pagination;seats_and_certification_not_verified,requires_provider_and_availability_review
course-v1:NSDC+FDS007BN+NSDCFDSBN,Food & Beverage Steward - Bengali,NSDC,FDS007BN,instructor,2023-01-01T05:30:00+05:30,timestamp,,,,,False,False,https://courses.skillindiadigital.gov.in/api/courses/v1/courses/?page_size=100,live_catalogue_changed_during_pagination;seats_and_certification_not_verified,requires_provider_and_availability_review
course-v1:NSDC+FTAC01+2022,Field Technician - AC,NSDC,FTAC01,instructor,2022-01-01T05:30:00+05:30,timestamp,,,,,False,False,https://courses.skillindiadigital.gov.in/api/courses/v1/courses/?page_size=100,live_catalogue_changed_during_pagination;seats_and_certification_not_verified,requires_provider_and_availability_review
course-v1:NSDC+FTAC02+2022,Field Technician - AC (Hindi),NSDC,FTAC02,instructor,2022-01-01T05:30:00+05:30,timestamp,,,,,False,False,https://courses.skillindiadigital.gov.in/api/courses/v1/courses/?page_size=100,live_catalogue_changed_during_pagination;seats_and_certification_not_verified,requires_provider_and_availability_review
course-v1:NSDC+FTCP-H+2022,Field Technician-Computing and Peripherals-Hindi,NSDC,FTCP-H,instructor,2022-01-01T05:30:00+05:30,timestamp,,,,,False,False,https://courses.skillindiadigital.gov.in/api/courses/v1/courses/?page_size=100,live_catalogue_changed_during_pagination;seats_and_certification_not_verified,requires_provider_and_availability_review
course-v1:NSDC+FTCP001+2022,Field Technician – Computing and Peripherals,NSDC,FTCP001,instructor,2022-01-01T05:30:00+05:30,timestamp,,,,,False,False,https://courses.skillindiadigital.gov.in/api/courses/v1/courses/?page_size=100,live_catalogue_changed_during_pagination;seats_and_certification_not_verified,requires_provider_and_availability_review
course-v1:NSDC+FTCPBEN+2033,Field Technician – Computing and Peripherals - Bengali,NSDC,FTCPBEN,instructor,2023-03-01T05:30:00+05:30,timestamp,,,,,False,False,https://courses.skillindiadigital.gov.in/api/courses/v1/courses/?page_size=100,live_catalogue_changed_during_pagination;seats_and_certification_not_verified,requires_provider_and_availability_review
course-v1:NSDC+FTCPKAN+2033,Field Technician – Computing and Peripherals - Kanada,NSDC,FTCPKAN,instructor,2023-03-01T05:30:00+05:30,timestamp,,,,,False,False,https://courses.skillindiadigital.gov.in/api/courses/v1/courses/?page_size=100,live_catalogue_changed_during_pagination;seats_and_certification_not_verified,requires_provider_and_availability_review
course-v1:NSDC+FTCPORI+2033,Field Technician – Computing and Peripherals - Oriya,NSDC,FTCPORI,instructor,2023-03-01T05:30:00+05:30,timestamp,,,,,False,False,https://courses.skillindiadigital.gov.in/api/courses/v1/courses/?page_size=100,live_catalogue_changed_during_pagination;seats_and_certification_not_verified,requires_provider_and_availability_review
course-v1:NSDC+FTCPTAM+2033,Field Technician – Computing and Peripherals - Tamil,NSDC,FTCPTAM,instructor,2023-03-01T05:30:00+05:30,timestamp,,,,,False,False,https://courses.skillindiadigital.gov.in/api/courses/v1/courses/?page_size=100,live_catalogue_changed_during_pagination;seats_and_certification_not_verified,requires_provider_and_availability_review
course-v1:NSDC+FTCPTEL+2033,Field Technician – Computing and Peripherals - Telugu,NSDC,FTCPTEL,instructor,2023-03-01T05:30:00+05:30,timestamp,,,,,False,False,https://courses.skillindiadigital.gov.in/api/courses/v1/courses/?page_size=100,live_catalogue_changed_during_pagination;seats_and_certification_not_verified,requires_provider_and_availability_review
course-v1:NSDC+GDA003TE+NSDCGDATE,GENERAL DUTY ASSISTANT - Telugu,NSDC,GDA003TE,instructor,2023-03-01T05:30:00+05:30,timestamp,,,,,False,False,https://courses.skillindiadigital.gov.in/api/courses/v1/courses/?page_size=100,live_catalogue_changed_during_pagination;seats_and_certification_not_verified,requires_provider_and_availability_review
course-v1:NSDC+GDA004TA+NSDCGDATA,GENERAL DUTY ASSISTANT - Tamil,NSDC,GDA004TA,instructor,2023-03-01T05:30:00+05:30,timestamp,,,,,False,False,https://courses.skillindiadigital.gov.in/api/courses/v1/courses/?page_size=100,live_catalogue_changed_during_pagination;seats_and_certification_not_verified,requires_provider_and_availability_review
course-v1:NSDC+GDA005KD+NSDCGDAKD,GENERAL DUTY ASSISTANT - Kanada,NSDC,GDA005KD,instructor,2023-03-01T05:30:00+05:30,timestamp,,,,,False,False,https://courses.skillindiadigital.gov.in/api/courses/v1/courses/?page_size=100,live_catalogue_changed_during_pagination;seats_and_certification_not_verified,requires_provider_and_availability_review
course-v1:NSDC+GDA006OR+NSDCGDAOR,General Duty Assistant - Oriya,NSDC,GDA006OR,instructor,2023-03-01T05:30:00+05:30,timestamp,,,,,False,False,https://courses.skillindiadigital.gov.in/api/courses/v1/courses/?page_size=100,live_catalogue_changed_during_pagination;seats_and_certification_not_verified,requires_provider_and_availability_review
course-v1:NSDC+GDA007BN+NSDCGDABN,GENERAL DUTY ASSISTANT - Bengali,NSDC,GDA007BN,instructor,2030-01-01T05:30:00+05:30,empty,,,,,False,False,https://courses.skillindiadigital.gov.in/api/courses/v1/courses/?page_size=100,live_catalogue_changed_during_pagination;seats_and_certification_not_verified,requires_provider_and_availability_review
course-v1:NSDC+GDA008BN+NSDCGDABN,GENERAL DUTY ASSISTANT - Bengali,NSDC,GDA008BN,instructor,2030-01-01T05:30:00+05:30,empty,,,,,False,False,https://courses.skillindiadigital.gov.in/api/courses/v1/courses/?page_size=100,live_catalogue_changed_during_pagination;seats_and_certification_not_verified,requires_provider_and_availability_review
course-v1:NSDC+GDA01+2022,General Duty Assistant,NSDC,GDA01,instructor,2022-01-01T05:30:00+05:30,timestamp,,,,,False,False,https://courses.skillindiadigital.gov.in/api/courses/v1/courses/?page_size=100,live_catalogue_changed_during_pagination;seats_and_certification_not_verified,requires_provider_and_availability_review
course-v1:NSDC+GDA02+2022,General Duty Assistant (Hindi),NSDC,GDA02,instructor,2022-01-01T05:30:00+05:30,timestamp,,,,,False,False,https://courses.skillindiadigital.gov.in/api/courses/v1/courses/?page_size=100,live_catalogue_changed_during_pagination;seats_and_certification_not_verified,requires_provider_and_availability_review
course-v1:NSDC+GRFAJ+NSDCGRFAJ,Prepare for Apprenticeships and Jobs,NSDC,GRFAJ,instructor,2024-01-08T05:30:00+05:30,timestamp,,,,,False,False,https://courses.skillindiadigital.gov.in/api/courses/v1/courses/?page_size=100,live_catalogue_changed_during_pagination;seats_and_certification_not_verified,requires_provider_and_availability_review
course-v1:NSDC+HBBSF-H+2022,Helper Bar Bender & Steel Fixer- Hindi,NSDC,HBBSF-H,instructor,2022-01-01T05:30:00+05:30,timestamp,,,,,False,False,https://courses.skillindiadigital.gov.in/api/courses/v1/courses/?page_size=100,live_catalogue_changed_during_pagination;seats_and_certification_not_verified,requires_provider_and_availability_review
course-v1:NSDC+HSC01+2022,Helper Shuttering Carpenter,NSDC,HSC01,instructor,2023-03-01T05:30:00+05:30,timestamp,,,,,False,False,https://courses.skillindiadigital.gov.in/api/courses/v1/courses/?page_size=100,live_catalogue_changed_during_pagination;seats_and_certification_not_verified,requires_provider_and_availability_review
course-v1:NSDC+HSC02+2022,Helper Shuttering Carpenter (Hindi),NSDC,HSC02,instructor,2022-01-01T05:30:00+05:30,timestamp,,,,,False,False,https://courses.skillindiadigital.gov.in/api/courses/v1/courses/?page_size=100,live_catalogue_changed_during_pagination;seats_and_certification_not_verified,requires_provider_and_availability_review
course-v1:NSDC+IBPO+2022,International BPO Agent,NSDC,IBPO,instructor,2022-01-01T05:30:00+05:30,timestamp,,,,,False,False,https://courses.skillindiadigital.gov.in/api/courses/v1/courses/?page_size=100,live_catalogue_changed_during_pagination;seats_and_certification_not_verified,requires_provider_and_availability_review
course-v1:NSDC+ID001+NSDCID,Intellectual Disability,NSDC,ID001,instructor,2023-05-01T05:30:00+05:30,timestamp,,,,,False,False,https://courses.skillindiadigital.gov.in/api/courses/v1/courses/?page_size=100,live_catalogue_changed_during_pagination;seats_and_certification_not_verified,requires_provider_and_availability_review
course-v1:NSDC+IE001+NSDCIE,Inclusive Employment,NSDC,IE001,instructor,2023-05-01T05:30:00+05:30,timestamp,,,,,False,False,https://courses.skillindiadigital.gov.in/api/courses/v1/courses/?page_size=100,live_catalogue_changed_during_pagination;seats_and_certification_not_verified,requires_provider_and_availability_review
course-v1:NSDC+IES001+NSDCIES,Introduction to Employability Skills,NSDC,IES001,instructor,2024-01-03T05:30:00+05:30,timestamp,,,,,False,False,https://courses.skillindiadigital.gov.in/api/courses/v1/courses/?page_size=100,live_catalogue_changed_during_pagination;seats_and_certification_not_verified,requires_provider_and_availability_review
course-v1:NSDC+IL001+NSDCIL,Inclusive Learning,NSDC,IL001,instructor,2023-05-01T05:30:00+05:30,timestamp,,,,,False,False,https://courses.skillindiadigital.gov.in/api/courses/v1/courses/?page_size=100,live_catalogue_changed_during_pagination;seats_and_certification_not_verified,requires_provider_and_availability_review
course-v1:NSDC+IPTM001+NSDCIPTM,Installation of POS terminal Machine,NSDC,IPTM001,instructor,2023-01-01T05:30:00+05:30,timestamp,,,,,False,False,https://courses.skillindiadigital.gov.in/api/courses/v1/courses/?page_size=100,live_catalogue_changed_during_pagination;seats_and_certification_not_verified,requires_provider_and_availability_review
course-v1:nsdc+JSD-E+2022,Junior software developer- English,nsdc,JSD-E,instructor,2022-01-01T05:30:00+05:30,timestamp,,,,,False,False,https://courses.skillindiadigital.gov.in/api/courses/v1/courses/?page_size=100,live_catalogue_changed_during_pagination;seats_and_certification_not_verified,requires_provider_and_availability_review
course-v1:NSDC+MFA01+2022,Mutual Funds Agent,NSDC,MFA01,instructor,2022-01-01T05:30:00+05:30,timestamp,,,,,False,False,https://courses.skillindiadigital.gov.in/api/courses/v1/courses/?page_size=100,live_catalogue_changed_during_pagination;seats_and_certification_not_verified,requires_provider_and_availability_review
course-v1:NSDC+MTL001+NSDCMTLKN,Machining Technician Lathe -Kannada,NSDC,MTL001,instructor,2023-03-01T05:30:00+05:30,timestamp,,,,,False,False,https://courses.skillindiadigital.gov.in/api/courses/v1/courses/?page_size=100,live_catalogue_changed_during_pagination;seats_and_certification_not_verified,requires_provider_and_availability_review
course-v1:NSDC+MTL002+NSDCMTLTA,Machining Technician Lathe -Tamil,NSDC,MTL002,instructor,2023-03-01T05:30:00+05:30,timestamp,,,,,False,False,https://courses.skillindiadigital.gov.in/api/courses/v1/courses/?page_size=100,live_catalogue_changed_during_pagination;seats_and_certification_not_verified,requires_provider_and_availability_review
course-v1:NSDC+MTL003TE+NSDCMTLTE,Machining Technician Lathe -Telugu,NSDC,MTL003TE,instructor,2023-03-01T05:30:00+05:30,timestamp,,,,,False,False,https://courses.skillindiadigital.gov.in/api/courses/v1/courses/?page_size=100,live_catalogue_changed_during_pagination;seats_and_certification_not_verified,requires_provider_and_availability_review
course-v1:NSDC+MTM001+NSDCMTMKN,Machining Technician (Milling) - Kanada,NSDC,MTM001,instructor,2023-03-01T05:30:00+05:30,timestamp,,,,,False,False,https://courses.skillindiadigital.gov.in/api/courses/v1/courses/?page_size=100,live_catalogue_changed_during_pagination;seats_and_certification_not_verified,requires_provider_and_availability_review
course-v1:NSDC+MTM002TA+NSDCMTMTA,Machining Technician (milling) -Tamil,NSDC,MTM002TA,instructor,2023-03-01T05:30:00+05:30,timestamp,,,,,False,False,https://courses.skillindiadigital.gov.in/api/courses/v1/courses/?page_size=100,live_catalogue_changed_during_pagination;seats_and_certification_not_verified,requires_provider_and_availability_review
course-v1:NSDC+MTM003TE+NSDCMTMTE,Machining Technician (milling) -Telugu,NSDC,MTM003TE,instructor,2023-03-01T05:30:00+05:30,timestamp,,,,,False,False,https://courses.skillindiadigital.gov.in/api/courses/v1/courses/?page_size=100,live_catalogue_changed_during_pagination;seats_and_certification_not_verified,requires_provider_and_availability_review
course-v1:NSDC+NSDCASE001HN+NSDCASEHN,Assistant Electrician - Hindi,NSDC,NSDCASE001HN,instructor,2030-01-01T05:30:00+05:30,empty,,,,,False,False,https://courses.skillindiadigital.gov.in/api/courses/v1/courses/?page_size=100,live_catalogue_changed_during_pagination;seats_and_certification_not_verified,requires_provider_and_availability_review
course-v1:NSDC+NSDCASE002TL+NSDCASETL,Assistant Electrician - Telugu,NSDC,NSDCASE002TL,instructor,2023-03-01T05:30:00+05:30,timestamp,,,,,False,False,https://courses.skillindiadigital.gov.in/api/courses/v1/courses/?page_size=100,live_catalogue_changed_during_pagination;seats_and_certification_not_verified,requires_provider_and_availability_review
course-v1:NSDC+NSDCASE003KN+NSDCASEKN,Assistant Electrician - Kanada,NSDC,NSDCASE003KN,instructor,2023-03-01T05:30:00+05:30,timestamp,,,,,False,False,https://courses.skillindiadigital.gov.in/api/courses/v1/courses/?page_size=100,live_catalogue_changed_during_pagination;seats_and_certification_not_verified,requires_provider_and_availability_review
course-v1:NSDC+NSDCASE003TM+BSDCASETM,Assistant Electrician - Tamil,NSDC,NSDCASE003TM,instructor,2023-03-01T05:30:00+05:30,timestamp,,,,,False,False,https://courses.skillindiadigital.gov.in/api/courses/v1/courses/?page_size=100,live_catalogue_changed_during_pagination;seats_and_certification_not_verified,requires_provider_and_availability_review
course-v1:NSDC+NSDCASE004OR+NSDCASEOR,Assistant Electrician - Oriya,NSDC,NSDCASE004OR,instructor,2023-03-01T05:30:00+05:30,timestamp,,,,,False,False,https://courses.skillindiadigital.gov.in/api/courses/v1/courses/?page_size=100,live_catalogue_changed_during_pagination;seats_and_certification_not_verified,requires_provider_and_availability_review
course-v1:NSDC+NSDCASE005BEN+NSDCASEBEN,Assistant Electrician - Bengali,NSDC,NSDCASE005BEN,instructor,2023-03-01T05:30:00+05:30,timestamp,,,,,False,False,https://courses.skillindiadigital.gov.in/api/courses/v1/courses/?page_size=100,live_catalogue_changed_during_pagination;seats_and_certification_not_verified,requires_provider_and_availability_review
course-v1:NSDC+NSDCCCFE001EN+NSDCCCFEEN,Certificate course for Foundation in Education,NSDC,NSDCCCFE001EN,instructor,2023-03-01T05:30:00+05:30,timestamp,,,,,False,False,https://courses.skillindiadigital.gov.in/api/courses/v1/courses/?page_size=100,live_catalogue_changed_during_pagination;seats_and_certification_not_verified,requires_provider_and_availability_review
course-v1:NSDC+NSDCCCFE002HN+NSDCCCFEHN,Certificate course for Foundation in Education - Hindi,NSDC,NSDCCCFE002HN,instructor,2030-01-01T05:30:00+05:30,empty,,,,,False,False,https://courses.skillindiadigital.gov.in/api/courses/v1/courses/?page_size=100,live_catalogue_changed_during_pagination;seats_and_certification_not_verified,requires_provider_and_availability_review
course-v1:NSDC+NSDCCCFE003TL+NSDCCCFETL,Certificate course for Foundation in Education - Telugu,NSDC,NSDCCCFE003TL,instructor,2023-05-01T05:30:00+05:30,timestamp,,,,,False,False,https://courses.skillindiadigital.gov.in/api/courses/v1/courses/?page_size=100,live_catalogue_changed_during_pagination;seats_and_certification_not_verified,requires_provider_and_availability_review
course-v1:NSDC+NSDCCCFE003TM+NSDCCCFETM,Certificate course for Foundation in Education - Tamil,NSDC,NSDCCCFE003TM,instructor,2030-01-01T05:30:00+05:30,empty,,,,,False,False,https://courses.skillindiadigital.gov.in/api/courses/v1/courses/?page_size=100,live_catalogue_changed_during_pagination;seats_and_certification_not_verified,requires_provider_and_availability_review
course-v1:NSDC+NSDCCCFE004KN+NSDCCCFEKN,Certificate course for Foundation in Education - Kanada,NSDC,NSDCCCFE004KN,instructor,2030-01-01T05:30:00+05:30,empty,,,,,False,False,https://courses.skillindiadigital.gov.in/api/courses/v1/courses/?page_size=100,live_catalogue_changed_during_pagination;seats_and_certification_not_verified,requires_provider_and_availability_review
course-v1:NSDC+NSDCCCFE005OR+NSDCCCFEOR,Certificate course for Foundation in Education - Oriya,NSDC,NSDCCCFE005OR,instructor,2030-01-01T05:30:00+05:30,empty,,,,,False,False,https://courses.skillindiadigital.gov.in/api/courses/v1/courses/?page_size=100,live_catalogue_changed_during_pagination;seats_and_certification_not_verified,requires_provider_and_availability_review
course-v1:NSDC+NSDCCCFE06BEN+NSDCCCFEBEN,Certificate course for Foundation in Education - Bengali,NSDC,NSDCCCFE06BEN,instructor,2030-01-01T05:30:00+05:30,empty,,,,,False,False,https://courses.skillindiadigital.gov.in/api/courses/v1/courses/?page_size=100,live_catalogue_changed_during_pagination;seats_and_certification_not_verified,requires_provider_and_availability_review
course-v1:NSDC+NSDCCT002TM+NSDCCTTM,Vision Technician - Tamil,NSDC,NSDCCT002TM,instructor,2023-03-01T05:30:00+05:30,timestamp,,,,,False,False,https://courses.skillindiadigital.gov.in/api/courses/v1/courses/?page_size=100,live_catalogue_changed_during_pagination;seats_and_certification_not_verified,requires_provider_and_availability_review
course-v1:NSDC+NSDCFTA001EN+NSDCFTAEN,Field Technician : AC,NSDC,NSDCFTA001EN,instructor,2030-01-01T05:30:00+05:30,empty,,,,,False,False,https://courses.skillindiadigital.gov.in/api/courses/v1/courses/?page_size=100,live_catalogue_changed_during_pagination;seats_and_certification_not_verified,requires_provider_and_availability_review
course-v1:NSDC+NSDCFTA002HN+NSDCFTAHN,Field Technician : AC - Hindi,NSDC,NSDCFTA002HN,instructor,2023-03-01T05:30:00+05:30,timestamp,,,,,False,False,https://courses.skillindiadigital.gov.in/api/courses/v1/courses/?page_size=100,live_catalogue_changed_during_pagination;seats_and_certification_not_verified,requires_provider_and_availability_review
course-v1:NSDC+NSDCFTA003TL+NSDCFTATL,Field Technician : AC - Telugu,NSDC,NSDCFTA003TL,instructor,2023-03-01T05:30:00+05:30,timestamp,,,,,False,False,https://courses.skillindiadigital.gov.in/api/courses/v1/courses/?page_size=100,live_catalogue_changed_during_pagination;seats_and_certification_not_verified,requires_provider_and_availability_review
course-v1:NSDC+NSDCFTA004TM+NSDCFTATM,Field Technician : AC - Tamil,NSDC,NSDCFTA004TM,instructor,2023-03-01T05:30:00+05:30,timestamp,,,,,False,False,https://courses.skillindiadigital.gov.in/api/courses/v1/courses/?page_size=100,live_catalogue_changed_during_pagination;seats_and_certification_not_verified,requires_provider_and_availability_review
course-v1:NSDC+NSDCFTA006OR+NSDCFTAOR,Field Technician : AC - Oriya,NSDC,NSDCFTA006OR,instructor,2023-03-01T05:30:00+05:30,timestamp,,,,,False,False,https://courses.skillindiadigital.gov.in/api/courses/v1/courses/?page_size=100,live_catalogue_changed_during_pagination;seats_and_certification_not_verified,requires_provider_and_availability_review
course-v1:NSDC+NSDCFTA007BEN+NSDCFTABEN,Field Technician : AC -Bengali,NSDC,NSDCFTA007BEN,instructor,2023-03-01T05:30:00+05:30,timestamp,,,,,False,False,https://courses.skillindiadigital.gov.in/api/courses/v1/courses/?page_size=100,live_catalogue_changed_during_pagination;seats_and_certification_not_verified,requires_provider_and_availability_review
course-v1:NSDC+NSDCFTA2005KN+NSDCFTAKN,Field Technician : AC - Kanada,NSDC,NSDCFTA2005KN,instructor,2023-03-01T05:30:00+05:30,timestamp,,,,,False,False,https://courses.skillindiadigital.gov.in/api/courses/v1/courses/?page_size=100,live_catalogue_changed_during_pagination;seats_and_certification_not_verified,requires_provider_and_availability_review
course-v1:NSDC+NSDCHBSF001TL+NSDCHBSFTL,Helper Bar Bender & Steel Fixer - Telugu,NSDC,NSDCHBSF001TL,instructor,2023-03-01T05:30:00+05:30,timestamp,,,,,False,False,https://courses.skillindiadigital.gov.in/api/courses/v1/courses/?page_size=100,live_catalogue_changed_during_pagination;seats_and_certification_not_verified,requires_provider_and_availability_review
course-v1:NSDC+NSDCHBSF002TM+NSDCHBSFTM,Helper Bar Bender & Steel Fixer - Tamil,NSDC,NSDCHBSF002TM,instructor,2023-03-01T05:30:00+05:30,timestamp,,,,,False,False,https://courses.skillindiadigital.gov.in/api/courses/v1/courses/?page_size=100,live_catalogue_changed_during_pagination;seats_and_certification_not_verified,requires_provider_and_availability_review
course-v1:NSDC+NSDCHBSF003KN+NSDCHBSFKN,Helper Bar Bender & Steel Fixer - Kannada,NSDC,NSDCHBSF003KN,instructor,2023-03-01T05:30:00+05:30,timestamp,,,,,False,False,https://courses.skillindiadigital.gov.in/api/courses/v1/courses/?page_size=100,live_catalogue_changed_during_pagination;seats_and_certification_not_verified,requires_provider_and_availability_review
course-v1:NSDC+NSDCHBSF004OR+NSDCHBSFOR,Helper Bar Bender & Steel Fixer - Oriya,NSDC,NSDCHBSF004OR,instructor,2023-01-01T05:30:00+05:30,timestamp,,,,,False,False,https://courses.skillindiadigital.gov.in/api/courses/v1/courses/?page_size=100,live_catalogue_changed_during_pagination;seats_and_certification_not_verified,requires_provider_and_availability_review
course-v1:NSDC+NSDCHBSF005BEN+NSDBHBSFBEN,Helper Bar Bender & Steel Fixer - Bengali,NSDC,NSDCHBSF005BEN,instructor,2023-03-01T05:30:00+05:30,timestamp,,,,,False,False,https://courses.skillindiadigital.gov.in/api/courses/v1/courses/?page_size=100,live_catalogue_changed_during_pagination;seats_and_certification_not_verified,requires_provider_and_availability_review
course-v1:NSDC+NSDCHBSF005BEN+NSDVHBSFBEN,GENERAL DUTY ASSISTANT - Bengali,NSDC,NSDCHBSF005BEN,instructor,2023-01-01T05:30:00+05:30,timestamp,,,,,False,False,https://courses.skillindiadigital.gov.in/api/courses/v1/courses/?page_size=100,live_catalogue_changed_during_pagination;seats_and_certification_not_verified,requires_provider_and_availability_review
course-v1:NSDC+NSDCHSC001TL+NSDCHSCTL,Helper Shuttering Carpenter - Telugu,NSDC,NSDCHSC001TL,instructor,2023-03-01T05:30:00+05:30,timestamp,,,,,False,False,https://courses.skillindiadigital.gov.in/api/courses/v1/courses/?page_size=100,live_catalogue_changed_during_pagination;seats_and_certification_not_verified,requires_provider_and_availability_review
course-v1:NSDC+NSDCHSC002TM+NSDCHSCTM,Helper Shuttering Carpenter - Tamil,NSDC,NSDCHSC002TM,instructor,2023-03-01T05:30:00+05:30,timestamp,,,,,False,False,https://courses.skillindiadigital.gov.in/api/courses/v1/courses/?page_size=100,live_catalogue_changed_during_pagination;seats_and_certification_not_verified,requires_provider_and_availability_review
course-v1:NSDC+NSDCHSC003KN+NSDCHSCKN,Helper Shuttering Carpenter - kanada,NSDC,NSDCHSC003KN,instructor,2023-03-01T05:30:00+05:30,timestamp,,,,,False,False,https://courses.skillindiadigital.gov.in/api/courses/v1/courses/?page_size=100,live_catalogue_changed_during_pagination;seats_and_certification_not_verified,requires_provider_and_availability_review
course-v1:NSDC+NSDCHSC004OR+NSDCHSCOR,Helper Shuttering Carpenter - Oriya,NSDC,NSDCHSC004OR,instructor,2023-03-01T05:30:00+05:30,timestamp,,,,,False,False,https://courses.skillindiadigital.gov.in/api/courses/v1/courses/?page_size=100,live_catalogue_changed_during_pagination;seats_and_certification_not_verified,requires_provider_and_availability_review
course-v1:NSDC+NSDCHSC005BEN+NSDCHSCBEN,Helper Shuttering Carpenter - Bengali,NSDC,NSDCHSC005BEN,instructor,2023-03-01T05:30:00+05:30,timestamp,,,,,False,False,https://courses.skillindiadigital.gov.in/api/courses/v1/courses/?page_size=100,live_catalogue_changed_during_pagination;seats_and_certification_not_verified,requires_provider_and_availability_review
course-v1:NSDC+NSDCJSD001HN+NSDCJSDHN,Junior Software Developer - Hindi,NSDC,NSDCJSD001HN,instructor,2030-01-01T05:30:00+05:30,empty,,,,,False,False,https://courses.skillindiadigital.gov.in/api/courses/v1/courses/?page_size=100,live_catalogue_changed_during_pagination;seats_and_certification_not_verified,requires_provider_and_availability_review
course-v1:NSDC+NSDCJSD002TL+NSDCJSDTL,Junior Software Developer - Telugu,NSDC,NSDCJSD002TL,instructor,2030-01-01T05:30:00+05:30,empty,,,,,False,False,https://courses.skillindiadigital.gov.in/api/courses/v1/courses/?page_size=100,live_catalogue_changed_during_pagination;seats_and_certification_not_verified,requires_provider_and_availability_review
course-v1:NSDC+NSDCJSD003TM+NSDCJSDTM,Junior Software Developer - Tamil,NSDC,NSDCJSD003TM,instructor,2030-01-01T05:30:00+05:30,empty,,,,,False,False,https://courses.skillindiadigital.gov.in/api/courses/v1/courses/?page_size=100,live_catalogue_changed_during_pagination;seats_and_certification_not_verified,requires_provider_and_availability_review
course-v1:NSDC+NSDCJSD004KN+NSDCJSDKN,Junior Software Developer -Kanada,NSDC,NSDCJSD004KN,instructor,2030-01-01T05:30:00+05:30,empty,,,,,False,False,https://courses.skillindiadigital.gov.in/api/courses/v1/courses/?page_size=100,live_catalogue_changed_during_pagination;seats_and_certification_not_verified,requires_provider_and_availability_review
course-v1:NSDC+NSDCJSD005OR+NSDCJSDOR,Junior Software Developer - Oriya,NSDC,NSDCJSD005OR,instructor,2030-01-01T05:30:00+05:30,empty,,,,,False,False,https://courses.skillindiadigital.gov.in/api/courses/v1/courses/?page_size=100,live_catalogue_changed_during_pagination;seats_and_certification_not_verified,requires_provider_and_availability_review
course-v1:NSDC+NSDCJSD006BEN+NSDCJSDBEN,Junior Software Developer - Bengali,NSDC,NSDCJSD006BEN,instructor,2030-01-01T05:30:00+05:30,empty,,,,,False,False,https://courses.skillindiadigital.gov.in/api/courses/v1/courses/?page_size=100,live_catalogue_changed_during_pagination;seats_and_certification_not_verified,requires_provider_and_availability_review
course-v1:NSDC+NSDCTC001KAN+NCDSKN,Trainee Chef - Kanada,NSDC,NSDCTC001KAN,instructor,2023-03-01T05:30:00+05:30,timestamp,,,,,False,False,https://courses.skillindiadigital.gov.in/api/courses/v1/courses/?page_size=100,live_catalogue_changed_during_pagination;seats_and_certification_not_verified,requires_provider_and_availability_review
course-v1:NSDC+NSDCTC003BAN+NSDCTCBAN,Trainee Chef - Bengali,NSDC,NSDCTC003BAN,instructor,2023-03-01T05:30:00+05:30,timestamp,,,,,False,False,https://courses.skillindiadigital.gov.in/api/courses/v1/courses/?page_size=100,live_catalogue_changed_during_pagination;seats_and_certification_not_verified,requires_provider_and_availability_review
course-v1:NSDC+NSDCTC004TM+NCDSCTM,Trainee Chef - Tamil,NSDC,NSDCTC004TM,instructor,2023-03-01T05:30:00+05:30,timestamp,,,,,False,False,https://courses.skillindiadigital.gov.in/api/courses/v1/courses/?page_size=100,live_catalogue_changed_during_pagination;seats_and_certification_not_verified,requires_provider_and_availability_review
course-v1:NSDC+NSDCTRA001TL+NSDCTRATL,Trainee Associate - Telugu,NSDC,NSDCTRA001TL,instructor,2023-03-01T05:30:00+05:30,timestamp,,,,,False,False,https://courses.skillindiadigital.gov.in/api/courses/v1/courses/?page_size=100,live_catalogue_changed_during_pagination;seats_and_certification_not_verified,requires_provider_and_availability_review
course-v1:NSDC+NSDCTRA002TM+NSDCTRATM,Trainee Associate - Tamil,NSDC,NSDCTRA002TM,instructor,2023-03-01T05:30:00+05:30,timestamp,,,,,False,False,https://courses.skillindiadigital.gov.in/api/courses/v1/courses/?page_size=100,live_catalogue_changed_during_pagination;seats_and_certification_not_verified,requires_provider_and_availability_review
course-v1:NSDC+NSDCTRA003KN+NSDCTRAKN,Trainee Associate - Kanada,NSDC,NSDCTRA003KN,instructor,2023-03-01T05:30:00+05:30,timestamp,,,,,False,False,https://courses.skillindiadigital.gov.in/api/courses/v1/courses/?page_size=100,live_catalogue_changed_during_pagination;seats_and_certification_not_verified,requires_provider_and_availability_review
course-v1:NSDC+NSDCTRA004OR+NSDCTRAOR,Trainee Associate - Oriya,NSDC,NSDCTRA004OR,instructor,2023-03-01T05:30:00+05:30,timestamp,,,,,False,False,https://courses.skillindiadigital.gov.in/api/courses/v1/courses/?page_size=100,live_catalogue_changed_during_pagination;seats_and_certification_not_verified,requires_provider_and_availability_review
course-v1:NSDC+NSDCTRA005BEN+NSDCTRABEN,Trainee Associate - Bengali,NSDC,NSDCTRA005BEN,instructor,2023-03-01T05:30:00+05:30,timestamp,,,,,False,False,https://courses.skillindiadigital.gov.in/api/courses/v1/courses/?page_size=100,live_catalogue_changed_during_pagination;seats_and_certification_not_verified,requires_provider_and_availability_review
course-v1:NSDC+NSDCVT001TEL+NSDCTEL,Vision Technician - Telugu,NSDC,NSDCVT001TEL,instructor,2023-03-01T05:30:00+05:30,timestamp,,,,,False,False,https://courses.skillindiadigital.gov.in/api/courses/v1/courses/?page_size=100,live_catalogue_changed_during_pagination;seats_and_certification_not_verified,requires_provider_and_availability_review
course-v1:NSDC+NSDCVT003KN+NSDCVTKN,Vision Technician - Kanada,NSDC,NSDCVT003KN,instructor,2023-03-01T05:30:00+05:30,timestamp,,,,,False,False,https://courses.skillindiadigital.gov.in/api/courses/v1/courses/?page_size=100,live_catalogue_changed_during_pagination;seats_and_certification_not_verified,requires_provider_and_availability_review
course-v1:NSDC+NSDCVT004OR+NSDCVTOR,Vision Technician - oriya,NSDC,NSDCVT004OR,instructor,2023-03-01T05:30:00+05:30,timestamp,,,,,False,False,https://courses.skillindiadigital.gov.in/api/courses/v1/courses/?page_size=100,live_catalogue_changed_during_pagination;seats_and_certification_not_verified,requires_provider_and_availability_review
course-v1:NSDC+NSDCVT005BEN+NSDCVTBEN,Vision Technician - Bengali,NSDC,NSDCVT005BEN,instructor,2023-03-01T05:30:00+05:30,timestamp,,,,,False,False,https://courses.skillindiadigital.gov.in/api/courses/v1/courses/?page_size=100,live_catalogue_changed_during_pagination;seats_and_certification_not_verified,requires_provider_and_availability_review
course-v1:NSDC+PD001+NSDCPD,Physical Disability,NSDC,PD001,instructor,2023-05-01T05:30:00+05:30,timestamp,,,,,False,False,https://courses.skillindiadigital.gov.in/api/courses/v1/courses/?page_size=100,live_catalogue_changed_during_pagination;seats_and_certification_not_verified,requires_provider_and_availability_review
course-v1:NSDC+PI001+NSDCPI,Preparing for Inclusion,NSDC,PI001,instructor,2023-05-01T05:30:00+05:30,timestamp,,,,,False,False,https://courses.skillindiadigital.gov.in/api/courses/v1/courses/?page_size=100,live_catalogue_changed_during_pagination;seats_and_certification_not_verified,requires_provider_and_availability_review
course-v1:NSDC+PMAM001+NSDCPMAMEN,Pradhan Mantri Arogya Mitra-English,NSDC,PMAM001,instructor,2023-07-01T05:30:00+05:30,timestamp,,,,,False,False,https://courses.skillindiadigital.gov.in/api/courses/v1/courses/?page_size=100,live_catalogue_changed_during_pagination;seats_and_certification_not_verified,requires_provider_and_availability_review
course-v1:NSDC+PMAM002+NSDCPMAMHN,Pradhan Mantri Arogya Mitra-Hindi,NSDC,PMAM002,instructor,2023-07-01T05:30:00+05:30,timestamp,,,,,False,False,https://courses.skillindiadigital.gov.in/api/courses/v1/courses/?page_size=100,live_catalogue_changed_during_pagination;seats_and_certification_not_verified,requires_provider_and_availability_review
course-v1:NSDC+SD001+NSDCSD,Sensory Disability,NSDC,SD001,instructor,2023-05-01T05:30:00+05:30,timestamp,,,,,False,False,https://courses.skillindiadigital.gov.in/api/courses/v1/courses/?page_size=100,live_catalogue_changed_during_pagination;seats_and_certification_not_verified,requires_provider_and_availability_review
course-v1:NSDC+TA001+2022,Trainee Associate,NSDC,TA001,instructor,2022-01-01T05:30:00+05:30,timestamp,,,,,False,False,https://courses.skillindiadigital.gov.in/api/courses/v1/courses/?page_size=100,live_catalogue_changed_during_pagination;seats_and_certification_not_verified,requires_provider_and_availability_review
course-v1:NSDC+TA02+2022,Trainee Associate - Hindi,NSDC,TA02,instructor,2022-01-01T05:30:00+05:30,timestamp,,,,,False,False,https://courses.skillindiadigital.gov.in/api/courses/v1/courses/?page_size=100,live_catalogue_changed_during_pagination;seats_and_certification_not_verified,requires_provider_and_availability_review
course-v1:nsdc+TC-H+2022,Trainee Chef- Hindi,nsdc,TC-H,instructor,2023-03-01T05:30:00+05:30,timestamp,,,,,False,False,https://courses.skillindiadigital.gov.in/api/courses/v1/courses/?page_size=100,live_catalogue_changed_during_pagination;seats_and_certification_not_verified,requires_provider_and_availability_review
course-v1:NSDC+TCNSDC002OR+NSDCOR,Trainee Chef - Oriya,NSDC,TCNSDC002OR,instructor,2023-03-01T05:30:00+05:30,timestamp,,,,,False,False,https://courses.skillindiadigital.gov.in/api/courses/v1/courses/?page_size=100,live_catalogue_changed_during_pagination;seats_and_certification_not_verified,requires_provider_and_availability_review
course-v1:NSDC+VT001+2022,Vision Technician,NSDC,VT001,instructor,2022-01-01T05:30:00+05:30,timestamp,,,,,False,False,https://courses.skillindiadigital.gov.in/api/courses/v1/courses/?page_size=100,live_catalogue_changed_during_pagination;seats_and_certification_not_verified,requires_provider_and_availability_review
course-v1:NSDC+VT02+2022,Vision Technician (Hindi),NSDC,VT02,instructor,2023-03-01T05:30:00+05:30,timestamp,,,,,False,False,https://courses.skillindiadigital.gov.in/api/courses/v1/courses/?page_size=100,live_catalogue_changed_during_pagination;seats_and_certification_not_verified,requires_provider_and_availability_review
course-v1:NSDC+WAA001+2022,Welding Assistant (ARC),NSDC,WAA001,instructor,2022-01-01T05:30:00+05:30,timestamp,,,,,False,False,https://courses.skillindiadigital.gov.in/api/courses/v1/courses/?page_size=100,live_catalogue_changed_during_pagination;seats_and_certification_not_verified,requires_provider_and_availability_review
course-v1:NSDC+WAARCBEN+2033,Welding Assistant (ARC) - Bengali,NSDC,WAARCBEN,instructor,2023-01-01T05:30:00+05:30,timestamp,,,,,False,False,https://courses.skillindiadigital.gov.in/api/courses/v1/courses/?page_size=100,live_catalogue_changed_during_pagination;seats_and_certification_not_verified,requires_provider_and_availability_review
course-v1:NSDC+WAARCKAN+2033,Welding Assistant (ARC) - Kanada,NSDC,WAARCKAN,instructor,2023-03-01T05:30:00+05:30,timestamp,,,,,False,False,https://courses.skillindiadigital.gov.in/api/courses/v1/courses/?page_size=100,live_catalogue_changed_during_pagination;seats_and_certification_not_verified,requires_provider_and_availability_review
course-v1:NSDC+WAARCORI+2033,Welding Assistant (ARC) - Oriya,NSDC,WAARCORI,instructor,2023-03-01T05:30:00+05:30,timestamp,,,,,False,False,https://courses.skillindiadigital.gov.in/api/courses/v1/courses/?page_size=100,live_catalogue_changed_during_pagination;seats_and_certification_not_verified,requires_provider_and_availability_review
course-v1:NSDC+WAARCTAM+2033,Welding Assistant (ARC) - Tamil,NSDC,WAARCTAM,instructor,2023-03-01T05:30:00+05:30,timestamp,,,,,False,False,https://courses.skillindiadigital.gov.in/api/courses/v1/courses/?page_size=100,live_catalogue_changed_during_pagination;seats_and_certification_not_verified,requires_provider_and_availability_review
course-v1:NSDC+WAARCTEL+2033,Welding Assistant (ARC) - Telugu,NSDC,WAARCTEL,instructor,2023-03-01T05:30:00+05:30,timestamp,,,,,False,False,https://courses.skillindiadigital.gov.in/api/courses/v1/courses/?page_size=100,live_catalogue_changed_during_pagination;seats_and_certification_not_verified,requires_provider_and_availability_review
course-v1:NSDC+WATIG+2033,Welding Assistant (TIG)-Telugu,NSDC,WATIG,instructor,2023-03-01T05:30:00+05:30,timestamp,,,,,False,False,https://courses.skillindiadigital.gov.in/api/courses/v1/courses/?page_size=100,live_catalogue_changed_during_pagination;seats_and_certification_not_verified,requires_provider_and_availability_review
course-v1:NSDC+WATIGBENGALI+2033,Welding Assistant (TIG)-Bengali,NSDC,WATIGBENGALI,instructor,2023-03-01T05:30:00+05:30,timestamp,,,,,False,False,https://courses.skillindiadigital.gov.in/api/courses/v1/courses/?page_size=100,live_catalogue_changed_during_pagination;seats_and_certification_not_verified,requires_provider_and_availability_review
course-v1:NSDC+WATIGKANADA+2033,Welding Assistant (TIG)-Kanada,NSDC,WATIGKANADA,instructor,2023-03-01T05:30:00+05:30,timestamp,,,,,False,False,https://courses.skillindiadigital.gov.in/api/courses/v1/courses/?page_size=100,live_catalogue_changed_during_pagination;seats_and_certification_not_verified,requires_provider_and_availability_review
course-v1:NSDC+WATIGORIYA+2033,Welding Assistant (TIG)-Oriya,NSDC,WATIGORIYA,instructor,2023-03-01T05:30:00+05:30,timestamp,,,,,False,False,https://courses.skillindiadigital.gov.in/api/courses/v1/courses/?page_size=100,live_catalogue_changed_during_pagination;seats_and_certification_not_verified,requires_provider_and_availability_review
course-v1:NSDC+WATIGTAMIL+2033,Welding Assistant (TIG)-Tamil,NSDC,WATIGTAMIL,instructor,2023-03-01T05:30:00+05:30,timestamp,,,,,False,False,https://courses.skillindiadigital.gov.in/api/courses/v1/courses/?page_size=100,live_catalogue_changed_during_pagination;seats_and_certification_not_verified,requires_provider_and_availability_review
course-v1:nsdc+WDD-E+2022,Web Design & Development - English,nsdc,WDD-E,instructor,2023-03-01T05:30:00+05:30,timestamp,,,,,False,False,https://courses.skillindiadigital.gov.in/api/courses/v1/courses/?page_size=100,live_catalogue_changed_during_pagination;seats_and_certification_not_verified,requires_provider_and_availability_review
course-v1:nsdc+wdd-h+2022,Web design development- hindi,nsdc,wdd-h,instructor,2022-01-01T05:30:00+05:30,timestamp,,,,,False,False,https://courses.skillindiadigital.gov.in/api/courses/v1/courses/?page_size=100,live_catalogue_changed_during_pagination;seats_and_certification_not_verified,requires_provider_and_availability_review
course-v1:NSDC+WDD1+2022,Web Designer and Developer,NSDC,WDD1,instructor,2022-01-01T05:30:00+05:30,timestamp,,,,,False,False,https://courses.skillindiadigital.gov.in/api/courses/v1/courses/?page_size=100,live_catalogue_changed_during_pagination;seats_and_certification_not_verified,requires_provider_and_availability_review
course-v1:NSDC+WDDBEN+2033,Web Design & Development - Bengali,NSDC,WDDBEN,instructor,2023-03-01T05:30:00+05:30,timestamp,,,,,False,False,https://courses.skillindiadigital.gov.in/api/courses/v1/courses/?page_size=100,live_catalogue_changed_during_pagination;seats_and_certification_not_verified,requires_provider_and_availability_review
course-v1:NSDC+WDDHIN+2033,Web Design & Development - Hindi,NSDC,WDDHIN,instructor,2023-03-01T05:30:00+05:30,timestamp,,,,,False,False,https://courses.skillindiadigital.gov.in/api/courses/v1/courses/?page_size=100,live_catalogue_changed_during_pagination;seats_and_certification_not_verified,requires_provider_and_availability_review
course-v1:NSDC+WDDKAN+2033,Web Design & Development - Kanada,NSDC,WDDKAN,instructor,2023-03-01T05:30:00+05:30,timestamp,,,,,False,False,https://courses.skillindiadigital.gov.in/api/courses/v1/courses/?page_size=100,live_catalogue_changed_during_pagination;seats_and_certification_not_verified,requires_provider_and_availability_review
course-v1:NSDC+WDDORI+2033,Web Design & Development - Oriya,NSDC,WDDORI,instructor,2023-03-01T05:30:00+05:30,timestamp,,,,,False,False,https://courses.skillindiadigital.gov.in/api/courses/v1/courses/?page_size=100,live_catalogue_changed_during_pagination;seats_and_certification_not_verified,requires_provider_and_availability_review
course-v1:NSDC+WDDTAM+2033,Web Design & Development - Tamil,NSDC,WDDTAM,instructor,2023-03-01T05:30:00+05:30,timestamp,,,,,False,False,https://courses.skillindiadigital.gov.in/api/courses/v1/courses/?page_size=100,live_catalogue_changed_during_pagination;seats_and_certification_not_verified,requires_provider_and_availability_review
course-v1:NSDC+WDDTEL+2033,Web Design & Development - Telugu,NSDC,WDDTEL,instructor,2023-03-01T05:30:00+05:30,timestamp,,,,,False,False,https://courses.skillindiadigital.gov.in/api/courses/v1/courses/?page_size=100,live_catalogue_changed_during_pagination;seats_and_certification_not_verified,requires_provider_and_availability_review
course-v1:NSDC+WT001+2022,Welding Technician,NSDC,WT001,instructor,2022-01-01T05:30:00+05:30,timestamp,,,,,False,False,https://courses.skillindiadigital.gov.in/api/courses/v1/courses/?page_size=100,live_catalogue_changed_during_pagination;seats_and_certification_not_verified,requires_provider_and_availability_review
course-v1:NSDC+WT002+2022,Welding Technician - Hindi,NSDC,WT002,instructor,2022-01-01T05:30:00+05:30,timestamp,,,,,False,False,https://courses.skillindiadigital.gov.in/api/courses/v1/courses/?page_size=100,live_catalogue_changed_during_pagination;seats_and_certification_not_verified,requires_provider_and_availability_review
course-v1:NSDC+WT003KN+NSDCWTKN,Welding Technician - Kanada,NSDC,WT003KN,instructor,2023-03-01T05:30:00+05:30,timestamp,,,,,False,False,https://courses.skillindiadigital.gov.in/api/courses/v1/courses/?page_size=100,live_catalogue_changed_during_pagination;seats_and_certification_not_verified,requires_provider_and_availability_review
course-v1:NSDC+WT004TA+NSDCWTTA,Welding Technician - Tamil,NSDC,WT004TA,instructor,2023-03-01T05:30:00+05:30,timestamp,,,,,False,False,https://courses.skillindiadigital.gov.in/api/courses/v1/courses/?page_size=100,live_catalogue_changed_during_pagination;seats_and_certification_not_verified,requires_provider_and_availability_review
course-v1:NSDC+WT004TE+NSDCWTTE,Welding Technician - Telugu,NSDC,WT004TE,instructor,2023-03-01T05:30:00+05:30,timestamp,,,,,False,False,https://courses.skillindiadigital.gov.in/api/courses/v1/courses/?page_size=100,live_catalogue_changed_during_pagination;seats_and_certification_not_verified,requires_provider_and_availability_review
course-v1:NSDC+WT005BN+2023,Welding Technician - Bengali,NSDC,WT005BN,instructor,2023-03-01T05:30:00+05:30,timestamp,,,,,False,False,https://courses.skillindiadigital.gov.in/api/courses/v1/courses/?page_size=100,live_catalogue_changed_during_pagination;seats_and_certification_not_verified,requires_provider_and_availability_review
course-v1:NSDC+WT006OR+2023,Welding Technician - Oriya,NSDC,WT006OR,instructor,2023-03-01T05:30:00+05:30,timestamp,,,,,False,False,https://courses.skillindiadigital.gov.in/api/courses/v1/courses/?page_size=100,live_catalogue_changed_during_pagination;seats_and_certification_not_verified,requires_provider_and_availability_review
course-v1:NSDC+WTARC002+2022,Welding Assistant (ARC) - Hindi,NSDC,WTARC002,instructor,2022-01-01T05:30:00+05:30,timestamp,,,,,False,False,https://courses.skillindiadigital.gov.in/api/courses/v1/courses/?page_size=100,live_catalogue_changed_during_pagination;seats_and_certification_not_verified,requires_provider_and_availability_review
course-v1:NSDC+WTTIG001+2022,Welding Assistant (TIG),NSDC,WTTIG001,instructor,2022-01-01T05:30:00+05:30,timestamp,,,,,False,False,https://courses.skillindiadigital.gov.in/api/courses/v1/courses/?page_size=100,live_catalogue_changed_during_pagination;seats_and_certification_not_verified,requires_provider_and_availability_review
course-v1:NSDC+WTTIG002+2022,Welding Assistant (TIG) - Hindi,NSDC,WTTIG002,instructor,2022-01-01T05:30:00+05:30,timestamp,,,,,False,False,https://courses.skillindiadigital.gov.in/api/courses/v1/courses/?page_size=100,live_catalogue_changed_during_pagination;seats_and_certification_not_verified,requires_provider_and_availability_review
course-v1:NsdcAcademySidhOrganization+28274+1716912337,test course 28may,NsdcAcademySidhOrganization,28274,instructor,2030-01-01T05:30:00+05:30,empty,,,,,False,False,https://courses.skillindiadigital.gov.in/api/courses/v1/courses/?page_size=100,live_catalogue_changed_during_pagination;seats_and_certification_not_verified;test_or_demo_candidate,requires_provider_and_availability_review
course-v1:NsdcAcademySidhOrganization+41260+1716724222,LMS Demo Course 26 May,NsdcAcademySidhOrganization,41260,instructor,2030-01-01T05:30:00+05:30,empty,,,,,False,False,https://courses.skillindiadigital.gov.in/api/courses/v1/courses/?page_size=100,live_catalogue_changed_during_pagination;seats_and_certification_not_verified;test_or_demo_candidate,requires_provider_and_availability_review
course-v1:NsdcAcademySidhOrganization+73709+1717048136,LMS New Course Creation 30 May,NsdcAcademySidhOrganization,73709,instructor,2030-01-01T05:30:00+05:30,empty,,,,,False,False,https://courses.skillindiadigital.gov.in/api/courses/v1/courses/?page_size=100,live_catalogue_changed_during_pagination;seats_and_certification_not_verified,requires_provider_and_availability_review
course-v1:NsdcAcademySidhOrganization+96442+1716724444,HOW TO GET A JOB,NsdcAcademySidhOrganization,96442,instructor,2026-01-29T16:53:28+05:30,timestamp,,,,,False,False,https://courses.skillindiadigital.gov.in/api/courses/v1/courses/?page_size=100,live_catalogue_changed_during_pagination;seats_and_certification_not_verified,requires_provider_and_availability_review
course-v1:NsdcAcademySidhOrganization+97808+1716724357,LMS Demo course for Testing 26 May,NsdcAcademySidhOrganization,97808,instructor,2030-01-01T05:30:00+05:30,empty,,,,,False,False,https://courses.skillindiadigital.gov.in/api/courses/v1/courses/?page_size=100,live_catalogue_changed_during_pagination;seats_and_certification_not_verified;test_or_demo_candidate,requires_provider_and_availability_review
course-v1:nsdc_india+10355+1734078774,Retail Trainee Associate - Bengali,nsdc_india,10355,instructor,2024-12-13T14:02:58.577000+05:30,timestamp,,,,,False,False,https://courses.skillindiadigital.gov.in/api/courses/v1/courses/?page_size=100,live_catalogue_changed_during_pagination;seats_and_certification_not_verified,requires_provider_and_availability_review
course-v1:nsdc_india+10666+1728896824,वित्तीय कौशल - बुनियादी,nsdc_india,10666,instructor,2030-01-01T05:30:00+05:30,empty,,,,,False,False,https://courses.skillindiadigital.gov.in/api/courses/v1/courses/?page_size=100,live_catalogue_changed_during_pagination;seats_and_certification_not_verified,requires_provider_and_availability_review
course-v1:nsdc_india+12336+1734666551,नौकरी की तैयारी,nsdc_india,12336,instructor,2024-12-20T09:20:12.082000+05:30,timestamp,,,,,False,False,https://courses.skillindiadigital.gov.in/api/courses/v1/courses/?page_size=100,live_catalogue_changed_during_pagination;seats_and_certification_not_verified,requires_provider_and_availability_review
course-v1:nsdc_india+12559+1706789035,Digital India,nsdc,12559,instructor,2024-01-01T05:30:00+05:30,timestamp,,,,,False,False,https://courses.skillindiadigital.gov.in/api/courses/v1/courses/?page_size=100,live_catalogue_changed_during_pagination;seats_and_certification_not_verified,requires_provider_and_availability_review
course-v1:nsdc_india+13518+1728014488,वित्तीय कौशल (प्रारंभिक),nsdc,13518,instructor,2024-11-19T05:30:00+05:30,timestamp,,,,,False,False,https://courses.skillindiadigital.gov.in/api/courses/v1/courses/?page_size=100,live_catalogue_changed_during_pagination;seats_and_certification_not_verified,requires_provider_and_availability_review
course-v1:nsdc_india+14449+1733134758,Employability Skills,nsdc_india,14449,instructor,2024-12-02T15:49:55.288000+05:30,timestamp,,,,,False,False,https://courses.skillindiadigital.gov.in/api/courses/v1/courses/?page_size=100,live_catalogue_changed_during_pagination;seats_and_certification_not_verified,requires_provider_and_availability_review
course-v1:nsdc_india+14883+1727693336,Entreprenuerial Skills (Intermediate),nsdc,14883,instructor,2024-11-22T05:30:00+05:30,timestamp,,,,,False,False,https://courses.skillindiadigital.gov.in/api/courses/v1/courses/?page_size=100,live_catalogue_changed_during_pagination;seats_and_certification_not_verified,requires_provider_and_availability_review
course-v1:nsdc_india+15465+1734582432,Retail Trainee Associate,nsdc_india,15465,instructor,2024-12-19T10:05:31.527000+05:30,timestamp,,,,,False,False,https://courses.skillindiadigital.gov.in/api/courses/v1/courses/?page_size=100,live_catalogue_changed_during_pagination;seats_and_certification_not_verified,requires_provider_and_availability_review
course-v1:nsdc_india+15528+1730172505,Communication Skills (Basic),nsdc,15528,instructor,2024-11-22T05:30:00+05:30,timestamp,,,,,False,False,https://courses.skillindiadigital.gov.in/api/courses/v1/courses/?page_size=100,live_catalogue_changed_during_pagination;seats_and_certification_not_verified,requires_provider_and_availability_review
course-v1:nsdc_india+16802+1731493657,Kaushal Rath Essential Skills,nsdc_india,16802,instructor,2024-11-14T05:30:00+05:30,timestamp,,,,,False,False,https://courses.skillindiadigital.gov.in/api/courses/v1/courses/?page_size=100,live_catalogue_changed_during_pagination;seats_and_certification_not_verified,requires_provider_and_availability_review
course-v1:nsdc_india+18532+1734079419,Individual Sales Professional,nsdc_india,18532,instructor,2024-12-13T14:13:59.433000+05:30,timestamp,,,,,False,False,https://courses.skillindiadigital.gov.in/api/courses/v1/courses/?page_size=100,live_catalogue_changed_during_pagination;seats_and_certification_not_verified,requires_provider_and_availability_review
course-v1:nsdc_india+20398+1734078489,Retail Trainee associate,nsdc_india,20398,instructor,2024-12-13T13:59:29.324000+05:30,timestamp,,,,,False,False,https://courses.skillindiadigital.gov.in/api/courses/v1/courses/?page_size=100,live_catalogue_changed_during_pagination;seats_and_certification_not_verified,requires_provider_and_availability_review
course-v1:nsdc_india+20904+1720776808,Workplace Communication Skills,nsdc_india,20904,instructor,2024-01-01T05:30:00+05:30,timestamp,,,,,False,False,https://courses.skillindiadigital.gov.in/api/courses/v1/courses/?page_size=100,live_catalogue_changed_during_pagination;seats_and_certification_not_verified,requires_provider_and_availability_review
course-v1:nsdc_india+25444+1758172674,Demo for RIL,nsdc_india,25444,instructor,2025-09-18T10:48:26.948000+05:30,timestamp,,,,,False,False,https://courses.skillindiadigital.gov.in/api/courses/v1/courses/?page_size=100,live_catalogue_changed_during_pagination;seats_and_certification_not_verified;test_or_demo_candidate,requires_provider_and_availability_review
course-v1:nsdc_india+26083+1734079043,Retail Cashier,nsdc_india,26083,instructor,2024-12-13T14:07:29.887000+05:30,timestamp,,,,,False,False,https://courses.skillindiadigital.gov.in/api/courses/v1/courses/?page_size=100,live_catalogue_changed_during_pagination;seats_and_certification_not_verified,requires_provider_and_availability_review
course-v1:nsdc_india+26494+1728012850,उद्यमिता कौशल (प्रारंभिक),nsdc,26494,instructor,2024-11-06T05:30:00+05:30,timestamp,,,,,False,False,https://courses.skillindiadigital.gov.in/api/courses/v1/courses/?page_size=100,live_catalogue_changed_during_pagination;seats_and_certification_not_verified,requires_provider_and_availability_review
course-v1:nsdc_india+27431+1734066799,Distributor Salesman,nsdc_india,27431,instructor,2024-12-13T10:43:31.753000+05:30,timestamp,,,,,False,False,https://courses.skillindiadigital.gov.in/api/courses/v1/courses/?page_size=100,live_catalogue_changed_during_pagination;seats_and_certification_not_verified,requires_provider_and_availability_review
course-v1:nsdc_india+27543+1734333194,Seller Activation Executive - Gujrati,nsdc_india,27543,instructor,2024-12-16T12:45:12.855000+05:30,timestamp,,,,,False,False,https://courses.skillindiadigital.gov.in/api/courses/v1/courses/?page_size=100,live_catalogue_changed_during_pagination;seats_and_certification_not_verified,requires_provider_and_availability_review
course-v1:nsdc_india+27781+1706530070,Demo: DEAKIN UNIVERSITY GLOBAL JOB READINESS PROGRAM,nsdc_india,27781,instructor,2030-01-01T05:30:00+05:30,empty,,,,,False,False,https://courses.skillindiadigital.gov.in/api/courses/v1/courses/?page_size=100,live_catalogue_changed_during_pagination;seats_and_certification_not_verified;test_or_demo_candidate,requires_provider_and_availability_review
course-v1:nsdc_india+28245+1732601154,रोजगार प्रशिक्षण,nsdc_india,28245,instructor,2024-11-26T11:36:16.075000+05:30,timestamp,,,,,False,False,https://courses.skillindiadigital.gov.in/api/courses/v1/courses/?page_size=100,live_catalogue_changed_during_pagination;seats_and_certification_not_verified,requires_provider_and_availability_review
course-v1:nsdc_india+29066+1734583857,Retail Cashier - Hindi,nsdc_india,29066,instructor,2024-12-19T12:02:43.292000+05:30,timestamp,,,,,False,False,https://courses.skillindiadigital.gov.in/api/courses/v1/courses/?page_size=100,live_catalogue_changed_during_pagination;seats_and_certification_not_verified,requires_provider_and_availability_review
course-v1:nsdc_india+30659+1727670386,Digital Skills (Advanced),nsdc,30659,instructor,2024-11-28T05:30:00+05:30,timestamp,,,,,False,False,https://courses.skillindiadigital.gov.in/api/courses/v1/courses/?page_size=100,live_catalogue_changed_during_pagination;seats_and_certification_not_verified,requires_provider_and_availability_review
course-v1:nsdc_india+30670+1734078191,Retail Sales Associate,nsdc_india,30670,instructor,2024-12-13T13:53:21.735000+05:30,timestamp,,,,,False,False,https://courses.skillindiadigital.gov.in/api/courses/v1/courses/?page_size=100,live_catalogue_changed_during_pagination;seats_and_certification_not_verified,requires_provider_and_availability_review
course-v1:nsdc_india+31038+1734085757,Individual Sales Professional,nsdc_india,31038,instructor,2024-12-13T15:59:35.034000+05:30,timestamp,,,,,False,False,https://courses.skillindiadigital.gov.in/api/courses/v1/courses/?page_size=100,live_catalogue_changed_during_pagination;seats_and_certification_not_verified,requires_provider_and_availability_review
course-v1:nsdc_india+32959+1732091219,रोजगार कौशल,nsdc_india,32959,instructor,2024-11-20T13:57:31.528000+05:30,timestamp,,,,,False,False,https://courses.skillindiadigital.gov.in/api/courses/v1/courses/?page_size=100,live_catalogue_changed_during_pagination;seats_and_certification_not_verified,requires_provider_and_availability_review
course-v1:nsdc_india+33203+1747215437,Test Course 2025,nsdc_india,33203,instructor,2025-05-14T15:07:27.683000+05:30,timestamp,,,,,False,False,https://courses.skillindiadigital.gov.in/api/courses/v1/courses/?page_size=100,live_catalogue_changed_during_pagination;seats_and_certification_not_verified;test_or_demo_candidate,requires_provider_and_availability_review
course-v1:nsdc_india+33806+1734593707,Seller Activation Executive - English,nsdc_india,33806,instructor,2024-12-19T13:05:27.950000+05:30,timestamp,,,,,False,False,https://courses.skillindiadigital.gov.in/api/courses/v1/courses/?page_size=100,live_catalogue_changed_during_pagination;seats_and_certification_not_verified,requires_provider_and_availability_review
course-v1:nsdc_india+34333+1727701600,Digital Skills (Intermediate),nsdc,34333,instructor,2024-11-22T05:30:00+05:30,timestamp,,,,,False,False,https://courses.skillindiadigital.gov.in/api/courses/v1/courses/?page_size=100,live_catalogue_changed_during_pagination;seats_and_certification_not_verified,requires_provider_and_availability_review
course-v1:nsdc_india+36097+1734075520,Individual Sales Professional,nsdc_india,36097,instructor,2024-12-13T13:17:55.380000+05:30,timestamp,,,,,False,False,https://courses.skillindiadigital.gov.in/api/courses/v1/courses/?page_size=100,live_catalogue_changed_during_pagination;seats_and_certification_not_verified,requires_provider_and_availability_review
course-v1:nsdc_india+38112+1735644286,DRC_Test_Demo_31Dec24,nsdc_india,38112,instructor,2024-12-31T17:51:53.083000+05:30,timestamp,,,,,False,False,https://courses.skillindiadigital.gov.in/api/courses/v1/courses/?page_size=100,live_catalogue_changed_during_pagination;seats_and_certification_not_verified,requires_provider_and_availability_review
course-v1:nsdc_india+40123+1724409100,Financial Skills (Intermediate),nsdc,40123,instructor,2024-11-22T05:30:00+05:30,timestamp,,,,,False,False,https://courses.skillindiadigital.gov.in/api/courses/v1/courses/?page_size=100,live_catalogue_changed_during_pagination;seats_and_certification_not_verified,requires_provider_and_availability_review
course-v1:nsdc_india+41270+1734326211,Retail Sales Associate - Gujrati,nsdc_india,41270,instructor,2024-12-16T11:22:30.043000+05:30,timestamp,,,,,False,False,https://courses.skillindiadigital.gov.in/api/courses/v1/courses/?page_size=100,live_catalogue_changed_during_pagination;seats_and_certification_not_verified,requires_provider_and_availability_review
course-v1:nsdc_india+41305+1734085596,Distributor Salesman,nsdc_india,41305,instructor,2024-12-13T15:56:45.066000+05:30,timestamp,,,,,False,False,https://courses.skillindiadigital.gov.in/api/courses/v1/courses/?page_size=100,live_catalogue_changed_during_pagination;seats_and_certification_not_verified,requires_provider_and_availability_review
course-v1:nsdc_india+41373+1727972603,डिजिटल कौशल (प्रारंभिक),nsdc,41373,instructor,2024-11-06T05:30:00+05:30,timestamp,,,,,False,False,https://courses.skillindiadigital.gov.in/api/courses/v1/courses/?page_size=100,live_catalogue_changed_during_pagination;seats_and_certification_not_verified,requires_provider_and_availability_review
course-v1:nsdc_india+42374+1734093276,Individual Sales Professional,nsdc_india,42374,instructor,2024-12-13T18:04:54.693000+05:30,timestamp,,,,,False,False,https://courses.skillindiadigital.gov.in/api/courses/v1/courses/?page_size=100,live_catalogue_changed_during_pagination;seats_and_certification_not_verified,requires_provider_and_availability_review
course-v1:nsdc_india+44578+1733830459,वित्तीय कौशल - उन्नत,nsdc_india,44578,instructor,2024-12-10T17:04:42.215000+05:30,timestamp,,,,,False,False,https://courses.skillindiadigital.gov.in/api/courses/v1/courses/?page_size=100,live_catalogue_changed_during_pagination;seats_and_certification_not_verified,requires_provider_and_availability_review
course-v1:nsdc_india+44770+1724409823,Financial Skills (Advanced),nsdc,44770,instructor,2024-11-22T05:30:00+05:30,timestamp,,,,,False,False,https://courses.skillindiadigital.gov.in/api/courses/v1/courses/?page_size=100,live_catalogue_changed_during_pagination;seats_and_certification_not_verified,requires_provider_and_availability_review
course-v1:nsdc_india+45226+1732249355,कौशल रथ मूल कौशल,nsdc,45226,instructor,2024-11-22T09:54:44.770000+05:30,timestamp,,,,,False,False,https://courses.skillindiadigital.gov.in/api/courses/v1/courses/?page_size=100,live_catalogue_changed_during_pagination;seats_and_certification_not_verified,requires_provider_and_availability_review
course-v1:nsdc_india+45388+1759467856,test,nsdc_india,45388,instructor,2025-10-03T10:34:40.273000+05:30,timestamp,,,,,False,False,https://courses.skillindiadigital.gov.in/api/courses/v1/courses/?page_size=100,live_catalogue_changed_during_pagination;seats_and_certification_not_verified;test_or_demo_candidate,requires_provider_and_availability_review
course-v1:nsdc_india+46117+1734092012,Retail Sales Associate - Odia,nsdc_india,46117,instructor,2024-12-13T17:43:51.163000+05:30,timestamp,,,,,False,False,https://courses.skillindiadigital.gov.in/api/courses/v1/courses/?page_size=100,live_catalogue_changed_during_pagination;seats_and_certification_not_verified,requires_provider_and_availability_review
course-v1:nsdc_india+46189+1721988053,Her Startup - Foundational Course,nsdc_india,46189,instructor,2024-01-01T05:30:00+05:30,timestamp,,,,,False,False,https://courses.skillindiadigital.gov.in/api/courses/v1/courses/?page_size=100,live_catalogue_changed_during_pagination;seats_and_certification_not_verified,requires_provider_and_availability_review
course-v1:nsdc_india+46671+1734590514,Distributor Salesman - Hindi,nsdc_india,46671,instructor,2024-12-19T12:16:25.375000+05:30,timestamp,,,,,False,False,https://courses.skillindiadigital.gov.in/api/courses/v1/courses/?page_size=100,live_catalogue_changed_during_pagination;seats_and_certification_not_verified,requires_provider_and_availability_review
course-v1:nsdc_india+46872+1734077450,Seller Activation Executive,nsdc_india,46872,instructor,2024-12-13T13:44:10.581000+05:30,timestamp,,,,,False,False,https://courses.skillindiadigital.gov.in/api/courses/v1/courses/?page_size=100,live_catalogue_changed_during_pagination;seats_and_certification_not_verified,requires_provider_and_availability_review
course-v1:nsdc_india+48168+1733385171,कौशल रथ उन्नत कौशल,nsdc_india,48168,instructor,2024-12-05T15:32:11.417000+05:30,timestamp,,,,,False,False,https://courses.skillindiadigital.gov.in/api/courses/v1/courses/?page_size=100,live_catalogue_changed_during_pagination;seats_and_certification_not_verified,requires_provider_and_availability_review
course-v1:nsdc_india+48310+1731907880,वित्तीय कौशल (माध्यमिक),nsdc,48310,instructor,2024-11-26T05:30:00+05:30,timestamp,,,,,False,False,https://courses.skillindiadigital.gov.in/api/courses/v1/courses/?page_size=100,live_catalogue_changed_during_pagination;seats_and_certification_not_verified,requires_provider_and_availability_review
course-v1:nsdc_india+48471+1734079263,Distributor Salesman,nsdc_india,48471,instructor,2024-12-13T14:11:07.070000+05:30,timestamp,,,,,False,False,https://courses.skillindiadigital.gov.in/api/courses/v1/courses/?page_size=100,live_catalogue_changed_during_pagination;seats_and_certification_not_verified,requires_provider_and_availability_review
course-v1:nsdc_india+48912+1734084573,Retail Sales Associate,nsdc_india,48912,instructor,2024-12-13T15:40:20.349000+05:30,timestamp,,,,,False,False,https://courses.skillindiadigital.gov.in/api/courses/v1/courses/?page_size=100,live_catalogue_changed_during_pagination;seats_and_certification_not_verified,requires_provider_and_availability_review
course-v1:nsdc_india+50182+1732161793,Kaushal Rath Core Skills,nsdc,50182,instructor,2024-11-21T09:33:34.532000+05:30,timestamp,,,,,False,False,https://courses.skillindiadigital.gov.in/api/courses/v1/courses/?page_size=100,live_catalogue_changed_during_pagination;seats_and_certification_not_verified,requires_provider_and_availability_review
course-v1:nsdc_india+50927+1734093139,Distributor Salesman,nsdc_india,50927,instructor,2024-12-13T18:02:31.079000+05:30,timestamp,,,,,False,False,https://courses.skillindiadigital.gov.in/api/courses/v1/courses/?page_size=100,live_catalogue_changed_during_pagination;seats_and_certification_not_verified,requires_provider_and_availability_review
course-v1:nsdc_india+51314+1727158264,HR Leadership Council Connect,nsdc,51314,instructor,2024-01-01T05:30:00+05:30,timestamp,,,,,False,False,https://courses.skillindiadigital.gov.in/api/courses/v1/courses/?page_size=100,live_catalogue_changed_during_pagination;seats_and_certification_not_verified,requires_provider_and_availability_review
course-v1:nsdc_india+53506+1734092434,Retail Cashier - Odia,nsdc_india,53506,instructor,2024-12-13T17:50:44.795000+05:30,timestamp,,,,,False,False,https://courses.skillindiadigital.gov.in/api/courses/v1/courses/?page_size=100,live_catalogue_changed_during_pagination;seats_and_certification_not_verified,requires_provider_and_availability_review
course-v1:nsdc_india+55110+1734085392,Retail Cashier,nsdc_india,55110,instructor,2024-12-13T15:53:20.721000+05:30,timestamp,,,,,False,False,https://courses.skillindiadigital.gov.in/api/courses/v1/courses/?page_size=100,live_catalogue_changed_during_pagination;seats_and_certification_not_verified,requires_provider_and_availability_review
course-v1:nsdc_india+55114+1769166014,assas,nsdc_india,55114,instructor,2026-01-23T16:30:46.121000+05:30,timestamp,,,,,False,False,https://courses.skillindiadigital.gov.in/api/courses/v1/courses/?page_size=100,live_catalogue_changed_during_pagination;seats_and_certification_not_verified,requires_provider_and_availability_review
course-v1:nsdc_india+55841+1734331490,Individual Sales Professional - Gujrati,nsdc_india,55841,instructor,2024-12-16T12:15:26.725000+05:30,timestamp,,,,,False,False,https://courses.skillindiadigital.gov.in/api/courses/v1/courses/?page_size=100,live_catalogue_changed_during_pagination;seats_and_certification_not_verified,requires_provider_and_availability_review
course-v1:nsdc_india+56546+1776411628,Assessments,nsdc_india,56546,instructor,2026-04-17T13:10:43.492000+05:30,timestamp,,,,,False,False,https://courses.skillindiadigital.gov.in/api/courses/v1/courses/?page_size=100,live_catalogue_changed_during_pagination;seats_and_certification_not_verified,requires_provider_and_availability_review
course-v1:nsdc_india+59744+1734069484,Retail Cashier,nsdc_india,59744,instructor,2024-12-13T11:28:08.847000+05:30,timestamp,,,,,False,False,https://courses.skillindiadigital.gov.in/api/courses/v1/courses/?page_size=100,live_catalogue_changed_during_pagination;seats_and_certification_not_verified,requires_provider_and_availability_review
course-v1:nsdc_india+59884+1734591490,Retail Sales Associate - Hindi,nsdc_india,59884,instructor,2024-12-19T12:30:11.600000+05:30,timestamp,,,,,False,False,https://courses.skillindiadigital.gov.in/api/courses/v1/courses/?page_size=100,live_catalogue_changed_during_pagination;seats_and_certification_not_verified,requires_provider_and_availability_review
course-v1:nsdc_india+61046+1707299183,Financial Literacy,nsdc_india,61046,instructor,2030-01-01T05:30:00+05:30,empty,,,,,False,False,https://courses.skillindiadigital.gov.in/api/courses/v1/courses/?page_size=100,live_catalogue_changed_during_pagination;seats_and_certification_not_verified,requires_provider_and_availability_review
course-v1:nsdc_india+63023+1731907966,डिजिटल कौशल (माध्यमिक),nsdc,63023,instructor,2024-11-26T05:30:00+05:30,timestamp,,,,,False,False,https://courses.skillindiadigital.gov.in/api/courses/v1/courses/?page_size=100,live_catalogue_changed_during_pagination;seats_and_certification_not_verified,requires_provider_and_availability_review
course-v1:nsdc_india+65282+1747215588,Digital Photography,nsdc_india,65282,instructor,2025-05-14T15:10:42.545000+05:30,timestamp,,,,,False,False,https://courses.skillindiadigital.gov.in/api/courses/v1/courses/?page_size=100,live_catalogue_changed_during_pagination;seats_and_certification_not_verified,requires_provider_and_availability_review
course-v1:nsdc_india+65381+1728013414,संचार कौशल (प्रारंभिक),nsdc,65381,instructor,2024-11-19T05:30:00+05:30,timestamp,,,,,False,False,https://courses.skillindiadigital.gov.in/api/courses/v1/courses/?page_size=100,live_catalogue_changed_during_pagination;seats_and_certification_not_verified,requires_provider_and_availability_review
course-v1:nsdc_india+68643+1727240114,HR Leadership Council Connect,nsdc,68643,instructor,2024-01-01T05:30:00+05:30,timestamp,,,,,False,False,https://courses.skillindiadigital.gov.in/api/courses/v1/courses/?page_size=100,live_catalogue_changed_during_pagination;seats_and_certification_not_verified,requires_provider_and_availability_review
course-v1:nsdc_india+70671+1715749675,Dummy Test,nsdc_india,70671,instructor,2030-01-01T05:30:00+05:30,empty,,,,,False,False,https://courses.skillindiadigital.gov.in/api/courses/v1/courses/?page_size=100,live_catalogue_changed_during_pagination;seats_and_certification_not_verified;test_or_demo_candidate,requires_provider_and_availability_review
course-v1:nsdc_india+70700+1732256981,रोज़गार कौशल,nsdc,70700,instructor,2024-11-22T12:00:47.208000+05:30,timestamp,,,,,False,False,https://courses.skillindiadigital.gov.in/api/courses/v1/courses/?page_size=100,live_catalogue_changed_during_pagination;seats_and_certification_not_verified,requires_provider_and_availability_review
course-v1:nsdc_india+73079+1734330990,Retail Cashier - Gujrati,nsdc_india,73079,instructor,2024-12-16T12:06:43.686000+05:30,timestamp,,,,,False,False,https://courses.skillindiadigital.gov.in/api/courses/v1/courses/?page_size=100,live_catalogue_changed_during_pagination;seats_and_certification_not_verified,requires_provider_and_availability_review
course-v1:nsdc_india+73440+1734085215,Retail Trainee Associate,nsdc_india,73440,instructor,2024-12-13T15:50:23.578000+05:30,timestamp,,,,,False,False,https://courses.skillindiadigital.gov.in/api/courses/v1/courses/?page_size=100,live_catalogue_changed_during_pagination;seats_and_certification_not_verified,requires_provider_and_availability_review
course-v1:nsdc_india+73616+1732519217,Kaushal Rath Advanced Skills,nsdc,73616,instructor,2024-11-25T12:50:32.527000+05:30,timestamp,,,,,False,False,https://courses.skillindiadigital.gov.in/api/courses/v1/courses/?page_size=100,live_catalogue_changed_during_pagination;seats_and_certification_not_verified,requires_provider_and_availability_review
course-v1:nsdc_india+73808+1725333450,Prevention of Sexual Harassment (POSH),nsdc_india,73808,instructor,2024-01-01T05:30:00+05:30,timestamp,,,,,False,False,https://courses.skillindiadigital.gov.in/api/courses/v1/courses/?page_size=100,live_catalogue_changed_during_pagination;seats_and_certification_not_verified,requires_provider_and_availability_review
course-v1:nsdc_india+75132+1721197270,Entrepreneurial Skills (Basic),nsdc_india,75132,instructor,2024-01-01T05:30:00+05:30,timestamp,,,,,False,False,https://courses.skillindiadigital.gov.in/api/courses/v1/courses/?page_size=100,live_catalogue_changed_during_pagination;seats_and_certification_not_verified,requires_provider_and_availability_review
course-v1:nsdc_india+77108+1734092313,Retail Trainee Associate - Odia,nsdc_india,77108,instructor,2024-12-13T17:48:49.278000+05:30,timestamp,,,,,False,False,https://courses.skillindiadigital.gov.in/api/courses/v1/courses/?page_size=100,live_catalogue_changed_during_pagination;seats_and_certification_not_verified,requires_provider_and_availability_review
course-v1:nsdc_india+77398+1731908099,उद्यमिता कौशल (माध्यमिक),nsdc,77398,instructor,2024-11-24T05:30:00+05:30,timestamp,,,,,False,False,https://courses.skillindiadigital.gov.in/api/courses/v1/courses/?page_size=100,live_catalogue_changed_during_pagination;seats_and_certification_not_verified,requires_provider_and_availability_review
course-v1:nsdc_india+77444+1704427457,PM Vishwakarma (test),nsdc_india,77444,instructor,2023-01-01T05:30:00+05:30,timestamp,,,,,False,False,https://courses.skillindiadigital.gov.in/api/courses/v1/courses/?page_size=100,live_catalogue_changed_during_pagination;seats_and_certification_not_verified;test_or_demo_candidate,requires_provider_and_availability_review
course-v1:nsdc_india+77724+1731907811,संचार कौशल (माध्यमिक),nsdc,77724,instructor,2022-11-26T05:30:00+05:30,timestamp,,,,,False,False,https://courses.skillindiadigital.gov.in/api/courses/v1/courses/?page_size=100,live_catalogue_changed_during_pagination;seats_and_certification_not_verified,requires_provider_and_availability_review
course-v1:nsdc_india+78346+1734333716,Seller Activation Executive,nsdc_india,78346,instructor,2024-12-16T12:57:21.649000+05:30,timestamp,,,,,False,False,https://courses.skillindiadigital.gov.in/api/courses/v1/courses/?page_size=100,live_catalogue_changed_during_pagination;seats_and_certification_not_verified,requires_provider_and_availability_review
course-v1:nsdc_india+79220+1734331191,Distributor Salesman - Gujrati,nsdc_india,79220,instructor,2024-12-16T12:10:03.056000+05:30,timestamp,,,,,False,False,https://courses.skillindiadigital.gov.in/api/courses/v1/courses/?page_size=100,live_catalogue_changed_during_pagination;seats_and_certification_not_verified,requires_provider_and_availability_review
course-v1:nsdc_india+80062+1734063322,Retail Sales Associate,nsdc_india,80062,instructor,2024-12-13T09:45:36.866000+05:30,timestamp,,,,,False,False,https://courses.skillindiadigital.gov.in/api/courses/v1/courses/?page_size=100,live_catalogue_changed_during_pagination;seats_and_certification_not_verified,requires_provider_and_availability_review
course-v1:nsdc_india+81260+1759330436,test,nsdc_india,81260,instructor,2025-10-01T20:24:07.478000+05:30,timestamp,,,,,False,False,https://courses.skillindiadigital.gov.in/api/courses/v1/courses/?page_size=100,live_catalogue_changed_during_pagination;seats_and_certification_not_verified;test_or_demo_candidate,requires_provider_and_availability_review
course-v1:nsdc_india+81453+1712038135,PMKVY 4.0 Implementation Guidelines (For Candidates),nsdc_india,81453,instructor,2024-01-01T05:30:00+05:30,timestamp,,,,,False,False,https://courses.skillindiadigital.gov.in/api/courses/v1/courses/?page_size=100,live_catalogue_changed_during_pagination;seats_and_certification_not_verified,requires_provider_and_availability_review
course-v1:nsdc_india+82016+1718682257,Digital Skills,nsdc_india,82016,instructor,2024-07-01T05:30:00+05:30,timestamp,,,,,False,False,https://courses.skillindiadigital.gov.in/api/courses/v1/courses/?page_size=100,live_catalogue_changed_during_pagination;seats_and_certification_not_verified,requires_provider_and_availability_review
course-v1:nsdc_india+82508+1733810439,डिजिटल कौशल - उन्नत,nsdc_india,82508,instructor,2024-12-10T11:31:35.850000+05:30,timestamp,,,,,False,False,https://courses.skillindiadigital.gov.in/api/courses/v1/courses/?page_size=100,live_catalogue_changed_during_pagination;seats_and_certification_not_verified,requires_provider_and_availability_review
course-v1:nsdc_india+85907+1705472589,Demo Manager-waste Management,nsdc_india,85907,instructor,2023-01-01T05:30:00+05:30,timestamp,,,,,False,False,https://courses.skillindiadigital.gov.in/api/courses/v1/courses/?page_size=100,live_catalogue_changed_during_pagination;seats_and_certification_not_verified;test_or_demo_candidate,requires_provider_and_availability_review
course-v1:nsdc_india+87581+1733209924,Job Readiness,nsdc_india,87581,instructor,2024-12-03T12:42:49.758000+05:30,timestamp,,,,,False,False,https://courses.skillindiadigital.gov.in/api/courses/v1/courses/?page_size=100,live_catalogue_changed_during_pagination;seats_and_certification_not_verified,requires_provider_and_availability_review
course-v1:nsdc_india+87594+1734071468,Retail Trainee Associate,nsdc_india,87594,instructor,2024-12-13T12:01:16.254000+05:30,timestamp,,,,,False,False,https://courses.skillindiadigital.gov.in/api/courses/v1/courses/?page_size=100,live_catalogue_changed_during_pagination;seats_and_certification_not_verified,requires_provider_and_availability_review
course-v1:nsdc_india+88446+1727171317,Communication Skills (Intermediate),nsdc,88446,instructor,2024-11-22T05:30:00+05:30,timestamp,,,,,False,False,https://courses.skillindiadigital.gov.in/api/courses/v1/courses/?page_size=100,live_catalogue_changed_during_pagination;seats_and_certification_not_verified,requires_provider_and_availability_review
course-v1:nsdc_india+88767+1731559569,कौशल रथ प्रारंभिक कौशल,nsdc_india,88767,instructor,2024-11-14T05:30:00+05:30,timestamp,,,,,False,False,https://courses.skillindiadigital.gov.in/api/courses/v1/courses/?page_size=100,live_catalogue_changed_during_pagination;seats_and_certification_not_verified,requires_provider_and_availability_review
course-v1:nsdc_india+88904+1709254795,PMKVY 4.0 Implementation Guidelines,nsdc_india,88904,instructor,2024-01-01T05:30:00+05:30,timestamp,,,,,False,False,https://courses.skillindiadigital.gov.in/api/courses/v1/courses/?page_size=100,live_catalogue_changed_during_pagination;seats_and_certification_not_verified,requires_provider_and_availability_review
course-v1:nsdc_india+90305+1734330538,Retail Trainee Associate - Gujrati,nsdc_india,90305,instructor,2024-12-16T11:59:12.483000+05:30,timestamp,,,,,False,False,https://courses.skillindiadigital.gov.in/api/courses/v1/courses/?page_size=100,live_catalogue_changed_during_pagination;seats_and_certification_not_verified,requires_provider_and_availability_review
course-v1:nsdc_india+91324+1718342985,Financial Skills (Basic),nsdc_india,91324,instructor,2024-01-01T05:30:00+05:30,timestamp,,,,,False,False,https://courses.skillindiadigital.gov.in/api/courses/v1/courses/?page_size=100,live_catalogue_changed_during_pagination;seats_and_certification_not_verified,requires_provider_and_availability_review
course-v1:nsdc_india+92152+1734084268,Seller Activation Executive,nsdc_india,92152,instructor,2024-12-13T15:37:06.648000+05:30,timestamp,,,,,False,False,https://courses.skillindiadigital.gov.in/api/courses/v1/courses/?page_size=100,live_catalogue_changed_during_pagination;seats_and_certification_not_verified,requires_provider_and_availability_review
course-v1:nsdc_india+94908+1734093587,Seller Activation Executive - Odia,nsdc_india,94908,instructor,2024-12-13T18:09:56.977000+05:30,timestamp,,,,,False,False,https://courses.skillindiadigital.gov.in/api/courses/v1/courses/?page_size=100,live_catalogue_changed_during_pagination;seats_and_certification_not_verified,requires_provider_and_availability_review
course-v1:nsdc_india+98597+1769668806,Partner Requirement demo course,nsdc_india,98597,instructor,2026-01-29T12:10:21.067000+05:30,timestamp,,,,,False,False,https://courses.skillindiadigital.gov.in/api/courses/v1/courses/?page_size=100,live_catalogue_changed_during_pagination;seats_and_certification_not_verified;test_or_demo_candidate,requires_provider_and_availability_review
course-v1:nsdc_india+99565+1711511305,PMKVY 4.0 Implementation Guidelines (For TP&TC),nsdc_india,99565,instructor,2024-01-01T05:30:00+05:30,timestamp,,,,,False,False,https://courses.skillindiadigital.gov.in/api/courses/v1/courses/?page_size=100,live_catalogue_changed_during_pagination;seats_and_certification_not_verified,requires_provider_and_availability_review
course-v1:nsdc_india+99588+1732859797,Entrepreneurial Skills - Advanced,nsdc_india,99588,instructor,2024-11-29T11:28:22.908000+05:30,timestamp,,,,,False,False,https://courses.skillindiadigital.gov.in/api/courses/v1/courses/?page_size=100,live_catalogue_changed_during_pagination;seats_and_certification_not_verified,requires_provider_and_availability_review
course-v1:NsimEducationPrivateLimited+10176+1789232892,Certificate in Computer Application,NsimEducationPrivateLimited,10176,instructor,2026-09-12T22:38:46.408000+05:30,timestamp,,,,,False,False,https://courses.skillindiadigital.gov.in/api/courses/v1/courses/?page_size=100,live_catalogue_changed_during_pagination;seats_and_certification_not_verified,requires_provider_and_availability_review
course-v1:NyandeepEducationInstitute+43466+1707055630,TALLY ERP -9,NyandeepEducationInstitute,43466,instructor,2030-01-01T05:30:00+05:30,empty,,,,,False,False,https://courses.skillindiadigital.gov.in/api/courses/v1/courses/?page_size=100,live_catalogue_changed_during_pagination;seats_and_certification_not_verified,requires_provider_and_availability_review
course-v1:OliveboardComptechPrivateLimited+32111+1727964686,Python,OliveboardComptechPrivateLimited,32111,instructor,2030-01-01T05:30:00+05:30,empty,,,,,False,False,https://courses.skillindiadigital.gov.in/api/courses/v1/courses/?page_size=100,live_catalogue_changed_during_pagination;seats_and_certification_not_verified,requires_provider_and_availability_review
course-v1:OliveboardComptechPrivateLimited+49706+1727790962,Web Development,OliveboardComptechPrivateLimited,49706,instructor,2024-10-01T15:30:00+05:30,timestamp,,,,,False,False,https://courses.skillindiadigital.gov.in/api/courses/v1/courses/?page_size=100,live_catalogue_changed_during_pagination;seats_and_certification_not_verified,requires_provider_and_availability_review
course-v1:OliveboardComptechPrivateLimited+85625+1727965226,Data Science,OliveboardComptechPrivateLimited,85625,instructor,2030-01-01T05:30:00+05:30,empty,,,,,False,False,https://courses.skillindiadigital.gov.in/api/courses/v1/courses/?page_size=100,live_catalogue_changed_during_pagination;seats_and_certification_not_verified,requires_provider_and_availability_review
course-v1:OnMyOwnTechnologyPrivateLimited+82056+1751879673,OMOTOOLS Electronics,OnMyOwnTechnologyPrivateLimited,82056,instructor,2025-07-07T14:44:55.978000+05:30,timestamp,,,,,False,False,https://courses.skillindiadigital.gov.in/api/courses/v1/courses/?page_size=100,live_catalogue_changed_during_pagination;seats_and_certification_not_verified,requires_provider_and_availability_review
course-v1:OnMyOwnTechnologyPrivateLimited+99405+1752733932,3D Adventures,OnMyOwnTechnologyPrivateLimited,99405,instructor,2025-07-17T12:02:30.577000+05:30,timestamp,,,,,False,False,https://courses.skillindiadigital.gov.in/api/courses/v1/courses/?page_size=100,live_catalogue_changed_during_pagination;seats_and_certification_not_verified,requires_provider_and_availability_review
course-v1:PankhParidhiFoundation+68383+1733716353,CCC,PankhParidhiFoundation,68383,instructor,2024-12-09T09:23:34.287000+05:30,timestamp,,,,,False,False,https://courses.skillindiadigital.gov.in/api/courses/v1/courses/?page_size=100,live_catalogue_changed_during_pagination;seats_and_certification_not_verified,requires_provider_and_availability_review
course-v1:PappaRam+96315+1719129233,ADOBE PHOTOSHOP,PappaRam,96315,instructor,2024-01-07T15:30:00+05:30,timestamp,2024-01-09T16:30:00+05:30,,,,False,False,https://courses.skillindiadigital.gov.in/api/courses/v1/courses/?page_size=100,live_catalogue_changed_during_pagination;seats_and_certification_not_verified,requires_provider_and_availability_review
course-v1:ParamedicalAndAlliedHealthCouncilTrust+43325+1729838863,CERTIFICATE IN MEDICAL LAB TECH,ParamedicalAndAlliedHealthCouncilTrust,43325,instructor,2030-01-01T05:30:00+05:30,empty,,,,,False,False,https://courses.skillindiadigital.gov.in/api/courses/v1/courses/?page_size=100,live_catalogue_changed_during_pagination;seats_and_certification_not_verified,requires_provider_and_availability_review
course-v1:ParavexTechParkPrivateLimited+98285+1789873570,AWS & DevOps,ParavexTechParkPrivateLimited,98285,instructor,2026-09-20T08:38:54.144000+05:30,timestamp,,,,,False,False,https://courses.skillindiadigital.gov.in/api/courses/v1/courses/?page_size=100,live_catalogue_changed_during_pagination;seats_and_certification_not_verified,requires_provider_and_availability_review
course-v1:PawanComputerInstitute+70468+1715674486,Ms office,PawanComputerInstitute,70468,instructor,2030-01-01T05:30:00+05:30,empty,,,,,False,False,https://courses.skillindiadigital.gov.in/api/courses/v1/courses/?page_size=100,live_catalogue_changed_during_pagination;seats_and_certification_not_verified,requires_provider_and_availability_review
course-v1:PcTrainingInstitute+66706+1728021124,Digital Marketing,PcTrainingInstitute,66706,instructor,2030-01-01T05:30:00+05:30,empty,,,,,False,False,https://courses.skillindiadigital.gov.in/api/courses/v1/courses/?page_size=100,live_catalogue_changed_during_pagination;seats_and_certification_not_verified,requires_provider_and_availability_review
course-v1:PermanentFarmingSolutionPrivateLimited+62904+1764579269,agriculture ex,PermanentFarmingSolutionPrivateLimited,62904,instructor,2025-12-01T14:25:04.467000+05:30,timestamp,,,,,False,False,https://courses.skillindiadigital.gov.in/api/courses/v1/courses/?page_size=100,live_catalogue_changed_during_pagination;seats_and_certification_not_verified,requires_provider_and_availability_review
course-v1:PhnTechnologyPrivateLimited+19812+1770360157,Zero to AI Architect – Master Class,PhnTechnologyPrivateLimited,19812,instructor,2026-02-06T12:15:26.409000+05:30,timestamp,,,,,False,False,https://courses.skillindiadigital.gov.in/api/courses/v1/courses/?page_size=100,live_catalogue_changed_during_pagination;seats_and_certification_not_verified,requires_provider_and_availability_review
course-v1:PhnTechnologyPrivateLimited+26127+1770180344,Smart Infrastructures Engineering with IOT Systems,PhnTechnologyPrivateLimited,26127,instructor,2026-02-04T10:20:57.118000+05:30,timestamp,,,,,False,False,https://courses.skillindiadigital.gov.in/api/courses/v1/courses/?page_size=100,live_catalogue_changed_during_pagination;seats_and_certification_not_verified,requires_provider_and_availability_review
course-v1:PhnTechnologyPrivateLimited+29317+1767875644,Python Mastery: Beginner to Advanced,PhnTechnologyPrivateLimited,29317,instructor,2026-01-08T18:04:15.080000+05:30,timestamp,,,,,False,False,https://courses.skillindiadigital.gov.in/api/courses/v1/courses/?page_size=100,live_catalogue_changed_during_pagination;seats_and_certification_not_verified,requires_provider_and_availability_review
course-v1:PhnTechnologyPrivateLimited+35494+1770374803,Foundations of Internet of Things (IoT) & Smart Systems,PhnTechnologyPrivateLimited,35494,instructor,2026-02-06T16:29:34.577000+05:30,timestamp,,,,,False,False,https://courses.skillindiadigital.gov.in/api/courses/v1/courses/?page_size=100,live_catalogue_changed_during_pagination;seats_and_certification_not_verified,requires_provider_and_availability_review
course-v1:PhnTechnologyPrivateLimited+46224+1768371864,Data Structures & Algorithms: Beginner to Advanced,PhnTechnologyPrivateLimited,46224,instructor,2026-01-14T11:56:38.508000+05:30,timestamp,,,,,False,False,https://courses.skillindiadigital.gov.in/api/courses/v1/courses/?page_size=100,live_catalogue_changed_during_pagination;seats_and_certification_not_verified,requires_provider_and_availability_review
course-v1:PhnTechnologyPrivateLimited+58401+1769669053,Matlab,PhnTechnologyPrivateLimited,58401,instructor,2026-01-29T12:14:26.447000+05:30,timestamp,,,,,False,False,https://courses.skillindiadigital.gov.in/api/courses/v1/courses/?page_size=100,live_catalogue_changed_during_pagination;seats_and_certification_not_verified,requires_provider_and_availability_review
course-v1:PhnTechnologyPrivateLimited+72733+1782898269,Mastering Power BI: Data Analysis and Dashboard Creation,PhnTechnologyPrivateLimited,72733,instructor,2026-07-01T15:02:20.923000+05:30,timestamp,,,,,False,False,https://courses.skillindiadigital.gov.in/api/courses/v1/courses/?page_size=100,live_catalogue_changed_during_pagination;seats_and_certification_not_verified,requires_provider_and_availability_review
course-v1:PhnTechnologyPrivateLimited+78021+1769063237,Web Development,PhnTechnologyPrivateLimited,78021,instructor,2026-01-22T11:57:33.276000+05:30,timestamp,,,,,False,False,https://courses.skillindiadigital.gov.in/api/courses/v1/courses/?page_size=100,live_catalogue_changed_during_pagination;seats_and_certification_not_verified,requires_provider_and_availability_review
course-v1:PhnTechnologyPrivateLimited+82634+1767770374,Python Mastery: Beginner to Advanced,PhnTechnologyPrivateLimited,82634,instructor,2026-01-07T12:51:15.877000+05:30,timestamp,,,,,False,False,https://courses.skillindiadigital.gov.in/api/courses/v1/courses/?page_size=100,live_catalogue_changed_during_pagination;seats_and_certification_not_verified,requires_provider_and_availability_review
course-v1:PhoolWatiDewiKanyakubjShikshaSanstha+33645+1732725556,school ma,PhoolWatiDewiKanyakubjShikshaSanstha,33645,instructor,2024-11-27T22:23:58.775000+05:30,timestamp,,,,,False,False,https://courses.skillindiadigital.gov.in/api/courses/v1/courses/?page_size=100,live_catalogue_changed_during_pagination;seats_and_certification_not_verified,requires_provider_and_availability_review
course-v1:PhysicswallahPrivateLimited+92653+1770110415,Data Science With Generative AI Course - Basic,PhysicswallahPrivateLimited,92653,instructor,2026-02-03T14:51:11.112000+05:30,timestamp,,,,,False,False,https://courses.skillindiadigital.gov.in/api/courses/v1/courses/?page_size=100,live_catalogue_changed_during_pagination;seats_and_certification_not_verified,requires_provider_and_availability_review
course-v1:pledge+65563+1698596486,Rashtriya Ekta Diwas Pledge,pledge,65563,instructor,2023-01-01T05:30:00+05:30,timestamp,,,,,False,False,https://courses.skillindiadigital.gov.in/api/courses/v1/courses/?page_size=100,live_catalogue_changed_during_pagination;seats_and_certification_not_verified,requires_provider_and_availability_review
course-v1:PoornataSocialWelfareFoundation+79714+1786013360,Telecom Baiscs,PoornataSocialWelfareFoundation,79714,instructor,2026-08-06T16:20:16.970000+05:30,timestamp,,,,,False,False,https://courses.skillindiadigital.gov.in/api/courses/v1/courses/?page_size=100,live_catalogue_changed_during_pagination;seats_and_certification_not_verified,requires_provider_and_availability_review
course-v1:PowerNTechnoconSolutionsPrivateLimited+14998+1755791137,Introduction to Enterprise Resource Planning,PowerNTechnoconSolutionsPrivateLimited,14998,instructor,2025-08-21T21:16:45.487000+05:30,timestamp,,,,,False,False,https://courses.skillindiadigital.gov.in/api/courses/v1/courses/?page_size=100,live_catalogue_changed_during_pagination;seats_and_certification_not_verified,requires_provider_and_availability_review
course-v1:PradipulhasBahuudeshiyVikasSanstha+61925+1741342907,Mehandi,PradipulhasBahuudeshiyVikasSanstha,61925,instructor,2025-03-07T15:52:44.114000+05:30,timestamp,,,,,False,False,https://courses.skillindiadigital.gov.in/api/courses/v1/courses/?page_size=100,live_catalogue_changed_during_pagination;seats_and_certification_not_verified,requires_provider_and_availability_review
course-v1:PragatiMagaswargiyaMahilaSanstha+96426+1766056103,Tractor Training,PragatiMagaswargiyaMahilaSanstha,96426,instructor,2025-12-18T16:39:07.942000+05:30,timestamp,,,,,False,False,https://courses.skillindiadigital.gov.in/api/courses/v1/courses/?page_size=100,live_catalogue_changed_during_pagination;seats_and_certification_not_verified,requires_provider_and_availability_review
course-v1:PragyanSmartaiTechnologyLlp+53863+1785688191,PragyanAI - 12 Month AI GenAI Fellowship,PragyanSmartaiTechnologyLlp,53863,instructor,2026-08-02T22:00:55.779000+05:30,timestamp,,,,,False,False,https://courses.skillindiadigital.gov.in/api/courses/v1/courses/?page_size=100,live_catalogue_changed_during_pagination;seats_and_certification_not_verified,requires_provider_and_availability_review
course-v1:PrakashDeepSewaSansthan+70411+1720615627,JAVA PROGRAMMING,PrakashDeepSewaSansthan,70411,instructor,2030-01-01T05:30:00+05:30,empty,,,,,False,False,https://courses.skillindiadigital.gov.in/api/courses/v1/courses/?page_size=100,live_catalogue_changed_during_pagination;seats_and_certification_not_verified,requires_provider_and_availability_review
course-v1:Pranshu+47619+1702036642,Itidmm,Pranshu,47619,instructor,2024-01-01T13:30:00+05:30,timestamp,2025-01-01T15:00:00+05:30,,,,False,False,https://courses.skillindiadigital.gov.in/api/courses/v1/courses/?page_size=100,live_catalogue_changed_during_pagination;seats_and_certification_not_verified,requires_provider_and_availability_review
course-v1:PreetMultipurposeForum+22347+1752610891,PREET AROGYA MITRA,PreetMultipurposeForum,22347,instructor,2025-07-16T01:52:33.343000+05:30,timestamp,,,,,False,False,https://courses.skillindiadigital.gov.in/api/courses/v1/courses/?page_size=100,live_catalogue_changed_during_pagination;seats_and_certification_not_verified,requires_provider_and_availability_review
course-v1:PriyankaSrivastava+91366+1722445345,GIGABYTE- IWAY's,PriyankaSrivastava,91366,instructor,2030-01-01T05:30:00+05:30,empty,,,,,False,False,https://courses.skillindiadigital.gov.in/api/courses/v1/courses/?page_size=100,live_catalogue_changed_during_pagination;seats_and_certification_not_verified,requires_provider_and_availability_review
course-v1:ProgressiveEducationalAndSocialWelfareTrust+32969+1778827323,Diploma in Information Technology,ProgressiveEducationalAndSocialWelfareTrust,32969,instructor,2026-05-15T12:12:58.715000+05:30,timestamp,,,,,False,False,https://courses.skillindiadigital.gov.in/api/courses/v1/courses/?page_size=100,live_catalogue_changed_during_pagination;seats_and_certification_not_verified,requires_provider_and_availability_review
course-v1:PromptPersonnelPrivateLimited+86076+1775108052,Communication skill,PromptPersonnelPrivateLimited,86076,instructor,2026-04-02T11:58:54.782000+05:30,timestamp,,,,,False,False,https://courses.skillindiadigital.gov.in/api/courses/v1/courses/?page_size=100,live_catalogue_changed_during_pagination;seats_and_certification_not_verified,requires_provider_and_availability_review
course-v1:ProworkFoundation+22211+1703679597,Basics of Cyber Security,ProworkFoundation,22211,instructor,2030-01-01T05:30:00+05:30,empty,,,,,False,False,https://courses.skillindiadigital.gov.in/api/courses/v1/courses/?page_size=100,live_catalogue_changed_during_pagination;seats_and_certification_not_verified,requires_provider_and_availability_review
course-v1:PuneBusinessEducationTrainingBoard+81991+1756748193,Dipoma In Radiology,PuneBusinessEducationTrainingBoard,81991,instructor,2025-09-01T23:08:40.086000+05:30,timestamp,,,,,False,False,https://courses.skillindiadigital.gov.in/api/courses/v1/courses/?page_size=100,live_catalogue_changed_during_pagination;seats_and_certification_not_verified,requires_provider_and_availability_review
course-v1:PureglamByDeeptiSharma+10277+1705155435,Basic Makeup Theory,PureglamByDeeptiSharma,10277,instructor,2030-01-01T05:30:00+05:30,empty,,,,,False,False,https://courses.skillindiadigital.gov.in/api/courses/v1/courses/?page_size=100,live_catalogue_changed_during_pagination;seats_and_certification_not_verified,requires_provider_and_availability_review
course-v1:PurussottamEducationalTrust+61273+1719044252,DIPLOMA IN COMPUTER APPLICATION,PurussottamEducationalTrust,61273,instructor,2030-01-01T05:30:00+05:30,empty,,,,,False,False,https://courses.skillindiadigital.gov.in/api/courses/v1/courses/?page_size=100,live_catalogue_changed_during_pagination;seats_and_certification_not_verified,requires_provider_and_availability_review
course-v1:PushpendraKumarNirala+76480+1718898529,aadhar payment bank,PushpendraKumarNirala,76480,instructor,2030-01-01T05:30:00+05:30,empty,,,,,False,False,https://courses.skillindiadigital.gov.in/api/courses/v1/courses/?page_size=100,live_catalogue_changed_during_pagination;seats_and_certification_not_verified,requires_provider_and_availability_review
course-v1:QuantumedgeTechnologiesIndiaPrivateLimited+18615+1779788841,MSME MITRA,QuantumedgeTechnologiesIndiaPrivateLimited,18615,instructor,2026-05-26T15:47:34.656000+05:30,timestamp,,,,,False,False,https://courses.skillindiadigital.gov.in/api/courses/v1/courses/?page_size=100,live_catalogue_changed_during_pagination;seats_and_certification_not_verified,requires_provider_and_availability_review
course-v1:QuantumedgeTechnologiesIndiaPrivateLimited+35489+1779610564,MSME MITRA,QuantumedgeTechnologiesIndiaPrivateLimited,35489,instructor,2026-05-24T13:46:39.536000+05:30,timestamp,,,,,False,False,https://courses.skillindiadigital.gov.in/api/courses/v1/courses/?page_size=100,live_catalogue_changed_during_pagination;seats_and_certification_not_verified,requires_provider_and_availability_review
course-v1:QUESTALLIANCE+18925+1692184329,Employability Skills - Hindi,QUESTALLIANCE,18925,instructor,2023-08-01T05:30:00+05:30,timestamp,,,,,False,False,https://courses.skillindiadigital.gov.in/api/courses/v1/courses/?page_size=100,live_catalogue_changed_during_pagination;seats_and_certification_not_verified,requires_provider_and_availability_review
course-v1:QUESTALLIANCE+31496+1691662380,Employability Skills (ES-60 hours),QUESTALLIANCE,31496,instructor,2023-07-01T05:30:00+05:30,timestamp,,,,,False,False,https://courses.skillindiadigital.gov.in/api/courses/v1/courses/?page_size=100,live_catalogue_changed_during_pagination;seats_and_certification_not_verified,requires_provider_and_availability_review
course-v1:QUESTALLIANCE+46102+1691998136,Employability Skills (ES-30 hours),QUESTALLIANCE,46102,instructor,2023-07-01T05:30:00+05:30,timestamp,,,,,False,False,https://courses.skillindiadigital.gov.in/api/courses/v1/courses/?page_size=100,live_catalogue_changed_during_pagination;seats_and_certification_not_verified,requires_provider_and_availability_review
course-v1:QUESTALLIANCE+66892+1691658578,Employability Skills (ES-90 hours),QUESTALLIANCE,66892,instructor,2023-07-01T05:30:00+05:30,timestamp,,,,,False,False,https://courses.skillindiadigital.gov.in/api/courses/v1/courses/?page_size=100,live_catalogue_changed_during_pagination;seats_and_certification_not_verified,requires_provider_and_availability_review
course-v1:QUESTALLIANCE+73379+1756118748,Introduction to Artificial Intelligence,QUESTALLIANCE,73379,instructor,2025-08-25T16:16:27.088000+05:30,timestamp,,,,,False,False,https://courses.skillindiadigital.gov.in/api/courses/v1/courses/?page_size=100,live_catalogue_changed_during_pagination;seats_and_certification_not_verified,requires_provider_and_availability_review
course-v1:RaghavAssociates+23149+1706542122,Health care,RaghavAssociates,23149,instructor,2030-01-01T05:30:00+05:30,empty,,,,,False,False,https://courses.skillindiadigital.gov.in/api/courses/v1/courses/?page_size=100,live_catalogue_changed_during_pagination;seats_and_certification_not_verified,requires_provider_and_availability_review
course-v1:RahulAcademy+44384+1718168181,Dca,RahulAcademy,44384,instructor,2030-01-01T05:30:00+05:30,empty,,,,,False,False,https://courses.skillindiadigital.gov.in/api/courses/v1/courses/?page_size=100,live_catalogue_changed_during_pagination;seats_and_certification_not_verified,requires_provider_and_availability_review
course-v1:RahulSinghthakur+94612+1719227561,PGDCA,RahulSinghthakur,94612,instructor,2030-01-01T05:30:00+05:30,empty,,,,,False,False,https://courses.skillindiadigital.gov.in/api/courses/v1/courses/?page_size=100,live_catalogue_changed_during_pagination;seats_and_certification_not_verified,requires_provider_and_availability_review
course-v1:RalysShikshaSamiti+29066+1756822283,Professional Makeup Artist,RalysShikshaSamiti,29066,instructor,2025-09-02T19:43:55.420000+05:30,timestamp,,,,,False,False,https://courses.skillindiadigital.gov.in/api/courses/v1/courses/?page_size=100,live_catalogue_changed_during_pagination;seats_and_certification_not_verified,requires_provider_and_availability_review
course-v1:RamaDigitalSolutionsOpcPrivateLimited+20318+1749537714,Demo Course,RamaDigitalSolutionsOpcPrivateLimited,20318,instructor,2025-06-10T12:12:30.356000+05:30,timestamp,,,,,False,False,https://courses.skillindiadigital.gov.in/api/courses/v1/courses/?page_size=100,live_catalogue_changed_during_pagination;seats_and_certification_not_verified;test_or_demo_candidate,requires_provider_and_availability_review
course-v1:RamchaitTechnologiesPrivateLimited+87743+1755623641,Web Development,RamchaitTechnologiesPrivateLimited,87743,instructor,2025-08-20T08:53:15.316000+05:30,timestamp,,,,,False,False,https://courses.skillindiadigital.gov.in/api/courses/v1/courses/?page_size=100,live_catalogue_changed_during_pagination;seats_and_certification_not_verified,requires_provider_and_availability_review
course-v1:RankbookLearningAndSoftwareSolutionsPrivateLimited+39741+1729587272,Job Ready MERN Full Stack Web Development Course,RankbookLearningAndSoftwareSolutionsPrivateLimited,39741,instructor,2030-01-01T05:30:00+05:30,empty,,,,,False,False,https://courses.skillindiadigital.gov.in/api/courses/v1/courses/?page_size=100,live_catalogue_changed_during_pagination;seats_and_certification_not_verified,requires_provider_and_availability_review
course-v1:RankbookLearningAndSoftwareSolutionsPrivateLimited+51597+1729162008,Certificate in Blockchain Technology,RankbookLearningAndSoftwareSolutionsPrivateLimited,51597,instructor,2030-01-01T05:30:00+05:30,empty,,,,,False,False,https://courses.skillindiadigital.gov.in/api/courses/v1/courses/?page_size=100,live_catalogue_changed_during_pagination;seats_and_certification_not_verified,requires_provider_and_availability_review
course-v1:RankbookLearningAndSoftwareSolutionsPrivateLimited+62022+1729841289,Job Ready Cyber Security Course,RankbookLearningAndSoftwareSolutionsPrivateLimited,62022,instructor,2030-01-01T05:30:00+05:30,empty,,,,,False,False,https://courses.skillindiadigital.gov.in/api/courses/v1/courses/?page_size=100,live_catalogue_changed_during_pagination;seats_and_certification_not_verified,requires_provider_and_availability_review
course-v1:RankbookLearningAndSoftwareSolutionsPrivateLimited+87999+1729772198,Job Ready Cloud Computing Course,RankbookLearningAndSoftwareSolutionsPrivateLimited,87999,instructor,2030-01-01T05:30:00+05:30,empty,,,,,False,False,https://courses.skillindiadigital.gov.in/api/courses/v1/courses/?page_size=100,live_catalogue_changed_during_pagination;seats_and_certification_not_verified,requires_provider_and_availability_review
course-v1:RankbookLearningAndSoftwareSolutionsPrivateLimited+99763+1729161778,Cyber Security,RankbookLearningAndSoftwareSolutionsPrivateLimited,99763,instructor,2030-01-01T05:30:00+05:30,empty,,,,,False,False,https://courses.skillindiadigital.gov.in/api/courses/v1/courses/?page_size=100,live_catalogue_changed_during_pagination;seats_and_certification_not_verified,requires_provider_and_availability_review
course-v1:Ranveer+92580+1723707518,Dron,Ranveer,92580,instructor,2030-01-01T05:30:00+05:30,empty,,,,,False,False,https://courses.skillindiadigital.gov.in/api/courses/v1/courses/?page_size=100,live_catalogue_changed_during_pagination;seats_and_certification_not_verified,requires_provider_and_availability_review
course-v1:RASCI-GIZ+16217+1688636206,Retail Sales Specialist cum Cashier(Hindi)(V1.0 & 3.0 ),RASCI-GIZ,16217,instructor,2023-07-01T05:30:00+05:30,timestamp,,,,,False,False,https://courses.skillindiadigital.gov.in/api/courses/v1/courses/?page_size=100,live_catalogue_changed_during_pagination;seats_and_certification_not_verified,requires_provider_and_availability_review
course-v1:RASCI-GIZ+31810+1688637514,Service fulfilment Executive(Telugu)(V1.0 & 3.0 ),RASCI-GIZ,31810,instructor,2023-07-01T05:30:00+05:30,timestamp,,,,,False,False,https://courses.skillindiadigital.gov.in/api/courses/v1/courses/?page_size=100,live_catalogue_changed_during_pagination;seats_and_certification_not_verified,requires_provider_and_availability_review
course-v1:RASCI-GIZ+32992+1688640520,Retail Sales Specialist cum Cashier(Telugu)(V1.0 & 3.0 ),RASCI-GIZ,32992,instructor,2023-07-01T05:30:00+05:30,timestamp,,,,,False,False,https://courses.skillindiadigital.gov.in/api/courses/v1/courses/?page_size=100,live_catalogue_changed_during_pagination;seats_and_certification_not_verified,requires_provider_and_availability_review
course-v1:RASCI-GIZ+53264+1688639024,Distributor salesman(Hindi)(V2.0 & 3.0 ),RASCI-GIZ,53264,instructor,2023-07-01T05:30:00+05:30,timestamp,,,,,False,False,https://courses.skillindiadigital.gov.in/api/courses/v1/courses/?page_size=100,live_catalogue_changed_during_pagination;seats_and_certification_not_verified,requires_provider_and_availability_review
course-v1:RASCI-GIZ+56924+1688632993,Service fulfilment Executive (Version 1.0 & 3.0),RASCI-GIZ,56924,instructor,2023-07-01T05:30:00+05:30,timestamp,,,,,False,False,https://courses.skillindiadigital.gov.in/api/courses/v1/courses/?page_size=100,live_catalogue_changed_during_pagination;seats_and_certification_not_verified,requires_provider_and_availability_review
course-v1:RASCI-GIZ+58729+1688633552,Retail Sales Specialist cum Cashier(Version 1.0 & 3.0),RASCI-GIZ,58729,instructor,2023-07-01T05:30:00+05:30,timestamp,,,,,False,False,https://courses.skillindiadigital.gov.in/api/courses/v1/courses/?page_size=100,live_catalogue_changed_during_pagination;seats_and_certification_not_verified,requires_provider_and_availability_review
course-v1:RASCI-GIZ+60472+1688636011,Service fulfilment Executive(Hindi)(V1.0 & 3.0 ),RASCI-GIZ,60472,instructor,2023-07-01T05:30:00+05:30,timestamp,,,,,False,False,https://courses.skillindiadigital.gov.in/api/courses/v1/courses/?page_size=100,live_catalogue_changed_during_pagination;seats_and_certification_not_verified,requires_provider_and_availability_review
course-v1:RASCI-GIZ+66184+1688640555,Distributor salesman(Telugu)(V2.0 & 3.0 ),RASCI-GIZ,66184,instructor,2023-07-01T05:30:00+05:30,timestamp,,,,,False,False,https://courses.skillindiadigital.gov.in/api/courses/v1/courses/?page_size=100,live_catalogue_changed_during_pagination;seats_and_certification_not_verified,requires_provider_and_availability_review
course-v1:RASCI-GIZ+70759+1688636565,Service fulfilment Executive(kannada)(V1.0 & 3.0 ),RASCI-GIZ,70759,instructor,2023-07-01T05:30:00+05:30,timestamp,,,,,False,False,https://courses.skillindiadigital.gov.in/api/courses/v1/courses/?page_size=100,live_catalogue_changed_during_pagination;seats_and_certification_not_verified,requires_provider_and_availability_review
course-v1:RASCI-GIZ+77979+1688632968,Retail Sales Specialist cum Cashier (Version 1.0 & 3.0 ),RASCI-GIZ,77979,instructor,2030-01-01T05:30:00+05:30,empty,,,,,False,False,https://courses.skillindiadigital.gov.in/api/courses/v1/courses/?page_size=100,live_catalogue_changed_during_pagination;seats_and_certification_not_verified,requires_provider_and_availability_review
course-v1:RASCI-GIZ+87355+1688639426,Distributor salesman(kannada)(V2.0 & 3.0 ),RASCI-GIZ,87355,instructor,2023-07-01T05:30:00+05:30,timestamp,,,,,False,False,https://courses.skillindiadigital.gov.in/api/courses/v1/courses/?page_size=100,live_catalogue_changed_during_pagination;seats_and_certification_not_verified,requires_provider_and_availability_review
course-v1:RASCI-GIZ+94199+1688638462,Distributor salesman(Version 2.0 & 3.0 ),RASCI-GIZ,94199,instructor,2023-07-01T05:30:00+05:30,timestamp,,,,,False,False,https://courses.skillindiadigital.gov.in/api/courses/v1/courses/?page_size=100,live_catalogue_changed_during_pagination;seats_and_certification_not_verified,requires_provider_and_availability_review
course-v1:RASCI-GIZ+98478+1688639253,Retail Sales Specialist cum Cashier (Kannada) (V1.0 & 3.0 ),RASCI-GIZ,98478,instructor,2023-07-01T05:30:00+05:30,timestamp,,,,,False,False,https://courses.skillindiadigital.gov.in/api/courses/v1/courses/?page_size=100,live_catalogue_changed_during_pagination;seats_and_certification_not_verified,requires_provider_and_availability_review
course-v1:RashmiKansal+79294+1728041835,Robo Junior,RashmiKansal,79294,instructor,2030-01-01T05:30:00+05:30,empty,,,,,False,False,https://courses.skillindiadigital.gov.in/api/courses/v1/courses/?page_size=100,live_catalogue_changed_during_pagination;seats_and_certification_not_verified,requires_provider_and_availability_review
course-v1:RatanDeviEducationSociety+66911+1733979121,pm vshwakarma yojna,RatanDeviEducationSociety,66911,instructor,2024-12-12T10:22:42.519000+05:30,timestamp,,,,,False,False,https://courses.skillindiadigital.gov.in/api/courses/v1/courses/?page_size=100,live_catalogue_changed_during_pagination;seats_and_certification_not_verified,requires_provider_and_availability_review
course-v1:RatanKumar+74457+1768991074,Cook Level 1,RatanKumar,74457,instructor,2026-01-21T15:55:05.631000+05:30,timestamp,,,,,False,False,https://courses.skillindiadigital.gov.in/api/courses/v1/courses/?page_size=100,live_catalogue_changed_during_pagination;seats_and_certification_not_verified,requires_provider_and_availability_review
course-v1:RCPSDC+14555+1698388577,Rubber Compression Moulding Operator,RCPSDC,14555,instructor,2023-10-01T05:30:00+05:30,timestamp,,,,,False,False,https://courses.skillindiadigital.gov.in/api/courses/v1/courses/?page_size=100,live_catalogue_changed_during_pagination;seats_and_certification_not_verified,requires_provider_and_availability_review
course-v1:RedWhiteEducationPrivateLimited+34901+1774690231,Photoshop,RedWhiteEducationPrivateLimited,34901,instructor,2026-03-28T15:00:48.272000+05:30,timestamp,,,,,False,False,https://courses.skillindiadigital.gov.in/api/courses/v1/courses/?page_size=100,live_catalogue_changed_during_pagination;seats_and_certification_not_verified,requires_provider_and_availability_review
course-v1:RedWhiteEducationPrivateLimited+43293+1747297934,DSA - Data Structure & Algorithm with C++,RedWhiteEducationPrivateLimited,43293,instructor,2025-05-15T14:03:51.810000+05:30,timestamp,,,,,False,False,https://courses.skillindiadigital.gov.in/api/courses/v1/courses/?page_size=100,live_catalogue_changed_during_pagination;seats_and_certification_not_verified,requires_provider_and_availability_review
course-v1:RedWhiteEducationPrivateLimited+45095+1776666955,GitHub,RedWhiteEducationPrivateLimited,45095,instructor,2026-04-20T12:06:12.342000+05:30,timestamp,,,,,False,False,https://courses.skillindiadigital.gov.in/api/courses/v1/courses/?page_size=100,live_catalogue_changed_during_pagination;seats_and_certification_not_verified,requires_provider_and_availability_review
course-v1:RedWhiteEducationPrivateLimited+47184+1774853127,Excel Mastery Program,RedWhiteEducationPrivateLimited,47184,instructor,2026-03-30T12:16:15.508000+05:30,timestamp,,,,,False,False,https://courses.skillindiadigital.gov.in/api/courses/v1/courses/?page_size=100,live_catalogue_changed_during_pagination;seats_and_certification_not_verified,requires_provider_and_availability_review
course-v1:RedWhiteEducationPrivateLimited+88569+1774866913,Python Programming Masterclass,RedWhiteEducationPrivateLimited,88569,instructor,2026-03-30T16:08:33.326000+05:30,timestamp,,,,,False,False,https://courses.skillindiadigital.gov.in/api/courses/v1/courses/?page_size=100,live_catalogue_changed_during_pagination;seats_and_certification_not_verified,requires_provider_and_availability_review
course-v1:RedWhiteEducationPrivateLimited+95024+1753182534,DSA_Data Structure & Algorithm with C++,RedWhiteEducationPrivateLimited,95024,instructor,2025-07-22T16:40:41.600000+05:30,timestamp,,,,,False,False,https://courses.skillindiadigital.gov.in/api/courses/v1/courses/?page_size=100,live_catalogue_changed_during_pagination;seats_and_certification_not_verified,requires_provider_and_availability_review
course-v1:ReformationThroughCharityAndEducationTrust+78146+1737094488,fasion design,ReformationThroughCharityAndEducationTrust,78146,instructor,2025-01-17T11:56:32.855000+05:30,timestamp,,,,,False,False,https://courses.skillindiadigital.gov.in/api/courses/v1/courses/?page_size=100,live_catalogue_changed_during_pagination;seats_and_certification_not_verified,requires_provider_and_availability_review
course-v1:RegionalInstituteOfSkillDevelopment+48758+1719410793,ASSISTANT COMPUTER OPERATOR,RegionalInstituteOfSkillDevelopment,48758,instructor,2030-01-01T05:30:00+05:30,empty,,,,,False,False,https://courses.skillindiadigital.gov.in/api/courses/v1/courses/?page_size=100,live_catalogue_changed_during_pagination;seats_and_certification_not_verified,requires_provider_and_availability_review
course-v1:RejuvaeWellnessAndAestheticClinicLlp+51489+1742169398,Certificate course in clinical cosmetology,RejuvaeWellnessAndAestheticClinicLlp,51489,instructor,2025-03-17T05:29:23.794000+05:30,timestamp,,,,,False,False,https://courses.skillindiadigital.gov.in/api/courses/v1/courses/?page_size=100,live_catalogue_changed_during_pagination;seats_and_certification_not_verified,requires_provider_and_availability_review
course-v1:RetailersAssociationsSkillCouncilofIndia+20392+1774965385,Direct Seller (Hindi),RetailersAssociationsSkillCouncilofIndia,20392,instructor,2026-03-31T19:34:14.660000+05:30,timestamp,,,,,False,False,https://courses.skillindiadigital.gov.in/api/courses/v1/courses/?page_size=100,live_catalogue_changed_during_pagination;seats_and_certification_not_verified,requires_provider_and_availability_review
course-v1:RetailersAssociationsSkillCouncilofIndia+22948+1749634156,Salesperson Distribution,RetailersAssociationsSkillCouncilofIndia,22948,instructor,2025-06-11T15:00:05.014000+05:30,timestamp,,,,,False,False,https://courses.skillindiadigital.gov.in/api/courses/v1/courses/?page_size=100,live_catalogue_changed_during_pagination;seats_and_certification_not_verified,requires_provider_and_availability_review
course-v1:RetailersAssociationsSkillCouncilofIndia+23454+1748508700,Direct Seller,RetailersAssociationsSkillCouncilofIndia,23454,instructor,2025-05-29T14:25:53.064000+05:30,timestamp,,,,,False,False,https://courses.skillindiadigital.gov.in/api/courses/v1/courses/?page_size=100,live_catalogue_changed_during_pagination;seats_and_certification_not_verified,requires_provider_and_availability_review
course-v1:RetailersAssociationsSkillCouncilofIndia+31022+1774949354,Sustainable Practices in Packaging and Fixtures (Micro Credential),RetailersAssociationsSkillCouncilofIndia,31022,instructor,2026-03-31T15:00:02.413000+05:30,timestamp,,,,,False,False,https://courses.skillindiadigital.gov.in/api/courses/v1/courses/?page_size=100,live_catalogue_changed_during_pagination;seats_and_certification_not_verified,requires_provider_and_availability_review
course-v1:RetailersAssociationsSkillCouncilofIndia+57562+1769770523,Fundamentals of Artificial Intelligence AI for Retail,RetailersAssociationsSkillCouncilofIndia,57562,instructor,2026-01-30T16:26:33.581000+05:30,timestamp,,,,,False,False,https://courses.skillindiadigital.gov.in/api/courses/v1/courses/?page_size=100,live_catalogue_changed_during_pagination;seats_and_certification_not_verified,requires_provider_and_availability_review
course-v1:RetailersAssociationsSkillCouncilofIndia+62325+1774950067,Retail Team Leader,RetailersAssociationsSkillCouncilofIndia,62325,instructor,2026-03-31T15:11:45.263000+05:30,timestamp,,,,,False,False,https://courses.skillindiadigital.gov.in/api/courses/v1/courses/?page_size=100,live_catalogue_changed_during_pagination;seats_and_certification_not_verified,requires_provider_and_availability_review
course-v1:RetailersAssociationsSkillCouncilofIndia+67108+1774963986,Retail Store Manager,RetailersAssociationsSkillCouncilofIndia,67108,instructor,2026-03-31T19:04:48.801000+05:30,timestamp,,,,,False,False,https://courses.skillindiadigital.gov.in/api/courses/v1/courses/?page_size=100,live_catalogue_changed_during_pagination;seats_and_certification_not_verified,requires_provider_and_availability_review
course-v1:RetailersAssociationsSkillCouncilofIndia+74301+1749808256,Retail Sales Executive,RetailersAssociationsSkillCouncilofIndia,74301,instructor,2025-06-13T15:21:14.490000+05:30,timestamp,,,,,False,False,https://courses.skillindiadigital.gov.in/api/courses/v1/courses/?page_size=100,live_catalogue_changed_during_pagination;seats_and_certification_not_verified,requires_provider_and_availability_review
course-v1:RetailersAssociationsSkillCouncilofIndia+75186+1752217131,Retail Order Fulfilment Assistant,RetailersAssociationsSkillCouncilofIndia,75186,instructor,2025-07-11T12:37:27.924000+05:30,timestamp,,,,,False,False,https://courses.skillindiadigital.gov.in/api/courses/v1/courses/?page_size=100,live_catalogue_changed_during_pagination;seats_and_certification_not_verified,requires_provider_and_availability_review
course-v1:RetailersAssociationsSkillCouncilofIndia+77669+1774946398,Sustainable Practices for Retail Store Operations (Micro Credential),RetailersAssociationsSkillCouncilofIndia,77669,instructor,2026-03-31T14:35:57.550000+05:30,timestamp,,,,,False,False,https://courses.skillindiadigital.gov.in/api/courses/v1/courses/?page_size=100,live_catalogue_changed_during_pagination;seats_and_certification_not_verified,requires_provider_and_availability_review
course-v1:RetailersAssociationsSkillCouncilofIndia+82509+1744796393,RASCI test,RetailersAssociationsSkillCouncilofIndia,82509,instructor,2025-04-16T15:10:09.522000+05:30,timestamp,,,,,False,False,https://courses.skillindiadigital.gov.in/api/courses/v1/courses/?page_size=100,live_catalogue_changed_during_pagination;seats_and_certification_not_verified;test_or_demo_candidate,requires_provider_and_availability_review
course-v1:RetailersAssociationsSkillCouncilofIndia+84113+1770182589,Fundamentals of Artificial Intelligence (AI) for Retail,RetailersAssociationsSkillCouncilofIndia,84113,instructor,2026-02-04T10:53:39.449000+05:30,timestamp,,,,,False,False,https://courses.skillindiadigital.gov.in/api/courses/v1/courses/?page_size=100,live_catalogue_changed_during_pagination;seats_and_certification_not_verified,requires_provider_and_availability_review
course-v1:RetailersAssociationsSkillCouncilofIndia+90604+1774949813,Customer Engagement for Environmental Sustainability (Micro Credential),RetailersAssociationsSkillCouncilofIndia,90604,instructor,2026-03-31T15:07:40.256000+05:30,timestamp,,,,,False,False,https://courses.skillindiadigital.gov.in/api/courses/v1/courses/?page_size=100,live_catalogue_changed_during_pagination;seats_and_certification_not_verified,requires_provider_and_availability_review
course-v1:RetailersAssociationsSkillCouncilofIndia+99641+1774963026,Deputy Manager (Retail Store Department),RetailersAssociationsSkillCouncilofIndia,99641,instructor,2026-03-31T18:48:14.961000+05:30,timestamp,,,,,False,False,https://courses.skillindiadigital.gov.in/api/courses/v1/courses/?page_size=100,live_catalogue_changed_during_pagination;seats_and_certification_not_verified,requires_provider_and_availability_review
course-v1:RiobossPrivateLimited+21290+1772007811,Professional WordPress Website & Skill Development Course,RiobossPrivateLimited,21290,instructor,2026-02-25T13:56:29.775000+05:30,timestamp,,,,,False,False,https://courses.skillindiadigital.gov.in/api/courses/v1/courses/?page_size=100,live_catalogue_changed_during_pagination;seats_and_certification_not_verified,requires_provider_and_availability_review
course-v1:RiobossPrivateLimited+76252+1771950739,Certificate in WordPress Web Designing (Basic – 90 Hours),RiobossPrivateLimited,76252,instructor,2026-02-24T22:07:48.489000+05:30,timestamp,,,,,False,False,https://courses.skillindiadigital.gov.in/api/courses/v1/courses/?page_size=100,live_catalogue_changed_during_pagination;seats_and_certification_not_verified,requires_provider_and_availability_review
course-v1:RiobossPrivateLimited+84154+1771165247,Certificate in Computer Application (CCA),RiobossPrivateLimited,84154,instructor,2026-02-15T20:06:14.626000+05:30,timestamp,,,,,False,False,https://courses.skillindiadigital.gov.in/api/courses/v1/courses/?page_size=100,live_catalogue_changed_during_pagination;seats_and_certification_not_verified,requires_provider_and_availability_review
course-v1:RishipalEnterprises+82011+1718684939,Computer Compact Course,RishipalEnterprises,82011,instructor,2030-01-01T05:30:00+05:30,empty,,,,,False,False,https://courses.skillindiadigital.gov.in/api/courses/v1/courses/?page_size=100,live_catalogue_changed_during_pagination;seats_and_certification_not_verified,requires_provider_and_availability_review
course-v1:RivoquixLearningPrivateLimited+14102+1752855822,WEB DEVELOPMENT,RivoquixLearningPrivateLimited,14102,instructor,2025-07-18T21:54:40.338000+05:30,timestamp,,,,,False,False,https://courses.skillindiadigital.gov.in/api/courses/v1/courses/?page_size=100,live_catalogue_changed_during_pagination;seats_and_certification_not_verified,requires_provider_and_availability_review
course-v1:RiyaanshEdtechPrivateLimited+88774+1784195253,Makeup Artist Course,RiyaanshEdtechPrivateLimited,88774,instructor,2026-07-16T15:17:54.876000+05:30,timestamp,,,,,False,False,https://courses.skillindiadigital.gov.in/api/courses/v1/courses/?page_size=100,live_catalogue_changed_during_pagination;seats_and_certification_not_verified,requires_provider_and_availability_review
course-v1:RiyaTraders+72675+1757992324,DIPLOMA IN COMPUTER APPLICATION,RiyaTraders,72675,instructor,2025-09-16T08:42:56.572000+05:30,timestamp,,,,,False,False,https://courses.skillindiadigital.gov.in/api/courses/v1/courses/?page_size=100,live_catalogue_changed_during_pagination;seats_and_certification_not_verified,requires_provider_and_availability_review
course-v1:RkEducationAndServices+38015+1714017240,BASIC COMPUTER COURSE 120 HOUR,RkEducationAndServices,38015,instructor,2030-01-01T05:30:00+05:30,empty,,,,,False,False,https://courses.skillindiadigital.gov.in/api/courses/v1/courses/?page_size=100,live_catalogue_changed_during_pagination;seats_and_certification_not_verified,requires_provider_and_availability_review
course-v1:RoarsyveeraCyberTechnologiesPrivateLimited+16879+1781339456,AI Prompt Engineering,RoarsyveeraCyberTechnologiesPrivateLimited,16879,instructor,2026-06-13T14:01:39.183000+05:30,timestamp,,,,,False,False,https://courses.skillindiadigital.gov.in/api/courses/v1/courses/?page_size=100,live_catalogue_changed_during_pagination;seats_and_certification_not_verified,requires_provider_and_availability_review
course-v1:RohitRaghuPanikar+29494+1752299808,Basic cnc programming and operating course,RohitRaghuPanikar,29494,instructor,2025-07-12T11:27:46.844000+05:30,timestamp,,,,,False,False,https://courses.skillindiadigital.gov.in/api/courses/v1/courses/?page_size=100,live_catalogue_changed_during_pagination;seats_and_certification_not_verified,requires_provider_and_availability_review
course-v1:RoomanTechnologiesPvtLtd.+52631+1733899798,AI-Machine Learning Engineer,RoomanTechnologiesPvtLtd.,52631,instructor,2024-12-11T12:20:27.108000+05:30,timestamp,,,,,False,False,https://courses.skillindiadigital.gov.in/api/courses/v1/courses/?page_size=100,live_catalogue_changed_during_pagination;seats_and_certification_not_verified,requires_provider_and_availability_review
course-v1:RoyalFoundation+21232+1741452665,Diploma In Nursing Assistant,RoyalFoundation,21232,instructor,2025-03-08T22:23:11.809000+05:30,timestamp,,,,,False,False,https://courses.skillindiadigital.gov.in/api/courses/v1/courses/?page_size=100,live_catalogue_changed_during_pagination;seats_and_certification_not_verified,requires_provider_and_availability_review
course-v1:RoyalFoundation+70713+1787460317,Certificate In Computer,RoyalFoundation,70713,instructor,2026-08-23T10:16:15.837000+05:30,timestamp,,,,,False,False,https://courses.skillindiadigital.gov.in/api/courses/v1/courses/?page_size=100,live_catalogue_changed_during_pagination;seats_and_certification_not_verified,requires_provider_and_availability_review
course-v1:RsHospital+20431+1713885818,OT Technician,RsHospital,20431,instructor,2030-01-01T05:30:00+05:30,empty,,,,,False,False,https://courses.skillindiadigital.gov.in/api/courses/v1/courses/?page_size=100,live_catalogue_changed_during_pagination;seats_and_certification_not_verified,requires_provider_and_availability_review
course-v1:RudrakshiComputerInstitute+64014+1780551366,ADCA (ADVANCED DIPLOMA IN COMPUTER APLICATIONS),RudrakshiComputerInstitute,64014,instructor,2026-06-04T11:07:33.449000+05:30,timestamp,,,,,False,False,https://courses.skillindiadigital.gov.in/api/courses/v1/courses/?page_size=100,live_catalogue_changed_during_pagination;seats_and_certification_not_verified,requires_provider_and_availability_review
course-v1:RutujGadhire+32622+1708181726,Drone skills,RutujGadhire,32622,instructor,2030-01-01T05:30:00+05:30,empty,,,,,False,False,https://courses.skillindiadigital.gov.in/api/courses/v1/courses/?page_size=100,live_catalogue_changed_during_pagination;seats_and_certification_not_verified,requires_provider_and_availability_review
course-v1:RvdCareFoundation+55739+1771670534,Makeup Artist,RvdCareFoundation,55739,instructor,2026-02-21T16:13:09.011000+05:30,timestamp,,,,,False,False,https://courses.skillindiadigital.gov.in/api/courses/v1/courses/?page_size=100,live_catalogue_changed_during_pagination;seats_and_certification_not_verified,requires_provider_and_availability_review
course-v1:SaharaOrissa+62486+1770305807,Introduction ws office,SaharaOrissa,62486,instructor,2026-02-05T21:08:27.220000+05:30,timestamp,,,,,False,False,https://courses.skillindiadigital.gov.in/api/courses/v1/courses/?page_size=100,live_catalogue_changed_during_pagination;seats_and_certification_not_verified,requires_provider_and_availability_review
course-v1:SahSahyogIndia+31147+1754381407,Employability skills,SahSahyogIndia,31147,instructor,2025-08-05T13:46:06.581000+05:30,timestamp,,,,,False,False,https://courses.skillindiadigital.gov.in/api/courses/v1/courses/?page_size=100,live_catalogue_changed_during_pagination;seats_and_certification_not_verified,requires_provider_and_availability_review
course-v1:SaiCyberCafeJamner+10103+1718250354,Cook,SaiCyberCafeJamner,10103,instructor,2024-01-01T05:30:00+05:30,timestamp,2024-01-06T05:30:00+05:30,,,,False,False,https://courses.skillindiadigital.gov.in/api/courses/v1/courses/?page_size=100,live_catalogue_changed_during_pagination;seats_and_certification_not_verified,requires_provider_and_availability_review
course-v1:SakshiInstituteOfMaritimeFoundation+30804+1763038170,MARITIME CYBER SECURITY,SakshiInstituteOfMaritimeFoundation,30804,instructor,2025-11-13T18:21:01.324000+05:30,timestamp,,,,,False,False,https://courses.skillindiadigital.gov.in/api/courses/v1/courses/?page_size=100,live_catalogue_changed_during_pagination;seats_and_certification_not_verified,requires_provider_and_availability_review
course-v1:Sample+54859+1700721139,SQL Basics,Sample,54859,instructor,2030-01-01T05:30:00+05:30,empty,,,,,False,False,https://courses.skillindiadigital.gov.in/api/courses/v1/courses/?page_size=100,live_catalogue_changed_during_pagination;seats_and_certification_not_verified;test_or_demo_candidate,requires_provider_and_availability_review
course-v1:SanaaWelfareFoundation+59215+1741413406,Retail Management,SanaaWelfareFoundation,59215,instructor,2025-03-08T11:27:13.019000+05:30,timestamp,,,,,False,False,https://courses.skillindiadigital.gov.in/api/courses/v1/courses/?page_size=100,live_catalogue_changed_during_pagination;seats_and_certification_not_verified,requires_provider_and_availability_review
course-v1:SangamGyanodayaFoundation+54022+1737881089,CERTIFICATE COURSE ON GST,SangamGyanodayaFoundation,54022,instructor,2025-01-26T14:16:15.957000+05:30,timestamp,,,,,False,False,https://courses.skillindiadigital.gov.in/api/courses/v1/courses/?page_size=100,live_catalogue_changed_during_pagination;seats_and_certification_not_verified,requires_provider_and_availability_review
course-v1:SangamGyanodayaFoundation+67471+1731844129,Auditing Basics,SangamGyanodayaFoundation,67471,instructor,2024-12-16T03:00:00+05:30,timestamp,2024-12-22T04:00:00+05:30,,,,False,False,https://courses.skillindiadigital.gov.in/api/courses/v1/courses/?page_size=100,live_catalogue_changed_during_pagination;seats_and_certification_not_verified,requires_provider_and_availability_review
course-v1:SankalpGraminVikasSansthaDeshmukhwadi+31300+1778682231,Principles of Food Preservation,SankalpGraminVikasSansthaDeshmukhwadi,31300,instructor,2026-05-13T19:56:01.072000+05:30,timestamp,,,,,False,False,https://courses.skillindiadigital.gov.in/api/courses/v1/courses/?page_size=100,live_catalogue_changed_during_pagination;seats_and_certification_not_verified,requires_provider_and_availability_review
course-v1:SansmitEnterprisesPrivateLimited+79354+1784006857,Black Opal Quantum Copmuting,SansmitEnterprisesPrivateLimited,79354,instructor,2026-07-14T11:03:44.347000+05:30,timestamp,,,,,False,False,https://courses.skillindiadigital.gov.in/api/courses/v1/courses/?page_size=100,live_catalogue_changed_during_pagination;seats_and_certification_not_verified,requires_provider_and_availability_review
course-v1:SantoshHoovalalrathod+31484+1746754867,Asp.net,SantoshHoovalalrathod,31484,instructor,2025-05-09T07:12:07.893000+05:30,timestamp,,,,,False,False,https://courses.skillindiadigital.gov.in/api/courses/v1/courses/?page_size=100,live_catalogue_changed_during_pagination;seats_and_certification_not_verified,requires_provider_and_availability_review
course-v1:SapnaBeautyService+52878+1710699854,Makeup Artist,SapnaBeautyService,52878,instructor,2030-01-01T05:30:00+05:30,empty,,,,,False,False,https://courses.skillindiadigital.gov.in/api/courses/v1/courses/?page_size=100,live_catalogue_changed_during_pagination;seats_and_certification_not_verified,requires_provider_and_availability_review
course-v1:SapnaBeautyService+75557+1710699062,Beautician,SapnaBeautyService,75557,instructor,2030-01-01T05:30:00+05:30,empty,,,,,False,False,https://courses.skillindiadigital.gov.in/api/courses/v1/courses/?page_size=100,live_catalogue_changed_during_pagination;seats_and_certification_not_verified,requires_provider_and_availability_review
course-v1:SapnaEmitraAndCscCentre+35563+1707794446,Web Development,SapnaEmitraAndCscCentre,35563,instructor,2030-01-01T05:30:00+05:30,empty,,,,,False,False,https://courses.skillindiadigital.gov.in/api/courses/v1/courses/?page_size=100,live_catalogue_changed_during_pagination;seats_and_certification_not_verified,requires_provider_and_availability_review
course-v1:SarahFlashTechnologyPrivateLimited+95122+1772449380,Medical Coding,SarahFlashTechnologyPrivateLimited,95122,instructor,2026-03-02T16:33:37.060000+05:30,timestamp,,,,,False,False,https://courses.skillindiadigital.gov.in/api/courses/v1/courses/?page_size=100,live_catalogue_changed_during_pagination;seats_and_certification_not_verified,requires_provider_and_availability_review
course-v1:SaralItSoftwareSolution+90457+1722256427,DIPLOMA IN COMPUTER APPLICATION,SaralItSoftwareSolution,90457,instructor,2030-01-01T05:30:00+05:30,empty,,,,,False,False,https://courses.skillindiadigital.gov.in/api/courses/v1/courses/?page_size=100,live_catalogue_changed_during_pagination;seats_and_certification_not_verified,requires_provider_and_availability_review
course-v1:SatinderpalSingh+22782+1750923760,Fundamental of Sales,SatinderpalSingh,22782,instructor,2025-06-26T13:13:21.424000+05:30,timestamp,,,,,False,False,https://courses.skillindiadigital.gov.in/api/courses/v1/courses/?page_size=100,live_catalogue_changed_during_pagination;seats_and_certification_not_verified,requires_provider_and_availability_review
course-v1:SatyamevFoundation+74491+1718609810,Basic Computer Course (BCC),SatyamevFoundation,74491,instructor,2030-01-01T05:30:00+05:30,empty,,,,,False,False,https://courses.skillindiadigital.gov.in/api/courses/v1/courses/?page_size=100,live_catalogue_changed_during_pagination;seats_and_certification_not_verified,requires_provider_and_availability_review
course-v1:SatyamGramaSangham+44706+1734098779,JUTE BAG,SatyamGramaSangham,44706,instructor,2024-12-13T19:37:54.655000+05:30,timestamp,,,,,False,False,https://courses.skillindiadigital.gov.in/api/courses/v1/courses/?page_size=100,live_catalogue_changed_during_pagination;seats_and_certification_not_verified,requires_provider_and_availability_review
course-v1:SatyamGramaSangham+69620+1729950506,JUTE HANDICRAFTS,SatyamGramaSangham,69620,instructor,2024-05-11T15:30:00+05:30,timestamp,2024-10-19T09:30:00+05:30,,,,False,False,https://courses.skillindiadigital.gov.in/api/courses/v1/courses/?page_size=100,live_catalogue_changed_during_pagination;seats_and_certification_not_verified,requires_provider_and_availability_review
course-v1:SatyamGramaSangham+89765+1734099030,HANDICRAFTS TRAINING,SatyamGramaSangham,89765,instructor,2024-12-13T19:41:17.097000+05:30,timestamp,,,,,False,False,https://courses.skillindiadigital.gov.in/api/courses/v1/courses/?page_size=100,live_catalogue_changed_during_pagination;seats_and_certification_not_verified,requires_provider_and_availability_review
course-v1:SaurabhGupta+60470+1786996020,Ai Automation,SaurabhGupta,60470,instructor,2026-08-18T01:17:48.270000+05:30,timestamp,,,,,False,False,https://courses.skillindiadigital.gov.in/api/courses/v1/courses/?page_size=100,live_catalogue_changed_during_pagination;seats_and_certification_not_verified,requires_provider_and_availability_review
course-v1:SavvyOnlineService+37991+1718166029,CCC,SavvyOnlineService,37991,instructor,2030-01-01T05:30:00+05:30,empty,,,,,False,False,https://courses.skillindiadigital.gov.in/api/courses/v1/courses/?page_size=100,live_catalogue_changed_during_pagination;seats_and_certification_not_verified,requires_provider_and_availability_review
course-v1:SbDigitalAutomationPrivateLimited+96475+1769422933,Software Testing,SbDigitalAutomationPrivateLimited,96475,instructor,2026-01-26T15:52:44.598000+05:30,timestamp,,,,,False,False,https://courses.skillindiadigital.gov.in/api/courses/v1/courses/?page_size=100,live_catalogue_changed_during_pagination;seats_and_certification_not_verified;test_or_demo_candidate,requires_provider_and_availability_review
course-v1:SCGJ+32448+1732772782,Green Hydrogen Plant Junior Technician - Electrolyzer,SCGJ,32448,instructor,2024-11-28T11:20:45.190000+05:30,timestamp,,,,,False,False,https://courses.skillindiadigital.gov.in/api/courses/v1/courses/?page_size=100,live_catalogue_changed_during_pagination;seats_and_certification_not_verified,requires_provider_and_availability_review
course-v1:SCGJ+73154+1734071992,Solar PV Installer,SCGJ,73154,instructor,2024-12-13T12:10:31.568000+05:30,timestamp,,,,,False,False,https://courses.skillindiadigital.gov.in/api/courses/v1/courses/?page_size=100,live_catalogue_changed_during_pagination;seats_and_certification_not_verified,requires_provider_and_availability_review
course-v1:SeacomSkillsUniversity+65943+1718877123,Solar PV Installer,SeacomSkillsUniversity,65943,instructor,2030-01-01T05:30:00+05:30,empty,,,,,False,False,https://courses.skillindiadigital.gov.in/api/courses/v1/courses/?page_size=100,live_catalogue_changed_during_pagination;seats_and_certification_not_verified,requires_provider_and_availability_review
course-v1:Self+86633+1702040567,Data Center,Self,86633,instructor,2030-01-01T05:30:00+05:30,empty,,,,,False,False,https://courses.skillindiadigital.gov.in/api/courses/v1/courses/?page_size=100,live_catalogue_changed_during_pagination;seats_and_certification_not_verified,requires_provider_and_availability_review
course-v1:SFAC+64191+1743073202,10kFPO Mandatory English BIRD Module,SFAC,64191,instructor,2025-03-27T16:30:15.827000+05:30,timestamp,,,,,False,False,https://courses.skillindiadigital.gov.in/api/courses/v1/courses/?page_size=100,live_catalogue_changed_during_pagination;seats_and_certification_not_verified,requires_provider_and_availability_review
course-v1:SFAC+80429+1742966723,10kFPO Mandatory Hindi BIRD Module,SFAC,80429,instructor,2025-03-26T10:56:31.924000+05:30,timestamp,,,,,False,False,https://courses.skillindiadigital.gov.in/api/courses/v1/courses/?page_size=100,live_catalogue_changed_during_pagination;seats_and_certification_not_verified,requires_provider_and_availability_review
course-v1:SFAC+97117+1749554800,10kFPO Mandatory Telugu BIRD Module,SFAC,97117,instructor,2025-06-10T16:57:42.143000+05:30,timestamp,,,,,False,False,https://courses.skillindiadigital.gov.in/api/courses/v1/courses/?page_size=100,live_catalogue_changed_during_pagination;seats_and_certification_not_verified,requires_provider_and_availability_review
course-v1:ShaktiTechSolutions+53308+1789916260,Data Privacy Basics,ShaktiTechSolutions,53308,instructor,2026-09-20T20:29:18.926000+05:30,timestamp,,,,,False,False,https://courses.skillindiadigital.gov.in/api/courses/v1/courses/?page_size=100,live_catalogue_changed_during_pagination;seats_and_certification_not_verified,requires_provider_and_availability_review
course-v1:ShaliniChintalapudi+17889+1767678043,Personality Development for Students,ShaliniChintalapudi,17889,instructor,2026-01-06T11:13:03.659000+05:30,timestamp,,,,,False,False,https://courses.skillindiadigital.gov.in/api/courses/v1/courses/?page_size=100,live_catalogue_changed_during_pagination;seats_and_certification_not_verified,requires_provider_and_availability_review
course-v1:ShaliniChintalapudi+33820+1758256866,How well do you perform under pressure?,ShaliniChintalapudi,33820,instructor,2025-09-19T10:21:25.839000+05:30,timestamp,,,,,False,False,https://courses.skillindiadigital.gov.in/api/courses/v1/courses/?page_size=100,live_catalogue_changed_during_pagination;seats_and_certification_not_verified,requires_provider_and_availability_review
course-v1:ShaliniChintalapudi+35432+1755369371,Value Based Selling,ShaliniChintalapudi,35432,instructor,2025-08-17T00:06:57.270000+05:30,timestamp,,,,,False,False,https://courses.skillindiadigital.gov.in/api/courses/v1/courses/?page_size=100,live_catalogue_changed_during_pagination;seats_and_certification_not_verified,requires_provider_and_availability_review
course-v1:ShaliniChintalapudi+51308+1756198433,Introduction to Anxiety Management,ShaliniChintalapudi,51308,instructor,2025-08-26T14:24:40.531000+05:30,timestamp,,,,,False,False,https://courses.skillindiadigital.gov.in/api/courses/v1/courses/?page_size=100,live_catalogue_changed_during_pagination;seats_and_certification_not_verified,requires_provider_and_availability_review
course-v1:ShantiShikshaSewaSansthan+67370+1780491185,gda,ShantiShikshaSewaSansthan,67370,instructor,2026-06-03T18:23:58.905000+05:30,timestamp,,,,,False,False,https://courses.skillindiadigital.gov.in/api/courses/v1/courses/?page_size=100,live_catalogue_changed_during_pagination;seats_and_certification_not_verified,requires_provider_and_availability_review
course-v1:ShariqueSarwarFilmsPrivateLimited+36263+1783239951,Grow Your Business with AI & Automation for Everyone,ShariqueSarwarFilmsPrivateLimited,36263,instructor,2026-07-05T14:01:26.281000+05:30,timestamp,,,,,False,False,https://courses.skillindiadigital.gov.in/api/courses/v1/courses/?page_size=100,live_catalogue_changed_during_pagination;seats_and_certification_not_verified,requires_provider_and_availability_review
course-v1:ShaskiyaLaghuUdyogVikasMahamandalLimited+48782+1739880644,Health Sanitary Inspector,Shaskiya Laghu Udyog Vikas Mahamandal,48782,instructor,2025-02-18T17:41:37.856000+05:30,timestamp,,,,,False,False,https://courses.skillindiadigital.gov.in/api/courses/v1/courses/?page_size=100,live_catalogue_changed_during_pagination;seats_and_certification_not_verified,requires_provider_and_availability_review
course-v1:ShaskiyaLaghuUdyogVikasMahamandalLimited+72817+1735901768,Fashion Design and Technology,ShaskiyaLaghuUdyogVikasMahamandalLimited,72817,instructor,2025-01-03T17:07:03.464000+05:30,timestamp,,,,,False,False,https://courses.skillindiadigital.gov.in/api/courses/v1/courses/?page_size=100,live_catalogue_changed_during_pagination;seats_and_certification_not_verified,requires_provider_and_availability_review
course-v1:ShaskiyaLaghuUdyogVikasMahamandalLimited+94600+1717052684,COMMUNITY MEDICAL SERVICE AND ESSENTIAL DRUGS,Shaskiya Laghu Udyog Vikas Mahamandal,94600,instructor,2024-01-06T16:00:00+05:30,timestamp,2026-05-30T22:30:00+05:30,,,,False,False,https://courses.skillindiadigital.gov.in/api/courses/v1/courses/?page_size=100,live_catalogue_changed_during_pagination;seats_and_certification_not_verified,requires_provider_and_availability_review
course-v1:SheetalJain+66873+1789931763,Calmpreneur Meditation Trainer Foundation,SheetalJain,66873,instructor,2026-09-21T00:47:07.072000+05:30,timestamp,,,,,False,False,https://courses.skillindiadigital.gov.in/api/courses/v1/courses/?page_size=100,live_catalogue_changed_during_pagination;seats_and_certification_not_verified,requires_provider_and_availability_review
course-v1:ShikshakpramaEdu-trainingInstitutePrivateLimited+61402+1758303677,Diploma in Early Childhood Care and Education (ECCE),ShikshakpramaEdu-trainingInstitutePrivateLimited,61402,instructor,2025-09-19T23:12:38.723000+05:30,timestamp,,,,,False,False,https://courses.skillindiadigital.gov.in/api/courses/v1/courses/?page_size=100,live_catalogue_changed_during_pagination;seats_and_certification_not_verified,requires_provider_and_availability_review
course-v1:ShikshaVistarSamiti+31321+1770905696,Computer Science,ShikshaVistarSamiti,31321,instructor,2026-02-12T19:45:31.899000+05:30,timestamp,,,,,False,False,https://courses.skillindiadigital.gov.in/api/courses/v1/courses/?page_size=100,live_catalogue_changed_during_pagination;seats_and_certification_not_verified,requires_provider_and_availability_review
course-v1:ShineHandFoundation+41827+1785251715,C++ Programming for Beginners,ShineHandFoundation,41827,instructor,2026-07-28T20:45:40.704000+05:30,timestamp,,,,,False,False,https://courses.skillindiadigital.gov.in/api/courses/v1/courses/?page_size=100,live_catalogue_changed_during_pagination;seats_and_certification_not_verified,requires_provider_and_availability_review
course-v1:ShineHandFoundation+89965+1784639459,Python program,ShineHandFoundation,89965,instructor,2026-07-21T18:42:00.486000+05:30,timestamp,,,,,False,False,https://courses.skillindiadigital.gov.in/api/courses/v1/courses/?page_size=100,live_catalogue_changed_during_pagination;seats_and_certification_not_verified,requires_provider_and_availability_review
course-v1:ShivaneriKnowledgeFoundation+55691+1771492917,Post Graduate Certificate in International Human Resource Management,ShivaneriKnowledgeFoundation,55691,instructor,2026-02-19T14:52:42.109000+05:30,timestamp,,,,,False,False,https://courses.skillindiadigital.gov.in/api/courses/v1/courses/?page_size=100,live_catalogue_changed_during_pagination;seats_and_certification_not_verified,requires_provider_and_availability_review
course-v1:ShobhasWorldOfLearningPrivateLimited+43661+1748599854,Unlocking Mastery: Soft Skills Certification Program,ShobhasWorldOfLearningPrivateLimited,43661,instructor,2025-05-30T15:44:12.045000+05:30,timestamp,,,,,False,False,https://courses.skillindiadigital.gov.in/api/courses/v1/courses/?page_size=100,live_catalogue_changed_during_pagination;seats_and_certification_not_verified,requires_provider_and_availability_review
course-v1:ShreeGlobaltechBizSolutionsPrivateLimited+94058+1726577181,Pm Vishwakarma,ShreeGlobaltechBizSolutionsPrivateLimited,94058,instructor,2030-01-01T05:30:00+05:30,empty,,,,,False,False,https://courses.skillindiadigital.gov.in/api/courses/v1/courses/?page_size=100,live_catalogue_changed_during_pagination;seats_and_certification_not_verified,requires_provider_and_availability_review
course-v1:ShreeKalpanaEducationAndCheritableTrustChokdi+15003+1720803419,PERSONALITY DEVELOPMENT,ShreeKalpanaEducationAndCheritableTrustChokdi,15003,instructor,2030-01-01T05:30:00+05:30,empty,,,,,False,False,https://courses.skillindiadigital.gov.in/api/courses/v1/courses/?page_size=100,live_catalogue_changed_during_pagination;seats_and_certification_not_verified,requires_provider_and_availability_review
course-v1:ShreeManjunathFoundation+15267+1771437934,Spoken English And gramer,ShreeManjunathFoundation,15267,instructor,2026-02-18T23:36:18.088000+05:30,timestamp,,,,,False,False,https://courses.skillindiadigital.gov.in/api/courses/v1/courses/?page_size=100,live_catalogue_changed_during_pagination;seats_and_certification_not_verified,requires_provider_and_availability_review
course-v1:ShreeManjunathFoundation+45157+1769076699,Tailoring Training,ShreeManjunathFoundation,45157,instructor,2026-01-22T15:46:28.620000+05:30,timestamp,,,,,False,False,https://courses.skillindiadigital.gov.in/api/courses/v1/courses/?page_size=100,live_catalogue_changed_during_pagination;seats_and_certification_not_verified,requires_provider_and_availability_review
course-v1:ShreeManjunathFoundation+50194+1769076560,Computer Training,ShreeManjunathFoundation,50194,instructor,2026-01-22T15:40:31.863000+05:30,timestamp,,,,,False,False,https://courses.skillindiadigital.gov.in/api/courses/v1/courses/?page_size=100,live_catalogue_changed_during_pagination;seats_and_certification_not_verified,requires_provider_and_availability_review
course-v1:ShreeManjunathFoundation+62672+1770921812,Yoga course,ShreeManjunathFoundation,62672,instructor,2026-02-13T00:14:01.846000+05:30,timestamp,,,,,False,False,https://courses.skillindiadigital.gov.in/api/courses/v1/courses/?page_size=100,live_catalogue_changed_during_pagination;seats_and_certification_not_verified,requires_provider_and_availability_review
course-v1:ShreeManjunathFoundation+73145+1768899438,Agriculture Training,ShreeManjunathFoundation,73145,instructor,2026-01-20T14:29:02.490000+05:30,timestamp,,,,,False,False,https://courses.skillindiadigital.gov.in/api/courses/v1/courses/?page_size=100,live_catalogue_changed_during_pagination;seats_and_certification_not_verified,requires_provider_and_availability_review
course-v1:ShriBasaveshwarVidyavardhakaSamiti+21208+1742447948,tailor,ShriBasaveshwarVidyavardhakaSamiti,21208,instructor,2025-03-20T10:49:31.340000+05:30,timestamp,,,,,False,False,https://courses.skillindiadigital.gov.in/api/courses/v1/courses/?page_size=100,live_catalogue_changed_during_pagination;seats_and_certification_not_verified,requires_provider_and_availability_review
course-v1:ShriBasaveshwarVidyavardhakaSamiti+31121+1731550997,DARZZI,ShriBasaveshwarVidyavardhakaSamiti,31121,instructor,2030-01-01T05:30:00+05:30,empty,,,,,False,False,https://courses.skillindiadigital.gov.in/api/courses/v1/courses/?page_size=100,live_catalogue_changed_during_pagination;seats_and_certification_not_verified,requires_provider_and_availability_review
course-v1:ShriJagatNarayanSanskritCollege+25010+1726210960,Healthcare,ShriJagatNarayanSanskritCollege,25010,instructor,2030-01-01T05:30:00+05:30,empty,,,,,False,False,https://courses.skillindiadigital.gov.in/api/courses/v1/courses/?page_size=100,live_catalogue_changed_during_pagination;seats_and_certification_not_verified,requires_provider_and_availability_review
course-v1:ShrijiEducationalFoundation+11513+1728115378,Notepad Basic,ShrijiEducationalFoundation,11513,instructor,2030-01-01T05:30:00+05:30,empty,,,,,False,False,https://courses.skillindiadigital.gov.in/api/courses/v1/courses/?page_size=100,live_catalogue_changed_during_pagination;seats_and_certification_not_verified,requires_provider_and_availability_review
course-v1:ShrijiEducationalFoundation+19820+1728115812,Notepad Basic,ShrijiEducationalFoundation,19820,instructor,2024-10-07T15:30:00+05:30,timestamp,2025-01-01T05:00:00+05:30,,,,False,False,https://courses.skillindiadigital.gov.in/api/courses/v1/courses/?page_size=100,live_catalogue_changed_during_pagination;seats_and_certification_not_verified,requires_provider_and_availability_review
course-v1:ShrijiEducationalFoundation+61404+1724334055,Basic Computer,ShrijiEducationalFoundation,61404,instructor,2030-01-01T05:30:00+05:30,empty,,,,,False,False,https://courses.skillindiadigital.gov.in/api/courses/v1/courses/?page_size=100,live_catalogue_changed_during_pagination;seats_and_certification_not_verified,requires_provider_and_availability_review
course-v1:ShrimatiGeetaDeviSocialFoundation+28081+1727944861,BCC,ShrimatiGeetaDeviSocialFoundation,28081,instructor,2030-01-01T05:30:00+05:30,empty,,,,,False,False,https://courses.skillindiadigital.gov.in/api/courses/v1/courses/?page_size=100,live_catalogue_changed_during_pagination;seats_and_certification_not_verified,requires_provider_and_availability_review
course-v1:ShriRamadharSikshaSamiti+11105+1723556438,handicrafts and carpet,ShriRamadharSikshaSamiti,11105,instructor,2030-01-01T05:30:00+05:30,empty,,,,,False,False,https://courses.skillindiadigital.gov.in/api/courses/v1/courses/?page_size=100,live_catalogue_changed_during_pagination;seats_and_certification_not_verified,requires_provider_and_availability_review
course-v1:ShriSamiti+66884+1788936714,AI Skilling,ShriSamiti,66884,instructor,2026-09-09T12:22:30.594000+05:30,timestamp,,,,,False,False,https://courses.skillindiadigital.gov.in/api/courses/v1/courses/?page_size=100,live_catalogue_changed_during_pagination;seats_and_certification_not_verified,requires_provider_and_availability_review
course-v1:ShriSantDnyaneshwarMaharajShikshanSansthaPanchwad+52140+1734199366,Beuty care,ShriSantDnyaneshwarMaharajShikshanSansthaPanchwad,52140,instructor,2024-12-14T23:33:48.425000+05:30,timestamp,,,,,False,False,https://courses.skillindiadigital.gov.in/api/courses/v1/courses/?page_size=100,live_catalogue_changed_during_pagination;seats_and_certification_not_verified,requires_provider_and_availability_review
course-v1:SiddharthChandraTripathi+62532+1771158459,ASNT NDT Level II,SiddharthChandraTripathi,62532,instructor,2026-02-15T17:58:16.459000+05:30,timestamp,,,,,False,False,https://courses.skillindiadigital.gov.in/api/courses/v1/courses/?page_size=100,live_catalogue_changed_during_pagination;seats_and_certification_not_verified,requires_provider_and_availability_review
course-v1:SiddharthKumar+80553+1711162137,ITI,SiddharthKumar,80553,instructor,2030-01-01T05:30:00+05:30,empty,,,,,False,False,https://courses.skillindiadigital.gov.in/api/courses/v1/courses/?page_size=100,live_catalogue_changed_during_pagination;seats_and_certification_not_verified,requires_provider_and_availability_review
course-v1:SiddheshAcademy+26830+1789477975,Introduction To Diet,SiddheshAcademy,26830,instructor,2026-09-15T18:46:17.702000+05:30,timestamp,,,,,False,False,https://courses.skillindiadigital.gov.in/api/courses/v1/courses/?page_size=100,live_catalogue_changed_during_pagination;seats_and_certification_not_verified,requires_provider_and_availability_review
course-v1:SiddheshAcademy+85663+1790583198,Diabetic Educator,SiddheshAcademy,85663,instructor,2026-09-28T13:44:24.811000+05:30,timestamp,,,,,False,False,https://courses.skillindiadigital.gov.in/api/courses/v1/courses/?page_size=100,live_catalogue_changed_during_pagination;seats_and_certification_not_verified,requires_provider_and_availability_review
course-v1:Sikander+96282+1783592999,Foundation Fitness Trainer,Sikander,96282,instructor,2026-07-09T16:00:30.426000+05:30,timestamp,,,,,False,False,https://courses.skillindiadigital.gov.in/api/courses/v1/courses/?page_size=100,live_catalogue_changed_during_pagination;seats_and_certification_not_verified,requires_provider_and_availability_review
course-v1:SKComputerInstituteFoundation+12398+1766051017,DIMPLOMA IN COMPUTER APPLICATION,SKComputerInstituteFoundation,12398,instructor,2025-12-18T15:14:38.346000+05:30,timestamp,,,,,False,False,https://courses.skillindiadigital.gov.in/api/courses/v1/courses/?page_size=100,live_catalogue_changed_during_pagination;seats_and_certification_not_verified,requires_provider_and_availability_review
course-v1:SkillBodh+57174+1694719827,Introduction to Microsoft Excel,SkillBodh,57174,instructor,2030-01-01T05:30:00+05:30,empty,,,,,False,False,https://courses.skillindiadigital.gov.in/api/courses/v1/courses/?page_size=100,live_catalogue_changed_during_pagination;seats_and_certification_not_verified,requires_provider_and_availability_review
course-v1:SkillCouncilForGreenJobs+28411+1701412591,Bio Medical Waste Management - Auxiliary Staff/Sanitation Staff,SkillCouncilForGreenJobs,28411,instructor,2023-12-04T05:30:00+05:30,timestamp,2030-03-31T05:30:00+05:30,,,,False,False,https://courses.skillindiadigital.gov.in/api/courses/v1/courses/?page_size=100,live_catalogue_changed_during_pagination;seats_and_certification_not_verified,requires_provider_and_availability_review
course-v1:SkillCouncilForGreenJobs+46927+1701593548,Biomedical Waste Management-Doctors & Administrative Staff,SkillCouncilForGreenJobs,46927,instructor,2023-12-04T05:30:00+05:30,timestamp,2030-11-30T05:30:00+05:30,,,,False,False,https://courses.skillindiadigital.gov.in/api/courses/v1/courses/?page_size=100,live_catalogue_changed_during_pagination;seats_and_certification_not_verified,requires_provider_and_availability_review
course-v1:SkillCouncilForGreenJobs+55024+1701593195,Biomedical Waste Management-Nursing/Paramedical Staff,SkillCouncilForGreenJobs,55024,instructor,2023-12-04T05:30:00+05:30,timestamp,2030-12-30T05:30:00+05:30,,,,False,False,https://courses.skillindiadigital.gov.in/api/courses/v1/courses/?page_size=100,live_catalogue_changed_during_pagination;seats_and_certification_not_verified,requires_provider_and_availability_review
course-v1:SkillCouncilForPersonWithDisability+55261+1777889509,GENERATIVE AI FOR INCLUSIVE DIGITAL PARTICIPATION (DIVYANGJAN),SkillCouncilForPersonWithDisability,55261,instructor,2026-05-04T15:43:12.401000+05:30,timestamp,,,,,False,False,https://courses.skillindiadigital.gov.in/api/courses/v1/courses/?page_size=100,live_catalogue_changed_during_pagination;seats_and_certification_not_verified,requires_provider_and_availability_review
course-v1:SkillDuniya+57443+1750701898,Introduction to Fire Alarm System,SkillDuniya,57443,instructor,2025-06-23T23:35:56.824000+05:30,timestamp,,,,,False,False,https://courses.skillindiadigital.gov.in/api/courses/v1/courses/?page_size=100,live_catalogue_changed_during_pagination;seats_and_certification_not_verified,requires_provider_and_availability_review
course-v1:SkilllorifyEduventurePrivateLimited+81428+1750527831,Free Awareness Session on PoSH Act 2013,SkilllorifyEduventurePrivateLimited,81428,instructor,2025-06-21T23:14:38.150000+05:30,timestamp,,,,,False,False,https://courses.skillindiadigital.gov.in/api/courses/v1/courses/?page_size=100,live_catalogue_changed_during_pagination;seats_and_certification_not_verified,requires_provider_and_availability_review
course-v1:Smatal+33403+1762250135,MS Office Suite,Smatal,33403,instructor,2025-11-04T15:26:04.066000+05:30,timestamp,,,,,False,False,https://courses.skillindiadigital.gov.in/api/courses/v1/courses/?page_size=100,live_catalogue_changed_during_pagination;seats_and_certification_not_verified,requires_provider_and_availability_review
course-v1:SoftAndHardSkillDevelopmentPrivateLimited+76857+1771514012,ADVANCE DIPLOMA IN COMPUTER APPLICATION,SoftAndHardSkillDevelopmentPrivateLimited,76857,instructor,2026-02-19T20:44:09.294000+05:30,timestamp,,,,,False,False,https://courses.skillindiadigital.gov.in/api/courses/v1/courses/?page_size=100,live_catalogue_changed_during_pagination;seats_and_certification_not_verified,requires_provider_and_availability_review
course-v1:SomatMpOnline+12909+1704975999,Basic computer skills,SomatMpOnline,12909,instructor,2030-01-01T05:30:00+05:30,empty,,,,,False,False,https://courses.skillindiadigital.gov.in/api/courses/v1/courses/?page_size=100,live_catalogue_changed_during_pagination;seats_and_certification_not_verified,requires_provider_and_availability_review
course-v1:SonaliDhanajiPatil+75693+1708432755,tailor,SonaliDhanajiPatil,75693,instructor,2024-07-01T06:30:00+05:30,timestamp,2025-01-01T06:30:00+05:30,,,,False,False,https://courses.skillindiadigital.gov.in/api/courses/v1/courses/?page_size=100,live_catalogue_changed_during_pagination;seats_and_certification_not_verified,requires_provider_and_availability_review
course-v1:SparklineEduSkillsPrivateLimited+67499+1790348403,Beauty & Wellness,SparklineEduSkillsPrivateLimited,67499,instructor,2026-09-25T20:30:32.527000+05:30,timestamp,,,,,False,False,https://courses.skillindiadigital.gov.in/api/courses/v1/courses/?page_size=100,live_catalogue_changed_during_pagination;seats_and_certification_not_verified,requires_provider_and_availability_review
course-v1:SparktekEngineeringServices+24481+1759297727,Project Planning,SparktekEngineeringServices,24481,instructor,2025-10-01T11:19:20.767000+05:30,timestamp,,,,,False,False,https://courses.skillindiadigital.gov.in/api/courses/v1/courses/?page_size=100,live_catalogue_changed_during_pagination;seats_and_certification_not_verified,requires_provider_and_availability_review
course-v1:SpdIndiaHealthcarePrivateLimited+69689+1782813866,CSSD Operations: Instrument Handling and Sterilization Process,SpdIndiaHealthcarePrivateLimited,69689,instructor,2026-06-30T15:38:28.125000+05:30,timestamp,,,,,False,False,https://courses.skillindiadigital.gov.in/api/courses/v1/courses/?page_size=100,live_catalogue_changed_during_pagination;seats_and_certification_not_verified,requires_provider_and_availability_review
course-v1:SpectrumTalentManagementLimited+87438+1733481095,"Upskilling, reskilling, career growth and lifelong learning",SpectrumTalentManagementLimited,87438,instructor,2024-12-06T16:02:40.646000+05:30,timestamp,,,,,False,False,https://courses.skillindiadigital.gov.in/api/courses/v1/courses/?page_size=100,live_catalogue_changed_during_pagination;seats_and_certification_not_verified,requires_provider_and_availability_review
course-v1:SrijanSevaSansthan+85168+1754669838,Computer,SrijanSevaSansthan,85168,instructor,2025-08-08T21:48:46.168000+05:30,timestamp,,,,,False,False,https://courses.skillindiadigital.gov.in/api/courses/v1/courses/?page_size=100,live_catalogue_changed_during_pagination;seats_and_certification_not_verified,requires_provider_and_availability_review
course-v1:SriNrithyaLakshana+37990+1721021969,Indian Dance Techniques,SriNrithyaLakshana,37990,instructor,2030-01-01T05:30:00+05:30,empty,,,,,False,False,https://courses.skillindiadigital.gov.in/api/courses/v1/courses/?page_size=100,live_catalogue_changed_during_pagination;seats_and_certification_not_verified,requires_provider_and_availability_review
course-v1:SriRoopaEducationalFoundation+15321+1789547979,Beautician course,SriRoopaEducationalFoundation,15321,instructor,2026-09-16T14:09:58.299000+05:30,timestamp,,,,,False,False,https://courses.skillindiadigital.gov.in/api/courses/v1/courses/?page_size=100,live_catalogue_changed_during_pagination;seats_and_certification_not_verified,requires_provider_and_availability_review
course-v1:SriRoopaEducationalFoundation+19228+1789548114,Make-up artist,SriRoopaEducationalFoundation,19228,instructor,2026-09-16T14:12:08.259000+05:30,timestamp,,,,,False,False,https://courses.skillindiadigital.gov.in/api/courses/v1/courses/?page_size=100,live_catalogue_changed_during_pagination;seats_and_certification_not_verified,requires_provider_and_availability_review
course-v1:SriRoopaEducationalFoundation+44282+1789559495,Nail Art course,SriRoopaEducationalFoundation,44282,instructor,2026-09-16T17:22:05.783000+05:30,timestamp,,,,,False,False,https://courses.skillindiadigital.gov.in/api/courses/v1/courses/?page_size=100,live_catalogue_changed_during_pagination;seats_and_certification_not_verified,requires_provider_and_availability_review
course-v1:SriRoopaEducationalFoundation+56388+1789560320,Digital Marketing,SriRoopaEducationalFoundation,56388,instructor,2026-09-16T17:35:34.754000+05:30,timestamp,,,,,False,False,https://courses.skillindiadigital.gov.in/api/courses/v1/courses/?page_size=100,live_catalogue_changed_during_pagination;seats_and_certification_not_verified,requires_provider_and_availability_review
course-v1:SriRoopaEducationalFoundation+83277+1789560384,Poster Designing course - Canva software,SriRoopaEducationalFoundation,83277,instructor,2026-09-16T17:46:38.863000+05:30,timestamp,,,,,False,False,https://courses.skillindiadigital.gov.in/api/courses/v1/courses/?page_size=100,live_catalogue_changed_during_pagination;seats_and_certification_not_verified,requires_provider_and_availability_review
course-v1:SrishtiInnovativeEducationalServicesPrivateLimited+24766+1726720401,Master in Python,SrishtiInnovativeEducationalServicesPrivateLimited,24766,instructor,2024-10-01T15:00:00+05:30,timestamp,2024-10-31T08:00:00+05:30,,,,False,False,https://courses.skillindiadigital.gov.in/api/courses/v1/courses/?page_size=100,live_catalogue_changed_during_pagination;seats_and_certification_not_verified,requires_provider_and_availability_review
course-v1:SriSkillDevelopmentCentre+19148+1719832536,SELF EMPLOYEEMENT,SriSkillDevelopmentCentre,19148,instructor,2030-01-01T05:30:00+05:30,empty,,,,,False,False,https://courses.skillindiadigital.gov.in/api/courses/v1/courses/?page_size=100,live_catalogue_changed_during_pagination;seats_and_certification_not_verified,requires_provider_and_availability_review
course-v1:Ssadvancetech+29505+1712746337,Testing_Course1,Ssadvancetech,29505,instructor,2030-01-01T05:30:00+05:30,empty,,,,,False,False,https://courses.skillindiadigital.gov.in/api/courses/v1/courses/?page_size=100,live_catalogue_changed_during_pagination;seats_and_certification_not_verified,requires_provider_and_availability_review
course-v1:Ssadvancetech+84693+1718337410,Power and Beauty of Music,Ssadvancetech,84693,instructor,2030-01-01T05:30:00+05:30,empty,,,,,False,False,https://courses.skillindiadigital.gov.in/api/courses/v1/courses/?page_size=100,live_catalogue_changed_during_pagination;seats_and_certification_not_verified,requires_provider_and_availability_review
course-v1:StarFoundation+81196+1767811819,Certificate in Physiotherapy,StarFoundation,81196,instructor,2026-01-08T00:21:51.484000+05:30,timestamp,,,,,False,False,https://courses.skillindiadigital.gov.in/api/courses/v1/courses/?page_size=100,live_catalogue_changed_during_pagination;seats_and_certification_not_verified,requires_provider_and_availability_review
course-v1:StarNetComputer+66844+1790855605,Digital Marketing Assistant,StarNetComputer,66844,instructor,2026-10-01T17:24:05.107000+05:30,timestamp,,,,,False,False,https://courses.skillindiadigital.gov.in/api/courses/v1/courses/?page_size=100,live_catalogue_changed_during_pagination;seats_and_certification_not_verified,requires_provider_and_availability_review
course-v1:StartupStairsPrivateLimited+13626+1739612490,SOFT SKILLS,StartupStairsPrivateLimited,13626,instructor,2025-02-15T15:12:27.704000+05:30,timestamp,,,,,False,False,https://courses.skillindiadigital.gov.in/api/courses/v1/courses/?page_size=100,live_catalogue_changed_during_pagination;seats_and_certification_not_verified,requires_provider_and_availability_review
course-v1:StartupStairsPrivateLimited+20960+1738218457,Automotive Engine Repair,StartupStairsPrivateLimited,20960,instructor,2025-01-30T11:58:51.739000+05:30,timestamp,,,,,False,False,https://courses.skillindiadigital.gov.in/api/courses/v1/courses/?page_size=100,live_catalogue_changed_during_pagination;seats_and_certification_not_verified,requires_provider_and_availability_review
course-v1:StartupStairsPrivateLimited+22472+1740030031,BRIDAL FASHION,StartupStairsPrivateLimited,22472,instructor,2025-02-20T11:13:16.418000+05:30,timestamp,,,,,False,False,https://courses.skillindiadigital.gov.in/api/courses/v1/courses/?page_size=100,live_catalogue_changed_during_pagination;seats_and_certification_not_verified,requires_provider_and_availability_review
course-v1:StartupStairsPrivateLimited+24279+1739718138,AUTOMOTIVE MACHINING OPERATOR,StartupStairsPrivateLimited,24279,instructor,2025-02-16T20:35:09.524000+05:30,timestamp,,,,,False,False,https://courses.skillindiadigital.gov.in/api/courses/v1/courses/?page_size=100,live_catalogue_changed_during_pagination;seats_and_certification_not_verified,requires_provider_and_availability_review
course-v1:StartupStairsPrivateLimited+39281+1739608228,AUTO RICKSHAW,StartupStairsPrivateLimited,39281,instructor,2025-02-15T14:02:39.157000+05:30,timestamp,,,,,False,False,https://courses.skillindiadigital.gov.in/api/courses/v1/courses/?page_size=100,live_catalogue_changed_during_pagination;seats_and_certification_not_verified,requires_provider_and_availability_review
course-v1:StartupStairsPrivateLimited+67980+1740031986,CARPET WEAVER,StartupStairsPrivateLimited,67980,instructor,2025-02-20T11:43:47.273000+05:30,timestamp,,,,,False,False,https://courses.skillindiadigital.gov.in/api/courses/v1/courses/?page_size=100,live_catalogue_changed_during_pagination;seats_and_certification_not_verified,requires_provider_and_availability_review
course-v1:StartupStairsPrivateLimited+94794+1739809059,AUTOMOTIVE SERVICE TECHNICIAN,StartupStairsPrivateLimited,94794,instructor,2025-02-17T21:49:49.116000+05:30,timestamp,,,,,False,False,https://courses.skillindiadigital.gov.in/api/courses/v1/courses/?page_size=100,live_catalogue_changed_during_pagination;seats_and_certification_not_verified,requires_provider_and_availability_review
course-v1:SteamieAdventuresPrivateLimited+51177+1767027055,Introduction to STEM,SteamieAdventuresPrivateLimited,51177,instructor,2025-12-29T22:21:32.044000+05:30,timestamp,,,,,False,False,https://courses.skillindiadigital.gov.in/api/courses/v1/courses/?page_size=100,live_catalogue_changed_during_pagination;seats_and_certification_not_verified,requires_provider_and_availability_review
course-v1:StJohnAmbulanceInternationalAssociation+90139+1756484771,BASIC KNOWLEDGE OF FIRST AID,StJohnAmbulanceInternationalAssociation,90139,instructor,2025-08-29T21:58:11.568000+05:30,timestamp,,,,,False,False,https://courses.skillindiadigital.gov.in/api/courses/v1/courses/?page_size=100,live_catalogue_changed_during_pagination;seats_and_certification_not_verified,requires_provider_and_availability_review
course-v1:SubhSyawaniRuralFarmerProducerCompanyLimited+87353+1717684382,INTRODUCTION OF COMPUTER,SubhSyawaniRuralFarmerProducerCompanyLimited,87353,instructor,2030-01-01T05:30:00+05:30,empty,,,,,False,False,https://courses.skillindiadigital.gov.in/api/courses/v1/courses/?page_size=100,live_catalogue_changed_during_pagination;seats_and_certification_not_verified,requires_provider_and_availability_review
course-v1:SubramanianRajesh+15579+1753764908,NDT Level II Trainng and Certification,SubramanianRajesh,15579,instructor,2025-07-29T10:26:12.308000+05:30,timestamp,,,,,False,False,https://courses.skillindiadigital.gov.in/api/courses/v1/courses/?page_size=100,live_catalogue_changed_during_pagination;seats_and_certification_not_verified,requires_provider_and_availability_review
course-v1:SuccessStepsPrivateLimited+38327+1707450786,Post Graduate Certificate in Retail Banking,SuccessStepsPrivateLimited,38327,instructor,2030-01-01T05:30:00+05:30,empty,,,,,False,False,https://courses.skillindiadigital.gov.in/api/courses/v1/courses/?page_size=100,live_catalogue_changed_during_pagination;seats_and_certification_not_verified,requires_provider_and_availability_review
course-v1:SumskrutaVahiniFoundation+52067+1782654486,STEAM EXPLORER (MODULE S1),SumskrutaVahiniFoundation,52067,instructor,2026-06-28T19:21:42.870000+05:30,timestamp,,,,,False,False,https://courses.skillindiadigital.gov.in/api/courses/v1/courses/?page_size=100,live_catalogue_changed_during_pagination;seats_and_certification_not_verified,requires_provider_and_availability_review
course-v1:SumskrutaVahiniFoundation+73633+1781532827,STEAM Educator - Weave your stories with,SumskrutaVahiniFoundation,73633,instructor,2026-06-15T19:44:39.448000+05:30,timestamp,,,,,False,False,https://courses.skillindiadigital.gov.in/api/courses/v1/courses/?page_size=100,live_catalogue_changed_during_pagination;seats_and_certification_not_verified,requires_provider_and_availability_review
course-v1:SunitaFoundation+26011+1727583328,Introducing about Computer Fundamental Course,SunitaFoundation,26011,instructor,2030-01-01T05:30:00+05:30,empty,,,,,False,False,https://courses.skillindiadigital.gov.in/api/courses/v1/courses/?page_size=100,live_catalogue_changed_during_pagination;seats_and_certification_not_verified,requires_provider_and_availability_review
course-v1:SupertechComputers+89346+1721357485,Diploma in Computer Application,SupertechComputers,89346,instructor,2030-01-01T05:30:00+05:30,empty,,,,,False,False,https://courses.skillindiadigital.gov.in/api/courses/v1/courses/?page_size=100,live_catalogue_changed_during_pagination;seats_and_certification_not_verified,requires_provider_and_availability_review
course-v1:SushruthaArogyaPrathistana+27349+1761139805,ayurveda,SushruthaArogyaPrathistana,27349,instructor,2025-10-22T19:00:46.804000+05:30,timestamp,,,,,False,False,https://courses.skillindiadigital.gov.in/api/courses/v1/courses/?page_size=100,live_catalogue_changed_during_pagination;seats_and_certification_not_verified,requires_provider_and_availability_review
course-v1:SVETSPLTD+78207+1763728445,Data Analysis With MS Excel,SVETSPLTD,78207,instructor,2025-11-21T18:04:43.818000+05:30,timestamp,,,,,False,False,https://courses.skillindiadigital.gov.in/api/courses/v1/courses/?page_size=100,live_catalogue_changed_during_pagination;seats_and_certification_not_verified,requires_provider_and_availability_review
course-v1:SVETSPLTD+94412+1763721643,computer,SVETSPLTD,94412,instructor,2025-11-21T16:11:06.275000+05:30,timestamp,,,,,False,False,https://courses.skillindiadigital.gov.in/api/courses/v1/courses/?page_size=100,live_catalogue_changed_during_pagination;seats_and_certification_not_verified,requires_provider_and_availability_review
course-v1:SwajanFoundation+89675+1737706923,Web Design & Development,SwajanFoundation,89675,instructor,2025-01-24T13:52:32.517000+05:30,timestamp,,,,,False,False,https://courses.skillindiadigital.gov.in/api/courses/v1/courses/?page_size=100,live_catalogue_changed_during_pagination;seats_and_certification_not_verified,requires_provider_and_availability_review
course-v1:SwajanFoundation+96898+1737706760,Financial Skills (Basic),SwajanFoundation,96898,instructor,2025-01-24T13:50:39.942000+05:30,timestamp,,,,,False,False,https://courses.skillindiadigital.gov.in/api/courses/v1/courses/?page_size=100,live_catalogue_changed_during_pagination;seats_and_certification_not_verified,requires_provider_and_availability_review
course-v1:SwamirajAutomobiles+61683+1718880432,Electric Vehicles Basics,SwamirajAutomobiles,61683,instructor,2030-01-01T05:30:00+05:30,empty,,,,,False,False,https://courses.skillindiadigital.gov.in/api/courses/v1/courses/?page_size=100,live_catalogue_changed_during_pagination;seats_and_certification_not_verified,requires_provider_and_availability_review
course-v1:SwamiVivekanandComputerSewaSansthan+44406+1746091501,CCC,SwamiVivekanandComputerSewaSansthan,44406,instructor,2025-05-01T14:55:38.078000+05:30,timestamp,,,,,False,False,https://courses.skillindiadigital.gov.in/api/courses/v1/courses/?page_size=100,live_catalogue_changed_during_pagination;seats_and_certification_not_verified,requires_provider_and_availability_review
course-v1:SweepermanServices+89591+1705684948,Introduction to Property Waste Facility Management Service,SweepermanServices,89591,instructor,2030-01-01T05:30:00+05:30,empty,,,,,False,False,https://courses.skillindiadigital.gov.in/api/courses/v1/courses/?page_size=100,live_catalogue_changed_during_pagination;seats_and_certification_not_verified,requires_provider_and_availability_review
course-v1:SwtClubPrivateLimited+18376+1757419737,TOUR LEADERSHIP AND TOURIST ENGAGEMENT,SwtClubPrivateLimited,18376,instructor,2025-09-09T17:39:40.526000+05:30,timestamp,,,,,False,False,https://courses.skillindiadigital.gov.in/api/courses/v1/courses/?page_size=100,live_catalogue_changed_during_pagination;seats_and_certification_not_verified,requires_provider_and_availability_review
course-v1:SymbiosisOpenEducationSociety+10116+1790653902,Digital Marketing and Brand Strategy,SymbiosisOpenEducationSociety,10116,instructor,2026-09-29T09:21:57.830000+05:30,timestamp,,,,,False,False,https://courses.skillindiadigital.gov.in/api/courses/v1/courses/?page_size=100,live_catalogue_changed_during_pagination;seats_and_certification_not_verified,requires_provider_and_availability_review
course-v1:SymbiosisOpenEducationSociety+10330+1744006508,Demo Course,SymbiosisOpenEducationSociety,10330,instructor,2025-04-07T11:45:45.174000+05:30,timestamp,,,,,False,False,https://courses.skillindiadigital.gov.in/api/courses/v1/courses/?page_size=100,live_catalogue_changed_during_pagination;seats_and_certification_not_verified;test_or_demo_candidate,requires_provider_and_availability_review
course-v1:SymbiosisOpenEducationSociety+11890+1744610143,Project Management,SymbiosisOpenEducationSociety,11890,instructor,2025-04-14T11:25:47.219000+05:30,timestamp,,,,,False,False,https://courses.skillindiadigital.gov.in/api/courses/v1/courses/?page_size=100,live_catalogue_changed_during_pagination;seats_and_certification_not_verified,requires_provider_and_availability_review
course-v1:SymbiosisOpenEducationSociety+12046+1790592226,Entrepreneurship Development and Management,SymbiosisOpenEducationSociety,12046,instructor,2026-09-28T16:15:46.880000+05:30,timestamp,,,,,False,False,https://courses.skillindiadigital.gov.in/api/courses/v1/courses/?page_size=100,live_catalogue_changed_during_pagination;seats_and_certification_not_verified,requires_provider_and_availability_review
course-v1:SymbiosisOpenEducationSociety+12661+1744606264,Learn Instructional Design,SymbiosisOpenEducationSociety,12661,instructor,2025-04-14T10:21:18.027000+05:30,timestamp,,,,,False,False,https://courses.skillindiadigital.gov.in/api/courses/v1/courses/?page_size=100,live_catalogue_changed_during_pagination;seats_and_certification_not_verified,requires_provider_and_availability_review
course-v1:SymbiosisOpenEducationSociety+13437+1744707724,Level 1 Life Skills Management based on Indian Knowledge Systems,SymbiosisOpenEducationSociety,13437,instructor,2025-04-15T14:34:08.805000+05:30,timestamp,,,,,False,False,https://courses.skillindiadigital.gov.in/api/courses/v1/courses/?page_size=100,live_catalogue_changed_during_pagination;seats_and_certification_not_verified,requires_provider_and_availability_review
course-v1:SymbiosisOpenEducationSociety+14256+1744604724,Demo:Test:Beginners Course in Aromatherapy,SymbiosisOpenEducationSociety,14256,instructor,2025-04-14T10:00:35.956000+05:30,timestamp,,,,,False,False,https://courses.skillindiadigital.gov.in/api/courses/v1/courses/?page_size=100,live_catalogue_changed_during_pagination;seats_and_certification_not_verified;test_or_demo_candidate,requires_provider_and_availability_review
course-v1:SymbiosisOpenEducationSociety+15204+1790654249,Business Analytics,SymbiosisOpenEducationSociety,15204,instructor,2026-09-29T09:27:31.861000+05:30,timestamp,,,,,False,False,https://courses.skillindiadigital.gov.in/api/courses/v1/courses/?page_size=100,live_catalogue_changed_during_pagination;seats_and_certification_not_verified,requires_provider_and_availability_review
course-v1:SymbiosisOpenEducationSociety+18256+1790654177,Supply Chain Management,SymbiosisOpenEducationSociety,18256,instructor,2026-09-29T09:26:40.086000+05:30,timestamp,,,,,False,False,https://courses.skillindiadigital.gov.in/api/courses/v1/courses/?page_size=100,live_catalogue_changed_during_pagination;seats_and_certification_not_verified,requires_provider_and_availability_review
course-v1:SymbiosisOpenEducationSociety+19274+1744706919,Buddha's Teaching and Vipassana meditation,SymbiosisOpenEducationSociety,19274,instructor,2025-04-15T14:31:15.068000+05:30,timestamp,,,,,False,False,https://courses.skillindiadigital.gov.in/api/courses/v1/courses/?page_size=100,live_catalogue_changed_during_pagination;seats_and_certification_not_verified,requires_provider_and_availability_review
course-v1:SymbiosisOpenEducationSociety+21054+1744606188,Insights into Share Trading and Investments,SymbiosisOpenEducationSociety,21054,instructor,2025-04-14T10:19:52.060000+05:30,timestamp,,,,,False,False,https://courses.skillindiadigital.gov.in/api/courses/v1/courses/?page_size=100,live_catalogue_changed_during_pagination;seats_and_certification_not_verified,requires_provider_and_availability_review
course-v1:SymbiosisOpenEducationSociety+23245+1790654271,Industry 4.0,SymbiosisOpenEducationSociety,23245,instructor,2026-09-29T09:27:55.396000+05:30,timestamp,,,,,False,False,https://courses.skillindiadigital.gov.in/api/courses/v1/courses/?page_size=100,live_catalogue_changed_during_pagination;seats_and_certification_not_verified,requires_provider_and_availability_review
course-v1:SymbiosisOpenEducationSociety+23655+1744102245,Algorithms and Programming Concepts,SymbiosisOpenEducationSociety,23655,instructor,2025-04-08T14:21:01.706000+05:30,timestamp,,,,,False,False,https://courses.skillindiadigital.gov.in/api/courses/v1/courses/?page_size=100,live_catalogue_changed_during_pagination;seats_and_certification_not_verified,requires_provider_and_availability_review
course-v1:SymbiosisOpenEducationSociety+24320+1744606003,Beginners Course in Mindfulness and Meditation,SymbiosisOpenEducationSociety,24320,instructor,2025-04-14T10:17:09.466000+05:30,timestamp,,,,,False,False,https://courses.skillindiadigital.gov.in/api/courses/v1/courses/?page_size=100,live_catalogue_changed_during_pagination;seats_and_certification_not_verified,requires_provider_and_availability_review
course-v1:SymbiosisOpenEducationSociety+24910+1790653520,Basic Communication Skills,SymbiosisOpenEducationSociety,24910,instructor,2026-09-29T09:18:45.600000+05:30,timestamp,,,,,False,False,https://courses.skillindiadigital.gov.in/api/courses/v1/courses/?page_size=100,live_catalogue_changed_during_pagination;seats_and_certification_not_verified,requires_provider_and_availability_review
course-v1:SymbiosisOpenEducationSociety+26639+1744622223,Hospital Operations Management,SymbiosisOpenEducationSociety,26639,instructor,2025-04-14T14:49:39.140000+05:30,timestamp,,,,,False,False,https://courses.skillindiadigital.gov.in/api/courses/v1/courses/?page_size=100,live_catalogue_changed_during_pagination;seats_and_certification_not_verified,requires_provider_and_availability_review
course-v1:SymbiosisOpenEducationSociety+28507+1790568795,Blockchain Technology Foundation,SymbiosisOpenEducationSociety,28507,instructor,2026-09-28T09:43:18.879000+05:30,timestamp,,,,,False,False,https://courses.skillindiadigital.gov.in/api/courses/v1/courses/?page_size=100,live_catalogue_changed_during_pagination;seats_and_certification_not_verified,requires_provider_and_availability_review
course-v1:SymbiosisOpenEducationSociety+28944+1790654349,Understanding Disaster Management,SymbiosisOpenEducationSociety,28944,instructor,2026-09-29T09:29:29.097000+05:30,timestamp,,,,,False,False,https://courses.skillindiadigital.gov.in/api/courses/v1/courses/?page_size=100,live_catalogue_changed_during_pagination;seats_and_certification_not_verified,requires_provider_and_availability_review
course-v1:SymbiosisOpenEducationSociety+29586+1790654329,Understanding Counselling Techniques,SymbiosisOpenEducationSociety,29586,instructor,2026-09-29T09:28:54.091000+05:30,timestamp,,,,,False,False,https://courses.skillindiadigital.gov.in/api/courses/v1/courses/?page_size=100,live_catalogue_changed_during_pagination;seats_and_certification_not_verified,requires_provider_and_availability_review
course-v1:SymbiosisOpenEducationSociety+30118+1790592189,Educational Administrative Practices,SymbiosisOpenEducationSociety,30118,instructor,2026-09-28T16:13:20.294000+05:30,timestamp,,,,,False,False,https://courses.skillindiadigital.gov.in/api/courses/v1/courses/?page_size=100,live_catalogue_changed_during_pagination;seats_and_certification_not_verified,requires_provider_and_availability_review
course-v1:SymbiosisOpenEducationSociety+30179+1744110790,FinTech Foundations and Overview,SymbiosisOpenEducationSociety,30179,instructor,2025-04-08T16:57:01.630000+05:30,timestamp,,,,,False,False,https://courses.skillindiadigital.gov.in/api/courses/v1/courses/?page_size=100,live_catalogue_changed_during_pagination;seats_and_certification_not_verified,requires_provider_and_availability_review
course-v1:SymbiosisOpenEducationSociety+31403+1790568650,Human Resource Development Foundation,SymbiosisOpenEducationSociety,31403,instructor,2026-09-28T09:42:10.657000+05:30,timestamp,,,,,False,False,https://courses.skillindiadigital.gov.in/api/courses/v1/courses/?page_size=100,live_catalogue_changed_during_pagination;seats_and_certification_not_verified,requires_provider_and_availability_review
course-v1:SymbiosisOpenEducationSociety+32833+1790654289,ISO 90012015 Quality Management Standard,SymbiosisOpenEducationSociety,32833,instructor,2026-09-29T09:28:17.702000+05:30,timestamp,,,,,False,False,https://courses.skillindiadigital.gov.in/api/courses/v1/courses/?page_size=100,live_catalogue_changed_during_pagination;seats_and_certification_not_verified,requires_provider_and_availability_review
course-v1:SymbiosisOpenEducationSociety+33106+1790568773,Concepts in Supply Chain Management,SymbiosisOpenEducationSociety,33106,instructor,2026-09-28T09:42:57.486000+05:30,timestamp,,,,,False,False,https://courses.skillindiadigital.gov.in/api/courses/v1/courses/?page_size=100,live_catalogue_changed_during_pagination;seats_and_certification_not_verified,requires_provider_and_availability_review
course-v1:SymbiosisOpenEducationSociety+33115+1790398786,Capital Market,SymbiosisOpenEducationSociety,33115,instructor,2026-09-26T10:30:03.074000+05:30,timestamp,,,,,False,False,https://courses.skillindiadigital.gov.in/api/courses/v1/courses/?page_size=100,live_catalogue_changed_during_pagination;seats_and_certification_not_verified,requires_provider_and_availability_review
course-v1:SymbiosisOpenEducationSociety+33341+1790592388,Fundamentals of Project Financial Management,SymbiosisOpenEducationSociety,33341,instructor,2026-09-28T16:16:32.036000+05:30,timestamp,,,,,False,False,https://courses.skillindiadigital.gov.in/api/courses/v1/courses/?page_size=100,live_catalogue_changed_during_pagination;seats_and_certification_not_verified,requires_provider_and_availability_review
course-v1:SymbiosisOpenEducationSociety+35368+1744611816,Investment Analysis and Portfolio Management,SymbiosisOpenEducationSociety,35368,instructor,2025-04-14T11:53:47.781000+05:30,timestamp,,,,,False,False,https://courses.skillindiadigital.gov.in/api/courses/v1/courses/?page_size=100,live_catalogue_changed_during_pagination;seats_and_certification_not_verified,requires_provider_and_availability_review
course-v1:SymbiosisOpenEducationSociety+35883+1790653750,Cloud Computing and its Applications,SymbiosisOpenEducationSociety,35883,instructor,2026-09-29T09:20:32.493000+05:30,timestamp,,,,,False,False,https://courses.skillindiadigital.gov.in/api/courses/v1/courses/?page_size=100,live_catalogue_changed_during_pagination;seats_and_certification_not_verified,requires_provider_and_availability_review
course-v1:SymbiosisOpenEducationSociety+36596+1744611252,Introduction to AI and ML,SymbiosisOpenEducationSociety,36596,instructor,2025-04-14T11:44:27.204000+05:30,timestamp,,,,,False,False,https://courses.skillindiadigital.gov.in/api/courses/v1/courses/?page_size=100,live_catalogue_changed_during_pagination;seats_and_certification_not_verified,requires_provider_and_availability_review
course-v1:SymbiosisOpenEducationSociety+37390+1790653925,Introduction to Big Data Architecture and Ecosystem,SymbiosisOpenEducationSociety,37390,instructor,2026-09-29T09:22:42.098000+05:30,timestamp,,,,,False,False,https://courses.skillindiadigital.gov.in/api/courses/v1/courses/?page_size=100,live_catalogue_changed_during_pagination;seats_and_certification_not_verified,requires_provider_and_availability_review
course-v1:SymbiosisOpenEducationSociety+37400+1744707713,Machine Learning Algorithm using Python,SymbiosisOpenEducationSociety,37400,instructor,2025-04-15T14:31:58.211000+05:30,timestamp,,,,,False,False,https://courses.skillindiadigital.gov.in/api/courses/v1/courses/?page_size=100,live_catalogue_changed_during_pagination;seats_and_certification_not_verified,requires_provider_and_availability_review
course-v1:SymbiosisOpenEducationSociety+37565+1790593584,Lean Six Sigma Essentials,SymbiosisOpenEducationSociety,37565,instructor,2026-09-28T16:36:27.816000+05:30,timestamp,,,,,False,False,https://courses.skillindiadigital.gov.in/api/courses/v1/courses/?page_size=100,live_catalogue_changed_during_pagination;seats_and_certification_not_verified,requires_provider_and_availability_review
course-v1:SymbiosisOpenEducationSociety+39783+1790592528,Strategic Leadership and Governance,SymbiosisOpenEducationSociety,39783,instructor,2026-09-28T16:18:51.376000+05:30,timestamp,,,,,False,False,https://courses.skillindiadigital.gov.in/api/courses/v1/courses/?page_size=100,live_catalogue_changed_during_pagination;seats_and_certification_not_verified,requires_provider_and_availability_review
course-v1:SymbiosisOpenEducationSociety+40306+1744109970,Green Logistics and Supply Chains,SymbiosisOpenEducationSociety,40306,instructor,2025-04-08T16:30:22.427000+05:30,timestamp,,,,,False,False,https://courses.skillindiadigital.gov.in/api/courses/v1/courses/?page_size=100,live_catalogue_changed_during_pagination;seats_and_certification_not_verified,requires_provider_and_availability_review
course-v1:SymbiosisOpenEducationSociety+43231+1744612511,Demo:Test:Beginners Course in Aromatherapy,SymbiosisOpenEducationSociety,43231,instructor,2025-04-14T12:05:27.968000+05:30,timestamp,,,,,False,False,https://courses.skillindiadigital.gov.in/api/courses/v1/courses/?page_size=100,live_catalogue_changed_during_pagination;seats_and_certification_not_verified;test_or_demo_candidate,requires_provider_and_availability_review
course-v1:SymbiosisOpenEducationSociety+43993+1790654311,Strategic Human Resource Management,SymbiosisOpenEducationSociety,43993,instructor,2026-09-29T09:28:36.506000+05:30,timestamp,,,,,False,False,https://courses.skillindiadigital.gov.in/api/courses/v1/courses/?page_size=100,live_catalogue_changed_during_pagination;seats_and_certification_not_verified,requires_provider_and_availability_review
course-v1:SymbiosisOpenEducationSociety+45260+1790568784,Business Communication Skills,SymbiosisOpenEducationSociety,45260,instructor,2026-09-28T09:43:08.611000+05:30,timestamp,,,,,False,False,https://courses.skillindiadigital.gov.in/api/courses/v1/courses/?page_size=100,live_catalogue_changed_during_pagination;seats_and_certification_not_verified,requires_provider_and_availability_review
course-v1:SymbiosisOpenEducationSociety+45960+1744707691,Healthcare Insurance and Risk Management,SymbiosisOpenEducationSociety,45960,instructor,2025-04-15T14:31:34.946000+05:30,timestamp,,,,,False,False,https://courses.skillindiadigital.gov.in/api/courses/v1/courses/?page_size=100,live_catalogue_changed_during_pagination;seats_and_certification_not_verified,requires_provider_and_availability_review
course-v1:SymbiosisOpenEducationSociety+47058+1790592544,Sustainable Business Strategy,SymbiosisOpenEducationSociety,47058,instructor,2026-09-28T16:19:08.520000+05:30,timestamp,,,,,False,False,https://courses.skillindiadigital.gov.in/api/courses/v1/courses/?page_size=100,live_catalogue_changed_during_pagination;seats_and_certification_not_verified,requires_provider_and_availability_review
course-v1:SymbiosisOpenEducationSociety+47258+1744103974,Blockchain Technology,SymbiosisOpenEducationSociety,47258,instructor,2025-04-08T14:49:47.184000+05:30,timestamp,,,,,False,False,https://courses.skillindiadigital.gov.in/api/courses/v1/courses/?page_size=100,live_catalogue_changed_during_pagination;seats_and_certification_not_verified,requires_provider_and_availability_review
course-v1:SymbiosisOpenEducationSociety+47764+1790654208,Virtual Workplace Management (VWM),SymbiosisOpenEducationSociety,47764,instructor,2026-09-29T09:27:00.541000+05:30,timestamp,,,,,False,False,https://courses.skillindiadigital.gov.in/api/courses/v1/courses/?page_size=100,live_catalogue_changed_during_pagination;seats_and_certification_not_verified,requires_provider_and_availability_review
course-v1:SymbiosisOpenEducationSociety+47810+1790415305,Rural and Cooperative Banking,SymbiosisOpenEducationSociety,47810,instructor,2026-09-26T15:05:15.724000+05:30,timestamp,,,,,False,False,https://courses.skillindiadigital.gov.in/api/courses/v1/courses/?page_size=100,live_catalogue_changed_during_pagination;seats_and_certification_not_verified,requires_provider_and_availability_review
course-v1:SymbiosisOpenEducationSociety+50421+1744608208,Business Ethics and Values,SymbiosisOpenEducationSociety,50421,instructor,2025-04-14T10:53:35.572000+05:30,timestamp,,,,,False,False,https://courses.skillindiadigital.gov.in/api/courses/v1/courses/?page_size=100,live_catalogue_changed_during_pagination;seats_and_certification_not_verified,requires_provider_and_availability_review
course-v1:SymbiosisOpenEducationSociety+53248+1744105841,Introduction to PySpark,SymbiosisOpenEducationSociety,53248,instructor,2025-04-08T15:21:19.634000+05:30,timestamp,,,,,False,False,https://courses.skillindiadigital.gov.in/api/courses/v1/courses/?page_size=100,live_catalogue_changed_during_pagination;seats_and_certification_not_verified,requires_provider_and_availability_review
course-v1:SymbiosisOpenEducationSociety+53469+1790592356,Forensics Investigation and Audit,SymbiosisOpenEducationSociety,53469,instructor,2026-09-28T16:16:05.506000+05:30,timestamp,,,,,False,False,https://courses.skillindiadigital.gov.in/api/courses/v1/courses/?page_size=100,live_catalogue_changed_during_pagination;seats_and_certification_not_verified,requires_provider_and_availability_review
course-v1:SymbiosisOpenEducationSociety+54481+1744610713,Introduction to DevOPs and Project Management,SymbiosisOpenEducationSociety,54481,instructor,2025-04-14T11:35:17.666000+05:30,timestamp,,,,,False,False,https://courses.skillindiadigital.gov.in/api/courses/v1/courses/?page_size=100,live_catalogue_changed_during_pagination;seats_and_certification_not_verified,requires_provider_and_availability_review
course-v1:SymbiosisOpenEducationSociety+55146+1744609254,Health Care Economics,SymbiosisOpenEducationSociety,55146,instructor,2025-04-14T11:10:58.545000+05:30,timestamp,,,,,False,False,https://courses.skillindiadigital.gov.in/api/courses/v1/courses/?page_size=100,live_catalogue_changed_during_pagination;seats_and_certification_not_verified,requires_provider_and_availability_review
course-v1:SymbiosisOpenEducationSociety+55676+1790654011,Negotiation Skills,SymbiosisOpenEducationSociety,55676,instructor,2026-09-29T09:23:55.011000+05:30,timestamp,,,,,False,False,https://courses.skillindiadigital.gov.in/api/courses/v1/courses/?page_size=100,live_catalogue_changed_during_pagination;seats_and_certification_not_verified,requires_provider_and_availability_review
course-v1:SymbiosisOpenEducationSociety+55809+1790654067,Packaging to Marketing of Food Products (PMFP),SymbiosisOpenEducationSociety,55809,instructor,2026-09-29T09:24:31.364000+05:30,timestamp,,,,,False,False,https://courses.skillindiadigital.gov.in/api/courses/v1/courses/?page_size=100,live_catalogue_changed_during_pagination;seats_and_certification_not_verified,requires_provider_and_availability_review
course-v1:SymbiosisOpenEducationSociety+57896+1744608295,Current Trends in Commerce and Management,SymbiosisOpenEducationSociety,57896,instructor,2025-04-14T10:55:00.434000+05:30,timestamp,,,,,False,False,https://courses.skillindiadigital.gov.in/api/courses/v1/courses/?page_size=100,live_catalogue_changed_during_pagination;seats_and_certification_not_verified,requires_provider_and_availability_review
course-v1:SymbiosisOpenEducationSociety+63357+1790654229,Big Data Analytics,SymbiosisOpenEducationSociety,63357,instructor,2026-09-29T09:27:19.095000+05:30,timestamp,,,,,False,False,https://courses.skillindiadigital.gov.in/api/courses/v1/courses/?page_size=100,live_catalogue_changed_during_pagination;seats_and_certification_not_verified,requires_provider_and_availability_review
course-v1:SymbiosisOpenEducationSociety+68632+1744707884,Level 3 Leadership Principles for Team Building,SymbiosisOpenEducationSociety,68632,instructor,2025-04-15T14:34:48.772000+05:30,timestamp,,,,,False,False,https://courses.skillindiadigital.gov.in/api/courses/v1/courses/?page_size=100,live_catalogue_changed_during_pagination;seats_and_certification_not_verified,requires_provider_and_availability_review
course-v1:SymbiosisOpenEducationSociety+70299+1744606084,Google Suite for Educators,SymbiosisOpenEducationSociety,70299,instructor,2025-04-14T10:18:09.577000+05:30,timestamp,,,,,False,False,https://courses.skillindiadigital.gov.in/api/courses/v1/courses/?page_size=100,live_catalogue_changed_during_pagination;seats_and_certification_not_verified,requires_provider_and_availability_review
course-v1:SymbiosisOpenEducationSociety+71553+1790592483,ISO 90012015 Quality Management Standard,SymbiosisOpenEducationSociety,71553,instructor,2026-09-28T16:18:31.902000+05:30,timestamp,,,,,False,False,https://courses.skillindiadigital.gov.in/api/courses/v1/courses/?page_size=100,live_catalogue_changed_during_pagination;seats_and_certification_not_verified,requires_provider_and_availability_review
course-v1:SymbiosisOpenEducationSociety+72590+1744607052,Database Management System,SymbiosisOpenEducationSociety,72590,instructor,2025-04-14T10:34:16.434000+05:30,timestamp,,,,,False,False,https://courses.skillindiadigital.gov.in/api/courses/v1/courses/?page_size=100,live_catalogue_changed_during_pagination;seats_and_certification_not_verified,requires_provider_and_availability_review
course-v1:SymbiosisOpenEducationSociety+73734+1790654111,Python Programming,SymbiosisOpenEducationSociety,73734,instructor,2026-09-29T09:25:23.032000+05:30,timestamp,,,,,False,False,https://courses.skillindiadigital.gov.in/api/courses/v1/courses/?page_size=100,live_catalogue_changed_during_pagination;seats_and_certification_not_verified,requires_provider_and_availability_review
course-v1:SymbiosisOpenEducationSociety+75023+1744608905,Health Care and Hospital Environment,SymbiosisOpenEducationSociety,75023,instructor,2025-04-14T11:05:11.198000+05:30,timestamp,,,,,False,False,https://courses.skillindiadigital.gov.in/api/courses/v1/courses/?page_size=100,live_catalogue_changed_during_pagination;seats_and_certification_not_verified,requires_provider_and_availability_review
course-v1:SymbiosisOpenEducationSociety+75916+1790654153,Supply Chain and Logistics Management,SymbiosisOpenEducationSociety,75916,instructor,2026-09-29T09:26:08.441000+05:30,timestamp,,,,,False,False,https://courses.skillindiadigital.gov.in/api/courses/v1/courses/?page_size=100,live_catalogue_changed_during_pagination;seats_and_certification_not_verified,requires_provider_and_availability_review
course-v1:SymbiosisOpenEducationSociety+83060+1744707856,Level 2 Leadership Principles for Personal Applications,SymbiosisOpenEducationSociety,83060,instructor,2025-04-15T14:34:27.037000+05:30,timestamp,,,,,False,False,https://courses.skillindiadigital.gov.in/api/courses/v1/courses/?page_size=100,live_catalogue_changed_during_pagination;seats_and_certification_not_verified,requires_provider_and_availability_review
course-v1:SymbiosisOpenEducationSociety+84057+1790654131,Start-up and Venture Creation,SymbiosisOpenEducationSociety,84057,instructor,2026-09-29T09:25:44.668000+05:30,timestamp,,,,,False,False,https://courses.skillindiadigital.gov.in/api/courses/v1/courses/?page_size=100,live_catalogue_changed_during_pagination;seats_and_certification_not_verified,requires_provider_and_availability_review
course-v1:SymbiosisOpenEducationSociety+84082+1790413182,Essential of Research Methodology,SymbiosisOpenEducationSociety,84082,instructor,2026-09-26T14:31:23.630000+05:30,timestamp,,,,,False,False,https://courses.skillindiadigital.gov.in/api/courses/v1/courses/?page_size=100,live_catalogue_changed_during_pagination;seats_and_certification_not_verified,requires_provider_and_availability_review
course-v1:SymbiosisOpenEducationSociety+85610+1790592461,Introduction to Data Science Foundation,SymbiosisOpenEducationSociety,85610,instructor,2026-09-28T16:17:44.506000+05:30,timestamp,,,,,False,False,https://courses.skillindiadigital.gov.in/api/courses/v1/courses/?page_size=100,live_catalogue_changed_during_pagination;seats_and_certification_not_verified,requires_provider_and_availability_review
course-v1:SymbiosisOpenEducationSociety+86746+1744109127,Analytics with Tableau,SymbiosisOpenEducationSociety,86746,instructor,2025-04-08T16:15:44.417000+05:30,timestamp,,,,,False,False,https://courses.skillindiadigital.gov.in/api/courses/v1/courses/?page_size=100,live_catalogue_changed_during_pagination;seats_and_certification_not_verified,requires_provider_and_availability_review
course-v1:SymbiosisOpenEducationSociety+87002+1790592213,Educational Technology,SymbiosisOpenEducationSociety,87002,instructor,2026-09-28T16:13:36.700000+05:30,timestamp,,,,,False,False,https://courses.skillindiadigital.gov.in/api/courses/v1/courses/?page_size=100,live_catalogue_changed_during_pagination;seats_and_certification_not_verified,requires_provider_and_availability_review
course-v1:SymbiosisOpenEducationSociety+87536+1744607681,Object Oriented Programming,SymbiosisOpenEducationSociety,87536,instructor,2025-04-14T10:44:44.808000+05:30,timestamp,,,,,False,False,https://courses.skillindiadigital.gov.in/api/courses/v1/courses/?page_size=100,live_catalogue_changed_during_pagination;seats_and_certification_not_verified,requires_provider_and_availability_review
course-v1:SymbiosisOpenEducationSociety+88096+1790653975,Level 4 Discover Your Inner Genius,SymbiosisOpenEducationSociety,88096,instructor,2026-09-29T09:23:23.386000+05:30,timestamp,,,,,False,False,https://courses.skillindiadigital.gov.in/api/courses/v1/courses/?page_size=100,live_catalogue_changed_during_pagination;seats_and_certification_not_verified,requires_provider_and_availability_review
course-v1:SymbiosisOpenEducationSociety+88384+1744610256,Market Research and Industry Assessment,SymbiosisOpenEducationSociety,88384,instructor,2025-04-14T11:27:40.634000+05:30,timestamp,,,,,False,False,https://courses.skillindiadigital.gov.in/api/courses/v1/courses/?page_size=100,live_catalogue_changed_during_pagination;seats_and_certification_not_verified,requires_provider_and_availability_review
course-v1:SymbiosisOpenEducationSociety+88631+1744610430,Introduction to Data Science,SymbiosisOpenEducationSociety,88631,instructor,2025-04-14T11:30:33.989000+05:30,timestamp,,,,,False,False,https://courses.skillindiadigital.gov.in/api/courses/v1/courses/?page_size=100,live_catalogue_changed_during_pagination;seats_and_certification_not_verified,requires_provider_and_availability_review
course-v1:SymbiosisOpenEducationSociety+88724+1790653872,Cyber and Information Security,SymbiosisOpenEducationSociety,88724,instructor,2026-09-29T09:21:28.971000+05:30,timestamp,,,,,False,False,https://courses.skillindiadigital.gov.in/api/courses/v1/courses/?page_size=100,live_catalogue_changed_during_pagination;seats_and_certification_not_verified,requires_provider_and_availability_review
course-v1:SymbiosisOpenEducationSociety+90224+1744609730,Indian Financial System,SymbiosisOpenEducationSociety,90224,instructor,2025-04-14T11:18:54.222000+05:30,timestamp,,,,,False,False,https://courses.skillindiadigital.gov.in/api/courses/v1/courses/?page_size=100,live_catalogue_changed_during_pagination;seats_and_certification_not_verified,requires_provider_and_availability_review
course-v1:SymbiosisOpenEducationSociety+90830+1790568743,Fintech Disruptive Innovation,SymbiosisOpenEducationSociety,90830,instructor,2026-09-28T09:42:43.038000+05:30,timestamp,,,,,False,False,https://courses.skillindiadigital.gov.in/api/courses/v1/courses/?page_size=100,live_catalogue_changed_during_pagination;seats_and_certification_not_verified,requires_provider_and_availability_review
course-v1:SymbiosisOpenEducationSociety+91261+1790592561,"Web Security, App Security and Mobile Security",SymbiosisOpenEducationSociety,91261,instructor,2026-09-28T16:19:24.214000+05:30,timestamp,,,,,False,False,https://courses.skillindiadigital.gov.in/api/courses/v1/courses/?page_size=100,live_catalogue_changed_during_pagination;seats_and_certification_not_verified,requires_provider_and_availability_review
course-v1:SymbiosisOpenEducationSociety+92177+1790415268,"Basics of Counselling, Techniques and Practices",SymbiosisOpenEducationSociety,92177,instructor,2026-09-26T15:04:59.393000+05:30,timestamp,,,,,False,False,https://courses.skillindiadigital.gov.in/api/courses/v1/courses/?page_size=100,live_catalogue_changed_during_pagination;seats_and_certification_not_verified,requires_provider_and_availability_review
course-v1:SymbiosisOpenEducationSociety+93173+1744606529,Exploring World Heritage,SymbiosisOpenEducationSociety,93173,instructor,2025-04-14T10:25:33.741000+05:30,timestamp,,,,,False,False,https://courses.skillindiadigital.gov.in/api/courses/v1/courses/?page_size=100,live_catalogue_changed_during_pagination;seats_and_certification_not_verified,requires_provider_and_availability_review
course-v1:SymbiosisOpenEducationSociety+93713+1790654099,Product and Brand Management,SymbiosisOpenEducationSociety,93713,instructor,2026-09-29T09:25:02.933000+05:30,timestamp,,,,,False,False,https://courses.skillindiadigital.gov.in/api/courses/v1/courses/?page_size=100,live_catalogue_changed_during_pagination;seats_and_certification_not_verified,requires_provider_and_availability_review
course-v1:SymbiosisOpenEducationSociety+94689+1744605905,Beginners Course in Aromatherapy,SymbiosisOpenEducationSociety,94689,instructor,2025-04-14T10:15:34.649000+05:30,timestamp,,,,,False,False,https://courses.skillindiadigital.gov.in/api/courses/v1/courses/?page_size=100,live_catalogue_changed_during_pagination;seats_and_certification_not_verified,requires_provider_and_availability_review
course-v1:SymbiosisOpenEducationSociety+94933+1790594926,Sales and Distribution Management,SymbiosisOpenEducationSociety,94933,instructor,2026-09-28T16:59:37.188000+05:30,timestamp,,,,,False,False,https://courses.skillindiadigital.gov.in/api/courses/v1/courses/?page_size=100,live_catalogue_changed_during_pagination;seats_and_certification_not_verified,requires_provider_and_availability_review
course-v1:SymbiosisOpenEducationSociety+96650+1744609967,Indian Taxation System,SymbiosisOpenEducationSociety,96650,instructor,2025-04-14T11:23:02.476000+05:30,timestamp,,,,,False,False,https://courses.skillindiadigital.gov.in/api/courses/v1/courses/?page_size=100,live_catalogue_changed_during_pagination;seats_and_certification_not_verified,requires_provider_and_availability_review
course-v1:SymbiosisOpenEducationSociety+98472+1744607832,Auditing and Corporate Governance,SymbiosisOpenEducationSociety,98472,instructor,2025-04-14T10:47:17.544000+05:30,timestamp,,,,,False,False,https://courses.skillindiadigital.gov.in/api/courses/v1/courses/?page_size=100,live_catalogue_changed_during_pagination;seats_and_certification_not_verified,requires_provider_and_availability_review
course-v1:SymbiosisOpenEducationSociety+98844+1744608620,Entrepreneurship Management,SymbiosisOpenEducationSociety,98844,instructor,2025-04-14T11:00:24.625000+05:30,timestamp,,,,,False,False,https://courses.skillindiadigital.gov.in/api/courses/v1/courses/?page_size=100,live_catalogue_changed_during_pagination;seats_and_certification_not_verified,requires_provider_and_availability_review
course-v1:SymbiosisOpenEducationSociety+99667+1790592162,Data Visualization,SymbiosisOpenEducationSociety,99667,instructor,2026-09-28T16:12:53.921000+05:30,timestamp,,,,,False,False,https://courses.skillindiadigital.gov.in/api/courses/v1/courses/?page_size=100,live_catalogue_changed_during_pagination;seats_and_certification_not_verified,requires_provider_and_availability_review
course-v1:SyvaxiaTechnologyAndInnovationLabPrivateLimited+97577+1763465598,SAP FCIO,SyvaxiaTechnologyAndInnovationLabPrivateLimited,97577,instructor,2025-11-18T17:03:30.101000+05:30,timestamp,,,,,False,False,https://courses.skillindiadigital.gov.in/api/courses/v1/courses/?page_size=100,live_catalogue_changed_during_pagination;seats_and_certification_not_verified,requires_provider_and_availability_review
course-v1:TalenteaseBusinessSolutionsPrivateLimited+89039+1734094408,Basics of BPO,TalenteaseBusinessSolutionsPrivateLimited,89039,instructor,2024-12-13T18:23:59.927000+05:30,timestamp,,,,,False,False,https://courses.skillindiadigital.gov.in/api/courses/v1/courses/?page_size=100,live_catalogue_changed_during_pagination;seats_and_certification_not_verified,requires_provider_and_availability_review
course-v1:TarkeshwarDubey+15408+1748408356,SECURITY TRAINING,TarkeshwarDubey,15408,instructor,2025-05-28T10:29:47.213000+05:30,timestamp,,,,,False,False,https://courses.skillindiadigital.gov.in/api/courses/v1/courses/?page_size=100,live_catalogue_changed_during_pagination;seats_and_certification_not_verified,requires_provider_and_availability_review
course-v1:TechinautInstituteOfTechnology+52920+1764158042,ADVANCED DIPLOMA IN COMPUTER APPLICATION,TechinautInstituteOfTechnology,52920,instructor,2025-11-26T17:26:07.283000+05:30,timestamp,,,,,False,False,https://courses.skillindiadigital.gov.in/api/courses/v1/courses/?page_size=100,live_catalogue_changed_during_pagination;seats_and_certification_not_verified,requires_provider_and_availability_review
course-v1:TechMahindraFoundation+19343+1701690221,Cybersecurity,TechMahindraFoundation,19343,instructor,2023-12-01T05:30:00+05:30,timestamp,,,,,False,False,https://courses.skillindiadigital.gov.in/api/courses/v1/courses/?page_size=100,live_catalogue_changed_during_pagination;seats_and_certification_not_verified,requires_provider_and_availability_review
course-v1:TechMahindraFoundation+64778+1728901915,Job Readiness: Building your Future,TechMahindraFoundation,64778,instructor,2025-02-19T05:30:00+05:30,timestamp,,,,,False,False,https://courses.skillindiadigital.gov.in/api/courses/v1/courses/?page_size=100,live_catalogue_changed_during_pagination;seats_and_certification_not_verified,requires_provider_and_availability_review
course-v1:TechMahindraFoundation+76069+1728533502,Gender ED,TechMahindraFoundation,76069,instructor,2024-01-01T05:30:00+05:30,timestamp,,,,,False,False,https://courses.skillindiadigital.gov.in/api/courses/v1/courses/?page_size=100,live_catalogue_changed_during_pagination;seats_and_certification_not_verified,requires_provider_and_availability_review
course-v1:TechMahindraFoundation+85698+1726732021,Time Management,TechMahindraFoundation,85698,instructor,2024-01-01T05:30:00+05:30,timestamp,,,,,False,False,https://courses.skillindiadigital.gov.in/api/courses/v1/courses/?page_size=100,live_catalogue_changed_during_pagination;seats_and_certification_not_verified,requires_provider_and_availability_review
course-v1:TechMahindraFoundation+91962+1773133776,Prompt Power: Unleashing Your AI Superpower,TechMahindraFoundation,91962,instructor,2026-03-10T14:40:36.045000+05:30,timestamp,,,,,False,False,https://courses.skillindiadigital.gov.in/api/courses/v1/courses/?page_size=100,live_catalogue_changed_during_pagination;seats_and_certification_not_verified,requires_provider_and_availability_review
course-v1:TechMahindraFoundation+98143+1703239648,Financial Literacy,TechMahindraFoundation,98143,instructor,2024-04-01T05:30:00+05:30,timestamp,,,,,False,False,https://courses.skillindiadigital.gov.in/api/courses/v1/courses/?page_size=100,live_catalogue_changed_during_pagination;seats_and_certification_not_verified,requires_provider_and_availability_review
course-v1:TechMahindraFoundation+99317+1715317321,Mental Wellbeing,TechMahindraFoundation,99317,instructor,2024-05-01T05:30:00+05:30,timestamp,,,,,False,False,https://courses.skillindiadigital.gov.in/api/courses/v1/courses/?page_size=100,live_catalogue_changed_during_pagination;seats_and_certification_not_verified,requires_provider_and_availability_review
course-v1:TelecomSectorSkillCouncil+70408+1755760062,Development of Autonomous Multicopter by TiHAN Foundation - IIT Hyderabad,TelecomSectorSkillCouncil,70408,instructor,2025-08-21T12:52:47.818000+05:30,timestamp,,,,,False,False,https://courses.skillindiadigital.gov.in/api/courses/v1/courses/?page_size=100,live_catalogue_changed_during_pagination;seats_and_certification_not_verified,requires_provider_and_availability_review
course-v1:TensorlearnersPrivateLimited+59763+1784464203,Introduction to Agentic AI,TensorlearnersPrivateLimited,59763,instructor,2026-07-19T18:00:41.083000+05:30,timestamp,,,,,False,False,https://courses.skillindiadigital.gov.in/api/courses/v1/courses/?page_size=100,live_catalogue_changed_during_pagination;seats_and_certification_not_verified,requires_provider_and_availability_review
course-v1:Test+123+Test123,Test Course,Test,123,self,2030-01-01T05:30:00+05:30,empty,,,,,False,False,https://courses.skillindiadigital.gov.in/api/courses/v1/courses/?page_size=100,live_catalogue_changed_during_pagination;seats_and_certification_not_verified;test_or_demo_candidate,requires_provider_and_availability_review
course-v1:Test+16369+1703154856,Test course for demo pupose dont approve,Test,16369,instructor,2030-01-01T05:30:00+05:30,empty,,,,,False,False,https://courses.skillindiadigital.gov.in/api/courses/v1/courses/?page_size=100,live_catalogue_changed_during_pagination;seats_and_certification_not_verified;test_or_demo_candidate,requires_provider_and_availability_review
course-v1:Test+56071+1708003537,Test,Test,56071,instructor,2030-01-01T05:30:00+05:30,empty,,,,,False,False,https://courses.skillindiadigital.gov.in/api/courses/v1/courses/?page_size=100,live_catalogue_changed_during_pagination;seats_and_certification_not_verified;test_or_demo_candidate,requires_provider_and_availability_review
course-v1:Test+74613+1705408027,test,Test,74613,instructor,2030-01-01T05:30:00+05:30,empty,,,,,False,False,https://courses.skillindiadigital.gov.in/api/courses/v1/courses/?page_size=100,live_catalogue_changed_during_pagination;seats_and_certification_not_verified;test_or_demo_candidate,requires_provider_and_availability_review
course-v1:Test+78949+1708003325,Agriculture,Test,78949,instructor,2030-01-01T05:30:00+05:30,empty,,,,,False,False,https://courses.skillindiadigital.gov.in/api/courses/v1/courses/?page_size=100,live_catalogue_changed_during_pagination;seats_and_certification_not_verified;test_or_demo_candidate,requires_provider_and_availability_review
course-v1:Test+98608+1700552623,Computer Science,Test,98608,instructor,2030-01-01T05:30:00+05:30,empty,,,,,False,False,https://courses.skillindiadigital.gov.in/api/courses/v1/courses/?page_size=100,live_catalogue_changed_during_pagination;seats_and_certification_not_verified;test_or_demo_candidate,requires_provider_and_availability_review
course-v1:TestOrg+49450+1733243207,test,TestOrg,49450,instructor,2024-12-03T21:56:58.656000+05:30,timestamp,,,,,False,False,https://courses.skillindiadigital.gov.in/api/courses/v1/courses/?page_size=100,live_catalogue_changed_during_pagination;seats_and_certification_not_verified;test_or_demo_candidate,requires_provider_and_availability_review
course-v1:TestOrg+49832+1712233356,Demo Certificate: Jal Vitaran Sanchaalak,TestOrg,49832,instructor,2023-01-01T05:30:00+05:30,timestamp,,,,,False,False,https://courses.skillindiadigital.gov.in/api/courses/v1/courses/?page_size=100,live_catalogue_changed_during_pagination;seats_and_certification_not_verified;test_or_demo_candidate,requires_provider_and_availability_review
course-v1:TextileAndApparelDevelopmentAssociation+20164+1788162782,sewing machine operator,TextileAndApparelDevelopmentAssociation,20164,instructor,2026-08-31T13:24:19.432000+05:30,timestamp,,,,,False,False,https://courses.skillindiadigital.gov.in/api/courses/v1/courses/?page_size=100,live_catalogue_changed_during_pagination;seats_and_certification_not_verified,requires_provider_and_availability_review
course-v1:TextileSectorSkillCouncil+44602+1708093911,Warper Handloom,TextileSectorSkillCouncil,44602,instructor,2030-01-01T05:30:00+05:30,empty,,,,,False,False,https://courses.skillindiadigital.gov.in/api/courses/v1/courses/?page_size=100,live_catalogue_changed_during_pagination;seats_and_certification_not_verified,requires_provider_and_availability_review
course-v1:ThakurBharatSinghMemorialShikshanSansthan+13437+1720542413,ENGINEERING DRAWING FUNDAMENTALS,ThakurBharatSinghMemorialShikshanSansthan,13437,instructor,2024-09-01T22:30:00+05:30,timestamp,2024-09-30T13:00:00+05:30,,,,False,False,https://courses.skillindiadigital.gov.in/api/courses/v1/courses/?page_size=100,live_catalogue_changed_during_pagination;seats_and_certification_not_verified,requires_provider_and_availability_review
course-v1:ThemisInternationalJurisPrivateLimited+31852+1752931541,Caregiver,ThemisInternationalJurisPrivateLimited,31852,instructor,2025-07-19T18:56:50.555000+05:30,timestamp,,,,,False,False,https://courses.skillindiadigital.gov.in/api/courses/v1/courses/?page_size=100,live_catalogue_changed_during_pagination;seats_and_certification_not_verified,requires_provider_and_availability_review
course-v1:TheMuscleMovementUnschool+32789+1721390027,CERTIFIED PERSONAL TRAINER (HYBRID),TheMuscleMovementUnschool,32789,instructor,2024-07-20T14:30:00+05:30,timestamp,2024-08-20T16:30:00+05:30,,,,False,False,https://courses.skillindiadigital.gov.in/api/courses/v1/courses/?page_size=100,live_catalogue_changed_during_pagination;seats_and_certification_not_verified,requires_provider_and_availability_review
course-v1:TheMuscleMovementUnschool+57730+1718959419,CERTIFIED PERSONAL TRAINER COURSE (CPT) ONLINE,TheMuscleMovementUnschool,57730,instructor,2024-06-21T14:30:00+05:30,timestamp,2024-06-29T16:30:00+05:30,,,,False,False,https://courses.skillindiadigital.gov.in/api/courses/v1/courses/?page_size=100,live_catalogue_changed_during_pagination;seats_and_certification_not_verified,requires_provider_and_availability_review
course-v1:TheMuscleMovementUnschool+72076+1738560114,CERTIFIED PERSONAL TRAINER COURSE (CPT) ONLINE,TheMuscleMovementUnschool,72076,instructor,2025-02-03T10:52:29.196000+05:30,timestamp,,,,,False,False,https://courses.skillindiadigital.gov.in/api/courses/v1/courses/?page_size=100,live_catalogue_changed_during_pagination;seats_and_certification_not_verified,requires_provider_and_availability_review
course-v1:TheNowCompany+24289+1728987201,Uday Program,TheNowCompany,24289,instructor,2030-01-01T05:30:00+05:30,empty,,,,,False,False,https://courses.skillindiadigital.gov.in/api/courses/v1/courses/?page_size=100,live_catalogue_changed_during_pagination;seats_and_certification_not_verified,requires_provider_and_availability_review
course-v1:TheScholarsEducationalSociety+30523+1731520417,Japanese Language Program for Beginners,TheScholarsEducationalSociety,30523,instructor,2030-01-01T05:30:00+05:30,empty,,,,,False,False,https://courses.skillindiadigital.gov.in/api/courses/v1/courses/?page_size=100,live_catalogue_changed_during_pagination;seats_and_certification_not_verified,requires_provider_and_availability_review
course-v1:TheSeethakathiTrust+94151+1726732000,Introduction to Bioinformatics,TheSeethakathiTrust,94151,instructor,2030-01-01T05:30:00+05:30,empty,,,,,False,False,https://courses.skillindiadigital.gov.in/api/courses/v1/courses/?page_size=100,live_catalogue_changed_during_pagination;seats_and_certification_not_verified,requires_provider_and_availability_review
course-v1:THSC+20973+1690258513,Commis Chef,THSC,20973,instructor,2023-07-01T05:30:00+05:30,timestamp,,,,,False,False,https://courses.skillindiadigital.gov.in/api/courses/v1/courses/?page_size=100,live_catalogue_changed_during_pagination;seats_and_certification_not_verified,requires_provider_and_availability_review
course-v1:THSC+23288+1690535071,Travel Advisor,THSC,23288,instructor,2023-07-01T05:30:00+05:30,timestamp,,,,,False,False,https://courses.skillindiadigital.gov.in/api/courses/v1/courses/?page_size=100,live_catalogue_changed_during_pagination;seats_and_certification_not_verified,requires_provider_and_availability_review
course-v1:THSC+33211+1689932901,Guest Service Associate (Housekeeping),THSC,33211,instructor,2023-07-01T05:30:00+05:30,timestamp,,,,,False,False,https://courses.skillindiadigital.gov.in/api/courses/v1/courses/?page_size=100,live_catalogue_changed_during_pagination;seats_and_certification_not_verified,requires_provider_and_availability_review
course-v1:THSC+58779+1689914563,Guest Service Associate (Front Office),THSC,58779,instructor,2023-07-01T05:30:00+05:30,timestamp,,,,,False,False,https://courses.skillindiadigital.gov.in/api/courses/v1/courses/?page_size=100,live_catalogue_changed_during_pagination;seats_and_certification_not_verified,requires_provider_and_availability_review
course-v1:THSC+89755+1690261717,Counter Sales Executive - Tourism & Hospitality,THSC,89755,instructor,2023-07-01T05:30:00+05:30,timestamp,,,,,False,False,https://courses.skillindiadigital.gov.in/api/courses/v1/courses/?page_size=100,live_catalogue_changed_during_pagination;seats_and_certification_not_verified,requires_provider_and_availability_review
course-v1:TourismAndHospitalitySkillCouncil+10487+1703153977,Housekeeping Trainee,TourismAndHospitalitySkillCouncil,10487,instructor,2030-01-01T05:30:00+05:30,empty,,,,,False,False,https://courses.skillindiadigital.gov.in/api/courses/v1/courses/?page_size=100,live_catalogue_changed_during_pagination;seats_and_certification_not_verified,requires_provider_and_availability_review
course-v1:TourismAndHospitalitySkillCouncil+12396+1717047808,Customer Service Executive - (Meet and Greet officer),TourismAndHospitalitySkillCouncil,12396,instructor,2030-01-01T05:30:00+05:30,empty,,,,,False,False,https://courses.skillindiadigital.gov.in/api/courses/v1/courses/?page_size=100,live_catalogue_changed_during_pagination;seats_and_certification_not_verified,requires_provider_and_availability_review
course-v1:TourismAndHospitalitySkillCouncil+21179+1717049605,Food & Beverage Service Associate,TourismAndHospitalitySkillCouncil,21179,instructor,2030-01-01T05:30:00+05:30,empty,,,,,False,False,https://courses.skillindiadigital.gov.in/api/courses/v1/courses/?page_size=100,live_catalogue_changed_during_pagination;seats_and_certification_not_verified,requires_provider_and_availability_review
course-v1:TourismAndHospitalitySkillCouncil+21882+1717050453,Multi - Purpose Associate,TourismAndHospitalitySkillCouncil,21882,instructor,2030-01-01T05:30:00+05:30,empty,,,,,False,False,https://courses.skillindiadigital.gov.in/api/courses/v1/courses/?page_size=100,live_catalogue_changed_during_pagination;seats_and_certification_not_verified,requires_provider_and_availability_review
course-v1:TourismAndHospitalitySkillCouncil+24757+1717134332,Elective 3- Cleaning Attendant,TourismAndHospitalitySkillCouncil,24757,instructor,2030-01-01T05:30:00+05:30,empty,,,,,False,False,https://courses.skillindiadigital.gov.in/api/courses/v1/courses/?page_size=100,live_catalogue_changed_during_pagination;seats_and_certification_not_verified,requires_provider_and_availability_review
course-v1:TourismAndHospitalitySkillCouncil+24905+1717066278,Barista Executive,TourismAndHospitalitySkillCouncil,24905,instructor,2030-01-01T05:30:00+05:30,empty,,,,,False,False,https://courses.skillindiadigital.gov.in/api/courses/v1/courses/?page_size=100,live_catalogue_changed_during_pagination;seats_and_certification_not_verified,requires_provider_and_availability_review
course-v1:TourismAndHospitalitySkillCouncil+26392+1717135700,Food Delivery Associate,TourismAndHospitalitySkillCouncil,26392,instructor,2030-01-01T05:30:00+05:30,empty,,,,,False,False,https://courses.skillindiadigital.gov.in/api/courses/v1/courses/?page_size=100,live_catalogue_changed_during_pagination;seats_and_certification_not_verified,requires_provider_and_availability_review
course-v1:TourismAndHospitalitySkillCouncil+27763+1717067733,Food styling Photographer,TourismAndHospitalitySkillCouncil,27763,instructor,2030-01-01T05:30:00+05:30,empty,,,,,False,False,https://courses.skillindiadigital.gov.in/api/courses/v1/courses/?page_size=100,live_catalogue_changed_during_pagination;seats_and_certification_not_verified,requires_provider_and_availability_review
course-v1:TourismAndHospitalitySkillCouncil+29548+1762943614,Guest Service Associate (Housekeeping),TourismAndHospitalitySkillCouncil,29548,instructor,2023-07-01T05:30:00+05:30,timestamp,,,,,False,False,https://courses.skillindiadigital.gov.in/api/courses/v1/courses/?page_size=100,live_catalogue_changed_during_pagination;seats_and_certification_not_verified,requires_provider_and_availability_review
course-v1:TourismAndHospitalitySkillCouncil+33596+1768300289,Commis Chef,TourismAndHospitalitySkillCouncil,33596,instructor,2023-07-01T05:30:00+05:30,timestamp,,,,,False,False,https://courses.skillindiadigital.gov.in/api/courses/v1/courses/?page_size=100,live_catalogue_changed_during_pagination;seats_and_certification_not_verified,requires_provider_and_availability_review
course-v1:TourismAndHospitalitySkillCouncil+33854+1717070603,Guest Sevice Associate Elective 2- Reservation,TourismAndHospitalitySkillCouncil,33854,instructor,2030-01-01T05:30:00+05:30,empty,,,,,False,False,https://courses.skillindiadigital.gov.in/api/courses/v1/courses/?page_size=100,live_catalogue_changed_during_pagination;seats_and_certification_not_verified,requires_provider_and_availability_review
course-v1:TourismAndHospitalitySkillCouncil+38955+1703155998,Assistant Chef,TourismAndHospitalitySkillCouncil,38955,instructor,2030-01-01T05:30:00+05:30,empty,,,,,False,False,https://courses.skillindiadigital.gov.in/api/courses/v1/courses/?page_size=100,live_catalogue_changed_during_pagination;seats_and_certification_not_verified,requires_provider_and_availability_review
course-v1:TourismAndHospitalitySkillCouncil+39847+1712747120,TestCourse,TourismAndHospitalitySkillCouncil,39847,instructor,2030-01-01T05:30:00+05:30,empty,,,,,False,False,https://courses.skillindiadigital.gov.in/api/courses/v1/courses/?page_size=100,live_catalogue_changed_during_pagination;seats_and_certification_not_verified,requires_provider_and_availability_review
course-v1:TourismAndHospitalitySkillCouncil+43016+1717136728,Guest Service Associate-Elective 1- Carpet Cleaner,TourismAndHospitalitySkillCouncil,43016,instructor,2030-01-01T05:30:00+05:30,empty,,,,,False,False,https://courses.skillindiadigital.gov.in/api/courses/v1/courses/?page_size=100,live_catalogue_changed_during_pagination;seats_and_certification_not_verified,requires_provider_and_availability_review
course-v1:TourismAndHospitalitySkillCouncil+43419+1765186919,Commis,TourismAndHospitalitySkillCouncil,43419,instructor,2023-07-01T05:30:00+05:30,timestamp,,,,,False,False,https://courses.skillindiadigital.gov.in/api/courses/v1/courses/?page_size=100,live_catalogue_changed_during_pagination;seats_and_certification_not_verified,requires_provider_and_availability_review
course-v1:TourismAndHospitalitySkillCouncil+46608+1768302270,Counter Sales Executive - Tourism & Hospitality,TourismAndHospitalitySkillCouncil,46608,instructor,2023-07-01T05:30:00+05:30,timestamp,,,,,False,False,https://courses.skillindiadigital.gov.in/api/courses/v1/courses/?page_size=100,live_catalogue_changed_during_pagination;seats_and_certification_not_verified,requires_provider_and_availability_review
course-v1:TourismAndHospitalitySkillCouncil+49424+1717045469,Food & Beverage Service Assistant,TourismAndHospitalitySkillCouncil,49424,instructor,2030-01-01T05:30:00+05:30,empty,,,,,False,False,https://courses.skillindiadigital.gov.in/api/courses/v1/courses/?page_size=100,live_catalogue_changed_during_pagination;seats_and_certification_not_verified,requires_provider_and_availability_review
course-v1:TourismAndHospitalitySkillCouncil+51589+1703240893,Front Office Trainee,TourismAndHospitalitySkillCouncil,51589,instructor,2030-01-01T05:30:00+05:30,empty,,,,,False,False,https://courses.skillindiadigital.gov.in/api/courses/v1/courses/?page_size=100,live_catalogue_changed_during_pagination;seats_and_certification_not_verified,requires_provider_and_availability_review
course-v1:TourismAndHospitalitySkillCouncil+52585+1717132073,Customer Service Executive - Elective 2 (Tour Escort),TourismAndHospitalitySkillCouncil,52585,instructor,2030-01-01T05:30:00+05:30,empty,,,,,False,False,https://courses.skillindiadigital.gov.in/api/courses/v1/courses/?page_size=100,live_catalogue_changed_during_pagination;seats_and_certification_not_verified,requires_provider_and_availability_review
course-v1:TourismAndHospitalitySkillCouncil+53474+1768303204,Guest Service Associate (Housekeeping),TourismAndHospitalitySkillCouncil,53474,instructor,2023-07-01T05:30:00+05:30,timestamp,,,,,False,False,https://courses.skillindiadigital.gov.in/api/courses/v1/courses/?page_size=100,live_catalogue_changed_during_pagination;seats_and_certification_not_verified,requires_provider_and_availability_review
course-v1:TourismAndHospitalitySkillCouncil+53499+1762944977,Nature Guide,TourismAndHospitalitySkillCouncil,53499,instructor,2025-11-12T16:26:31.036000+05:30,timestamp,,,,,False,False,https://courses.skillindiadigital.gov.in/api/courses/v1/courses/?page_size=100,live_catalogue_changed_during_pagination;seats_and_certification_not_verified,requires_provider_and_availability_review
course-v1:TourismAndHospitalitySkillCouncil+61463+1768305652,Travel Consultant,TourismAndHospitalitySkillCouncil,61463,instructor,2023-07-01T05:30:00+05:30,timestamp,,,,,False,False,https://courses.skillindiadigital.gov.in/api/courses/v1/courses/?page_size=100,live_catalogue_changed_during_pagination;seats_and_certification_not_verified,requires_provider_and_availability_review
course-v1:TourismAndHospitalitySkillCouncil+61627+1768304739,Guest Service Associate (Front Office),TourismAndHospitalitySkillCouncil,61627,instructor,2023-07-01T05:30:00+05:30,timestamp,,,,,False,False,https://courses.skillindiadigital.gov.in/api/courses/v1/courses/?page_size=100,live_catalogue_changed_during_pagination;seats_and_certification_not_verified,requires_provider_and_availability_review
course-v1:TourismAndHospitalitySkillCouncil+63648+1703068530,Street Food Vendor,TourismAndHospitalitySkillCouncil,63648,instructor,2030-01-01T05:30:00+05:30,empty,,,,,False,False,https://courses.skillindiadigital.gov.in/api/courses/v1/courses/?page_size=100,live_catalogue_changed_during_pagination;seats_and_certification_not_verified,requires_provider_and_availability_review
course-v1:TourismAndHospitalitySkillCouncil+64019+1717137956,Walk Tour Facilitator,TourismAndHospitalitySkillCouncil,64019,instructor,2030-01-01T05:30:00+05:30,empty,,,,,False,False,https://courses.skillindiadigital.gov.in/api/courses/v1/courses/?page_size=100,live_catalogue_changed_during_pagination;seats_and_certification_not_verified,requires_provider_and_availability_review
course-v1:TourismAndHospitalitySkillCouncil+70236+1717042566,Counter Sales Executive- Tourism & Hospitality,TourismAndHospitalitySkillCouncil,70236,instructor,2030-01-01T05:30:00+05:30,empty,,,,,False,False,https://courses.skillindiadigital.gov.in/api/courses/v1/courses/?page_size=100,live_catalogue_changed_during_pagination;seats_and_certification_not_verified,requires_provider_and_availability_review
course-v1:TourismAndHospitalitySkillCouncil+72710+1768372491,Commis new upload,TourismAndHospitalitySkillCouncil,72710,instructor,2026-01-14T12:05:04.985000+05:30,timestamp,,,,,False,False,https://courses.skillindiadigital.gov.in/api/courses/v1/courses/?page_size=100,live_catalogue_changed_during_pagination;seats_and_certification_not_verified,requires_provider_and_availability_review
course-v1:TourismAndHospitalitySkillCouncil+77588+1771133698,Smart Field Facilitator: AI Vision & Live Interpretation for Walk Tours & Nature Guides,TourismAndHospitalitySkillCouncil,77588,instructor,2026-02-15T11:05:58.418000+05:30,timestamp,,,,,False,False,https://courses.skillindiadigital.gov.in/api/courses/v1/courses/?page_size=100,live_catalogue_changed_during_pagination;seats_and_certification_not_verified,requires_provider_and_availability_review
course-v1:TourismAndHospitalitySkillCouncil+84532+1717052668,Pantry Associate,TourismAndHospitalitySkillCouncil,84532,instructor,2030-01-01T05:30:00+05:30,empty,,,,,False,False,https://courses.skillindiadigital.gov.in/api/courses/v1/courses/?page_size=100,live_catalogue_changed_during_pagination;seats_and_certification_not_verified,requires_provider_and_availability_review
course-v1:TourismAndHospitalitySkillCouncil+84604+1771134959,AI-Smart Waste Controller: Operating Food-Waste AI in Commercial Kitchens,TourismAndHospitalitySkillCouncil,84604,instructor,2026-02-15T11:26:37.644000+05:30,timestamp,,,,,False,False,https://courses.skillindiadigital.gov.in/api/courses/v1/courses/?page_size=100,live_catalogue_changed_during_pagination;seats_and_certification_not_verified,requires_provider_and_availability_review
course-v1:TourismAndHospitalitySkillCouncil+86512+1717053971,Pastry/Bakery Commis,TourismAndHospitalitySkillCouncil,86512,instructor,2030-01-01T05:30:00+05:30,empty,,,,,False,False,https://courses.skillindiadigital.gov.in/api/courses/v1/courses/?page_size=100,live_catalogue_changed_during_pagination;seats_and_certification_not_verified,requires_provider_and_availability_review
course-v1:TourismAndHospitalitySkillCouncil+96867+1717133308,Elective 2- Floor/Surface polisher,TourismAndHospitalitySkillCouncil,96867,instructor,2030-01-01T05:30:00+05:30,empty,,,,,False,False,https://courses.skillindiadigital.gov.in/api/courses/v1/courses/?page_size=100,live_catalogue_changed_during_pagination;seats_and_certification_not_verified,requires_provider_and_availability_review
course-v1:TreeofchangeFoundation+12453+1783165138,Digital Marketing,TreeofchangeFoundation,12453,instructor,2026-07-04T17:10:02.976000+05:30,timestamp,,,,,False,False,https://courses.skillindiadigital.gov.in/api/courses/v1/courses/?page_size=100,live_catalogue_changed_during_pagination;seats_and_certification_not_verified,requires_provider_and_availability_review
course-v1:TriarightSolutionsLlp+85448+1737964762,Cyber Security,TriarightSolutionsLlp,85448,instructor,2025-01-27T13:29:44.924000+05:30,timestamp,,,,,False,False,https://courses.skillindiadigital.gov.in/api/courses/v1/courses/?page_size=100,live_catalogue_changed_during_pagination;seats_and_certification_not_verified,requires_provider_and_availability_review
course-v1:TrijalExcelledFoundation+55978+1778060280,DESIGN FUNDAMENTALS WITH AI,TrijalExcelledFoundation,55978,instructor,2026-05-06T15:08:34.945000+05:30,timestamp,,,,,False,False,https://courses.skillindiadigital.gov.in/api/courses/v1/courses/?page_size=100,live_catalogue_changed_during_pagination;seats_and_certification_not_verified,requires_provider_and_availability_review
course-v1:TrueHeightInterfaceInfosolutionPrivateLimietd+82746+1784034795,Agentic AI,TrueHeightInterfaceInfosolutionPrivateLimietd,82746,instructor,2026-07-14T18:56:27.213000+05:30,timestamp,,,,,False,False,https://courses.skillindiadigital.gov.in/api/courses/v1/courses/?page_size=100,live_catalogue_changed_during_pagination;seats_and_certification_not_verified,requires_provider_and_availability_review
course-v1:TrycatchGroup+80117+1762412182,Digital Marketing,TrycatchGroup,80117,instructor,2025-11-06T12:38:17.032000+05:30,timestamp,,,,,False,False,https://courses.skillindiadigital.gov.in/api/courses/v1/courses/?page_size=100,live_catalogue_changed_during_pagination;seats_and_certification_not_verified,requires_provider_and_availability_review
course-v1:UddishSystemDiluteConceptRetailPrivateLimited+27968+1728539656,Swing Machine operator,UddishSystemDiluteConceptRetailPrivateLimited,27968,instructor,2024-10-10T15:00:00+05:30,timestamp,2024-12-13T23:30:00+05:30,,,,False,False,https://courses.skillindiadigital.gov.in/api/courses/v1/courses/?page_size=100,live_catalogue_changed_during_pagination;seats_and_certification_not_verified,requires_provider_and_availability_review
course-v1:UnicefYuwaah+15355+1769685784,HOW TO GET A JOB,UnicefYuwaah,15355,instructor,2026-01-29T16:53:28.974000+05:30,timestamp,,,,,False,False,https://courses.skillindiadigital.gov.in/api/courses/v1/courses/?page_size=100,live_catalogue_changed_during_pagination;seats_and_certification_not_verified,requires_provider_and_availability_review
course-v1:UnicefYuwaah+28775+1770189334,बनो नौकरी के लिए तैयार है,UnicefYuwaah,28775,instructor,2026-02-04T12:46:11.974000+05:30,timestamp,,,,,False,False,https://courses.skillindiadigital.gov.in/api/courses/v1/courses/?page_size=100,live_catalogue_changed_during_pagination;seats_and_certification_not_verified,requires_provider_and_availability_review
course-v1:UnicefYuwaah+29341+1770627362,एआई (AI) के साथ डिजिटल उत्पादकता,UnicefYuwaah,29341,instructor,2026-02-09T14:27:38.615000+05:30,timestamp,,,,,False,False,https://courses.skillindiadigital.gov.in/api/courses/v1/courses/?page_size=100,live_catalogue_changed_during_pagination;seats_and_certification_not_verified,requires_provider_and_availability_review
course-v1:UnicefYuwaah+31397+1769594152,How To Get JOB,UnicefYuwaah,31397,instructor,2026-01-28T15:26:08.310000+05:30,timestamp,,,,,False,False,https://courses.skillindiadigital.gov.in/api/courses/v1/courses/?page_size=100,live_catalogue_changed_during_pagination;seats_and_certification_not_verified,requires_provider_and_availability_review
course-v1:UnicefYuwaah+32147+1770965316,Design Fundamentals with AI - Adobe,UnicefYuwaah,32147,instructor,2026-02-13T12:21:26.370000+05:30,timestamp,,,,,False,False,https://courses.skillindiadigital.gov.in/api/courses/v1/courses/?page_size=100,live_catalogue_changed_during_pagination;seats_and_certification_not_verified,requires_provider_and_availability_review
course-v1:UnicefYuwaah+37348+1769675291,How to get a job,UnicefYuwaah,37348,instructor,2026-01-29T13:59:49.582000+05:30,timestamp,,,,,False,False,https://courses.skillindiadigital.gov.in/api/courses/v1/courses/?page_size=100,live_catalogue_changed_during_pagination;seats_and_certification_not_verified,requires_provider_and_availability_review
course-v1:UnicefYuwaah+47385+1770282072,Financial Literacy,UnicefYuwaah,47385,instructor,2026-02-05T14:31:22.824000+05:30,timestamp,,,,,False,False,https://courses.skillindiadigital.gov.in/api/courses/v1/courses/?page_size=100,live_catalogue_changed_during_pagination;seats_and_certification_not_verified,requires_provider_and_availability_review
course-v1:UnicefYuwaah+53260+1765964581,Demo Course,UnicefYuwaah,53260,instructor,2025-12-17T15:13:25.997000+05:30,timestamp,,,,,False,False,https://courses.skillindiadigital.gov.in/api/courses/v1/courses/?page_size=100,live_catalogue_changed_during_pagination;seats_and_certification_not_verified;test_or_demo_candidate,requires_provider_and_availability_review
course-v1:UnicefYuwaah+59182+1769676395,How To Get a Job,UnicefYuwaah,59182,instructor,2026-01-29T14:17:30.988000+05:30,timestamp,,,,,False,False,https://courses.skillindiadigital.gov.in/api/courses/v1/courses/?page_size=100,live_catalogue_changed_during_pagination;seats_and_certification_not_verified,requires_provider_and_availability_review
course-v1:UnicefYuwaah+63091+1771240871,AI के साथ डिजाइन की बुनियादी बातें - Adobe,UnicefYuwaah,63091,instructor,2026-02-16T16:51:35.777000+05:30,timestamp,,,,,False,False,https://courses.skillindiadigital.gov.in/api/courses/v1/courses/?page_size=100,live_catalogue_changed_during_pagination;seats_and_certification_not_verified,requires_provider_and_availability_review
course-v1:UnicefYuwaah+69978+1770288557,वित्तीय साक्षरता,UnicefYuwaah,69978,instructor,2026-02-05T16:20:04.946000+05:30,timestamp,,,,,False,False,https://courses.skillindiadigital.gov.in/api/courses/v1/courses/?page_size=100,live_catalogue_changed_during_pagination;seats_and_certification_not_verified,requires_provider_and_availability_review
course-v1:UnicefYuwaah+79851+1770370614,Digital Productivity with AI,UnicefYuwaah,79851,instructor,2026-02-06T15:07:26.757000+05:30,timestamp,,,,,False,False,https://courses.skillindiadigital.gov.in/api/courses/v1/courses/?page_size=100,live_catalogue_changed_during_pagination;seats_and_certification_not_verified,requires_provider_and_availability_review
course-v1:UnicefYuwaah+92064+1769508571,How To Get The JOB,UnicefYuwaah,92064,instructor,2026-01-27T15:40:58.425000+05:30,timestamp,,,,,False,False,https://courses.skillindiadigital.gov.in/api/courses/v1/courses/?page_size=100,live_catalogue_changed_during_pagination;seats_and_certification_not_verified,requires_provider_and_availability_review
course-v1:UnifiersSocialVenturesPrivateLimited+43675+1725100558,Food Production (NSQF Level 1),UnifiersSocialVenturesPrivateLimited,43675,instructor,2030-01-01T05:30:00+05:30,empty,,,,,False,False,https://courses.skillindiadigital.gov.in/api/courses/v1/courses/?page_size=100,live_catalogue_changed_during_pagination;seats_and_certification_not_verified,requires_provider_and_availability_review
course-v1:UniqueSelling+97104+1709460575,Best quality Marketing,UniqueSelling,97104,instructor,2030-01-01T05:30:00+05:30,empty,,,,,False,False,https://courses.skillindiadigital.gov.in/api/courses/v1/courses/?page_size=100,live_catalogue_changed_during_pagination;seats_and_certification_not_verified,requires_provider_and_availability_review
course-v1:UniversalBiggerLaunchForWelfareTrust+38897+1758112074,DTP,UniversalBiggerLaunchForWelfareTrust,38897,instructor,2025-09-17T17:58:52.839000+05:30,timestamp,,,,,False,False,https://courses.skillindiadigital.gov.in/api/courses/v1/courses/?page_size=100,live_catalogue_changed_during_pagination;seats_and_certification_not_verified,requires_provider_and_availability_review
course-v1:UpskillizeSolutions+30095+1784730942,30 Days 30 AI Tools,UpskillizeSolutions,30095,instructor,2026-07-22T20:06:41.237000+05:30,timestamp,,,,,False,False,https://courses.skillindiadigital.gov.in/api/courses/v1/courses/?page_size=100,live_catalogue_changed_during_pagination;seats_and_certification_not_verified,requires_provider_and_availability_review
course-v1:UrmidwarInnovativeActionAndResearchFoundationSocietyBharatpur+45409+1771676024,cloud computing,UrmidwarInnovativeActionAndResearchFoundationSocietyBharatpur,45409,instructor,2026-02-21T17:43:56.471000+05:30,timestamp,,,,,False,False,https://courses.skillindiadigital.gov.in/api/courses/v1/courses/?page_size=100,live_catalogue_changed_during_pagination;seats_and_certification_not_verified,requires_provider_and_availability_review
course-v1:UrmidwarInnovativeActionAndResearchFoundationSocietyBharatpur+68198+1771675487,cloud computing,UrmidwarInnovativeActionAndResearchFoundationSocietyBharatpur,68198,instructor,2026-02-21T17:39:25.654000+05:30,timestamp,,,,,False,False,https://courses.skillindiadigital.gov.in/api/courses/v1/courses/?page_size=100,live_catalogue_changed_during_pagination;seats_and_certification_not_verified,requires_provider_and_availability_review
course-v1:UsngLearnspaceEdtechPrivateLimited+12826+1738403058,Full Stack Web Development,UsngLearnspaceEdtechPrivateLimited,12826,instructor,2025-02-01T15:21:56.793000+05:30,timestamp,,,,,False,False,https://courses.skillindiadigital.gov.in/api/courses/v1/courses/?page_size=100,live_catalogue_changed_during_pagination;seats_and_certification_not_verified,requires_provider_and_availability_review
course-v1:UsngLearnspaceEdtechPrivateLimited+13822+1765104210,SmartED Microsoft Power BI,UsngLearnspaceEdtechPrivateLimited,13822,instructor,2025-12-07T16:23:04.991000+05:30,timestamp,,,,,False,False,https://courses.skillindiadigital.gov.in/api/courses/v1/courses/?page_size=100,live_catalogue_changed_during_pagination;seats_and_certification_not_verified,requires_provider_and_availability_review
course-v1:UsngLearnspaceEdtechPrivateLimited+21443+1754206286,Data Structures and Algorithms,UsngLearnspaceEdtechPrivateLimited,21443,instructor,2025-08-03T13:01:47.429000+05:30,timestamp,,,,,False,False,https://courses.skillindiadigital.gov.in/api/courses/v1/courses/?page_size=100,live_catalogue_changed_during_pagination;seats_and_certification_not_verified,requires_provider_and_availability_review
course-v1:UsngLearnspaceEdtechPrivateLimited+29801+1741883844,DSA,UsngLearnspaceEdtechPrivateLimited,29801,instructor,2025-03-13T22:07:40.664000+05:30,timestamp,,,,,False,False,https://courses.skillindiadigital.gov.in/api/courses/v1/courses/?page_size=100,live_catalogue_changed_during_pagination;seats_and_certification_not_verified,requires_provider_and_availability_review
course-v1:UsngLearnspaceEdtechPrivateLimited+47597+1763807269,Full Stack web Development,UsngLearnspaceEdtechPrivateLimited,47597,instructor,2025-11-22T15:58:49.942000+05:30,timestamp,,,,,False,False,https://courses.skillindiadigital.gov.in/api/courses/v1/courses/?page_size=100,live_catalogue_changed_during_pagination;seats_and_certification_not_verified,requires_provider_and_availability_review
course-v1:UsngLearnspaceEdtechPrivateLimited+66421+1765101121,SmartED Data Structures and Algorithms,UsngLearnspaceEdtechPrivateLimited,66421,instructor,2025-12-07T15:23:41.778000+05:30,timestamp,,,,,False,False,https://courses.skillindiadigital.gov.in/api/courses/v1/courses/?page_size=100,live_catalogue_changed_during_pagination;seats_and_certification_not_verified,requires_provider_and_availability_review
course-v1:UsngLearnspaceEdtechPrivateLimited+68645+1749639721,HTML & CSS,UsngLearnspaceEdtechPrivateLimited,68645,instructor,2025-06-11T16:32:29.657000+05:30,timestamp,,,,,False,False,https://courses.skillindiadigital.gov.in/api/courses/v1/courses/?page_size=100,live_catalogue_changed_during_pagination;seats_and_certification_not_verified,requires_provider_and_availability_review
course-v1:UsngLearnspaceEdtechPrivateLimited+69290+1749638145,Data Structures and algorithims,UsngLearnspaceEdtechPrivateLimited,69290,instructor,2025-06-11T16:06:51.514000+05:30,timestamp,,,,,False,False,https://courses.skillindiadigital.gov.in/api/courses/v1/courses/?page_size=100,live_catalogue_changed_during_pagination;seats_and_certification_not_verified,requires_provider_and_availability_review
course-v1:UsngLearnspaceEdtechPrivateLimited+74161+1763807816,Data Structures and Algorithms,UsngLearnspaceEdtechPrivateLimited,74161,instructor,2025-11-22T16:07:12.016000+05:30,timestamp,,,,,False,False,https://courses.skillindiadigital.gov.in/api/courses/v1/courses/?page_size=100,live_catalogue_changed_during_pagination;seats_and_certification_not_verified,requires_provider_and_availability_review
course-v1:VaidyaaClinicalServicesPrivateLimited+28829+1778823238,Advanced Certificate in Pharmacovigilance & Drug Safety Operations,VaidyaaClinicalServicesPrivateLimited,28829,instructor,2026-05-15T11:10:12.830000+05:30,timestamp,,,,,False,False,https://courses.skillindiadigital.gov.in/api/courses/v1/courses/?page_size=100,live_catalogue_changed_during_pagination;seats_and_certification_not_verified,requires_provider_and_availability_review
course-v1:VaishaliGupta+70929+1740850933,VASTU VIDYADHAR,VaishaliGupta,70929,instructor,2025-03-01T23:13:04.704000+05:30,timestamp,,,,,False,False,https://courses.skillindiadigital.gov.in/api/courses/v1/courses/?page_size=100,live_catalogue_changed_during_pagination;seats_and_certification_not_verified,requires_provider_and_availability_review
course-v1:ValvaComputer+75864+1742455013,C.C.C.,ValvaComputer,75864,instructor,2025-03-20T12:47:10.276000+05:30,timestamp,,,,,False,False,https://courses.skillindiadigital.gov.in/api/courses/v1/courses/?page_size=100,live_catalogue_changed_during_pagination;seats_and_certification_not_verified,requires_provider_and_availability_review
course-v1:VashudhaJankalyanShikshaSamiti+86531+1783283611,Ai,VashudhaJankalyanShikshaSamiti,86531,instructor,2026-07-06T02:08:12.624000+05:30,timestamp,,,,,False,False,https://courses.skillindiadigital.gov.in/api/courses/v1/courses/?page_size=100,live_catalogue_changed_during_pagination;seats_and_certification_not_verified,requires_provider_and_availability_review
course-v1:VedicBrainSolutionsPrivateLimited+60259+1740473615,BRAIN SCIENCE MEMORY TRAINER COURSE,VedicBrainSolutionsPrivateLimited,60259,instructor,2025-02-25T14:24:08.390000+05:30,timestamp,,,,,False,False,https://courses.skillindiadigital.gov.in/api/courses/v1/courses/?page_size=100,live_catalogue_changed_during_pagination;seats_and_certification_not_verified,requires_provider_and_availability_review
course-v1:VeenaVadiniSamajKalyanVikasSamiti+20095+1719037203,ROBOTICS,VeenaVadiniSamajKalyanVikasSamiti,20095,instructor,2030-01-01T05:30:00+05:30,empty,,,,,False,False,https://courses.skillindiadigital.gov.in/api/courses/v1/courses/?page_size=100,live_catalogue_changed_during_pagination;seats_and_certification_not_verified,requires_provider_and_availability_review
course-v1:VemosaSkillsPrivateLimited+56962+1718691055,Basic Computer,VemosaSkillsPrivateLimited,56962,instructor,2030-01-01T05:30:00+05:30,empty,,,,,False,False,https://courses.skillindiadigital.gov.in/api/courses/v1/courses/?page_size=100,live_catalogue_changed_during_pagination;seats_and_certification_not_verified,requires_provider_and_availability_review
course-v1:VerandaLearningSolutionsLimited+45781+1749712658,CIAP - Certified Internatinal Accounting Professional,VerandaLearningSolutionsLimited,45781,instructor,2025-06-12T12:48:42.837000+05:30,timestamp,,,,,False,False,https://courses.skillindiadigital.gov.in/api/courses/v1/courses/?page_size=100,live_catalogue_changed_during_pagination;seats_and_certification_not_verified,requires_provider_and_availability_review
course-v1:VGanapathy+66503+1734080317,Master Diploma in Fashion Design,VGanapathy,66503,instructor,2024-12-13T14:29:45.498000+05:30,timestamp,,,,,False,False,https://courses.skillindiadigital.gov.in/api/courses/v1/courses/?page_size=100,live_catalogue_changed_during_pagination;seats_and_certification_not_verified,requires_provider_and_availability_review
course-v1:VikasRapuru+70048+1730903010,VLSI Design with Verilog,VikasRapuru,70048,instructor,2030-01-01T05:30:00+05:30,empty,,,,,False,False,https://courses.skillindiadigital.gov.in/api/courses/v1/courses/?page_size=100,live_catalogue_changed_during_pagination;seats_and_certification_not_verified,requires_provider_and_availability_review
course-v1:VikramSinghShekhawat+33985+1782626615,Certification in Back office Management,VikramSinghShekhawat,33985,instructor,2026-06-28T11:38:13.888000+05:30,timestamp,,,,,False,False,https://courses.skillindiadigital.gov.in/api/courses/v1/courses/?page_size=100,live_catalogue_changed_during_pagination;seats_and_certification_not_verified,requires_provider_and_availability_review
course-v1:VimannaLabsIndiaPrivateLimited+33663+1723369374,Solidity for beginners,VimannaLabsIndiaPrivateLimited,33663,instructor,2024-08-19T05:30:00+05:30,timestamp,,,,,False,False,https://courses.skillindiadigital.gov.in/api/courses/v1/courses/?page_size=100,live_catalogue_changed_during_pagination;seats_and_certification_not_verified,requires_provider_and_availability_review
course-v1:vinayaka+44014+1697609479,Emergency Medical Technician,ViEMS Academy,44014,instructor,2023-11-05T15:30:00+05:30,timestamp,2023-12-30T15:00:00+05:30,,,20,False,False,https://courses.skillindiadigital.gov.in/api/courses/v1/courses/?page_size=100,live_catalogue_changed_during_pagination;seats_and_certification_not_verified,requires_provider_and_availability_review
course-v1:vinayaka+56545+1697525485,test,vinayaka,56545,instructor,2023-01-01T05:30:00+05:30,timestamp,,,,,False,False,https://courses.skillindiadigital.gov.in/api/courses/v1/courses/?page_size=100,live_catalogue_changed_during_pagination;seats_and_certification_not_verified;test_or_demo_candidate,requires_provider_and_availability_review
course-v1:VindhyaMicroServiceIndustry+16400+1717609326,Training of Trainers,VindhyaMicroServiceIndustry,16400,instructor,2030-01-01T05:30:00+05:30,empty,,,,,False,False,https://courses.skillindiadigital.gov.in/api/courses/v1/courses/?page_size=100,live_catalogue_changed_during_pagination;seats_and_certification_not_verified,requires_provider_and_availability_review
course-v1:VindhyaMicroServiceIndustry+26092+1720427272,Agri-Clinic & Agri-Business Centre Manager,VindhyaMicroServiceIndustry,26092,instructor,2024-07-15T21:30:00+05:30,timestamp,2024-10-14T11:00:00+05:30,,,,False,False,https://courses.skillindiadigital.gov.in/api/courses/v1/courses/?page_size=100,live_catalogue_changed_during_pagination;seats_and_certification_not_verified,requires_provider_and_availability_review
course-v1:VindhyaMicroServiceIndustry+27605+1725121369,Start-up Support Executive,VindhyaMicroServiceIndustry,27605,instructor,2024-09-05T15:30:00+05:30,timestamp,2024-12-30T16:30:00+05:30,,,,False,False,https://courses.skillindiadigital.gov.in/api/courses/v1/courses/?page_size=100,live_catalogue_changed_during_pagination;seats_and_certification_not_verified,requires_provider_and_availability_review
course-v1:VindhyaMicroServiceIndustry+62490+1711565958,Master Trainer,VindhyaMicroServiceIndustry,62490,instructor,2030-01-01T05:30:00+05:30,empty,,,,,False,False,https://courses.skillindiadigital.gov.in/api/courses/v1/courses/?page_size=100,live_catalogue_changed_during_pagination;seats_and_certification_not_verified,requires_provider_and_availability_review
course-v1:VindhyaMicroServiceIndustry+68364+1720442915,Fashion Designer,VindhyaMicroServiceIndustry,68364,instructor,2030-01-01T05:30:00+05:30,empty,,,,,False,False,https://courses.skillindiadigital.gov.in/api/courses/v1/courses/?page_size=100,live_catalogue_changed_during_pagination;seats_and_certification_not_verified,requires_provider_and_availability_review
course-v1:VindhyaMicroServiceIndustry+69796+1720449483,Natural Farming and Certification Training,VindhyaMicroServiceIndustry,69796,instructor,2030-01-01T05:30:00+05:30,empty,,,,,False,False,https://courses.skillindiadigital.gov.in/api/courses/v1/courses/?page_size=100,live_catalogue_changed_during_pagination;seats_and_certification_not_verified,requires_provider_and_availability_review
course-v1:VindhyaMicroServiceIndustry+73239+1720449275,Introduction to Natural Farming,VindhyaMicroServiceIndustry,73239,instructor,2030-01-01T05:30:00+05:30,empty,,,,,False,False,https://courses.skillindiadigital.gov.in/api/courses/v1/courses/?page_size=100,live_catalogue_changed_during_pagination;seats_and_certification_not_verified,requires_provider_and_availability_review
course-v1:VindhyaMicroServiceIndustry+79909+1780229622,Script Researcher,VindhyaMicroServiceIndustry,79909,instructor,2026-05-31T19:28:02.046000+05:30,timestamp,,,,,False,False,https://courses.skillindiadigital.gov.in/api/courses/v1/courses/?page_size=100,live_catalogue_changed_during_pagination;seats_and_certification_not_verified,requires_provider_and_availability_review
course-v1:VindhyaMicroServiceIndustry+93762+1720558536,Training of Trainers,VindhyaMicroServiceIndustry,93762,instructor,2030-01-01T05:30:00+05:30,empty,,,,,False,False,https://courses.skillindiadigital.gov.in/api/courses/v1/courses/?page_size=100,live_catalogue_changed_during_pagination;seats_and_certification_not_verified,requires_provider_and_availability_review
course-v1:VindhyaMicroServiceIndustry+98228+1720425756,Food Safety Team Leader,VindhyaMicroServiceIndustry,98228,instructor,2030-01-01T05:30:00+05:30,empty,,,,,False,False,https://courses.skillindiadigital.gov.in/api/courses/v1/courses/?page_size=100,live_catalogue_changed_during_pagination;seats_and_certification_not_verified,requires_provider_and_availability_review
course-v1:VishalTanwar+61198+1728978067,Diabetes Educator,VishalTanwar,61198,instructor,2030-01-01T05:30:00+05:30,empty,,,,,False,False,https://courses.skillindiadigital.gov.in/api/courses/v1/courses/?page_size=100,live_catalogue_changed_during_pagination;seats_and_certification_not_verified,requires_provider_and_availability_review
course-v1:VisionproVenturesPrivateLimited+75114+1766942716,Excel Basic to Advance Mastery Track,VisionproVenturesPrivateLimited,75114,instructor,2025-12-28T22:55:58.805000+05:30,timestamp,,,,,False,False,https://courses.skillindiadigital.gov.in/api/courses/v1/courses/?page_size=100,live_catalogue_changed_during_pagination;seats_and_certification_not_verified,requires_provider_and_availability_review
course-v1:VivaLiveTheLife+32823+1722424801,Preventive Health Coach,VivaLiveTheLife,32823,instructor,2024-08-01T05:30:00+05:30,timestamp,2024-08-15T05:30:00+05:30,,,,False,False,https://courses.skillindiadigital.gov.in/api/courses/v1/courses/?page_size=100,live_catalogue_changed_during_pagination;seats_and_certification_not_verified,requires_provider_and_availability_review
course-v1:VivekParcFoundation+77128+1720760850,"Safai Mitra- Sector Orientation, Safety and Skill Development Course",VivekParcFoundation,77128,instructor,2030-01-01T05:30:00+05:30,empty,,,,,False,False,https://courses.skillindiadigital.gov.in/api/courses/v1/courses/?page_size=100,live_catalogue_changed_during_pagination;seats_and_certification_not_verified,requires_provider_and_availability_review
course-v1:VocskillEducationalPrivateLimited+56382+1727317822,AI in Digital Marketing,VocskillEducationalPrivateLimited,56382,instructor,2030-01-01T05:30:00+05:30,empty,,,,,False,False,https://courses.skillindiadigital.gov.in/api/courses/v1/courses/?page_size=100,live_catalogue_changed_during_pagination;seats_and_certification_not_verified,requires_provider_and_availability_review
course-v1:VoiceOfIndiaFoundation+49048+1721731260,Diploma In Computer Teacher Training,VoiceOfIndiaFoundation,49048,instructor,2024-08-08T16:30:00+05:30,timestamp,,,,,False,False,https://courses.skillindiadigital.gov.in/api/courses/v1/courses/?page_size=100,live_catalogue_changed_during_pagination;seats_and_certification_not_verified,requires_provider_and_availability_review
course-v1:Vtechnocrats+78184+1706693622,Computer Fundamentals,Vtechnocrats,78184,instructor,2030-01-01T05:30:00+05:30,empty,,,,,False,False,https://courses.skillindiadigital.gov.in/api/courses/v1/courses/?page_size=100,live_catalogue_changed_during_pagination;seats_and_certification_not_verified,requires_provider_and_availability_review
course-v1:WadhwaniFoundation+18769+1776150339,प्रभावी ढंग से बोलने और सुनने के कौशल (Effective Speaking and Listening Skills),WadhwaniFoundation,18769,instructor,2026-04-14T12:36:35.544000+05:30,timestamp,,,,,False,False,https://courses.skillindiadigital.gov.in/api/courses/v1/courses/?page_size=100,live_catalogue_changed_during_pagination;seats_and_certification_not_verified,requires_provider_and_availability_review
course-v1:WadhwaniFoundation+73241+1732857748,Interpersonal Skills - Advanced,WadhwaniFoundation,73241,instructor,2024-11-29T10:52:52.488000+05:30,timestamp,,,,,False,False,https://courses.skillindiadigital.gov.in/api/courses/v1/courses/?page_size=100,live_catalogue_changed_during_pagination;seats_and_certification_not_verified,requires_provider_and_availability_review
course-v1:WadhwaniFoundation+95776+1764654262,Start-Up Mindset,WadhwaniFoundation,95776,instructor,2025-12-02T11:20:53.248000+05:30,timestamp,,,,,False,False,https://courses.skillindiadigital.gov.in/api/courses/v1/courses/?page_size=100,live_catalogue_changed_during_pagination;seats_and_certification_not_verified,requires_provider_and_availability_review
course-v1:WaterManagementAndPlumbingSkillCouncil+37778+1733383987,Mai Bhi Jal Rakshak,WaterManagementAndPlumbingSkillCouncil,37778,instructor,2024-11-21T05:30:00+05:30,timestamp,2030-01-01T05:30:00+05:30,,,,False,False,https://courses.skillindiadigital.gov.in/api/courses/v1/courses/?page_size=100,live_catalogue_changed_during_pagination;seats_and_certification_not_verified,requires_provider_and_availability_review
course-v1:WayspireEd-techPrivateLimited+67999+1738325999,Artificial Intelligence,WayspireEd-techPrivateLimited,67999,instructor,2025-01-31T17:50:34.610000+05:30,timestamp,,,,,False,False,https://courses.skillindiadigital.gov.in/api/courses/v1/courses/?page_size=100,live_catalogue_changed_during_pagination;seats_and_certification_not_verified,requires_provider_and_availability_review
course-v1:WeblineComputer+43182+1707512412,BASIC COMPUTER APPLICATION,WeblineComputer,43182,instructor,2030-01-01T05:30:00+05:30,empty,,,,,False,False,https://courses.skillindiadigital.gov.in/api/courses/v1/courses/?page_size=100,live_catalogue_changed_during_pagination;seats_and_certification_not_verified,requires_provider_and_availability_review
course-v1:WeraFoodTechnologyPvtLtd+55890+1708283020,DIY WEBSITE CREATION,WeraFoodTechnologyPvtLtd,55890,instructor,2030-01-01T05:30:00+05:30,empty,,,,,False,False,https://courses.skillindiadigital.gov.in/api/courses/v1/courses/?page_size=100,live_catalogue_changed_during_pagination;seats_and_certification_not_verified,requires_provider_and_availability_review
course-v1:WhatAfterSchool+79525+1710864401,Introduction of ITI,WhatAfterSchool,79525,instructor,2030-01-01T05:30:00+05:30,empty,,,,,False,False,https://courses.skillindiadigital.gov.in/api/courses/v1/courses/?page_size=100,live_catalogue_changed_during_pagination;seats_and_certification_not_verified,requires_provider_and_availability_review
course-v1:WisepathEdtechPrivateLimited+21708+1742197336,Data Analyst ( Excel ) complete course,WisepathEdtechPrivateLimited,21708,instructor,2025-03-17T13:13:00.389000+05:30,timestamp,,,,,False,False,https://courses.skillindiadigital.gov.in/api/courses/v1/courses/?page_size=100,live_catalogue_changed_during_pagination;seats_and_certification_not_verified,requires_provider_and_availability_review
course-v1:WisepathEdtechPrivateLimited+34339+1786819559,Master Excel,WisepathEdtechPrivateLimited,34339,instructor,2026-08-16T00:16:44.865000+05:30,timestamp,,,,,False,False,https://courses.skillindiadigital.gov.in/api/courses/v1/courses/?page_size=100,live_catalogue_changed_during_pagination;seats_and_certification_not_verified,requires_provider_and_availability_review
course-v1:WisepathEdtechPrivateLimited+36481+1741085512,Data Analysis,WisepathEdtechPrivateLimited,36481,instructor,2025-03-04T16:23:44.906000+05:30,timestamp,,,,,False,False,https://courses.skillindiadigital.gov.in/api/courses/v1/courses/?page_size=100,live_catalogue_changed_during_pagination;seats_and_certification_not_verified,requires_provider_and_availability_review
course-v1:WisepathEdtechPrivateLimited+41743+1739015699,IMMIGRATION CONSULTANT COURSE 2.0,WisepathEdtechPrivateLimited,41743,instructor,2025-02-08T17:25:32.137000+05:30,timestamp,,,,,False,False,https://courses.skillindiadigital.gov.in/api/courses/v1/courses/?page_size=100,live_catalogue_changed_during_pagination;seats_and_certification_not_verified,requires_provider_and_availability_review
course-v1:WMPSC+71432+1700718703,Jal Vitaran Sanchaalak,WMPSC,71432,instructor,2023-11-01T05:30:00+05:30,timestamp,,,,,False,False,https://courses.skillindiadigital.gov.in/api/courses/v1/courses/?page_size=100,live_catalogue_changed_during_pagination;seats_and_certification_not_verified,requires_provider_and_availability_review
course-v1:WondersysAutomation+32093+1743850974,industrial Automation,WondersysAutomation,32093,instructor,2025-04-05T17:25:52.186000+05:30,timestamp,,,,,False,False,https://courses.skillindiadigital.gov.in/api/courses/v1/courses/?page_size=100,live_catalogue_changed_during_pagination;seats_and_certification_not_verified,requires_provider_and_availability_review
course-v1:XpertVenturesPrivateLimited+88964+1790157551,Learn Arduino in 30 Days: From Basics to Robots and IoT,XpertVenturesPrivateLimited,88964,instructor,2026-09-23T15:32:42.656000+05:30,timestamp,,,,,False,False,https://courses.skillindiadigital.gov.in/api/courses/v1/courses/?page_size=100,live_catalogue_changed_during_pagination;seats_and_certification_not_verified,requires_provider_and_availability_review
course-v1:YashComputerEducation+18990+1712818921,COURSE ON COMPUTER COUSE,YashComputerEducation,18990,instructor,2030-01-01T05:30:00+05:30,empty,,,,,False,False,https://courses.skillindiadigital.gov.in/api/courses/v1/courses/?page_size=100,live_catalogue_changed_during_pagination;seats_and_certification_not_verified,requires_provider_and_availability_review
course-v1:YatharthGurukulComputerShikshanSamiti+92554+1731763242,Pmvishwakarm,YatharthGurukulComputerShikshanSamiti,92554,instructor,2030-01-01T05:30:00+05:30,empty,,,,,False,False,https://courses.skillindiadigital.gov.in/api/courses/v1/courses/?page_size=100,live_catalogue_changed_during_pagination;seats_and_certification_not_verified,requires_provider_and_availability_review
course-v1:Yopmail+14980+1693138135,new course ng 27,Yopmail,14980,instructor,2030-01-01T05:30:00+05:30,empty,,,,,False,False,https://courses.skillindiadigital.gov.in/api/courses/v1/courses/?page_size=100,live_catalogue_changed_during_pagination;seats_and_certification_not_verified,requires_provider_and_availability_review
course-v1:Yopmail+43560+1696332440,ne2w course,Yopmail,43560,instructor,2030-01-01T05:30:00+05:30,empty,,,,,False,False,https://courses.skillindiadigital.gov.in/api/courses/v1/courses/?page_size=100,live_catalogue_changed_during_pagination;seats_and_certification_not_verified,requires_provider_and_availability_review
course-v1:Yopmail+50316+1698913288,Yopmail,Yopmail,50316,instructor,2030-01-01T05:30:00+05:30,empty,,,,,False,False,https://courses.skillindiadigital.gov.in/api/courses/v1/courses/?page_size=100,live_catalogue_changed_during_pagination;seats_and_certification_not_verified,requires_provider_and_availability_review
course-v1:Yopmail+51281+1697184520,New 10,Yopmail,51281,instructor,2030-01-01T05:30:00+05:30,empty,,,,,False,False,https://courses.skillindiadigital.gov.in/api/courses/v1/courses/?page_size=100,live_catalogue_changed_during_pagination;seats_and_certification_not_verified,requires_provider_and_availability_review
course-v1:Yopmail+84570+1694589312,new 1,Yopmail,84570,instructor,2030-01-01T05:30:00+05:30,empty,,,,,False,False,https://courses.skillindiadigital.gov.in/api/courses/v1/courses/?page_size=100,live_catalogue_changed_during_pagination;seats_and_certification_not_verified,requires_provider_and_availability_review
course-v1:Yopmail+91906+1697132301,New 17,Yopmail,91906,instructor,2030-01-01T05:30:00+05:30,empty,,,,,False,False,https://courses.skillindiadigital.gov.in/api/courses/v1/courses/?page_size=100,live_catalogue_changed_during_pagination;seats_and_certification_not_verified,requires_provider_and_availability_review
course-v1:Yopmail+93815+1697521536,new179,Yopmail,93815,instructor,2030-01-01T05:30:00+05:30,empty,,,,,False,False,https://courses.skillindiadigital.gov.in/api/courses/v1/courses/?page_size=100,live_catalogue_changed_during_pagination;seats_and_certification_not_verified,requires_provider_and_availability_review
course-v1:YunexaBhavishyaPrivateLimited+59282+1781427228,CERTIFICATE IN BASIC COMPUTER,YunexaBhavishyaPrivateLimited,59282,instructor,2026-06-14T14:24:16.773000+05:30,timestamp,,,,,False,False,https://courses.skillindiadigital.gov.in/api/courses/v1/courses/?page_size=100,live_catalogue_changed_during_pagination;seats_and_certification_not_verified,requires_provider_and_availability_review
course-v1:ZigmeCareersPrivateLimited+87900+1733478772,English Speaking,ZigmeCareersPrivateLimited,87900,instructor,2024-12-06T15:23:08.312000+05:30,timestamp,,,,,False,False,https://courses.skillindiadigital.gov.in/api/courses/v1/courses/?page_size=100,live_catalogue_changed_during_pagination;seats_and_certification_not_verified,requires_provider_and_availability_review
