observation_id,source_id,geography,geography_level,year,year_type,frequency,quarter,month,indicator,value,unit,sector,gender,age_group,reference_status,education,religion,social_group,role_scope,use,available_analyst_supply,methodology_note,evidence_file,source_url,source_file_id
1,mospi_plfs_api,Maharashtra,state,2017-18,Agriculture Year,Annually,all,,"LFPR (Labour Force Participation Rate, in per cent)",48.2,percent,urban,person,15 years and above,PS+SS,all,all,all,all_roles,workforce_baseline_only,0,"2025 survey redesign: do not concatenate pre/post redesign as homogeneous series; empty dimensions mean publisher unspecified, not all",data/raw/public_labour/public-labour-20261001-v2/data_f1_i1_y1.json,https://api.mospi.gov.in/api/plfs/getData?indicator_code=1&frequency_code=1&gender_code=3&age_code=1&sector_code=2&limit=200&page=1&state_code=16&year_type_code=1&weekly_status_code=1&education_code=0&religion_code=1&social_category_code=1,rates
2,mospi_plfs_api,Maharashtra,state,2018-19,Agriculture Year,Annually,all,,"LFPR (Labour Force Participation Rate, in per cent)",48.0,percent,urban,person,15 years and above,PS+SS,all,all,all,all_roles,workforce_baseline_only,0,"2025 survey redesign: do not concatenate pre/post redesign as homogeneous series; empty dimensions mean publisher unspecified, not all",data/raw/public_labour/public-labour-20261001-v2/data_f1_i1_y1.json,https://api.mospi.gov.in/api/plfs/getData?indicator_code=1&frequency_code=1&gender_code=3&age_code=1&sector_code=2&limit=200&page=1&state_code=16&year_type_code=1&weekly_status_code=1&education_code=0&religion_code=1&social_category_code=1,rates
3,mospi_plfs_api,Maharashtra,state,2019-20,Agriculture Year,Annually,all,,"LFPR (Labour Force Participation Rate, in per cent)",50.1,percent,urban,person,15 years and above,PS+SS,all,all,all,all_roles,workforce_baseline_only,0,"2025 survey redesign: do not concatenate pre/post redesign as homogeneous series; empty dimensions mean publisher unspecified, not all",data/raw/public_labour/public-labour-20261001-v2/data_f1_i1_y1.json,https://api.mospi.gov.in/api/plfs/getData?indicator_code=1&frequency_code=1&gender_code=3&age_code=1&sector_code=2&limit=200&page=1&state_code=16&year_type_code=1&weekly_status_code=1&education_code=0&religion_code=1&social_category_code=1,rates
4,mospi_plfs_api,Maharashtra,state,2020-21,Agriculture Year,Annually,all,,"LFPR (Labour Force Participation Rate, in per cent)",49.3,percent,urban,person,15 years and above,PS+SS,all,all,all,all_roles,workforce_baseline_only,0,"2025 survey redesign: do not concatenate pre/post redesign as homogeneous series; empty dimensions mean publisher unspecified, not all",data/raw/public_labour/public-labour-20261001-v2/data_f1_i1_y1.json,https://api.mospi.gov.in/api/plfs/getData?indicator_code=1&frequency_code=1&gender_code=3&age_code=1&sector_code=2&limit=200&page=1&state_code=16&year_type_code=1&weekly_status_code=1&education_code=0&religion_code=1&social_category_code=1,rates
5,mospi_plfs_api,Maharashtra,state,2021-22,Agriculture Year,Annually,all,,"LFPR (Labour Force Participation Rate, in per cent)",52.0,percent,urban,person,15 years and above,PS+SS,all,all,all,all_roles,workforce_baseline_only,0,"2025 survey redesign: do not concatenate pre/post redesign as homogeneous series; empty dimensions mean publisher unspecified, not all",data/raw/public_labour/public-labour-20261001-v2/data_f1_i1_y1.json,https://api.mospi.gov.in/api/plfs/getData?indicator_code=1&frequency_code=1&gender_code=3&age_code=1&sector_code=2&limit=200&page=1&state_code=16&year_type_code=1&weekly_status_code=1&education_code=0&religion_code=1&social_category_code=1,rates
6,mospi_plfs_api,Maharashtra,state,2022-23,Agriculture Year,Annually,all,,"LFPR (Labour Force Participation Rate, in per cent)",52.4,percent,urban,person,15 years and above,PS+SS,all,all,all,all_roles,workforce_baseline_only,0,"2025 survey redesign: do not concatenate pre/post redesign as homogeneous series; empty dimensions mean publisher unspecified, not all",data/raw/public_labour/public-labour-20261001-v2/data_f1_i1_y1.json,https://api.mospi.gov.in/api/plfs/getData?indicator_code=1&frequency_code=1&gender_code=3&age_code=1&sector_code=2&limit=200&page=1&state_code=16&year_type_code=1&weekly_status_code=1&education_code=0&religion_code=1&social_category_code=1,rates
7,mospi_plfs_api,Maharashtra,state,2023-24,Agriculture Year,Annually,all,,"LFPR (Labour Force Participation Rate, in per cent)",53.6,percent,urban,person,15 years and above,PS+SS,all,all,all,all_roles,workforce_baseline_only,0,"2025 survey redesign: do not concatenate pre/post redesign as homogeneous series; empty dimensions mean publisher unspecified, not all",data/raw/public_labour/public-labour-20261001-v2/data_f1_i1_y1.json,https://api.mospi.gov.in/api/plfs/getData?indicator_code=1&frequency_code=1&gender_code=3&age_code=1&sector_code=2&limit=200&page=1&state_code=16&year_type_code=1&weekly_status_code=1&education_code=0&religion_code=1&social_category_code=1,rates
8,mospi_plfs_api,Maharashtra,state,2022,Calendar Year,Annually,,,"LFPR (Labour Force Participation Rate, in per cent)",51.5,percent,urban,person,15 years and above,PS+SS,all,all,all,all_roles,workforce_baseline_only,0,"2025 survey redesign: do not concatenate pre/post redesign as homogeneous series; empty dimensions mean publisher unspecified, not all",data/raw/public_labour/public-labour-20261001-v2/data_f1_i1_y2.json,https://api.mospi.gov.in/api/plfs/getData?indicator_code=1&frequency_code=1&gender_code=3&age_code=1&sector_code=2&limit=200&page=1&state_code=16&year_type_code=2&weekly_status_code=1&education_code=0&religion_code=1&social_category_code=1,rates
9,mospi_plfs_api,Maharashtra,state,2023,Calendar Year,Annually,,,"LFPR (Labour Force Participation Rate, in per cent)",53.1,percent,urban,person,15 years and above,PS+SS,all,all,all,all_roles,workforce_baseline_only,0,"2025 survey redesign: do not concatenate pre/post redesign as homogeneous series; empty dimensions mean publisher unspecified, not all",data/raw/public_labour/public-labour-20261001-v2/data_f1_i1_y2.json,https://api.mospi.gov.in/api/plfs/getData?indicator_code=1&frequency_code=1&gender_code=3&age_code=1&sector_code=2&limit=200&page=1&state_code=16&year_type_code=2&weekly_status_code=1&education_code=0&religion_code=1&social_category_code=1,rates
10,mospi_plfs_api,Maharashtra,state,2024,Calendar Year,Annually,,,"LFPR (Labour Force Participation Rate, in per cent)",54.2,percent,urban,person,15 years and above,PS+SS,all,all,all,all_roles,workforce_baseline_only,0,"2025 survey redesign: do not concatenate pre/post redesign as homogeneous series; empty dimensions mean publisher unspecified, not all",data/raw/public_labour/public-labour-20261001-v2/data_f1_i1_y2.json,https://api.mospi.gov.in/api/plfs/getData?indicator_code=1&frequency_code=1&gender_code=3&age_code=1&sector_code=2&limit=200&page=1&state_code=16&year_type_code=2&weekly_status_code=1&education_code=0&religion_code=1&social_category_code=1,rates
11,mospi_plfs_api,Maharashtra,state,2025,Calendar Year,Annually,,,"LFPR (Labour Force Participation Rate, in per cent)",52.4,percent,urban,person,15 years and above,PS+SS,all,all,all,all_roles,workforce_baseline_only,0,"2025 survey redesign: do not concatenate pre/post redesign as homogeneous series; empty dimensions mean publisher unspecified, not all",data/raw/public_labour/public-labour-20261001-v2/data_f1_i1_y2.json,https://api.mospi.gov.in/api/plfs/getData?indicator_code=1&frequency_code=1&gender_code=3&age_code=1&sector_code=2&limit=200&page=1&state_code=16&year_type_code=2&weekly_status_code=1&education_code=0&religion_code=1&social_category_code=1,rates
12,mospi_plfs_api,Maharashtra,state,2017-18,Agriculture Year,Annually,all,,"WPR (Worker Population Ratio, in per cent)",44.7,percent,urban,person,15 years and above,PS+SS,all,all,all,all_roles,workforce_baseline_only,0,"2025 survey redesign: do not concatenate pre/post redesign as homogeneous series; empty dimensions mean publisher unspecified, not all",data/raw/public_labour/public-labour-20261001-v2/data_f1_i2_y1.json,https://api.mospi.gov.in/api/plfs/getData?indicator_code=2&frequency_code=1&gender_code=3&age_code=1&sector_code=2&limit=200&page=1&state_code=16&year_type_code=1&weekly_status_code=1&education_code=0&religion_code=1&social_category_code=1,rates
13,mospi_plfs_api,Maharashtra,state,2018-19,Agriculture Year,Annually,all,,"WPR (Worker Population Ratio, in per cent)",44.9,percent,urban,person,15 years and above,PS+SS,all,all,all,all_roles,workforce_baseline_only,0,"2025 survey redesign: do not concatenate pre/post redesign as homogeneous series; empty dimensions mean publisher unspecified, not all",data/raw/public_labour/public-labour-20261001-v2/data_f1_i2_y1.json,https://api.mospi.gov.in/api/plfs/getData?indicator_code=2&frequency_code=1&gender_code=3&age_code=1&sector_code=2&limit=200&page=1&state_code=16&year_type_code=1&weekly_status_code=1&education_code=0&religion_code=1&social_category_code=1,rates
14,mospi_plfs_api,Maharashtra,state,2019-20,Agriculture Year,Annually,all,,"WPR (Worker Population Ratio, in per cent)",47.8,percent,urban,person,15 years and above,PS+SS,all,all,all,all_roles,workforce_baseline_only,0,"2025 survey redesign: do not concatenate pre/post redesign as homogeneous series; empty dimensions mean publisher unspecified, not all",data/raw/public_labour/public-labour-20261001-v2/data_f1_i2_y1.json,https://api.mospi.gov.in/api/plfs/getData?indicator_code=2&frequency_code=1&gender_code=3&age_code=1&sector_code=2&limit=200&page=1&state_code=16&year_type_code=1&weekly_status_code=1&education_code=0&religion_code=1&social_category_code=1,rates
15,mospi_plfs_api,Maharashtra,state,2020-21,Agriculture Year,Annually,all,,"WPR (Worker Population Ratio, in per cent)",46.2,percent,urban,person,15 years and above,PS+SS,all,all,all,all_roles,workforce_baseline_only,0,"2025 survey redesign: do not concatenate pre/post redesign as homogeneous series; empty dimensions mean publisher unspecified, not all",data/raw/public_labour/public-labour-20261001-v2/data_f1_i2_y1.json,https://api.mospi.gov.in/api/plfs/getData?indicator_code=2&frequency_code=1&gender_code=3&age_code=1&sector_code=2&limit=200&page=1&state_code=16&year_type_code=1&weekly_status_code=1&education_code=0&religion_code=1&social_category_code=1,rates
16,mospi_plfs_api,Maharashtra,state,2021-22,Agriculture Year,Annually,all,,"WPR (Worker Population Ratio, in per cent)",49.4,percent,urban,person,15 years and above,PS+SS,all,all,all,all_roles,workforce_baseline_only,0,"2025 survey redesign: do not concatenate pre/post redesign as homogeneous series; empty dimensions mean publisher unspecified, not all",data/raw/public_labour/public-labour-20261001-v2/data_f1_i2_y1.json,https://api.mospi.gov.in/api/plfs/getData?indicator_code=2&frequency_code=1&gender_code=3&age_code=1&sector_code=2&limit=200&page=1&state_code=16&year_type_code=1&weekly_status_code=1&education_code=0&religion_code=1&social_category_code=1,rates
17,mospi_plfs_api,Maharashtra,state,2022-23,Agriculture Year,Annually,all,,"WPR (Worker Population Ratio, in per cent)",50.0,percent,urban,person,15 years and above,PS+SS,all,all,all,all_roles,workforce_baseline_only,0,"2025 survey redesign: do not concatenate pre/post redesign as homogeneous series; empty dimensions mean publisher unspecified, not all",data/raw/public_labour/public-labour-20261001-v2/data_f1_i2_y1.json,https://api.mospi.gov.in/api/plfs/getData?indicator_code=2&frequency_code=1&gender_code=3&age_code=1&sector_code=2&limit=200&page=1&state_code=16&year_type_code=1&weekly_status_code=1&education_code=0&religion_code=1&social_category_code=1,rates
18,mospi_plfs_api,Maharashtra,state,2023-24,Agriculture Year,Annually,all,,"WPR (Worker Population Ratio, in per cent)",50.9,percent,urban,person,15 years and above,PS+SS,all,all,all,all_roles,workforce_baseline_only,0,"2025 survey redesign: do not concatenate pre/post redesign as homogeneous series; empty dimensions mean publisher unspecified, not all",data/raw/public_labour/public-labour-20261001-v2/data_f1_i2_y1.json,https://api.mospi.gov.in/api/plfs/getData?indicator_code=2&frequency_code=1&gender_code=3&age_code=1&sector_code=2&limit=200&page=1&state_code=16&year_type_code=1&weekly_status_code=1&education_code=0&religion_code=1&social_category_code=1,rates
19,mospi_plfs_api,Maharashtra,state,2022,Calendar Year,Annually,,,"WPR (Worker Population Ratio, in per cent)",48.9,percent,urban,person,15 years and above,PS+SS,all,all,all,all_roles,workforce_baseline_only,0,"2025 survey redesign: do not concatenate pre/post redesign as homogeneous series; empty dimensions mean publisher unspecified, not all",data/raw/public_labour/public-labour-20261001-v2/data_f1_i2_y2.json,https://api.mospi.gov.in/api/plfs/getData?indicator_code=2&frequency_code=1&gender_code=3&age_code=1&sector_code=2&limit=200&page=1&state_code=16&year_type_code=2&weekly_status_code=1&education_code=0&religion_code=1&social_category_code=1,rates
20,mospi_plfs_api,Maharashtra,state,2023,Calendar Year,Annually,,,"WPR (Worker Population Ratio, in per cent)",50.4,percent,urban,person,15 years and above,PS+SS,all,all,all,all_roles,workforce_baseline_only,0,"2025 survey redesign: do not concatenate pre/post redesign as homogeneous series; empty dimensions mean publisher unspecified, not all",data/raw/public_labour/public-labour-20261001-v2/data_f1_i2_y2.json,https://api.mospi.gov.in/api/plfs/getData?indicator_code=2&frequency_code=1&gender_code=3&age_code=1&sector_code=2&limit=200&page=1&state_code=16&year_type_code=2&weekly_status_code=1&education_code=0&religion_code=1&social_category_code=1,rates
21,mospi_plfs_api,Maharashtra,state,2024,Calendar Year,Annually,,,"WPR (Worker Population Ratio, in per cent)",51.8,percent,urban,person,15 years and above,PS+SS,all,all,all,all_roles,workforce_baseline_only,0,"2025 survey redesign: do not concatenate pre/post redesign as homogeneous series; empty dimensions mean publisher unspecified, not all",data/raw/public_labour/public-labour-20261001-v2/data_f1_i2_y2.json,https://api.mospi.gov.in/api/plfs/getData?indicator_code=2&frequency_code=1&gender_code=3&age_code=1&sector_code=2&limit=200&page=1&state_code=16&year_type_code=2&weekly_status_code=1&education_code=0&religion_code=1&social_category_code=1,rates
22,mospi_plfs_api,Maharashtra,state,2025,Calendar Year,Annually,,,"WPR (Worker Population Ratio, in per cent)",50.6,percent,urban,person,15 years and above,PS+SS,all,all,all,all_roles,workforce_baseline_only,0,"2025 survey redesign: do not concatenate pre/post redesign as homogeneous series; empty dimensions mean publisher unspecified, not all",data/raw/public_labour/public-labour-20261001-v2/data_f1_i2_y2.json,https://api.mospi.gov.in/api/plfs/getData?indicator_code=2&frequency_code=1&gender_code=3&age_code=1&sector_code=2&limit=200&page=1&state_code=16&year_type_code=2&weekly_status_code=1&education_code=0&religion_code=1&social_category_code=1,rates
23,mospi_plfs_api,Maharashtra,state,2017-18,Agriculture Year,Annually,all,,"UR (Unemployment Rate, in per cent)",7.4,percent,urban,person,15 years and above,PS+SS,all,all,all,all_roles,workforce_baseline_only,0,"2025 survey redesign: do not concatenate pre/post redesign as homogeneous series; empty dimensions mean publisher unspecified, not all",data/raw/public_labour/public-labour-20261001-v2/data_f1_i3_y1.json,https://api.mospi.gov.in/api/plfs/getData?indicator_code=3&frequency_code=1&gender_code=3&age_code=1&sector_code=2&limit=200&page=1&state_code=16&year_type_code=1&weekly_status_code=1&education_code=0&religion_code=1&social_category_code=1,rates
24,mospi_plfs_api,Maharashtra,state,2018-19,Agriculture Year,Annually,all,,"UR (Unemployment Rate, in per cent)",6.3,percent,urban,person,15 years and above,PS+SS,all,all,all,all_roles,workforce_baseline_only,0,"2025 survey redesign: do not concatenate pre/post redesign as homogeneous series; empty dimensions mean publisher unspecified, not all",data/raw/public_labour/public-labour-20261001-v2/data_f1_i3_y1.json,https://api.mospi.gov.in/api/plfs/getData?indicator_code=3&frequency_code=1&gender_code=3&age_code=1&sector_code=2&limit=200&page=1&state_code=16&year_type_code=1&weekly_status_code=1&education_code=0&religion_code=1&social_category_code=1,rates
25,mospi_plfs_api,Maharashtra,state,2019-20,Agriculture Year,Annually,all,,"UR (Unemployment Rate, in per cent)",4.4,percent,urban,person,15 years and above,PS+SS,all,all,all,all_roles,workforce_baseline_only,0,"2025 survey redesign: do not concatenate pre/post redesign as homogeneous series; empty dimensions mean publisher unspecified, not all",data/raw/public_labour/public-labour-20261001-v2/data_f1_i3_y1.json,https://api.mospi.gov.in/api/plfs/getData?indicator_code=3&frequency_code=1&gender_code=3&age_code=1&sector_code=2&limit=200&page=1&state_code=16&year_type_code=1&weekly_status_code=1&education_code=0&religion_code=1&social_category_code=1,rates
26,mospi_plfs_api,Maharashtra,state,2020-21,Agriculture Year,Annually,all,,"UR (Unemployment Rate, in per cent)",6.5,percent,urban,person,15 years and above,PS+SS,all,all,all,all_roles,workforce_baseline_only,0,"2025 survey redesign: do not concatenate pre/post redesign as homogeneous series; empty dimensions mean publisher unspecified, not all",data/raw/public_labour/public-labour-20261001-v2/data_f1_i3_y1.json,https://api.mospi.gov.in/api/plfs/getData?indicator_code=3&frequency_code=1&gender_code=3&age_code=1&sector_code=2&limit=200&page=1&state_code=16&year_type_code=1&weekly_status_code=1&education_code=0&religion_code=1&social_category_code=1,rates
27,mospi_plfs_api,Maharashtra,state,2021-22,Agriculture Year,Annually,all,,"UR (Unemployment Rate, in per cent)",5.0,percent,urban,person,15 years and above,PS+SS,all,all,all,all_roles,workforce_baseline_only,0,"2025 survey redesign: do not concatenate pre/post redesign as homogeneous series; empty dimensions mean publisher unspecified, not all",data/raw/public_labour/public-labour-20261001-v2/data_f1_i3_y1.json,https://api.mospi.gov.in/api/plfs/getData?indicator_code=3&frequency_code=1&gender_code=3&age_code=1&sector_code=2&limit=200&page=1&state_code=16&year_type_code=1&weekly_status_code=1&education_code=0&religion_code=1&social_category_code=1,rates
28,mospi_plfs_api,Maharashtra,state,2022-23,Agriculture Year,Annually,all,,"UR (Unemployment Rate, in per cent)",4.6,percent,urban,person,15 years and above,PS+SS,all,all,all,all_roles,workforce_baseline_only,0,"2025 survey redesign: do not concatenate pre/post redesign as homogeneous series; empty dimensions mean publisher unspecified, not all",data/raw/public_labour/public-labour-20261001-v2/data_f1_i3_y1.json,https://api.mospi.gov.in/api/plfs/getData?indicator_code=3&frequency_code=1&gender_code=3&age_code=1&sector_code=2&limit=200&page=1&state_code=16&year_type_code=1&weekly_status_code=1&education_code=0&religion_code=1&social_category_code=1,rates
29,mospi_plfs_api,Maharashtra,state,2023-24,Agriculture Year,Annually,all,,"UR (Unemployment Rate, in per cent)",5.2,percent,urban,person,15 years and above,PS+SS,all,all,all,all_roles,workforce_baseline_only,0,"2025 survey redesign: do not concatenate pre/post redesign as homogeneous series; empty dimensions mean publisher unspecified, not all",data/raw/public_labour/public-labour-20261001-v2/data_f1_i3_y1.json,https://api.mospi.gov.in/api/plfs/getData?indicator_code=3&frequency_code=1&gender_code=3&age_code=1&sector_code=2&limit=200&page=1&state_code=16&year_type_code=1&weekly_status_code=1&education_code=0&religion_code=1&social_category_code=1,rates
30,mospi_plfs_api,Maharashtra,state,2022,Calendar Year,Annually,,,"UR (Unemployment Rate, in per cent)",5.0,percent,urban,person,15 years and above,PS+SS,all,all,all,all_roles,workforce_baseline_only,0,"2025 survey redesign: do not concatenate pre/post redesign as homogeneous series; empty dimensions mean publisher unspecified, not all",data/raw/public_labour/public-labour-20261001-v2/data_f1_i3_y2.json,https://api.mospi.gov.in/api/plfs/getData?indicator_code=3&frequency_code=1&gender_code=3&age_code=1&sector_code=2&limit=200&page=1&state_code=16&year_type_code=2&weekly_status_code=1&education_code=0&religion_code=1&social_category_code=1,rates
31,mospi_plfs_api,Maharashtra,state,2023,Calendar Year,Annually,,,"UR (Unemployment Rate, in per cent)",5.1,percent,urban,person,15 years and above,PS+SS,all,all,all,all_roles,workforce_baseline_only,0,"2025 survey redesign: do not concatenate pre/post redesign as homogeneous series; empty dimensions mean publisher unspecified, not all",data/raw/public_labour/public-labour-20261001-v2/data_f1_i3_y2.json,https://api.mospi.gov.in/api/plfs/getData?indicator_code=3&frequency_code=1&gender_code=3&age_code=1&sector_code=2&limit=200&page=1&state_code=16&year_type_code=2&weekly_status_code=1&education_code=0&religion_code=1&social_category_code=1,rates
32,mospi_plfs_api,Maharashtra,state,2024,Calendar Year,Annually,,,"UR (Unemployment Rate, in per cent)",4.3,percent,urban,person,15 years and above,PS+SS,all,all,all,all_roles,workforce_baseline_only,0,"2025 survey redesign: do not concatenate pre/post redesign as homogeneous series; empty dimensions mean publisher unspecified, not all",data/raw/public_labour/public-labour-20261001-v2/data_f1_i3_y2.json,https://api.mospi.gov.in/api/plfs/getData?indicator_code=3&frequency_code=1&gender_code=3&age_code=1&sector_code=2&limit=200&page=1&state_code=16&year_type_code=2&weekly_status_code=1&education_code=0&religion_code=1&social_category_code=1,rates
33,mospi_plfs_api,Maharashtra,state,2025,Calendar Year,Annually,,,"UR (Unemployment Rate, in per cent)",3.5,percent,urban,person,15 years and above,PS+SS,all,all,all,all_roles,workforce_baseline_only,0,"2025 survey redesign: do not concatenate pre/post redesign as homogeneous series; empty dimensions mean publisher unspecified, not all",data/raw/public_labour/public-labour-20261001-v2/data_f1_i3_y2.json,https://api.mospi.gov.in/api/plfs/getData?indicator_code=3&frequency_code=1&gender_code=3&age_code=1&sector_code=2&limit=200&page=1&state_code=16&year_type_code=2&weekly_status_code=1&education_code=0&religion_code=1&social_category_code=1,rates
34,mospi_plfs_api,Maharashtra,state,2018,,Quarterly,Apr-Jun,,"LFPR (Labour Force Participation Rate, in per cent)",46.9,percent,urban,person,15 years and above,,,,,all_roles,workforce_baseline_only,0,"2025 survey redesign: do not concatenate pre/post redesign as homogeneous series; empty dimensions mean publisher unspecified, not all",data/raw/public_labour/public-labour-20261001-v2/data_f2_i1_y0.json,https://api.mospi.gov.in/api/plfs/getData?indicator_code=1&frequency_code=2&gender_code=3&age_code=1&sector_code=2&limit=200&page=1&state_code=16,rates
35,mospi_plfs_api,Maharashtra,state,2018,,Quarterly,Jul-Sep,,"LFPR (Labour Force Participation Rate, in per cent)",47.2,percent,urban,person,15 years and above,,,,,all_roles,workforce_baseline_only,0,"2025 survey redesign: do not concatenate pre/post redesign as homogeneous series; empty dimensions mean publisher unspecified, not all",data/raw/public_labour/public-labour-20261001-v2/data_f2_i1_y0.json,https://api.mospi.gov.in/api/plfs/getData?indicator_code=1&frequency_code=2&gender_code=3&age_code=1&sector_code=2&limit=200&page=1&state_code=16,rates
36,mospi_plfs_api,Maharashtra,state,2018,,Quarterly,Oct-Dec,,"LFPR (Labour Force Participation Rate, in per cent)",47.8,percent,urban,person,15 years and above,,,,,all_roles,workforce_baseline_only,0,"2025 survey redesign: do not concatenate pre/post redesign as homogeneous series; empty dimensions mean publisher unspecified, not all",data/raw/public_labour/public-labour-20261001-v2/data_f2_i1_y0.json,https://api.mospi.gov.in/api/plfs/getData?indicator_code=1&frequency_code=2&gender_code=3&age_code=1&sector_code=2&limit=200&page=1&state_code=16,rates
37,mospi_plfs_api,Maharashtra,state,2019,,Quarterly,Jul-Sep,,"LFPR (Labour Force Participation Rate, in per cent)",48.8,percent,urban,person,15 years and above,,,,,all_roles,workforce_baseline_only,0,"2025 survey redesign: do not concatenate pre/post redesign as homogeneous series; empty dimensions mean publisher unspecified, not all",data/raw/public_labour/public-labour-20261001-v2/data_f2_i1_y0.json,https://api.mospi.gov.in/api/plfs/getData?indicator_code=1&frequency_code=2&gender_code=3&age_code=1&sector_code=2&limit=200&page=1&state_code=16,rates
38,mospi_plfs_api,Maharashtra,state,2019,,Quarterly,Oct-Dec,,"LFPR (Labour Force Participation Rate, in per cent)",49.1,percent,urban,person,15 years and above,,,,,all_roles,workforce_baseline_only,0,"2025 survey redesign: do not concatenate pre/post redesign as homogeneous series; empty dimensions mean publisher unspecified, not all",data/raw/public_labour/public-labour-20261001-v2/data_f2_i1_y0.json,https://api.mospi.gov.in/api/plfs/getData?indicator_code=1&frequency_code=2&gender_code=3&age_code=1&sector_code=2&limit=200&page=1&state_code=16,rates
39,mospi_plfs_api,Maharashtra,state,2019,,Quarterly,Jan-Mar,,"LFPR (Labour Force Participation Rate, in per cent)",48.3,percent,urban,person,15 years and above,,,,,all_roles,workforce_baseline_only,0,"2025 survey redesign: do not concatenate pre/post redesign as homogeneous series; empty dimensions mean publisher unspecified, not all",data/raw/public_labour/public-labour-20261001-v2/data_f2_i1_y0.json,https://api.mospi.gov.in/api/plfs/getData?indicator_code=1&frequency_code=2&gender_code=3&age_code=1&sector_code=2&limit=200&page=1&state_code=16,rates
40,mospi_plfs_api,Maharashtra,state,2019,,Quarterly,Apr-Jun,,"LFPR (Labour Force Participation Rate, in per cent)",47.7,percent,urban,person,15 years and above,,,,,all_roles,workforce_baseline_only,0,"2025 survey redesign: do not concatenate pre/post redesign as homogeneous series; empty dimensions mean publisher unspecified, not all",data/raw/public_labour/public-labour-20261001-v2/data_f2_i1_y0.json,https://api.mospi.gov.in/api/plfs/getData?indicator_code=1&frequency_code=2&gender_code=3&age_code=1&sector_code=2&limit=200&page=1&state_code=16,rates
41,mospi_plfs_api,Maharashtra,state,2020,,Quarterly,Jan-Mar,,"LFPR (Labour Force Participation Rate, in per cent)",49.1,percent,urban,person,15 years and above,,,,,all_roles,workforce_baseline_only,0,"2025 survey redesign: do not concatenate pre/post redesign as homogeneous series; empty dimensions mean publisher unspecified, not all",data/raw/public_labour/public-labour-20261001-v2/data_f2_i1_y0.json,https://api.mospi.gov.in/api/plfs/getData?indicator_code=1&frequency_code=2&gender_code=3&age_code=1&sector_code=2&limit=200&page=1&state_code=16,rates
42,mospi_plfs_api,Maharashtra,state,2020,,Quarterly,Apr-Jun,,"LFPR (Labour Force Participation Rate, in per cent)",46.2,percent,urban,person,15 years and above,,,,,all_roles,workforce_baseline_only,0,"2025 survey redesign: do not concatenate pre/post redesign as homogeneous series; empty dimensions mean publisher unspecified, not all",data/raw/public_labour/public-labour-20261001-v2/data_f2_i1_y0.json,https://api.mospi.gov.in/api/plfs/getData?indicator_code=1&frequency_code=2&gender_code=3&age_code=1&sector_code=2&limit=200&page=1&state_code=16,rates
43,mospi_plfs_api,Maharashtra,state,2020,,Quarterly,Jul-Sep,,"LFPR (Labour Force Participation Rate, in per cent)",48.1,percent,urban,person,15 years and above,,,,,all_roles,workforce_baseline_only,0,"2025 survey redesign: do not concatenate pre/post redesign as homogeneous series; empty dimensions mean publisher unspecified, not all",data/raw/public_labour/public-labour-20261001-v2/data_f2_i1_y0.json,https://api.mospi.gov.in/api/plfs/getData?indicator_code=1&frequency_code=2&gender_code=3&age_code=1&sector_code=2&limit=200&page=1&state_code=16,rates
44,mospi_plfs_api,Maharashtra,state,2020,,Quarterly,Oct-Dec,,"LFPR (Labour Force Participation Rate, in per cent)",44.1,percent,urban,person,15 years and above,,,,,all_roles,workforce_baseline_only,0,"2025 survey redesign: do not concatenate pre/post redesign as homogeneous series; empty dimensions mean publisher unspecified, not all",data/raw/public_labour/public-labour-20261001-v2/data_f2_i1_y0.json,https://api.mospi.gov.in/api/plfs/getData?indicator_code=1&frequency_code=2&gender_code=3&age_code=1&sector_code=2&limit=200&page=1&state_code=16,rates
45,mospi_plfs_api,Maharashtra,state,2021,,Quarterly,Jan-Mar,,"LFPR (Labour Force Participation Rate, in per cent)",45.3,percent,urban,person,15 years and above,,,,,all_roles,workforce_baseline_only,0,"2025 survey redesign: do not concatenate pre/post redesign as homogeneous series; empty dimensions mean publisher unspecified, not all",data/raw/public_labour/public-labour-20261001-v2/data_f2_i1_y0.json,https://api.mospi.gov.in/api/plfs/getData?indicator_code=1&frequency_code=2&gender_code=3&age_code=1&sector_code=2&limit=200&page=1&state_code=16,rates
46,mospi_plfs_api,Maharashtra,state,2021,,Quarterly,Apr-Jun,,"LFPR (Labour Force Participation Rate, in per cent)",45.8,percent,urban,person,15 years and above,,,,,all_roles,workforce_baseline_only,0,"2025 survey redesign: do not concatenate pre/post redesign as homogeneous series; empty dimensions mean publisher unspecified, not all",data/raw/public_labour/public-labour-20261001-v2/data_f2_i1_y0.json,https://api.mospi.gov.in/api/plfs/getData?indicator_code=1&frequency_code=2&gender_code=3&age_code=1&sector_code=2&limit=200&page=1&state_code=16,rates
47,mospi_plfs_api,Maharashtra,state,2021,,Quarterly,Jul-Sep,,"LFPR (Labour Force Participation Rate, in per cent)",46.4,percent,urban,person,15 years and above,,,,,all_roles,workforce_baseline_only,0,"2025 survey redesign: do not concatenate pre/post redesign as homogeneous series; empty dimensions mean publisher unspecified, not all",data/raw/public_labour/public-labour-20261001-v2/data_f2_i1_y0.json,https://api.mospi.gov.in/api/plfs/getData?indicator_code=1&frequency_code=2&gender_code=3&age_code=1&sector_code=2&limit=200&page=1&state_code=16,rates
48,mospi_plfs_api,Maharashtra,state,2021,,Quarterly,Oct-Dec,,"LFPR (Labour Force Participation Rate, in per cent)",48.8,percent,urban,person,15 years and above,,,,,all_roles,workforce_baseline_only,0,"2025 survey redesign: do not concatenate pre/post redesign as homogeneous series; empty dimensions mean publisher unspecified, not all",data/raw/public_labour/public-labour-20261001-v2/data_f2_i1_y0.json,https://api.mospi.gov.in/api/plfs/getData?indicator_code=1&frequency_code=2&gender_code=3&age_code=1&sector_code=2&limit=200&page=1&state_code=16,rates
49,mospi_plfs_api,Maharashtra,state,2022,,Quarterly,Jan-Mar,,"LFPR (Labour Force Participation Rate, in per cent)",48.3,percent,urban,person,15 years and above,,,,,all_roles,workforce_baseline_only,0,"2025 survey redesign: do not concatenate pre/post redesign as homogeneous series; empty dimensions mean publisher unspecified, not all",data/raw/public_labour/public-labour-20261001-v2/data_f2_i1_y0.json,https://api.mospi.gov.in/api/plfs/getData?indicator_code=1&frequency_code=2&gender_code=3&age_code=1&sector_code=2&limit=200&page=1&state_code=16,rates
50,mospi_plfs_api,Maharashtra,state,2022,,Quarterly,Apr-Jun,,"LFPR (Labour Force Participation Rate, in per cent)",46.5,percent,urban,person,15 years and above,,,,,all_roles,workforce_baseline_only,0,"2025 survey redesign: do not concatenate pre/post redesign as homogeneous series; empty dimensions mean publisher unspecified, not all",data/raw/public_labour/public-labour-20261001-v2/data_f2_i1_y0.json,https://api.mospi.gov.in/api/plfs/getData?indicator_code=1&frequency_code=2&gender_code=3&age_code=1&sector_code=2&limit=200&page=1&state_code=16,rates
51,mospi_plfs_api,Maharashtra,state,2022,,Quarterly,Jul-Sep,,"LFPR (Labour Force Participation Rate, in per cent)",47.7,percent,urban,person,15 years and above,,,,,all_roles,workforce_baseline_only,0,"2025 survey redesign: do not concatenate pre/post redesign as homogeneous series; empty dimensions mean publisher unspecified, not all",data/raw/public_labour/public-labour-20261001-v2/data_f2_i1_y0.json,https://api.mospi.gov.in/api/plfs/getData?indicator_code=1&frequency_code=2&gender_code=3&age_code=1&sector_code=2&limit=200&page=1&state_code=16,rates
52,mospi_plfs_api,Maharashtra,state,2022,,Quarterly,Oct-Dec,,"LFPR (Labour Force Participation Rate, in per cent)",47.7,percent,urban,person,15 years and above,,,,,all_roles,workforce_baseline_only,0,"2025 survey redesign: do not concatenate pre/post redesign as homogeneous series; empty dimensions mean publisher unspecified, not all",data/raw/public_labour/public-labour-20261001-v2/data_f2_i1_y0.json,https://api.mospi.gov.in/api/plfs/getData?indicator_code=1&frequency_code=2&gender_code=3&age_code=1&sector_code=2&limit=200&page=1&state_code=16,rates
53,mospi_plfs_api,Maharashtra,state,2023,,Quarterly,Jan-Mar,,"LFPR (Labour Force Participation Rate, in per cent)",48.0,percent,urban,person,15 years and above,,,,,all_roles,workforce_baseline_only,0,"2025 survey redesign: do not concatenate pre/post redesign as homogeneous series; empty dimensions mean publisher unspecified, not all",data/raw/public_labour/public-labour-20261001-v2/data_f2_i1_y0.json,https://api.mospi.gov.in/api/plfs/getData?indicator_code=1&frequency_code=2&gender_code=3&age_code=1&sector_code=2&limit=200&page=1&state_code=16,rates
54,mospi_plfs_api,Maharashtra,state,2023,,Quarterly,Apr-Jun,,"LFPR (Labour Force Participation Rate, in per cent)",48.2,percent,urban,person,15 years and above,,,,,all_roles,workforce_baseline_only,0,"2025 survey redesign: do not concatenate pre/post redesign as homogeneous series; empty dimensions mean publisher unspecified, not all",data/raw/public_labour/public-labour-20261001-v2/data_f2_i1_y0.json,https://api.mospi.gov.in/api/plfs/getData?indicator_code=1&frequency_code=2&gender_code=3&age_code=1&sector_code=2&limit=200&page=1&state_code=16,rates
55,mospi_plfs_api,Maharashtra,state,2023,,Quarterly,Jul-Sep,,"LFPR (Labour Force Participation Rate, in per cent)",49.1,percent,urban,person,15 years and above,,,,,all_roles,workforce_baseline_only,0,"2025 survey redesign: do not concatenate pre/post redesign as homogeneous series; empty dimensions mean publisher unspecified, not all",data/raw/public_labour/public-labour-20261001-v2/data_f2_i1_y0.json,https://api.mospi.gov.in/api/plfs/getData?indicator_code=1&frequency_code=2&gender_code=3&age_code=1&sector_code=2&limit=200&page=1&state_code=16,rates
56,mospi_plfs_api,Maharashtra,state,2023,,Quarterly,Oct-Dec,,"LFPR (Labour Force Participation Rate, in per cent)",50.4,percent,urban,person,15 years and above,,,,,all_roles,workforce_baseline_only,0,"2025 survey redesign: do not concatenate pre/post redesign as homogeneous series; empty dimensions mean publisher unspecified, not all",data/raw/public_labour/public-labour-20261001-v2/data_f2_i1_y0.json,https://api.mospi.gov.in/api/plfs/getData?indicator_code=1&frequency_code=2&gender_code=3&age_code=1&sector_code=2&limit=200&page=1&state_code=16,rates
57,mospi_plfs_api,Maharashtra,state,2024,,Quarterly,Jan-Mar,,"LFPR (Labour Force Participation Rate, in per cent)",50.9,percent,urban,person,15 years and above,,,,,all_roles,workforce_baseline_only,0,"2025 survey redesign: do not concatenate pre/post redesign as homogeneous series; empty dimensions mean publisher unspecified, not all",data/raw/public_labour/public-labour-20261001-v2/data_f2_i1_y0.json,https://api.mospi.gov.in/api/plfs/getData?indicator_code=1&frequency_code=2&gender_code=3&age_code=1&sector_code=2&limit=200&page=1&state_code=16,rates
58,mospi_plfs_api,Maharashtra,state,2024,,Quarterly,Apr-Jun,,"LFPR (Labour Force Participation Rate, in per cent)",51.7,percent,urban,person,15 years and above,,,,,all_roles,workforce_baseline_only,0,"2025 survey redesign: do not concatenate pre/post redesign as homogeneous series; empty dimensions mean publisher unspecified, not all",data/raw/public_labour/public-labour-20261001-v2/data_f2_i1_y0.json,https://api.mospi.gov.in/api/plfs/getData?indicator_code=1&frequency_code=2&gender_code=3&age_code=1&sector_code=2&limit=200&page=1&state_code=16,rates
59,mospi_plfs_api,Maharashtra,state,2024,,Quarterly,Jul-Sep,,"LFPR (Labour Force Participation Rate, in per cent)",51.0,percent,urban,person,15 years and above,,,,,all_roles,workforce_baseline_only,0,"2025 survey redesign: do not concatenate pre/post redesign as homogeneous series; empty dimensions mean publisher unspecified, not all",data/raw/public_labour/public-labour-20261001-v2/data_f2_i1_y0.json,https://api.mospi.gov.in/api/plfs/getData?indicator_code=1&frequency_code=2&gender_code=3&age_code=1&sector_code=2&limit=200&page=1&state_code=16,rates
60,mospi_plfs_api,Maharashtra,state,2024,,Quarterly,Oct-Dec,,"LFPR (Labour Force Participation Rate, in per cent)",50.0,percent,urban,person,15 years and above,,,,,all_roles,workforce_baseline_only,0,"2025 survey redesign: do not concatenate pre/post redesign as homogeneous series; empty dimensions mean publisher unspecified, not all",data/raw/public_labour/public-labour-20261001-v2/data_f2_i1_y0.json,https://api.mospi.gov.in/api/plfs/getData?indicator_code=1&frequency_code=2&gender_code=3&age_code=1&sector_code=2&limit=200&page=1&state_code=16,rates
61,mospi_plfs_api,Maharashtra,state,2025,,Quarterly,Oct-Dec,,"LFPR (Labour Force Participation Rate, in per cent)",50.1,percent,urban,person,15 years and above,,,,,all_roles,workforce_baseline_only,0,"2025 survey redesign: do not concatenate pre/post redesign as homogeneous series; empty dimensions mean publisher unspecified, not all",data/raw/public_labour/public-labour-20261001-v2/data_f2_i1_y0.json,https://api.mospi.gov.in/api/plfs/getData?indicator_code=1&frequency_code=2&gender_code=3&age_code=1&sector_code=2&limit=200&page=1&state_code=16,rates
62,mospi_plfs_api,Maharashtra,state,2025,,Quarterly,Apr-Jun,,"LFPR (Labour Force Participation Rate, in per cent)",49.8,percent,urban,person,15 years and above,,,,,all_roles,workforce_baseline_only,0,"2025 survey redesign: do not concatenate pre/post redesign as homogeneous series; empty dimensions mean publisher unspecified, not all",data/raw/public_labour/public-labour-20261001-v2/data_f2_i1_y0.json,https://api.mospi.gov.in/api/plfs/getData?indicator_code=1&frequency_code=2&gender_code=3&age_code=1&sector_code=2&limit=200&page=1&state_code=16,rates
63,mospi_plfs_api,Maharashtra,state,2025,,Quarterly,Jul-Sep,,"LFPR (Labour Force Participation Rate, in per cent)",51.1,percent,urban,person,15 years and above,,,,,all_roles,workforce_baseline_only,0,"2025 survey redesign: do not concatenate pre/post redesign as homogeneous series; empty dimensions mean publisher unspecified, not all",data/raw/public_labour/public-labour-20261001-v2/data_f2_i1_y0.json,https://api.mospi.gov.in/api/plfs/getData?indicator_code=1&frequency_code=2&gender_code=3&age_code=1&sector_code=2&limit=200&page=1&state_code=16,rates
64,mospi_plfs_api,Maharashtra,state,2026,,Quarterly,Jan-Mar,,"LFPR (Labour Force Participation Rate, in per cent)",50.9,percent,urban,person,15 years and above,,,,,all_roles,workforce_baseline_only,0,"2025 survey redesign: do not concatenate pre/post redesign as homogeneous series; empty dimensions mean publisher unspecified, not all",data/raw/public_labour/public-labour-20261001-v2/data_f2_i1_y0.json,https://api.mospi.gov.in/api/plfs/getData?indicator_code=1&frequency_code=2&gender_code=3&age_code=1&sector_code=2&limit=200&page=1&state_code=16,rates
65,mospi_plfs_api,Maharashtra,state,2026,,Quarterly,Apr-Jun,,"LFPR (Labour Force Participation Rate, in per cent)",50.4,percent,urban,person,15 years and above,,,,,all_roles,workforce_baseline_only,0,"2025 survey redesign: do not concatenate pre/post redesign as homogeneous series; empty dimensions mean publisher unspecified, not all",data/raw/public_labour/public-labour-20261001-v2/data_f2_i1_y0.json,https://api.mospi.gov.in/api/plfs/getData?indicator_code=1&frequency_code=2&gender_code=3&age_code=1&sector_code=2&limit=200&page=1&state_code=16,rates
66,mospi_plfs_api,Maharashtra,state,2018,,Quarterly,Apr-Jun,,"WPR (Worker Population Ratio, in per cent)",42.8,percent,urban,person,15 years and above,,,,,all_roles,workforce_baseline_only,0,"2025 survey redesign: do not concatenate pre/post redesign as homogeneous series; empty dimensions mean publisher unspecified, not all",data/raw/public_labour/public-labour-20261001-v2/data_f2_i2_y0.json,https://api.mospi.gov.in/api/plfs/getData?indicator_code=2&frequency_code=2&gender_code=3&age_code=1&sector_code=2&limit=200&page=1&state_code=16,rates
67,mospi_plfs_api,Maharashtra,state,2018,,Quarterly,Jul-Sep,,"WPR (Worker Population Ratio, in per cent)",42.5,percent,urban,person,15 years and above,,,,,all_roles,workforce_baseline_only,0,"2025 survey redesign: do not concatenate pre/post redesign as homogeneous series; empty dimensions mean publisher unspecified, not all",data/raw/public_labour/public-labour-20261001-v2/data_f2_i2_y0.json,https://api.mospi.gov.in/api/plfs/getData?indicator_code=2&frequency_code=2&gender_code=3&age_code=1&sector_code=2&limit=200&page=1&state_code=16,rates
68,mospi_plfs_api,Maharashtra,state,2018,,Quarterly,Oct-Dec,,"WPR (Worker Population Ratio, in per cent)",43.2,percent,urban,person,15 years and above,,,,,all_roles,workforce_baseline_only,0,"2025 survey redesign: do not concatenate pre/post redesign as homogeneous series; empty dimensions mean publisher unspecified, not all",data/raw/public_labour/public-labour-20261001-v2/data_f2_i2_y0.json,https://api.mospi.gov.in/api/plfs/getData?indicator_code=2&frequency_code=2&gender_code=3&age_code=1&sector_code=2&limit=200&page=1&state_code=16,rates
69,mospi_plfs_api,Maharashtra,state,2019,,Quarterly,Jul-Sep,,"WPR (Worker Population Ratio, in per cent)",45.9,percent,urban,person,15 years and above,,,,,all_roles,workforce_baseline_only,0,"2025 survey redesign: do not concatenate pre/post redesign as homogeneous series; empty dimensions mean publisher unspecified, not all",data/raw/public_labour/public-labour-20261001-v2/data_f2_i2_y0.json,https://api.mospi.gov.in/api/plfs/getData?indicator_code=2&frequency_code=2&gender_code=3&age_code=1&sector_code=2&limit=200&page=1&state_code=16,rates
70,mospi_plfs_api,Maharashtra,state,2019,,Quarterly,Oct-Dec,,"WPR (Worker Population Ratio, in per cent)",46.4,percent,urban,person,15 years and above,,,,,all_roles,workforce_baseline_only,0,"2025 survey redesign: do not concatenate pre/post redesign as homogeneous series; empty dimensions mean publisher unspecified, not all",data/raw/public_labour/public-labour-20261001-v2/data_f2_i2_y0.json,https://api.mospi.gov.in/api/plfs/getData?indicator_code=2&frequency_code=2&gender_code=3&age_code=1&sector_code=2&limit=200&page=1&state_code=16,rates
71,mospi_plfs_api,Maharashtra,state,2019,,Quarterly,Jan-Mar,,"WPR (Worker Population Ratio, in per cent)",44.3,percent,urban,person,15 years and above,,,,,all_roles,workforce_baseline_only,0,"2025 survey redesign: do not concatenate pre/post redesign as homogeneous series; empty dimensions mean publisher unspecified, not all",data/raw/public_labour/public-labour-20261001-v2/data_f2_i2_y0.json,https://api.mospi.gov.in/api/plfs/getData?indicator_code=2&frequency_code=2&gender_code=3&age_code=1&sector_code=2&limit=200&page=1&state_code=16,rates
72,mospi_plfs_api,Maharashtra,state,2019,,Quarterly,Apr-Jun,,"WPR (Worker Population Ratio, in per cent)",44.1,percent,urban,person,15 years and above,,,,,all_roles,workforce_baseline_only,0,"2025 survey redesign: do not concatenate pre/post redesign as homogeneous series; empty dimensions mean publisher unspecified, not all",data/raw/public_labour/public-labour-20261001-v2/data_f2_i2_y0.json,https://api.mospi.gov.in/api/plfs/getData?indicator_code=2&frequency_code=2&gender_code=3&age_code=1&sector_code=2&limit=200&page=1&state_code=16,rates
73,mospi_plfs_api,Maharashtra,state,2020,,Quarterly,Jan-Mar,,"WPR (Worker Population Ratio, in per cent)",46.0,percent,urban,person,15 years and above,,,,,all_roles,workforce_baseline_only,0,"2025 survey redesign: do not concatenate pre/post redesign as homogeneous series; empty dimensions mean publisher unspecified, not all",data/raw/public_labour/public-labour-20261001-v2/data_f2_i2_y0.json,https://api.mospi.gov.in/api/plfs/getData?indicator_code=2&frequency_code=2&gender_code=3&age_code=1&sector_code=2&limit=200&page=1&state_code=16,rates
74,mospi_plfs_api,Maharashtra,state,2020,,Quarterly,Apr-Jun,,"WPR (Worker Population Ratio, in per cent)",29.8,percent,urban,person,15 years and above,,,,,all_roles,workforce_baseline_only,0,"2025 survey redesign: do not concatenate pre/post redesign as homogeneous series; empty dimensions mean publisher unspecified, not all",data/raw/public_labour/public-labour-20261001-v2/data_f2_i2_y0.json,https://api.mospi.gov.in/api/plfs/getData?indicator_code=2&frequency_code=2&gender_code=3&age_code=1&sector_code=2&limit=200&page=1&state_code=16,rates
75,mospi_plfs_api,Maharashtra,state,2020,,Quarterly,Jul-Sep,,"WPR (Worker Population Ratio, in per cent)",37.2,percent,urban,person,15 years and above,,,,,all_roles,workforce_baseline_only,0,"2025 survey redesign: do not concatenate pre/post redesign as homogeneous series; empty dimensions mean publisher unspecified, not all",data/raw/public_labour/public-labour-20261001-v2/data_f2_i2_y0.json,https://api.mospi.gov.in/api/plfs/getData?indicator_code=2&frequency_code=2&gender_code=3&age_code=1&sector_code=2&limit=200&page=1&state_code=16,rates
76,mospi_plfs_api,Maharashtra,state,2020,,Quarterly,Oct-Dec,,"WPR (Worker Population Ratio, in per cent)",37.4,percent,urban,person,15 years and above,,,,,all_roles,workforce_baseline_only,0,"2025 survey redesign: do not concatenate pre/post redesign as homogeneous series; empty dimensions mean publisher unspecified, not all",data/raw/public_labour/public-labour-20261001-v2/data_f2_i2_y0.json,https://api.mospi.gov.in/api/plfs/getData?indicator_code=2&frequency_code=2&gender_code=3&age_code=1&sector_code=2&limit=200&page=1&state_code=16,rates
77,mospi_plfs_api,Maharashtra,state,2021,,Quarterly,Jan-Mar,,"WPR (Worker Population Ratio, in per cent)",39.1,percent,urban,person,15 years and above,,,,,all_roles,workforce_baseline_only,0,"2025 survey redesign: do not concatenate pre/post redesign as homogeneous series; empty dimensions mean publisher unspecified, not all",data/raw/public_labour/public-labour-20261001-v2/data_f2_i2_y0.json,https://api.mospi.gov.in/api/plfs/getData?indicator_code=2&frequency_code=2&gender_code=3&age_code=1&sector_code=2&limit=200&page=1&state_code=16,rates
78,mospi_plfs_api,Maharashtra,state,2021,,Quarterly,Apr-Jun,,"WPR (Worker Population Ratio, in per cent)",39.2,percent,urban,person,15 years and above,,,,,all_roles,workforce_baseline_only,0,"2025 survey redesign: do not concatenate pre/post redesign as homogeneous series; empty dimensions mean publisher unspecified, not all",data/raw/public_labour/public-labour-20261001-v2/data_f2_i2_y0.json,https://api.mospi.gov.in/api/plfs/getData?indicator_code=2&frequency_code=2&gender_code=3&age_code=1&sector_code=2&limit=200&page=1&state_code=16,rates
79,mospi_plfs_api,Maharashtra,state,2021,,Quarterly,Jul-Sep,,"WPR (Worker Population Ratio, in per cent)",39.6,percent,urban,person,15 years and above,,,,,all_roles,workforce_baseline_only,0,"2025 survey redesign: do not concatenate pre/post redesign as homogeneous series; empty dimensions mean publisher unspecified, not all",data/raw/public_labour/public-labour-20261001-v2/data_f2_i2_y0.json,https://api.mospi.gov.in/api/plfs/getData?indicator_code=2&frequency_code=2&gender_code=3&age_code=1&sector_code=2&limit=200&page=1&state_code=16,rates
80,mospi_plfs_api,Maharashtra,state,2021,,Quarterly,Oct-Dec,,"WPR (Worker Population Ratio, in per cent)",42.0,percent,urban,person,15 years and above,,,,,all_roles,workforce_baseline_only,0,"2025 survey redesign: do not concatenate pre/post redesign as homogeneous series; empty dimensions mean publisher unspecified, not all",data/raw/public_labour/public-labour-20261001-v2/data_f2_i2_y0.json,https://api.mospi.gov.in/api/plfs/getData?indicator_code=2&frequency_code=2&gender_code=3&age_code=1&sector_code=2&limit=200&page=1&state_code=16,rates
81,mospi_plfs_api,Maharashtra,state,2022,,Quarterly,Jan-Mar,,"WPR (Worker Population Ratio, in per cent)",42.3,percent,urban,person,15 years and above,,,,,all_roles,workforce_baseline_only,0,"2025 survey redesign: do not concatenate pre/post redesign as homogeneous series; empty dimensions mean publisher unspecified, not all",data/raw/public_labour/public-labour-20261001-v2/data_f2_i2_y0.json,https://api.mospi.gov.in/api/plfs/getData?indicator_code=2&frequency_code=2&gender_code=3&age_code=1&sector_code=2&limit=200&page=1&state_code=16,rates
82,mospi_plfs_api,Maharashtra,state,2022,,Quarterly,Apr-Jun,,"WPR (Worker Population Ratio, in per cent)",41.2,percent,urban,person,15 years and above,,,,,all_roles,workforce_baseline_only,0,"2025 survey redesign: do not concatenate pre/post redesign as homogeneous series; empty dimensions mean publisher unspecified, not all",data/raw/public_labour/public-labour-20261001-v2/data_f2_i2_y0.json,https://api.mospi.gov.in/api/plfs/getData?indicator_code=2&frequency_code=2&gender_code=3&age_code=1&sector_code=2&limit=200&page=1&state_code=16,rates
83,mospi_plfs_api,Maharashtra,state,2022,,Quarterly,Jul-Sep,,"WPR (Worker Population Ratio, in per cent)",42.8,percent,urban,person,15 years and above,,,,,all_roles,workforce_baseline_only,0,"2025 survey redesign: do not concatenate pre/post redesign as homogeneous series; empty dimensions mean publisher unspecified, not all",data/raw/public_labour/public-labour-20261001-v2/data_f2_i2_y0.json,https://api.mospi.gov.in/api/plfs/getData?indicator_code=2&frequency_code=2&gender_code=3&age_code=1&sector_code=2&limit=200&page=1&state_code=16,rates
84,mospi_plfs_api,Maharashtra,state,2022,,Quarterly,Oct-Dec,,"WPR (Worker Population Ratio, in per cent)",43.0,percent,urban,person,15 years and above,,,,,all_roles,workforce_baseline_only,0,"2025 survey redesign: do not concatenate pre/post redesign as homogeneous series; empty dimensions mean publisher unspecified, not all",data/raw/public_labour/public-labour-20261001-v2/data_f2_i2_y0.json,https://api.mospi.gov.in/api/plfs/getData?indicator_code=2&frequency_code=2&gender_code=3&age_code=1&sector_code=2&limit=200&page=1&state_code=16,rates
85,mospi_plfs_api,Maharashtra,state,2023,,Quarterly,Jan-Mar,,"WPR (Worker Population Ratio, in per cent)",44.4,percent,urban,person,15 years and above,,,,,all_roles,workforce_baseline_only,0,"2025 survey redesign: do not concatenate pre/post redesign as homogeneous series; empty dimensions mean publisher unspecified, not all",data/raw/public_labour/public-labour-20261001-v2/data_f2_i2_y0.json,https://api.mospi.gov.in/api/plfs/getData?indicator_code=2&frequency_code=2&gender_code=3&age_code=1&sector_code=2&limit=200&page=1&state_code=16,rates
86,mospi_plfs_api,Maharashtra,state,2023,,Quarterly,Apr-Jun,,"WPR (Worker Population Ratio, in per cent)",44.9,percent,urban,person,15 years and above,,,,,all_roles,workforce_baseline_only,0,"2025 survey redesign: do not concatenate pre/post redesign as homogeneous series; empty dimensions mean publisher unspecified, not all",data/raw/public_labour/public-labour-20261001-v2/data_f2_i2_y0.json,https://api.mospi.gov.in/api/plfs/getData?indicator_code=2&frequency_code=2&gender_code=3&age_code=1&sector_code=2&limit=200&page=1&state_code=16,rates
87,mospi_plfs_api,Maharashtra,state,2023,,Quarterly,Jul-Sep,,"WPR (Worker Population Ratio, in per cent)",46.2,percent,urban,person,15 years and above,,,,,all_roles,workforce_baseline_only,0,"2025 survey redesign: do not concatenate pre/post redesign as homogeneous series; empty dimensions mean publisher unspecified, not all",data/raw/public_labour/public-labour-20261001-v2/data_f2_i2_y0.json,https://api.mospi.gov.in/api/plfs/getData?indicator_code=2&frequency_code=2&gender_code=3&age_code=1&sector_code=2&limit=200&page=1&state_code=16,rates
88,mospi_plfs_api,Maharashtra,state,2023,,Quarterly,Oct-Dec,,"WPR (Worker Population Ratio, in per cent)",46.8,percent,urban,person,15 years and above,,,,,all_roles,workforce_baseline_only,0,"2025 survey redesign: do not concatenate pre/post redesign as homogeneous series; empty dimensions mean publisher unspecified, not all",data/raw/public_labour/public-labour-20261001-v2/data_f2_i2_y0.json,https://api.mospi.gov.in/api/plfs/getData?indicator_code=2&frequency_code=2&gender_code=3&age_code=1&sector_code=2&limit=200&page=1&state_code=16,rates
89,mospi_plfs_api,Maharashtra,state,2024,,Quarterly,Jan-Mar,,"WPR (Worker Population Ratio, in per cent)",47.0,percent,urban,person,15 years and above,,,,,all_roles,workforce_baseline_only,0,"2025 survey redesign: do not concatenate pre/post redesign as homogeneous series; empty dimensions mean publisher unspecified, not all",data/raw/public_labour/public-labour-20261001-v2/data_f2_i2_y0.json,https://api.mospi.gov.in/api/plfs/getData?indicator_code=2&frequency_code=2&gender_code=3&age_code=1&sector_code=2&limit=200&page=1&state_code=16,rates
90,mospi_plfs_api,Maharashtra,state,2024,,Quarterly,Apr-Jun,,"WPR (Worker Population Ratio, in per cent)",47.0,percent,urban,person,15 years and above,,,,,all_roles,workforce_baseline_only,0,"2025 survey redesign: do not concatenate pre/post redesign as homogeneous series; empty dimensions mean publisher unspecified, not all",data/raw/public_labour/public-labour-20261001-v2/data_f2_i2_y0.json,https://api.mospi.gov.in/api/plfs/getData?indicator_code=2&frequency_code=2&gender_code=3&age_code=1&sector_code=2&limit=200&page=1&state_code=16,rates
91,mospi_plfs_api,Maharashtra,state,2024,,Quarterly,Jul-Sep,,"WPR (Worker Population Ratio, in per cent)",45.6,percent,urban,person,15 years and above,,,,,all_roles,workforce_baseline_only,0,"2025 survey redesign: do not concatenate pre/post redesign as homogeneous series; empty dimensions mean publisher unspecified, not all",data/raw/public_labour/public-labour-20261001-v2/data_f2_i2_y0.json,https://api.mospi.gov.in/api/plfs/getData?indicator_code=2&frequency_code=2&gender_code=3&age_code=1&sector_code=2&limit=200&page=1&state_code=16,rates
92,mospi_plfs_api,Maharashtra,state,2024,,Quarterly,Oct-Dec,,"WPR (Worker Population Ratio, in per cent)",45.6,percent,urban,person,15 years and above,,,,,all_roles,workforce_baseline_only,0,"2025 survey redesign: do not concatenate pre/post redesign as homogeneous series; empty dimensions mean publisher unspecified, not all",data/raw/public_labour/public-labour-20261001-v2/data_f2_i2_y0.json,https://api.mospi.gov.in/api/plfs/getData?indicator_code=2&frequency_code=2&gender_code=3&age_code=1&sector_code=2&limit=200&page=1&state_code=16,rates
93,mospi_plfs_api,Maharashtra,state,2025,,Quarterly,Jul-Sep,,"WPR (Worker Population Ratio, in per cent)",47.3,percent,urban,person,15 years and above,,,,,all_roles,workforce_baseline_only,0,"2025 survey redesign: do not concatenate pre/post redesign as homogeneous series; empty dimensions mean publisher unspecified, not all",data/raw/public_labour/public-labour-20261001-v2/data_f2_i2_y0.json,https://api.mospi.gov.in/api/plfs/getData?indicator_code=2&frequency_code=2&gender_code=3&age_code=1&sector_code=2&limit=200&page=1&state_code=16,rates
94,mospi_plfs_api,Maharashtra,state,2025,,Quarterly,Oct-Dec,,"WPR (Worker Population Ratio, in per cent)",46.9,percent,urban,person,15 years and above,,,,,all_roles,workforce_baseline_only,0,"2025 survey redesign: do not concatenate pre/post redesign as homogeneous series; empty dimensions mean publisher unspecified, not all",data/raw/public_labour/public-labour-20261001-v2/data_f2_i2_y0.json,https://api.mospi.gov.in/api/plfs/getData?indicator_code=2&frequency_code=2&gender_code=3&age_code=1&sector_code=2&limit=200&page=1&state_code=16,rates
95,mospi_plfs_api,Maharashtra,state,2025,,Quarterly,Apr-Jun,,"WPR (Worker Population Ratio, in per cent)",45.4,percent,urban,person,15 years and above,,,,,all_roles,workforce_baseline_only,0,"2025 survey redesign: do not concatenate pre/post redesign as homogeneous series; empty dimensions mean publisher unspecified, not all",data/raw/public_labour/public-labour-20261001-v2/data_f2_i2_y0.json,https://api.mospi.gov.in/api/plfs/getData?indicator_code=2&frequency_code=2&gender_code=3&age_code=1&sector_code=2&limit=200&page=1&state_code=16,rates
96,mospi_plfs_api,Maharashtra,state,2026,,Quarterly,Jan-Mar,,"WPR (Worker Population Ratio, in per cent)",47.7,percent,urban,person,15 years and above,,,,,all_roles,workforce_baseline_only,0,"2025 survey redesign: do not concatenate pre/post redesign as homogeneous series; empty dimensions mean publisher unspecified, not all",data/raw/public_labour/public-labour-20261001-v2/data_f2_i2_y0.json,https://api.mospi.gov.in/api/plfs/getData?indicator_code=2&frequency_code=2&gender_code=3&age_code=1&sector_code=2&limit=200&page=1&state_code=16,rates
97,mospi_plfs_api,Maharashtra,state,2026,,Quarterly,Apr-Jun,,"WPR (Worker Population Ratio, in per cent)",47.6,percent,urban,person,15 years and above,,,,,all_roles,workforce_baseline_only,0,"2025 survey redesign: do not concatenate pre/post redesign as homogeneous series; empty dimensions mean publisher unspecified, not all",data/raw/public_labour/public-labour-20261001-v2/data_f2_i2_y0.json,https://api.mospi.gov.in/api/plfs/getData?indicator_code=2&frequency_code=2&gender_code=3&age_code=1&sector_code=2&limit=200&page=1&state_code=16,rates
98,mospi_plfs_api,Maharashtra,state,2018,,Quarterly,Apr-Jun,,"UR (Unemployment Rate, in per cent)",8.9,percent,urban,person,15 years and above,,,,,all_roles,workforce_baseline_only,0,"2025 survey redesign: do not concatenate pre/post redesign as homogeneous series; empty dimensions mean publisher unspecified, not all",data/raw/public_labour/public-labour-20261001-v2/data_f2_i3_y0.json,https://api.mospi.gov.in/api/plfs/getData?indicator_code=3&frequency_code=2&gender_code=3&age_code=1&sector_code=2&limit=200&page=1&state_code=16,rates
99,mospi_plfs_api,Maharashtra,state,2018,,Quarterly,Jul-Sep,,"UR (Unemployment Rate, in per cent)",9.9,percent,urban,person,15 years and above,,,,,all_roles,workforce_baseline_only,0,"2025 survey redesign: do not concatenate pre/post redesign as homogeneous series; empty dimensions mean publisher unspecified, not all",data/raw/public_labour/public-labour-20261001-v2/data_f2_i3_y0.json,https://api.mospi.gov.in/api/plfs/getData?indicator_code=3&frequency_code=2&gender_code=3&age_code=1&sector_code=2&limit=200&page=1&state_code=16,rates
100,mospi_plfs_api,Maharashtra,state,2018,,Quarterly,Oct-Dec,,"UR (Unemployment Rate, in per cent)",9.6,percent,urban,person,15 years and above,,,,,all_roles,workforce_baseline_only,0,"2025 survey redesign: do not concatenate pre/post redesign as homogeneous series; empty dimensions mean publisher unspecified, not all",data/raw/public_labour/public-labour-20261001-v2/data_f2_i3_y0.json,https://api.mospi.gov.in/api/plfs/getData?indicator_code=3&frequency_code=2&gender_code=3&age_code=1&sector_code=2&limit=200&page=1&state_code=16,rates
101,mospi_plfs_api,Maharashtra,state,2019,,Quarterly,Jul-Sep,,"UR (Unemployment Rate, in per cent)",5.8,percent,urban,person,15 years and above,,,,,all_roles,workforce_baseline_only,0,"2025 survey redesign: do not concatenate pre/post redesign as homogeneous series; empty dimensions mean publisher unspecified, not all",data/raw/public_labour/public-labour-20261001-v2/data_f2_i3_y0.json,https://api.mospi.gov.in/api/plfs/getData?indicator_code=3&frequency_code=2&gender_code=3&age_code=1&sector_code=2&limit=200&page=1&state_code=16,rates
102,mospi_plfs_api,Maharashtra,state,2019,,Quarterly,Oct-Dec,,"UR (Unemployment Rate, in per cent)",5.5,percent,urban,person,15 years and above,,,,,all_roles,workforce_baseline_only,0,"2025 survey redesign: do not concatenate pre/post redesign as homogeneous series; empty dimensions mean publisher unspecified, not all",data/raw/public_labour/public-labour-20261001-v2/data_f2_i3_y0.json,https://api.mospi.gov.in/api/plfs/getData?indicator_code=3&frequency_code=2&gender_code=3&age_code=1&sector_code=2&limit=200&page=1&state_code=16,rates
103,mospi_plfs_api,Maharashtra,state,2019,,Quarterly,Jan-Mar,,"UR (Unemployment Rate, in per cent)",8.3,percent,urban,person,15 years and above,,,,,all_roles,workforce_baseline_only,0,"2025 survey redesign: do not concatenate pre/post redesign as homogeneous series; empty dimensions mean publisher unspecified, not all",data/raw/public_labour/public-labour-20261001-v2/data_f2_i3_y0.json,https://api.mospi.gov.in/api/plfs/getData?indicator_code=3&frequency_code=2&gender_code=3&age_code=1&sector_code=2&limit=200&page=1&state_code=16,rates
104,mospi_plfs_api,Maharashtra,state,2019,,Quarterly,Apr-Jun,,"UR (Unemployment Rate, in per cent)",14.6,percent,urban,person,15 years and above,,,,,all_roles,workforce_baseline_only,0,"2025 survey redesign: do not concatenate pre/post redesign as homogeneous series; empty dimensions mean publisher unspecified, not all",data/raw/public_labour/public-labour-20261001-v2/data_f2_i3_y0.json,https://api.mospi.gov.in/api/plfs/getData?indicator_code=3&frequency_code=2&gender_code=3&age_code=1&sector_code=2&limit=200&page=1&state_code=16,rates
105,mospi_plfs_api,Maharashtra,state,2020,,Quarterly,Jan-Mar,,"UR (Unemployment Rate, in per cent)",6.2,percent,urban,person,15 years and above,,,,,all_roles,workforce_baseline_only,0,"2025 survey redesign: do not concatenate pre/post redesign as homogeneous series; empty dimensions mean publisher unspecified, not all",data/raw/public_labour/public-labour-20261001-v2/data_f2_i3_y0.json,https://api.mospi.gov.in/api/plfs/getData?indicator_code=3&frequency_code=2&gender_code=3&age_code=1&sector_code=2&limit=200&page=1&state_code=16,rates
106,mospi_plfs_api,Maharashtra,state,2020,,Quarterly,Apr-Jun,,"UR (Unemployment Rate, in per cent)",35.5,percent,urban,person,15 years and above,,,,,all_roles,workforce_baseline_only,0,"2025 survey redesign: do not concatenate pre/post redesign as homogeneous series; empty dimensions mean publisher unspecified, not all",data/raw/public_labour/public-labour-20261001-v2/data_f2_i3_y0.json,https://api.mospi.gov.in/api/plfs/getData?indicator_code=3&frequency_code=2&gender_code=3&age_code=1&sector_code=2&limit=200&page=1&state_code=16,rates
107,mospi_plfs_api,Maharashtra,state,2020,,Quarterly,Jul-Sep,,"UR (Unemployment Rate, in per cent)",22.6,percent,urban,person,15 years and above,,,,,all_roles,workforce_baseline_only,0,"2025 survey redesign: do not concatenate pre/post redesign as homogeneous series; empty dimensions mean publisher unspecified, not all",data/raw/public_labour/public-labour-20261001-v2/data_f2_i3_y0.json,https://api.mospi.gov.in/api/plfs/getData?indicator_code=3&frequency_code=2&gender_code=3&age_code=1&sector_code=2&limit=200&page=1&state_code=16,rates
108,mospi_plfs_api,Maharashtra,state,2020,,Quarterly,Oct-Dec,,"UR (Unemployment Rate, in per cent)",15.1,percent,urban,person,15 years and above,,,,,all_roles,workforce_baseline_only,0,"2025 survey redesign: do not concatenate pre/post redesign as homogeneous series; empty dimensions mean publisher unspecified, not all",data/raw/public_labour/public-labour-20261001-v2/data_f2_i3_y0.json,https://api.mospi.gov.in/api/plfs/getData?indicator_code=3&frequency_code=2&gender_code=3&age_code=1&sector_code=2&limit=200&page=1&state_code=16,rates
109,mospi_plfs_api,Maharashtra,state,2021,,Quarterly,Jan-Mar,,"UR (Unemployment Rate, in per cent)",13.7,percent,urban,person,15 years and above,,,,,all_roles,workforce_baseline_only,0,"2025 survey redesign: do not concatenate pre/post redesign as homogeneous series; empty dimensions mean publisher unspecified, not all",data/raw/public_labour/public-labour-20261001-v2/data_f2_i3_y0.json,https://api.mospi.gov.in/api/plfs/getData?indicator_code=3&frequency_code=2&gender_code=3&age_code=1&sector_code=2&limit=200&page=1&state_code=16,rates
110,mospi_plfs_api,Maharashtra,state,2021,,Quarterly,Apr-Jun,,"UR (Unemployment Rate, in per cent)",14.3,percent,urban,person,15 years and above,,,,,all_roles,workforce_baseline_only,0,"2025 survey redesign: do not concatenate pre/post redesign as homogeneous series; empty dimensions mean publisher unspecified, not all",data/raw/public_labour/public-labour-20261001-v2/data_f2_i3_y0.json,https://api.mospi.gov.in/api/plfs/getData?indicator_code=3&frequency_code=2&gender_code=3&age_code=1&sector_code=2&limit=200&page=1&state_code=16,rates
111,mospi_plfs_api,Maharashtra,state,2021,,Quarterly,Jul-Sep,,"UR (Unemployment Rate, in per cent)",14.6,percent,urban,person,15 years and above,,,,,all_roles,workforce_baseline_only,0,"2025 survey redesign: do not concatenate pre/post redesign as homogeneous series; empty dimensions mean publisher unspecified, not all",data/raw/public_labour/public-labour-20261001-v2/data_f2_i3_y0.json,https://api.mospi.gov.in/api/plfs/getData?indicator_code=3&frequency_code=2&gender_code=3&age_code=1&sector_code=2&limit=200&page=1&state_code=16,rates
112,mospi_plfs_api,Maharashtra,state,2021,,Quarterly,Oct-Dec,,"UR (Unemployment Rate, in per cent)",14.0,percent,urban,person,15 years and above,,,,,all_roles,workforce_baseline_only,0,"2025 survey redesign: do not concatenate pre/post redesign as homogeneous series; empty dimensions mean publisher unspecified, not all",data/raw/public_labour/public-labour-20261001-v2/data_f2_i3_y0.json,https://api.mospi.gov.in/api/plfs/getData?indicator_code=3&frequency_code=2&gender_code=3&age_code=1&sector_code=2&limit=200&page=1&state_code=16,rates
113,mospi_plfs_api,Maharashtra,state,2022,,Quarterly,Jan-Mar,,"UR (Unemployment Rate, in per cent)",12.6,percent,urban,person,15 years and above,,,,,all_roles,workforce_baseline_only,0,"2025 survey redesign: do not concatenate pre/post redesign as homogeneous series; empty dimensions mean publisher unspecified, not all",data/raw/public_labour/public-labour-20261001-v2/data_f2_i3_y0.json,https://api.mospi.gov.in/api/plfs/getData?indicator_code=3&frequency_code=2&gender_code=3&age_code=1&sector_code=2&limit=200&page=1&state_code=16,rates
114,mospi_plfs_api,Maharashtra,state,2022,,Quarterly,Apr-Jun,,"UR (Unemployment Rate, in per cent)",11.4,percent,urban,person,15 years and above,,,,,all_roles,workforce_baseline_only,0,"2025 survey redesign: do not concatenate pre/post redesign as homogeneous series; empty dimensions mean publisher unspecified, not all",data/raw/public_labour/public-labour-20261001-v2/data_f2_i3_y0.json,https://api.mospi.gov.in/api/plfs/getData?indicator_code=3&frequency_code=2&gender_code=3&age_code=1&sector_code=2&limit=200&page=1&state_code=16,rates
115,mospi_plfs_api,Maharashtra,state,2022,,Quarterly,Jul-Sep,,"UR (Unemployment Rate, in per cent)",10.1,percent,urban,person,15 years and above,,,,,all_roles,workforce_baseline_only,0,"2025 survey redesign: do not concatenate pre/post redesign as homogeneous series; empty dimensions mean publisher unspecified, not all",data/raw/public_labour/public-labour-20261001-v2/data_f2_i3_y0.json,https://api.mospi.gov.in/api/plfs/getData?indicator_code=3&frequency_code=2&gender_code=3&age_code=1&sector_code=2&limit=200&page=1&state_code=16,rates
116,mospi_plfs_api,Maharashtra,state,2022,,Quarterly,Oct-Dec,,"UR (Unemployment Rate, in per cent)",9.8,percent,urban,person,15 years and above,,,,,all_roles,workforce_baseline_only,0,"2025 survey redesign: do not concatenate pre/post redesign as homogeneous series; empty dimensions mean publisher unspecified, not all",data/raw/public_labour/public-labour-20261001-v2/data_f2_i3_y0.json,https://api.mospi.gov.in/api/plfs/getData?indicator_code=3&frequency_code=2&gender_code=3&age_code=1&sector_code=2&limit=200&page=1&state_code=16,rates
117,mospi_plfs_api,Maharashtra,state,2023,,Quarterly,Jan-Mar,,"UR (Unemployment Rate, in per cent)",7.7,percent,urban,person,15 years and above,,,,,all_roles,workforce_baseline_only,0,"2025 survey redesign: do not concatenate pre/post redesign as homogeneous series; empty dimensions mean publisher unspecified, not all",data/raw/public_labour/public-labour-20261001-v2/data_f2_i3_y0.json,https://api.mospi.gov.in/api/plfs/getData?indicator_code=3&frequency_code=2&gender_code=3&age_code=1&sector_code=2&limit=200&page=1&state_code=16,rates
118,mospi_plfs_api,Maharashtra,state,2023,,Quarterly,Apr-Jun,,"UR (Unemployment Rate, in per cent)",6.7,percent,urban,person,15 years and above,,,,,all_roles,workforce_baseline_only,0,"2025 survey redesign: do not concatenate pre/post redesign as homogeneous series; empty dimensions mean publisher unspecified, not all",data/raw/public_labour/public-labour-20261001-v2/data_f2_i3_y0.json,https://api.mospi.gov.in/api/plfs/getData?indicator_code=3&frequency_code=2&gender_code=3&age_code=1&sector_code=2&limit=200&page=1&state_code=16,rates
119,mospi_plfs_api,Maharashtra,state,2023,,Quarterly,Jul-Sep,,"UR (Unemployment Rate, in per cent)",5.9,percent,urban,person,15 years and above,,,,,all_roles,workforce_baseline_only,0,"2025 survey redesign: do not concatenate pre/post redesign as homogeneous series; empty dimensions mean publisher unspecified, not all",data/raw/public_labour/public-labour-20261001-v2/data_f2_i3_y0.json,https://api.mospi.gov.in/api/plfs/getData?indicator_code=3&frequency_code=2&gender_code=3&age_code=1&sector_code=2&limit=200&page=1&state_code=16,rates
120,mospi_plfs_api,Maharashtra,state,2023,,Quarterly,Oct-Dec,,"UR (Unemployment Rate, in per cent)",7.1,percent,urban,person,15 years and above,,,,,all_roles,workforce_baseline_only,0,"2025 survey redesign: do not concatenate pre/post redesign as homogeneous series; empty dimensions mean publisher unspecified, not all",data/raw/public_labour/public-labour-20261001-v2/data_f2_i3_y0.json,https://api.mospi.gov.in/api/plfs/getData?indicator_code=3&frequency_code=2&gender_code=3&age_code=1&sector_code=2&limit=200&page=1&state_code=16,rates
121,mospi_plfs_api,Maharashtra,state,2024,,Quarterly,Jan-Mar,,"UR (Unemployment Rate, in per cent)",7.7,percent,urban,person,15 years and above,,,,,all_roles,workforce_baseline_only,0,"2025 survey redesign: do not concatenate pre/post redesign as homogeneous series; empty dimensions mean publisher unspecified, not all",data/raw/public_labour/public-labour-20261001-v2/data_f2_i3_y0.json,https://api.mospi.gov.in/api/plfs/getData?indicator_code=3&frequency_code=2&gender_code=3&age_code=1&sector_code=2&limit=200&page=1&state_code=16,rates
122,mospi_plfs_api,Maharashtra,state,2024,,Quarterly,Apr-Jun,,"UR (Unemployment Rate, in per cent)",9.2,percent,urban,person,15 years and above,,,,,all_roles,workforce_baseline_only,0,"2025 survey redesign: do not concatenate pre/post redesign as homogeneous series; empty dimensions mean publisher unspecified, not all",data/raw/public_labour/public-labour-20261001-v2/data_f2_i3_y0.json,https://api.mospi.gov.in/api/plfs/getData?indicator_code=3&frequency_code=2&gender_code=3&age_code=1&sector_code=2&limit=200&page=1&state_code=16,rates
123,mospi_plfs_api,Maharashtra,state,2024,,Quarterly,Jul-Sep,,"UR (Unemployment Rate, in per cent)",10.6,percent,urban,person,15 years and above,,,,,all_roles,workforce_baseline_only,0,"2025 survey redesign: do not concatenate pre/post redesign as homogeneous series; empty dimensions mean publisher unspecified, not all",data/raw/public_labour/public-labour-20261001-v2/data_f2_i3_y0.json,https://api.mospi.gov.in/api/plfs/getData?indicator_code=3&frequency_code=2&gender_code=3&age_code=1&sector_code=2&limit=200&page=1&state_code=16,rates
124,mospi_plfs_api,Maharashtra,state,2024,,Quarterly,Oct-Dec,,"UR (Unemployment Rate, in per cent)",8.7,percent,urban,person,15 years and above,,,,,all_roles,workforce_baseline_only,0,"2025 survey redesign: do not concatenate pre/post redesign as homogeneous series; empty dimensions mean publisher unspecified, not all",data/raw/public_labour/public-labour-20261001-v2/data_f2_i3_y0.json,https://api.mospi.gov.in/api/plfs/getData?indicator_code=3&frequency_code=2&gender_code=3&age_code=1&sector_code=2&limit=200&page=1&state_code=16,rates
125,mospi_plfs_api,Maharashtra,state,2025,,Quarterly,Jul-Sep,,"UR (Unemployment Rate, in per cent)",7.2,percent,urban,person,15 years and above,,,,,all_roles,workforce_baseline_only,0,"2025 survey redesign: do not concatenate pre/post redesign as homogeneous series; empty dimensions mean publisher unspecified, not all",data/raw/public_labour/public-labour-20261001-v2/data_f2_i3_y0.json,https://api.mospi.gov.in/api/plfs/getData?indicator_code=3&frequency_code=2&gender_code=3&age_code=1&sector_code=2&limit=200&page=1&state_code=16,rates
126,mospi_plfs_api,Maharashtra,state,2025,,Quarterly,Oct-Dec,,"UR (Unemployment Rate, in per cent)",6.3,percent,urban,person,15 years and above,,,,,all_roles,workforce_baseline_only,0,"2025 survey redesign: do not concatenate pre/post redesign as homogeneous series; empty dimensions mean publisher unspecified, not all",data/raw/public_labour/public-labour-20261001-v2/data_f2_i3_y0.json,https://api.mospi.gov.in/api/plfs/getData?indicator_code=3&frequency_code=2&gender_code=3&age_code=1&sector_code=2&limit=200&page=1&state_code=16,rates
127,mospi_plfs_api,Maharashtra,state,2025,,Quarterly,Apr-Jun,,"UR (Unemployment Rate, in per cent)",8.9,percent,urban,person,15 years and above,,,,,all_roles,workforce_baseline_only,0,"2025 survey redesign: do not concatenate pre/post redesign as homogeneous series; empty dimensions mean publisher unspecified, not all",data/raw/public_labour/public-labour-20261001-v2/data_f2_i3_y0.json,https://api.mospi.gov.in/api/plfs/getData?indicator_code=3&frequency_code=2&gender_code=3&age_code=1&sector_code=2&limit=200&page=1&state_code=16,rates
128,mospi_plfs_api,Maharashtra,state,2026,,Quarterly,Jan-Mar,,"UR (Unemployment Rate, in per cent)",6.2,percent,urban,person,15 years and above,,,,,all_roles,workforce_baseline_only,0,"2025 survey redesign: do not concatenate pre/post redesign as homogeneous series; empty dimensions mean publisher unspecified, not all",data/raw/public_labour/public-labour-20261001-v2/data_f2_i3_y0.json,https://api.mospi.gov.in/api/plfs/getData?indicator_code=3&frequency_code=2&gender_code=3&age_code=1&sector_code=2&limit=200&page=1&state_code=16,rates
129,mospi_plfs_api,Maharashtra,state,2026,,Quarterly,Apr-Jun,,"UR (Unemployment Rate, in per cent)",5.6,percent,urban,person,15 years and above,,,,,all_roles,workforce_baseline_only,0,"2025 survey redesign: do not concatenate pre/post redesign as homogeneous series; empty dimensions mean publisher unspecified, not all",data/raw/public_labour/public-labour-20261001-v2/data_f2_i3_y0.json,https://api.mospi.gov.in/api/plfs/getData?indicator_code=3&frequency_code=2&gender_code=3&age_code=1&sector_code=2&limit=200&page=1&state_code=16,rates
130,mospi_plfs_api,All India,national,2025,,Monthly,,December,"LFPR (Labour Force Participation Rate, in per cent)",50.2,percent,urban,person,15 years and above,,,,,all_roles,workforce_baseline_only,0,"2025 survey redesign: do not concatenate pre/post redesign as homogeneous series; empty dimensions mean publisher unspecified, not all",data/raw/public_labour/public-labour-20261001-v2/data_f3_i1_y0.json,https://api.mospi.gov.in/api/plfs/getData?indicator_code=1&frequency_code=3&gender_code=3&age_code=1&sector_code=2&limit=200&page=1,rates
131,mospi_plfs_api,All India,national,2025,,Monthly,,November,"LFPR (Labour Force Participation Rate, in per cent)",50.4,percent,urban,person,15 years and above,,,,,all_roles,workforce_baseline_only,0,"2025 survey redesign: do not concatenate pre/post redesign as homogeneous series; empty dimensions mean publisher unspecified, not all",data/raw/public_labour/public-labour-20261001-v2/data_f3_i1_y0.json,https://api.mospi.gov.in/api/plfs/getData?indicator_code=1&frequency_code=3&gender_code=3&age_code=1&sector_code=2&limit=200&page=1,rates
132,mospi_plfs_api,All India,national,2025,,Monthly,,October,"LFPR (Labour Force Participation Rate, in per cent)",50.5,percent,urban,person,15 years and above,,,,,all_roles,workforce_baseline_only,0,"2025 survey redesign: do not concatenate pre/post redesign as homogeneous series; empty dimensions mean publisher unspecified, not all",data/raw/public_labour/public-labour-20261001-v2/data_f3_i1_y0.json,https://api.mospi.gov.in/api/plfs/getData?indicator_code=1&frequency_code=3&gender_code=3&age_code=1&sector_code=2&limit=200&page=1,rates
133,mospi_plfs_api,All India,national,2025,,Monthly,,September,"LFPR (Labour Force Participation Rate, in per cent)",50.9,percent,urban,person,15 years and above,,,,,all_roles,workforce_baseline_only,0,"2025 survey redesign: do not concatenate pre/post redesign as homogeneous series; empty dimensions mean publisher unspecified, not all",data/raw/public_labour/public-labour-20261001-v2/data_f3_i1_y0.json,https://api.mospi.gov.in/api/plfs/getData?indicator_code=1&frequency_code=3&gender_code=3&age_code=1&sector_code=2&limit=200&page=1,rates
134,mospi_plfs_api,All India,national,2025,,Monthly,,August,"LFPR (Labour Force Participation Rate, in per cent)",50.9,percent,urban,person,15 years and above,,,,,all_roles,workforce_baseline_only,0,"2025 survey redesign: do not concatenate pre/post redesign as homogeneous series; empty dimensions mean publisher unspecified, not all",data/raw/public_labour/public-labour-20261001-v2/data_f3_i1_y0.json,https://api.mospi.gov.in/api/plfs/getData?indicator_code=1&frequency_code=3&gender_code=3&age_code=1&sector_code=2&limit=200&page=1,rates
135,mospi_plfs_api,All India,national,2025,,Monthly,,July,"LFPR (Labour Force Participation Rate, in per cent)",50.7,percent,urban,person,15 years and above,,,,,all_roles,workforce_baseline_only,0,"2025 survey redesign: do not concatenate pre/post redesign as homogeneous series; empty dimensions mean publisher unspecified, not all",data/raw/public_labour/public-labour-20261001-v2/data_f3_i1_y0.json,https://api.mospi.gov.in/api/plfs/getData?indicator_code=1&frequency_code=3&gender_code=3&age_code=1&sector_code=2&limit=200&page=1,rates
136,mospi_plfs_api,All India,national,2025,,Monthly,,June,"LFPR (Labour Force Participation Rate, in per cent)",50.4,percent,urban,person,15 years and above,,,,,all_roles,workforce_baseline_only,0,"2025 survey redesign: do not concatenate pre/post redesign as homogeneous series; empty dimensions mean publisher unspecified, not all",data/raw/public_labour/public-labour-20261001-v2/data_f3_i1_y0.json,https://api.mospi.gov.in/api/plfs/getData?indicator_code=1&frequency_code=3&gender_code=3&age_code=1&sector_code=2&limit=200&page=1,rates
137,mospi_plfs_api,All India,national,2025,,Monthly,,May,"LFPR (Labour Force Participation Rate, in per cent)",50.4,percent,urban,person,15 years and above,,,,,all_roles,workforce_baseline_only,0,"2025 survey redesign: do not concatenate pre/post redesign as homogeneous series; empty dimensions mean publisher unspecified, not all",data/raw/public_labour/public-labour-20261001-v2/data_f3_i1_y0.json,https://api.mospi.gov.in/api/plfs/getData?indicator_code=1&frequency_code=3&gender_code=3&age_code=1&sector_code=2&limit=200&page=1,rates
138,mospi_plfs_api,All India,national,2025,,Monthly,,April,"LFPR (Labour Force Participation Rate, in per cent)",50.7,percent,urban,person,15 years and above,,,,,all_roles,workforce_baseline_only,0,"2025 survey redesign: do not concatenate pre/post redesign as homogeneous series; empty dimensions mean publisher unspecified, not all",data/raw/public_labour/public-labour-20261001-v2/data_f3_i1_y0.json,https://api.mospi.gov.in/api/plfs/getData?indicator_code=1&frequency_code=3&gender_code=3&age_code=1&sector_code=2&limit=200&page=1,rates
139,mospi_plfs_api,All India,national,2026,,Monthly,,August,"LFPR (Labour Force Participation Rate, in per cent)",50.4,percent,urban,person,15 years and above,,,,,all_roles,workforce_baseline_only,0,"2025 survey redesign: do not concatenate pre/post redesign as homogeneous series; empty dimensions mean publisher unspecified, not all",data/raw/public_labour/public-labour-20261001-v2/data_f3_i1_y0.json,https://api.mospi.gov.in/api/plfs/getData?indicator_code=1&frequency_code=3&gender_code=3&age_code=1&sector_code=2&limit=200&page=1,rates
140,mospi_plfs_api,All India,national,2026,,Monthly,,July,"LFPR (Labour Force Participation Rate, in per cent)",50.4,percent,urban,person,15 years and above,,,,,all_roles,workforce_baseline_only,0,"2025 survey redesign: do not concatenate pre/post redesign as homogeneous series; empty dimensions mean publisher unspecified, not all",data/raw/public_labour/public-labour-20261001-v2/data_f3_i1_y0.json,https://api.mospi.gov.in/api/plfs/getData?indicator_code=1&frequency_code=3&gender_code=3&age_code=1&sector_code=2&limit=200&page=1,rates
141,mospi_plfs_api,All India,national,2026,,Monthly,,June,"LFPR (Labour Force Participation Rate, in per cent)",50.1,percent,urban,person,15 years and above,,,,,all_roles,workforce_baseline_only,0,"2025 survey redesign: do not concatenate pre/post redesign as homogeneous series; empty dimensions mean publisher unspecified, not all",data/raw/public_labour/public-labour-20261001-v2/data_f3_i1_y0.json,https://api.mospi.gov.in/api/plfs/getData?indicator_code=1&frequency_code=3&gender_code=3&age_code=1&sector_code=2&limit=200&page=1,rates
142,mospi_plfs_api,All India,national,2026,,Monthly,,May,"LFPR (Labour Force Participation Rate, in per cent)",49.8,percent,urban,person,15 years and above,,,,,all_roles,workforce_baseline_only,0,"2025 survey redesign: do not concatenate pre/post redesign as homogeneous series; empty dimensions mean publisher unspecified, not all",data/raw/public_labour/public-labour-20261001-v2/data_f3_i1_y0.json,https://api.mospi.gov.in/api/plfs/getData?indicator_code=1&frequency_code=3&gender_code=3&age_code=1&sector_code=2&limit=200&page=1,rates
143,mospi_plfs_api,All India,national,2026,,Monthly,,April,"LFPR (Labour Force Participation Rate, in per cent)",50.1,percent,urban,person,15 years and above,,,,,all_roles,workforce_baseline_only,0,"2025 survey redesign: do not concatenate pre/post redesign as homogeneous series; empty dimensions mean publisher unspecified, not all",data/raw/public_labour/public-labour-20261001-v2/data_f3_i1_y0.json,https://api.mospi.gov.in/api/plfs/getData?indicator_code=1&frequency_code=3&gender_code=3&age_code=1&sector_code=2&limit=200&page=1,rates
144,mospi_plfs_api,All India,national,2026,,Monthly,,March,"LFPR (Labour Force Participation Rate, in per cent)",50.3,percent,urban,person,15 years and above,,,,,all_roles,workforce_baseline_only,0,"2025 survey redesign: do not concatenate pre/post redesign as homogeneous series; empty dimensions mean publisher unspecified, not all",data/raw/public_labour/public-labour-20261001-v2/data_f3_i1_y0.json,https://api.mospi.gov.in/api/plfs/getData?indicator_code=1&frequency_code=3&gender_code=3&age_code=1&sector_code=2&limit=200&page=1,rates
145,mospi_plfs_api,All India,national,2026,,Monthly,,February,"LFPR (Labour Force Participation Rate, in per cent)",50.4,percent,urban,person,15 years and above,,,,,all_roles,workforce_baseline_only,0,"2025 survey redesign: do not concatenate pre/post redesign as homogeneous series; empty dimensions mean publisher unspecified, not all",data/raw/public_labour/public-labour-20261001-v2/data_f3_i1_y0.json,https://api.mospi.gov.in/api/plfs/getData?indicator_code=1&frequency_code=3&gender_code=3&age_code=1&sector_code=2&limit=200&page=1,rates
146,mospi_plfs_api,All India,national,2026,,Monthly,,January,"LFPR (Labour Force Participation Rate, in per cent)",50.3,percent,urban,person,15 years and above,,,,,all_roles,workforce_baseline_only,0,"2025 survey redesign: do not concatenate pre/post redesign as homogeneous series; empty dimensions mean publisher unspecified, not all",data/raw/public_labour/public-labour-20261001-v2/data_f3_i1_y0.json,https://api.mospi.gov.in/api/plfs/getData?indicator_code=1&frequency_code=3&gender_code=3&age_code=1&sector_code=2&limit=200&page=1,rates
147,mospi_plfs_api,All India,national,2025,,Monthly,,December,"WPR (Worker Population Ratio, in per cent)",46.8,percent,urban,person,15 years and above,,,,,all_roles,workforce_baseline_only,0,"2025 survey redesign: do not concatenate pre/post redesign as homogeneous series; empty dimensions mean publisher unspecified, not all",data/raw/public_labour/public-labour-20261001-v2/data_f3_i2_y0.json,https://api.mospi.gov.in/api/plfs/getData?indicator_code=2&frequency_code=3&gender_code=3&age_code=1&sector_code=2&limit=200&page=1,rates
148,mospi_plfs_api,All India,national,2025,,Monthly,,November,"WPR (Worker Population Ratio, in per cent)",47.1,percent,urban,person,15 years and above,,,,,all_roles,workforce_baseline_only,0,"2025 survey redesign: do not concatenate pre/post redesign as homogeneous series; empty dimensions mean publisher unspecified, not all",data/raw/public_labour/public-labour-20261001-v2/data_f3_i2_y0.json,https://api.mospi.gov.in/api/plfs/getData?indicator_code=2&frequency_code=3&gender_code=3&age_code=1&sector_code=2&limit=200&page=1,rates
149,mospi_plfs_api,All India,national,2025,,Monthly,,October,"WPR (Worker Population Ratio, in per cent)",47.0,percent,urban,person,15 years and above,,,,,all_roles,workforce_baseline_only,0,"2025 survey redesign: do not concatenate pre/post redesign as homogeneous series; empty dimensions mean publisher unspecified, not all",data/raw/public_labour/public-labour-20261001-v2/data_f3_i2_y0.json,https://api.mospi.gov.in/api/plfs/getData?indicator_code=2&frequency_code=3&gender_code=3&age_code=1&sector_code=2&limit=200&page=1,rates
150,mospi_plfs_api,All India,national,2025,,Monthly,,September,"WPR (Worker Population Ratio, in per cent)",47.4,percent,urban,person,15 years and above,,,,,all_roles,workforce_baseline_only,0,"2025 survey redesign: do not concatenate pre/post redesign as homogeneous series; empty dimensions mean publisher unspecified, not all",data/raw/public_labour/public-labour-20261001-v2/data_f3_i2_y0.json,https://api.mospi.gov.in/api/plfs/getData?indicator_code=2&frequency_code=3&gender_code=3&age_code=1&sector_code=2&limit=200&page=1,rates
151,mospi_plfs_api,All India,national,2025,,Monthly,,August,"WPR (Worker Population Ratio, in per cent)",47.5,percent,urban,person,15 years and above,,,,,all_roles,workforce_baseline_only,0,"2025 survey redesign: do not concatenate pre/post redesign as homogeneous series; empty dimensions mean publisher unspecified, not all",data/raw/public_labour/public-labour-20261001-v2/data_f3_i2_y0.json,https://api.mospi.gov.in/api/plfs/getData?indicator_code=2&frequency_code=3&gender_code=3&age_code=1&sector_code=2&limit=200&page=1,rates
152,mospi_plfs_api,All India,national,2025,,Monthly,,July,"WPR (Worker Population Ratio, in per cent)",47.0,percent,urban,person,15 years and above,,,,,all_roles,workforce_baseline_only,0,"2025 survey redesign: do not concatenate pre/post redesign as homogeneous series; empty dimensions mean publisher unspecified, not all",data/raw/public_labour/public-labour-20261001-v2/data_f3_i2_y0.json,https://api.mospi.gov.in/api/plfs/getData?indicator_code=2&frequency_code=3&gender_code=3&age_code=1&sector_code=2&limit=200&page=1,rates
153,mospi_plfs_api,All India,national,2025,,Monthly,,June,"WPR (Worker Population Ratio, in per cent)",46.8,percent,urban,person,15 years and above,,,,,all_roles,workforce_baseline_only,0,"2025 survey redesign: do not concatenate pre/post redesign as homogeneous series; empty dimensions mean publisher unspecified, not all",data/raw/public_labour/public-labour-20261001-v2/data_f3_i2_y0.json,https://api.mospi.gov.in/api/plfs/getData?indicator_code=2&frequency_code=3&gender_code=3&age_code=1&sector_code=2&limit=200&page=1,rates
154,mospi_plfs_api,All India,national,2025,,Monthly,,May,"WPR (Worker Population Ratio, in per cent)",46.9,percent,urban,person,15 years and above,,,,,all_roles,workforce_baseline_only,0,"2025 survey redesign: do not concatenate pre/post redesign as homogeneous series; empty dimensions mean publisher unspecified, not all",data/raw/public_labour/public-labour-20261001-v2/data_f3_i2_y0.json,https://api.mospi.gov.in/api/plfs/getData?indicator_code=2&frequency_code=3&gender_code=3&age_code=1&sector_code=2&limit=200&page=1,rates
155,mospi_plfs_api,All India,national,2025,,Monthly,,April,"WPR (Worker Population Ratio, in per cent)",47.4,percent,urban,person,15 years and above,,,,,all_roles,workforce_baseline_only,0,"2025 survey redesign: do not concatenate pre/post redesign as homogeneous series; empty dimensions mean publisher unspecified, not all",data/raw/public_labour/public-labour-20261001-v2/data_f3_i2_y0.json,https://api.mospi.gov.in/api/plfs/getData?indicator_code=2&frequency_code=3&gender_code=3&age_code=1&sector_code=2&limit=200&page=1,rates
156,mospi_plfs_api,All India,national,2026,,Monthly,,August,"WPR (Worker Population Ratio, in per cent)",47.0,percent,urban,person,15 years and above,,,,,all_roles,workforce_baseline_only,0,"2025 survey redesign: do not concatenate pre/post redesign as homogeneous series; empty dimensions mean publisher unspecified, not all",data/raw/public_labour/public-labour-20261001-v2/data_f3_i2_y0.json,https://api.mospi.gov.in/api/plfs/getData?indicator_code=2&frequency_code=3&gender_code=3&age_code=1&sector_code=2&limit=200&page=1,rates
157,mospi_plfs_api,All India,national,2026,,Monthly,,July,"WPR (Worker Population Ratio, in per cent)",47.0,percent,urban,person,15 years and above,,,,,all_roles,workforce_baseline_only,0,"2025 survey redesign: do not concatenate pre/post redesign as homogeneous series; empty dimensions mean publisher unspecified, not all",data/raw/public_labour/public-labour-20261001-v2/data_f3_i2_y0.json,https://api.mospi.gov.in/api/plfs/getData?indicator_code=2&frequency_code=3&gender_code=3&age_code=1&sector_code=2&limit=200&page=1,rates
158,mospi_plfs_api,All India,national,2026,,Monthly,,June,"WPR (Worker Population Ratio, in per cent)",46.8,percent,urban,person,15 years and above,,,,,all_roles,workforce_baseline_only,0,"2025 survey redesign: do not concatenate pre/post redesign as homogeneous series; empty dimensions mean publisher unspecified, not all",data/raw/public_labour/public-labour-20261001-v2/data_f3_i2_y0.json,https://api.mospi.gov.in/api/plfs/getData?indicator_code=2&frequency_code=3&gender_code=3&age_code=1&sector_code=2&limit=200&page=1,rates
159,mospi_plfs_api,All India,national,2026,,Monthly,,May,"WPR (Worker Population Ratio, in per cent)",46.6,percent,urban,person,15 years and above,,,,,all_roles,workforce_baseline_only,0,"2025 survey redesign: do not concatenate pre/post redesign as homogeneous series; empty dimensions mean publisher unspecified, not all",data/raw/public_labour/public-labour-20261001-v2/data_f3_i2_y0.json,https://api.mospi.gov.in/api/plfs/getData?indicator_code=2&frequency_code=3&gender_code=3&age_code=1&sector_code=2&limit=200&page=1,rates
160,mospi_plfs_api,All India,national,2026,,Monthly,,April,"WPR (Worker Population Ratio, in per cent)",46.8,percent,urban,person,15 years and above,,,,,all_roles,workforce_baseline_only,0,"2025 survey redesign: do not concatenate pre/post redesign as homogeneous series; empty dimensions mean publisher unspecified, not all",data/raw/public_labour/public-labour-20261001-v2/data_f3_i2_y0.json,https://api.mospi.gov.in/api/plfs/getData?indicator_code=2&frequency_code=3&gender_code=3&age_code=1&sector_code=2&limit=200&page=1,rates
161,mospi_plfs_api,All India,national,2026,,Monthly,,March,"WPR (Worker Population Ratio, in per cent)",46.8,percent,urban,person,15 years and above,,,,,all_roles,workforce_baseline_only,0,"2025 survey redesign: do not concatenate pre/post redesign as homogeneous series; empty dimensions mean publisher unspecified, not all",data/raw/public_labour/public-labour-20261001-v2/data_f3_i2_y0.json,https://api.mospi.gov.in/api/plfs/getData?indicator_code=2&frequency_code=3&gender_code=3&age_code=1&sector_code=2&limit=200&page=1,rates
162,mospi_plfs_api,All India,national,2026,,Monthly,,February,"WPR (Worker Population Ratio, in per cent)",47.0,percent,urban,person,15 years and above,,,,,all_roles,workforce_baseline_only,0,"2025 survey redesign: do not concatenate pre/post redesign as homogeneous series; empty dimensions mean publisher unspecified, not all",data/raw/public_labour/public-labour-20261001-v2/data_f3_i2_y0.json,https://api.mospi.gov.in/api/plfs/getData?indicator_code=2&frequency_code=3&gender_code=3&age_code=1&sector_code=2&limit=200&page=1,rates
163,mospi_plfs_api,All India,national,2026,,Monthly,,January,"WPR (Worker Population Ratio, in per cent)",46.8,percent,urban,person,15 years and above,,,,,all_roles,workforce_baseline_only,0,"2025 survey redesign: do not concatenate pre/post redesign as homogeneous series; empty dimensions mean publisher unspecified, not all",data/raw/public_labour/public-labour-20261001-v2/data_f3_i2_y0.json,https://api.mospi.gov.in/api/plfs/getData?indicator_code=2&frequency_code=3&gender_code=3&age_code=1&sector_code=2&limit=200&page=1,rates
164,mospi_plfs_api,All India,national,2025,,Monthly,,December,"UR (Unemployment Rate, in per cent)",6.7,percent,urban,person,15 years and above,,,,,all_roles,workforce_baseline_only,0,"2025 survey redesign: do not concatenate pre/post redesign as homogeneous series; empty dimensions mean publisher unspecified, not all",data/raw/public_labour/public-labour-20261001-v2/data_f3_i3_y0.json,https://api.mospi.gov.in/api/plfs/getData?indicator_code=3&frequency_code=3&gender_code=3&age_code=1&sector_code=2&limit=200&page=1,rates
165,mospi_plfs_api,All India,national,2025,,Monthly,,November,"UR (Unemployment Rate, in per cent)",6.5,percent,urban,person,15 years and above,,,,,all_roles,workforce_baseline_only,0,"2025 survey redesign: do not concatenate pre/post redesign as homogeneous series; empty dimensions mean publisher unspecified, not all",data/raw/public_labour/public-labour-20261001-v2/data_f3_i3_y0.json,https://api.mospi.gov.in/api/plfs/getData?indicator_code=3&frequency_code=3&gender_code=3&age_code=1&sector_code=2&limit=200&page=1,rates
166,mospi_plfs_api,All India,national,2025,,Monthly,,October,"UR (Unemployment Rate, in per cent)",7.0,percent,urban,person,15 years and above,,,,,all_roles,workforce_baseline_only,0,"2025 survey redesign: do not concatenate pre/post redesign as homogeneous series; empty dimensions mean publisher unspecified, not all",data/raw/public_labour/public-labour-20261001-v2/data_f3_i3_y0.json,https://api.mospi.gov.in/api/plfs/getData?indicator_code=3&frequency_code=3&gender_code=3&age_code=1&sector_code=2&limit=200&page=1,rates
167,mospi_plfs_api,All India,national,2025,,Monthly,,September,"UR (Unemployment Rate, in per cent)",6.8,percent,urban,person,15 years and above,,,,,all_roles,workforce_baseline_only,0,"2025 survey redesign: do not concatenate pre/post redesign as homogeneous series; empty dimensions mean publisher unspecified, not all",data/raw/public_labour/public-labour-20261001-v2/data_f3_i3_y0.json,https://api.mospi.gov.in/api/plfs/getData?indicator_code=3&frequency_code=3&gender_code=3&age_code=1&sector_code=2&limit=200&page=1,rates
168,mospi_plfs_api,All India,national,2025,,Monthly,,August,"UR (Unemployment Rate, in per cent)",6.7,percent,urban,person,15 years and above,,,,,all_roles,workforce_baseline_only,0,"2025 survey redesign: do not concatenate pre/post redesign as homogeneous series; empty dimensions mean publisher unspecified, not all",data/raw/public_labour/public-labour-20261001-v2/data_f3_i3_y0.json,https://api.mospi.gov.in/api/plfs/getData?indicator_code=3&frequency_code=3&gender_code=3&age_code=1&sector_code=2&limit=200&page=1,rates
169,mospi_plfs_api,All India,national,2025,,Monthly,,July,"UR (Unemployment Rate, in per cent)",7.2,percent,urban,person,15 years and above,,,,,all_roles,workforce_baseline_only,0,"2025 survey redesign: do not concatenate pre/post redesign as homogeneous series; empty dimensions mean publisher unspecified, not all",data/raw/public_labour/public-labour-20261001-v2/data_f3_i3_y0.json,https://api.mospi.gov.in/api/plfs/getData?indicator_code=3&frequency_code=3&gender_code=3&age_code=1&sector_code=2&limit=200&page=1,rates
170,mospi_plfs_api,All India,national,2025,,Monthly,,June,"UR (Unemployment Rate, in per cent)",7.1,percent,urban,person,15 years and above,,,,,all_roles,workforce_baseline_only,0,"2025 survey redesign: do not concatenate pre/post redesign as homogeneous series; empty dimensions mean publisher unspecified, not all",data/raw/public_labour/public-labour-20261001-v2/data_f3_i3_y0.json,https://api.mospi.gov.in/api/plfs/getData?indicator_code=3&frequency_code=3&gender_code=3&age_code=1&sector_code=2&limit=200&page=1,rates
171,mospi_plfs_api,All India,national,2025,,Monthly,,May,"UR (Unemployment Rate, in per cent)",6.9,percent,urban,person,15 years and above,,,,,all_roles,workforce_baseline_only,0,"2025 survey redesign: do not concatenate pre/post redesign as homogeneous series; empty dimensions mean publisher unspecified, not all",data/raw/public_labour/public-labour-20261001-v2/data_f3_i3_y0.json,https://api.mospi.gov.in/api/plfs/getData?indicator_code=3&frequency_code=3&gender_code=3&age_code=1&sector_code=2&limit=200&page=1,rates
172,mospi_plfs_api,All India,national,2025,,Monthly,,April,"UR (Unemployment Rate, in per cent)",6.5,percent,urban,person,15 years and above,,,,,all_roles,workforce_baseline_only,0,"2025 survey redesign: do not concatenate pre/post redesign as homogeneous series; empty dimensions mean publisher unspecified, not all",data/raw/public_labour/public-labour-20261001-v2/data_f3_i3_y0.json,https://api.mospi.gov.in/api/plfs/getData?indicator_code=3&frequency_code=3&gender_code=3&age_code=1&sector_code=2&limit=200&page=1,rates
173,mospi_plfs_api,All India,national,2026,,Monthly,,August,"UR (Unemployment Rate, in per cent)",6.8,percent,urban,person,15 years and above,,,,,all_roles,workforce_baseline_only,0,"2025 survey redesign: do not concatenate pre/post redesign as homogeneous series; empty dimensions mean publisher unspecified, not all",data/raw/public_labour/public-labour-20261001-v2/data_f3_i3_y0.json,https://api.mospi.gov.in/api/plfs/getData?indicator_code=3&frequency_code=3&gender_code=3&age_code=1&sector_code=2&limit=200&page=1,rates
174,mospi_plfs_api,All India,national,2026,,Monthly,,July,"UR (Unemployment Rate, in per cent)",6.7,percent,urban,person,15 years and above,,,,,all_roles,workforce_baseline_only,0,"2025 survey redesign: do not concatenate pre/post redesign as homogeneous series; empty dimensions mean publisher unspecified, not all",data/raw/public_labour/public-labour-20261001-v2/data_f3_i3_y0.json,https://api.mospi.gov.in/api/plfs/getData?indicator_code=3&frequency_code=3&gender_code=3&age_code=1&sector_code=2&limit=200&page=1,rates
175,mospi_plfs_api,All India,national,2026,,Monthly,,June,"UR (Unemployment Rate, in per cent)",6.6,percent,urban,person,15 years and above,,,,,all_roles,workforce_baseline_only,0,"2025 survey redesign: do not concatenate pre/post redesign as homogeneous series; empty dimensions mean publisher unspecified, not all",data/raw/public_labour/public-labour-20261001-v2/data_f3_i3_y0.json,https://api.mospi.gov.in/api/plfs/getData?indicator_code=3&frequency_code=3&gender_code=3&age_code=1&sector_code=2&limit=200&page=1,rates
176,mospi_plfs_api,All India,national,2026,,Monthly,,May,"UR (Unemployment Rate, in per cent)",6.4,percent,urban,person,15 years and above,,,,,all_roles,workforce_baseline_only,0,"2025 survey redesign: do not concatenate pre/post redesign as homogeneous series; empty dimensions mean publisher unspecified, not all",data/raw/public_labour/public-labour-20261001-v2/data_f3_i3_y0.json,https://api.mospi.gov.in/api/plfs/getData?indicator_code=3&frequency_code=3&gender_code=3&age_code=1&sector_code=2&limit=200&page=1,rates
177,mospi_plfs_api,All India,national,2026,,Monthly,,April,"UR (Unemployment Rate, in per cent)",6.6,percent,urban,person,15 years and above,,,,,all_roles,workforce_baseline_only,0,"2025 survey redesign: do not concatenate pre/post redesign as homogeneous series; empty dimensions mean publisher unspecified, not all",data/raw/public_labour/public-labour-20261001-v2/data_f3_i3_y0.json,https://api.mospi.gov.in/api/plfs/getData?indicator_code=3&frequency_code=3&gender_code=3&age_code=1&sector_code=2&limit=200&page=1,rates
178,mospi_plfs_api,All India,national,2026,,Monthly,,March,"UR (Unemployment Rate, in per cent)",6.8,percent,urban,person,15 years and above,,,,,all_roles,workforce_baseline_only,0,"2025 survey redesign: do not concatenate pre/post redesign as homogeneous series; empty dimensions mean publisher unspecified, not all",data/raw/public_labour/public-labour-20261001-v2/data_f3_i3_y0.json,https://api.mospi.gov.in/api/plfs/getData?indicator_code=3&frequency_code=3&gender_code=3&age_code=1&sector_code=2&limit=200&page=1,rates
179,mospi_plfs_api,All India,national,2026,,Monthly,,February,"UR (Unemployment Rate, in per cent)",6.6,percent,urban,person,15 years and above,,,,,all_roles,workforce_baseline_only,0,"2025 survey redesign: do not concatenate pre/post redesign as homogeneous series; empty dimensions mean publisher unspecified, not all",data/raw/public_labour/public-labour-20261001-v2/data_f3_i3_y0.json,https://api.mospi.gov.in/api/plfs/getData?indicator_code=3&frequency_code=3&gender_code=3&age_code=1&sector_code=2&limit=200&page=1,rates
180,mospi_plfs_api,All India,national,2026,,Monthly,,January,"UR (Unemployment Rate, in per cent)",7.0,percent,urban,person,15 years and above,,,,,all_roles,workforce_baseline_only,0,"2025 survey redesign: do not concatenate pre/post redesign as homogeneous series; empty dimensions mean publisher unspecified, not all",data/raw/public_labour/public-labour-20261001-v2/data_f3_i3_y0.json,https://api.mospi.gov.in/api/plfs/getData?indicator_code=3&frequency_code=3&gender_code=3&age_code=1&sector_code=2&limit=200&page=1,rates
