serial_number,iti_code,publisher_code_text,academic_year,pdf_page,parameter_1,parameter_2,parameter_3,parameter_4,parameter_5,parameter_6,parameter_7,parameter_8,final_grade,state_code_from_iti_id,source_url
6647,GR27000023,GR27000023,2026-27,146,1.8,0.2,0.5,3,1,0.8,0.2,0.2,7.7,27,https://www.dgt.gov.in/en/node/4464
6648,GR27000048,GR27000048,2026-27,146,3,0.1,0.1,3,1,0.8,0,0.3,8.3,27,https://www.dgt.gov.in/en/node/4464
6649,GR27000092,GR27000092,2026-27,146,3,0.1,0.3,3,1,0.8,0,0.2,8.4,27,https://www.dgt.gov.in/en/node/4464
6650,GR27000294,GR27000294,2026-27,146,2.4,0.5,0.3,3,1,0.8,0,0.5,8.5,27,https://www.dgt.gov.in/en/node/4464
6651,GR27000295,GR27000295,2026-27,146,3,0.5,0.3,2.4,1,0.8,0,0.2,8.2,27,https://www.dgt.gov.in/en/node/4464
6652,GR27000360,GR27000360,2026-27,146,3,0.4,0.5,2.4,1,0.8,0,0.2,8.3,27,https://www.dgt.gov.in/en/node/4464
6653,GR27000421,GR27000421,2026-27,146,3,0.5,0.3,2.4,1,0.8,0,0.3,8.3,27,https://www.dgt.gov.in/en/node/4464
6654,GR27000422,GR27000422,2026-27,146,2.4,0.5,0.3,3,1,0.8,0,0.4,8.4,27,https://www.dgt.gov.in/en/node/4464
6655,GR27000423,GR27000423,2026-27,146,2.4,0.1,0.5,3,1,0.8,0,0.2,8,27,https://www.dgt.gov.in/en/node/4464
6656,GR27000495,GR27000495,2026-27,146,3,0.2,0.3,3,1,0.8,0,0.3,8.6,27,https://www.dgt.gov.in/en/node/4464
6657,GR27000496,GR27000496,2026-27,146,3,0.3,0.3,3,1,0.8,0,0.3,8.7,27,https://www.dgt.gov.in/en/node/4464
6658,GR27000498,GR27000498,2026-27,146,1.8,0.1,0.3,3,1,0.8,0,0.3,7.3,27,https://www.dgt.gov.in/en/node/4464
6659,GR27000499,GR27000499,2026-27,146,3,0.4,0.3,3,1,0.8,0.4,0.3,9.2,27,https://www.dgt.gov.in/en/node/4464
6660,GR27000643,GR27000643,2026-27,146,3,0.5,0.1,2.4,1,0.8,0,0.4,8.2,27,https://www.dgt.gov.in/en/node/4464
6661,GR27000644,GR27000644,2026-27,146,1.2,0.1,0.3,3,1,0.8,0,0,6.4,27,https://www.dgt.gov.in/en/node/4464
6662,GR27000645,GR27000645,2026-27,146,3,0.5,0.3,3,1,0.8,0,0.5,9.1,27,https://www.dgt.gov.in/en/node/4464
6663,PR27000043,PR27000043,2026-27,146,0,0,0.1,2.4,1,0.8,0,0,4.3,27,https://www.dgt.gov.in/en/node/4464
6664,PR27000094,PR27000094,2026-27,146,3,0,0.1,3,1,0.8,0,0.2,8.1,27,https://www.dgt.gov.in/en/node/4464
6665,PR27000095,PR27000095,2026-27,146,3,0.1,0.3,2.4,1,0.8,0,0.1,7.7,27,https://www.dgt.gov.in/en/node/4464
6666,PR27000096,PR27000096,2026-27,146,1.8,0.1,0.3,1.8,1,0.8,0,0.2,6,27,https://www.dgt.gov.in/en/node/4464
6667,PR27000097,PR27000097,2026-27,146,3,0.1,0.3,3,1,0.8,0,0.3,8.5,27,https://www.dgt.gov.in/en/node/4464
6668,PR27000145,PR27000145,2026-27,146,1.8,0.2,0.3,1.8,1,0.8,0,0.2,6.1,27,https://www.dgt.gov.in/en/node/4464
6669,PR27000149,PR27000149,2026-27,146,1.2,0,0.1,3,1,0.8,0,0.4,6.5,27,https://www.dgt.gov.in/en/node/4464
6670,PR27000228,PR27000228,2026-27,147,2.4,0.1,0.3,2.4,1,0.8,0,0.2,7.2,27,https://www.dgt.gov.in/en/node/4464
6671,PR27000497,PR27000497,2026-27,147,3,0.2,0.3,1.8,1,0.8,0,0.4,7.5,27,https://www.dgt.gov.in/en/node/4464
6672,PR27000573,PR27000573,2026-27,147,1.2,0.1,0.3,3,1,0.8,0,0,6.4,27,https://www.dgt.gov.in/en/node/4464
6673,PR27000642,PR27000642,2026-27,147,0.6,0,0.3,1.8,1,0.6,0,0.1,4.4,27,https://www.dgt.gov.in/en/node/4464
6674,PR27000647,PR27000647,2026-27,147,3,0.1,0.1,1.8,1,0.8,0,0.3,7.1,27,https://www.dgt.gov.in/en/node/4464
6675,PR27000648,PR27000648,2026-27,147,0,0,0.1,2.4,1,0.8,0,0,4.3,27,https://www.dgt.gov.in/en/node/4464
6676,PR27000739,PR27000739,2026-27,147,1.2,0.1,0.1,1.8,0.6,0.8,0,0.1,4.7,27,https://www.dgt.gov.in/en/node/4464
6677,PR27000740,PR27000740,2026-27,147,3,0.1,0.1,3,1,0.8,0,0,8,27,https://www.dgt.gov.in/en/node/4464
6678,PR27000741,PR27000741,2026-27,147,3,0,0.1,0.6,1,0.6,0,0.3,5.6,27,https://www.dgt.gov.in/en/node/4464
6679,PR27000831,PR27000831,2026-27,147,1.2,0.1,0.1,1.2,0.8,0.8,0.5,0.3,5,27,https://www.dgt.gov.in/en/node/4464
6680,PR27000836,PR27000836,2026-27,147,1.2,0.1,0.1,3,1,0.8,0,0.3,6.5,27,https://www.dgt.gov.in/en/node/4464
6681,PR27000848,PR27000848,2026-27,147,3,0.2,0.1,2.4,1,0.8,0.5,0.5,8.5,27,https://www.dgt.gov.in/en/node/4464
6682,PR27000860,PR27000860,2026-27,147,1.2,0,0.1,3,1,0.8,0,0.1,6.2,27,https://www.dgt.gov.in/en/node/4464
6683,PR27000867,PR27000867,2026-27,147,1.2,0.1,0.1,3,1,0.8,0,0.2,6.4,27,https://www.dgt.gov.in/en/node/4464
6684,PR27000891,PR27000891,2026-27,147,1.2,0,0.1,2.4,1,0.8,0,0.4,5.9,27,https://www.dgt.gov.in/en/node/4464
6685,PR27000935,PR27000935,2026-27,147,1.8,0.1,0.1,1.8,1,0.8,0,0.1,5.7,27,https://www.dgt.gov.in/en/node/4464
6686,PR27000940,PR27000940,2026-27,147,1.2,0,0.3,2.4,0.8,0.8,0,0.3,5.8,27,https://www.dgt.gov.in/en/node/4464
6687,PR27000964,PR27000964,2026-27,147,1.2,0.2,0.1,1.2,1,0.8,0,0.2,4.7,27,https://www.dgt.gov.in/en/node/4464
6688,PR27000967,PR27000967,2026-27,147,0.6,0.1,0.3,1.2,1,0.8,0,0.2,4.2,27,https://www.dgt.gov.in/en/node/4464
6689,PR27001003,PR27001003,2026-27,147,1.8,0,0.1,3,1,0.8,0,0.2,6.9,27,https://www.dgt.gov.in/en/node/4464
6690,PR27001035,PR27001035,2026-27,147,0,0.1,0.5,3,1,0.8,0,0.1,5.5,27,https://www.dgt.gov.in/en/node/4464
6691,PU27000192,PU27000192,2026-27,147,3,0.1,0.1,1.2,1,0.8,0,0.2,6.4,27,https://www.dgt.gov.in/en/node/4464
6692,GR27000012,GR27000012,2026-27,147,3,0.5,0.5,3,1,0.8,0.1,0.5,9.4,27,https://www.dgt.gov.in/en/node/4464
6693,GR27000081,GR27000081,2026-27,147,3,0.4,0.5,3,1,0.8,0,0.4,9.1,27,https://www.dgt.gov.in/en/node/4464
6694,GR27000436,GR27000436,2026-27,147,3,0.5,0.5,3,1,0.8,0,0.5,9.3,27,https://www.dgt.gov.in/en/node/4464
6695,GR27000437,GR27000437,2026-27,147,3,0.5,0.3,3,1,0.8,0,0.4,9,27,https://www.dgt.gov.in/en/node/4464
6696,GR27000438,GR27000438,2026-27,147,3,0.5,0.5,3,1,0.8,0,0.5,9.3,27,https://www.dgt.gov.in/en/node/4464
6697,GR27000453,GR27000453,2026-27,147,2.4,0.5,0.3,3,1,0.8,0,0.4,8.4,27,https://www.dgt.gov.in/en/node/4464
6698,GR27000454,GR27000454,2026-27,147,3,0.3,0.5,3,1,0.8,0,0.3,8.9,27,https://www.dgt.gov.in/en/node/4464
6699,GU27000225,GU27000225,2026-27,147,3,0.5,0.3,3,1,0.8,0,0.5,9.1,27,https://www.dgt.gov.in/en/node/4464
6700,PR27000971,PR27000971,2026-27,147,3,0.1,0.1,2.4,1,0.8,0,0.3,7.7,27,https://www.dgt.gov.in/en/node/4464
6701,PR27000977,PR27000977,2026-27,147,0,0,0.1,2.4,1,0.8,0,0,4.3,27,https://www.dgt.gov.in/en/node/4464
6702,PR27001029,PR27001029,2026-27,147,3,0.3,0.3,1.8,1,0.8,0,0.5,7.7,27,https://www.dgt.gov.in/en/node/4464
6703,PR27001042,PR27001042,2026-27,147,1.8,0.2,0.5,2.4,0.8,0.8,0,0.3,6.8,27,https://www.dgt.gov.in/en/node/4464
6704,PR27001081,PR27001081,2026-27,147,0,0,0.5,NG,NG,NG,0,0,NG,27,https://www.dgt.gov.in/en/node/4464
6705,GR27000013,GR27000013,2026-27,147,2.4,0.5,0.3,3,1,0.8,0,0.5,8.5,27,https://www.dgt.gov.in/en/node/4464
6706,GR27000079,GR27000079,2026-27,147,3,0.5,0.3,2.4,1,0.8,0,0.5,8.5,27,https://www.dgt.gov.in/en/node/4464
6707,GR27000124,GR27000124,2026-27,147,3,0.5,0.5,3,1,0.8,0,0.3,9.1,27,https://www.dgt.gov.in/en/node/4464
6708,GR27000152,GR27000152,2026-27,147,3,0.5,0.3,3,1,0.8,0,0.3,8.9,27,https://www.dgt.gov.in/en/node/4464
6709,GR27000159,GR27000159,2026-27,147,3,0.5,0.3,3,1,0.8,0,0.3,8.9,27,https://www.dgt.gov.in/en/node/4464
6710,GR27000171,GR27000171,2026-27,147,3,0.5,0.5,3,1,0.8,0,0.3,9.1,27,https://www.dgt.gov.in/en/node/4464
6711,GR27000303,GR27000303,2026-27,147,3,0.5,0.5,3,1,0.8,0,0.4,9.2,27,https://www.dgt.gov.in/en/node/4464
6712,GR27000304,GR27000304,2026-27,147,3,0.5,0.3,2.4,1,0.8,0,0.5,8.5,27,https://www.dgt.gov.in/en/node/4464
6713,GR27000352,GR27000352,2026-27,147,3,0.5,0.5,3,1,0.8,0,0.5,9.3,27,https://www.dgt.gov.in/en/node/4464
6714,GR27000432,GR27000432,2026-27,147,3,0.5,0.3,3,1,0.8,0,0.4,9,27,https://www.dgt.gov.in/en/node/4464
6715,GR27000457,GR27000457,2026-27,147,3,0.5,0.5,3,1,0.8,0,0.4,9.2,27,https://www.dgt.gov.in/en/node/4464
6716,GR27000509,GR27000509,2026-27,148,3,0.5,0.5,3,1,0.8,0,0.3,9.1,27,https://www.dgt.gov.in/en/node/4464
6717,GR27000510,GR27000510,2026-27,148,3,0.5,0.3,3,1,0.8,0,0.4,9,27,https://www.dgt.gov.in/en/node/4464
6718,GR27000534,GR27000534,2026-27,148,3,0.5,0.3,0.6,1,0.8,0,0.5,6.7,27,https://www.dgt.gov.in/en/node/4464
6719,GR27000555,GR27000555,2026-27,148,1.8,0.5,0.3,1.2,1,0.8,0,0.5,6.1,27,https://www.dgt.gov.in/en/node/4464
6720,GR27000591,GR27000591,2026-27,148,3,0.5,0.5,3,1,0.8,0,0.3,9.1,27,https://www.dgt.gov.in/en/node/4464
6721,GU27000123,GU27000123,2026-27,148,2.4,0.5,0.5,3,1,0.8,0,0.4,8.6,27,https://www.dgt.gov.in/en/node/4464
6722,GU27000556,GU27000556,2026-27,148,1.2,0.5,0.3,3,1,0.8,0,0.5,7.3,27,https://www.dgt.gov.in/en/node/4464
6723,PR27000269,PR27000269,2026-27,148,1.8,0.1,0.1,3,1,0.8,0,0.3,7.1,27,https://www.dgt.gov.in/en/node/4464
6724,PR27000511,PR27000511,2026-27,148,2.4,0.3,0.3,2.4,1,0.8,0,0.4,7.6,27,https://www.dgt.gov.in/en/node/4464
6725,PR27000681,PR27000681,2026-27,148,3,0.3,0.3,1.8,0.8,0.8,0,0.5,7.5,27,https://www.dgt.gov.in/en/node/4464
6726,PR27000706,PR27000706,2026-27,148,2.4,0.3,0.1,2.4,1,0.8,0,0.3,7.3,27,https://www.dgt.gov.in/en/node/4464
6727,PR27000707,PR27000707,2026-27,148,3,0.1,0.1,1.8,1,0.8,0,0.5,7.3,27,https://www.dgt.gov.in/en/node/4464
6728,PR27000775,PR27000775,2026-27,148,3,0.2,0.1,3,1,0.8,0,0.3,8.4,27,https://www.dgt.gov.in/en/node/4464
6729,PR27000795,PR27000795,2026-27,148,3,0.2,0.1,2.4,1,0.8,0,0.3,7.8,27,https://www.dgt.gov.in/en/node/4464
6730,PR27000796,PR27000796,2026-27,148,3,0.1,0.1,2.4,1,0.8,0,0.2,7.6,27,https://www.dgt.gov.in/en/node/4464
6731,PR27000826,PR27000826,2026-27,148,3,0.2,0.1,1.8,1,0.8,0,0.3,7.2,27,https://www.dgt.gov.in/en/node/4464
6732,PR27000877,PR27000877,2026-27,148,3,0.2,0.3,3,1,0.8,0,0.3,8.6,27,https://www.dgt.gov.in/en/node/4464
6733,PR27000879,PR27000879,2026-27,148,1.2,0.1,0.3,3,1,0.8,0,0.2,6.6,27,https://www.dgt.gov.in/en/node/4464
6734,PR27000907,PR27000907,2026-27,148,0,0.2,0.1,2.4,1,0.8,0,0.2,4.7,27,https://www.dgt.gov.in/en/node/4464
6735,PR27000960,PR27000960,2026-27,148,1.8,0.2,0.3,2.4,1,0.8,0,0.5,7,27,https://www.dgt.gov.in/en/node/4464
6736,PR27001038,PR27001038,2026-27,148,3,0.2,0.1,1.2,1,0.8,0,0.5,6.8,27,https://www.dgt.gov.in/en/node/4464
6737,GR27000056,GR27000056,2026-27,148,3,0.5,0.3,3,1,0.8,0,0.3,8.9,27,https://www.dgt.gov.in/en/node/4464
6738,GR27000278,GR27000278,2026-27,148,2.4,0.5,0.3,1.8,1,0.8,0,0.3,7.1,27,https://www.dgt.gov.in/en/node/4464
6739,GR27000279,GR27000279,2026-27,148,3,0.5,0.5,3,1,0.8,0,0.2,9,27,https://www.dgt.gov.in/en/node/4464
6740,GR27000386,GR27000386,2026-27,148,3,0.5,0.3,1.8,1,0.8,0.3,0.2,7.9,27,https://www.dgt.gov.in/en/node/4464
6741,GR27000387,GR27000387,2026-27,148,3,0.4,0.5,2.4,1,0.8,0,0.3,8.4,27,https://www.dgt.gov.in/en/node/4464
6742,GR27000388,GR27000388,2026-27,148,3,0.5,0.3,3,1,0.8,0,0.4,9,27,https://www.dgt.gov.in/en/node/4464
6743,GR27000389,GR27000389,2026-27,148,0.6,0.1,0.3,2.4,1,0.8,0,0.3,5.5,27,https://www.dgt.gov.in/en/node/4464
6744,GR27000471,GR27000471,2026-27,148,2.4,0.5,0.3,1.8,1,0.8,0.5,0.2,7.5,27,https://www.dgt.gov.in/en/node/4464
6745,GR27000570,GR27000570,2026-27,148,3,0.5,0.3,1.8,1,0.8,0,0.2,7.6,27,https://www.dgt.gov.in/en/node/4464
6746,GR27000572,GR27000572,2026-27,148,3,0.5,0.3,1.8,1,0.8,0.5,0.3,8.2,27,https://www.dgt.gov.in/en/node/4464
6747,GU27000031,GU27000031,2026-27,148,3,0.2,0.5,2.4,1,0.8,0,0.3,8.2,27,https://www.dgt.gov.in/en/node/4464
6748,GU27000277,GU27000277,2026-27,148,3,0.5,0.3,2.4,1,0.8,0,0.3,8.3,27,https://www.dgt.gov.in/en/node/4464
6749,PR27000144,PR27000144,2026-27,148,0,0,0.1,1.8,0,0,0,0,1.9,27,https://www.dgt.gov.in/en/node/4464
6750,PR27000178,PR27000178,2026-27,148,1.2,0.2,0.1,1.8,1,0.8,0,0.2,5.3,27,https://www.dgt.gov.in/en/node/4464
6751,PR27000180,PR27000180,2026-27,148,3,0.1,0.1,1.8,1,0.8,0,0.1,6.9,27,https://www.dgt.gov.in/en/node/4464
6752,PR27000571,PR27000571,2026-27,148,1.2,0.2,0.3,2.4,1,0.8,0,0.2,6.1,27,https://www.dgt.gov.in/en/node/4464
6753,PR27000650,PR27000650,2026-27,148,3,0.2,0.1,1.8,1,0.8,0,0,6.9,27,https://www.dgt.gov.in/en/node/4464
6754,PR27000651,PR27000651,2026-27,148,0,0.1,0.3,2.4,1,0.8,0,0.1,4.7,27,https://www.dgt.gov.in/en/node/4464
6755,PR27000742,PR27000742,2026-27,148,0.6,0.3,0.3,1.2,0,0,0,0.1,2.5,27,https://www.dgt.gov.in/en/node/4464
6756,PR27000843,PR27000843,2026-27,148,3,0.2,0.1,3,1,0.8,0,0.2,8.3,27,https://www.dgt.gov.in/en/node/4464
6757,PR27000957,PR27000957,2026-27,148,3,0.1,0.1,3,1,0.8,0,0.2,8.2,27,https://www.dgt.gov.in/en/node/4464
6758,PR27000976,PR27000976,2026-27,148,1.2,0.5,0.3,1.8,1,0.8,0,0.1,5.7,27,https://www.dgt.gov.in/en/node/4464
6759,PR27000999,PR27000999,2026-27,148,3,0.5,0.1,3,1,0.8,0,0.2,8.6,27,https://www.dgt.gov.in/en/node/4464
6760,PR27001020,PR27001020,2026-27,148,1.8,0.4,0.1,2.4,1,0.8,0,0.3,6.8,27,https://www.dgt.gov.in/en/node/4464
6761,PR27001034,PR27001034,2026-27,148,1.2,0.1,0.5,1.2,1,0.8,0,0,4.8,27,https://www.dgt.gov.in/en/node/4464
6762,PR27001059,PR27001059,2026-27,149,3,0.4,0.5,3,1,0.8,0,0.2,8.9,27,https://www.dgt.gov.in/en/node/4464
6763,PR27001065,PR27001065,2026-27,149,3,0.5,0.5,0.6,0.8,0.8,0,0.2,6.4,27,https://www.dgt.gov.in/en/node/4464
6764,PU27000805,PU27000805,2026-27,149,0.6,0.3,0.3,1.2,1,0.8,0,0.2,4.4,27,https://www.dgt.gov.in/en/node/4464
6765,PU27000903,PU27000903,2026-27,149,1.2,0.3,0.3,0,1,0.8,0,0.2,3.8,27,https://www.dgt.gov.in/en/node/4464
6766,GR27000083,GR27000083,2026-27,149,3,0.4,0.3,3,1,0.8,0.5,0.3,9.3,27,https://www.dgt.gov.in/en/node/4464
6767,GR27000213,GR27000213,2026-27,149,3,0.5,0.1,3,1,0.8,0,0.3,8.7,27,https://www.dgt.gov.in/en/node/4464
6768,GR27000321,GR27000321,2026-27,149,3,0.5,0.5,3,1,0.8,0,0.3,9.1,27,https://www.dgt.gov.in/en/node/4464
6769,GR27000343,GR27000343,2026-27,149,3,0.5,0.3,3,1,0.8,0,0.2,8.8,27,https://www.dgt.gov.in/en/node/4464
6770,GR27000449,GR27000449,2026-27,149,3,0.5,0.3,3,1,0.8,0,0.3,8.9,27,https://www.dgt.gov.in/en/node/4464
6771,GR27000450,GR27000450,2026-27,149,3,0.5,0.3,3,1,0.8,0,0.2,8.8,27,https://www.dgt.gov.in/en/node/4464
6772,GR27000623,GR27000623,2026-27,149,3,0.5,0.3,3,1,0.8,0,0.2,8.8,27,https://www.dgt.gov.in/en/node/4464
6773,GU27000267,GU27000267,2026-27,149,3,0.5,0.3,3,1,0.8,0,0.3,8.9,27,https://www.dgt.gov.in/en/node/4464
6774,PR27000206,PR27000206,2026-27,149,1.2,0.2,0.1,1.2,1,0.8,0,0.1,4.6,27,https://www.dgt.gov.in/en/node/4464
6775,PR27000263,PR27000263,2026-27,149,0,0,0.1,1.8,1,0.8,0,0,3.7,27,https://www.dgt.gov.in/en/node/4464
6776,PR27000586,PR27000586,2026-27,149,3,0.1,0.1,3,1,0.8,0,0.2,8.2,27,https://www.dgt.gov.in/en/node/4464
6777,PR27000587,PR27000587,2026-27,149,2.4,0.1,0.1,1.2,1,0.8,0,0.1,5.7,27,https://www.dgt.gov.in/en/node/4464
6778,PR27000588,PR27000588,2026-27,149,1.2,0.3,0.1,0,1,0.6,0,0.4,3.6,27,https://www.dgt.gov.in/en/node/4464
6779,PR27000673,PR27000673,2026-27,149,3,0.1,0.1,3,1,0.8,0,0.2,8.2,27,https://www.dgt.gov.in/en/node/4464
6780,PR27000723,PR27000723,2026-27,149,3,0.1,0.1,0,1,0.6,0,0,4.8,27,https://www.dgt.gov.in/en/node/4464
6781,PR27000724,PR27000724,2026-27,149,3,0.1,0.1,1.2,1,0.8,0,0.3,6.5,27,https://www.dgt.gov.in/en/node/4464
6782,PR27000725,PR27000725,2026-27,149,1.2,0,0.1,0.6,1,0.8,0,0,3.7,27,https://www.dgt.gov.in/en/node/4464
6783,PR27000726,PR27000726,2026-27,149,3,0.1,0.1,2.4,1,0.8,0,0.4,7.8,27,https://www.dgt.gov.in/en/node/4464
6784,PR27000727,PR27000727,2026-27,149,3,0,0.1,0.6,1,0.6,0,0.2,5.5,27,https://www.dgt.gov.in/en/node/4464
6785,PR27000754,PR27000754,2026-27,149,3,0,0.1,3,1,0.8,0,0.2,8.1,27,https://www.dgt.gov.in/en/node/4464
6786,PR27000755,PR27000755,2026-27,149,3,0.1,0.1,1.8,1,0.6,0,0,6.6,27,https://www.dgt.gov.in/en/node/4464
6787,PR27000756,PR27000756,2026-27,149,3,0,0.1,3,1,0.8,0,0.4,8.3,27,https://www.dgt.gov.in/en/node/4464
6788,PR27000757,PR27000757,2026-27,149,3,0.1,0.1,1.2,1,0.6,0,0.2,6.2,27,https://www.dgt.gov.in/en/node/4464
6789,PR27000802,PR27000802,2026-27,149,3,0.1,0.1,0.6,1,0.8,0,0.3,5.9,27,https://www.dgt.gov.in/en/node/4464
6790,PR27000808,PR27000808,2026-27,149,3,0.2,0.1,1.8,1,0.8,0,0.4,7.3,27,https://www.dgt.gov.in/en/node/4464
6791,PR27000827,PR27000827,2026-27,149,1.2,0.3,0.1,1.2,1,0.6,0,0.5,4.9,27,https://www.dgt.gov.in/en/node/4464
6792,PR27000842,PR27000842,2026-27,149,3,0.1,0.1,0.6,1,0.8,0,0.4,6,27,https://www.dgt.gov.in/en/node/4464
6793,PR27000855,PR27000855,2026-27,149,3,0.2,0.1,1.8,1,0.8,0,0.3,7.2,27,https://www.dgt.gov.in/en/node/4464
6794,PR27000859,PR27000859,2026-27,149,2.4,0,0.1,1.8,1,0.6,0,0,5.9,27,https://www.dgt.gov.in/en/node/4464
6795,PR27000885,PR27000885,2026-27,149,1.8,0.2,0.1,3,1,0.8,0,0.2,7.1,27,https://www.dgt.gov.in/en/node/4464
6796,PR27000892,PR27000892,2026-27,149,3,0.2,0.1,3,1,0.8,0,0.4,8.5,27,https://www.dgt.gov.in/en/node/4464
6797,PR27000897,PR27000897,2026-27,149,3,0.2,0.1,1.2,1,0.8,0,0.4,6.7,27,https://www.dgt.gov.in/en/node/4464
6798,PR27000898,PR27000898,2026-27,149,3,0.2,0.1,1.8,1,0.8,0,0.2,7.1,27,https://www.dgt.gov.in/en/node/4464
6799,PR27000916,PR27000916,2026-27,149,3,0.1,0.1,0,1,0.6,0,0.1,4.9,27,https://www.dgt.gov.in/en/node/4464
6800,PR27000921,PR27000921,2026-27,149,3,0.3,0.1,0,1,0.8,0,0.3,5.5,27,https://www.dgt.gov.in/en/node/4464
6801,PR27000924,PR27000924,2026-27,149,3,0.2,0.1,0,1,0.8,0,0.3,5.4,27,https://www.dgt.gov.in/en/node/4464
6802,PR27000926,PR27000926,2026-27,149,2.4,0.2,0.1,1.2,1,0.8,0,0.2,5.9,27,https://www.dgt.gov.in/en/node/4464
6803,PR27000942,PR27000942,2026-27,149,3,0.2,0.1,0,1,0.8,0,0.3,5.4,27,https://www.dgt.gov.in/en/node/4464
6804,PU27000856,PU27000856,2026-27,149,2.4,0.1,0.1,2.4,1,0.8,0,0.2,7,27,https://www.dgt.gov.in/en/node/4464
6805,PU27000887,PU27000887,2026-27,149,3,0.2,0.1,1.2,1,0.8,0,0.2,6.5,27,https://www.dgt.gov.in/en/node/4464
6806,PU27000889,PU27000889,2026-27,149,3,0.1,0.1,1.2,1,0.8,0,0.3,6.5,27,https://www.dgt.gov.in/en/node/4464
6807,GR27000026,GR27000026,2026-27,149,2.4,0.4,0.3,3,1,0.8,0,0.4,8.3,27,https://www.dgt.gov.in/en/node/4464
6808,GR27000080,GR27000080,2026-27,150,3,0.3,0.3,3,1,0.8,0.3,0.3,9,27,https://www.dgt.gov.in/en/node/4464
6809,GR27000308,GR27000308,2026-27,150,3,0.5,0.5,2.4,1,0.8,0,0.4,8.6,27,https://www.dgt.gov.in/en/node/4464
6810,GR27000309,GR27000309,2026-27,150,3,0.5,0.3,3,1,0.8,0,0.4,9,27,https://www.dgt.gov.in/en/node/4464
6811,GR27000350,GR27000350,2026-27,150,3,0.5,0.3,3,1,0.8,0,0.4,9,27,https://www.dgt.gov.in/en/node/4464
6812,GR27000351,GR27000351,2026-27,150,3,0.5,0.3,3,1,0.8,0,0.3,8.9,27,https://www.dgt.gov.in/en/node/4464
6813,GR27000433,GR27000433,2026-27,150,3,0.5,0.3,3,1,0.8,0,0.3,8.9,27,https://www.dgt.gov.in/en/node/4464
6814,GR27000434,GR27000434,2026-27,150,3,0.4,0.5,2.4,1,0.8,0,0.4,8.5,27,https://www.dgt.gov.in/en/node/4464
6815,GR27000435,GR27000435,2026-27,150,2.4,0.5,0.3,2.4,1,0.8,0,0.3,7.7,27,https://www.dgt.gov.in/en/node/4464
6816,GR27000456,GR27000456,2026-27,150,3,0.5,0.3,2.4,1,0.8,0,0.2,8.2,27,https://www.dgt.gov.in/en/node/4464
6817,GR27000514,GR27000514,2026-27,150,3,0.5,0.5,3,1,0.8,0,0.3,9.1,27,https://www.dgt.gov.in/en/node/4464
6818,GR27000515,GR27000515,2026-27,150,3,0.5,0.3,3,1,0.8,0,0.4,9,27,https://www.dgt.gov.in/en/node/4464
6819,GR27000516,GR27000516,2026-27,150,3,0.5,0.3,2.4,1,0.8,0,0.3,8.3,27,https://www.dgt.gov.in/en/node/4464
6820,PR27000153,PR27000153,2026-27,150,3,0,0.1,3,1,0.8,0,0,7.9,27,https://www.dgt.gov.in/en/node/4464
6821,PR27000708,PR27000708,2026-27,150,3,0.3,0.3,2.4,1,0.8,0,0.5,8.3,27,https://www.dgt.gov.in/en/node/4464
6822,PR27000773,PR27000773,2026-27,150,3,0.1,0.1,2.4,1,0.8,0,0.3,7.7,27,https://www.dgt.gov.in/en/node/4464
6823,PR27000774,PR27000774,2026-27,150,3,0.1,0.1,1.2,1,0.8,0,0.5,6.7,27,https://www.dgt.gov.in/en/node/4464
6824,PR27000797,PR27000797,2026-27,150,2.4,0.1,0.1,1.2,1,0.8,0,0.2,5.8,27,https://www.dgt.gov.in/en/node/4464
6825,PR27000847,PR27000847,2026-27,150,0,0.3,0.3,1.2,1,0.8,0,0.2,3.8,27,https://www.dgt.gov.in/en/node/4464
6826,PR27000951,PR27000951,2026-27,150,3,0.2,0.1,2.4,1,0.8,0,0.4,7.9,27,https://www.dgt.gov.in/en/node/4464
6827,PR27001036,PR27001036,2026-27,150,3,0.1,0.3,2.4,1,0.8,0,0.2,7.8,27,https://www.dgt.gov.in/en/node/4464
6828,PR27001037,PR27001037,2026-27,150,3,0.2,0.5,2.4,1,0.8,0,0.3,8.2,27,https://www.dgt.gov.in/en/node/4464
6829,PU27000883,PU27000883,2026-27,150,3,0.1,0.1,1.8,1,0.8,0,0.2,7,27,https://www.dgt.gov.in/en/node/4464
6830,PU27000917,PU27000917,2026-27,150,3,0.1,0.1,0,1,0.8,0,0.5,5.5,27,https://www.dgt.gov.in/en/node/4464
6831,PU27001047,PU27001047,2026-27,150,3,0.1,0.5,2.4,1,0.8,0,0.3,8.1,27,https://www.dgt.gov.in/en/node/4464
6832,GR27000127,GR27000127,2026-27,150,3,0.5,0.3,3,1,0.8,0,0.4,9,27,https://www.dgt.gov.in/en/node/4464
6833,GR27000128,GR27000128,2026-27,150,3,0.3,0.3,3,1,0.8,0,0.3,8.7,27,https://www.dgt.gov.in/en/node/4464
6834,GR27000172,GR27000172,2026-27,150,3,0.5,0.3,3,1,0.8,0,0.5,9.1,27,https://www.dgt.gov.in/en/node/4464
6835,GR27000173,GR27000173,2026-27,150,3,0.4,0.5,3,1,0.8,0,0.3,9,27,https://www.dgt.gov.in/en/node/4464
6836,GR27000262,GR27000262,2026-27,150,3,0.5,0.3,2.4,1,0.8,0,0.5,8.5,27,https://www.dgt.gov.in/en/node/4464
6837,GR27000326,GR27000326,2026-27,150,3,0.5,0.3,3,1,0.8,0,0.5,9.1,27,https://www.dgt.gov.in/en/node/4464
6838,GR27000327,GR27000327,2026-27,150,3,0.5,0.3,3,1,0.8,0,0.3,8.9,27,https://www.dgt.gov.in/en/node/4464
6839,GR27000328,GR27000328,2026-27,150,3,0.5,0.3,3,1,0.8,0,0.3,8.9,27,https://www.dgt.gov.in/en/node/4464
6840,GR27000329,GR27000329,2026-27,150,3,0.3,0.3,2.4,1,0.8,0,0.3,8.1,27,https://www.dgt.gov.in/en/node/4464
6841,GR27000330,GR27000330,2026-27,150,3,0.5,0.3,3,1,0.8,0,0.3,8.9,27,https://www.dgt.gov.in/en/node/4464
6842,GR27000331,GR27000331,2026-27,150,3,0.5,0.3,2.4,1,0.8,0,0.5,8.5,27,https://www.dgt.gov.in/en/node/4464
6843,GR27000545,GR27000545,2026-27,150,3,0.5,0.3,2.4,1,0.8,0,0.5,8.5,27,https://www.dgt.gov.in/en/node/4464
6844,GR27000562,GR27000562,2026-27,150,3,0.5,0.3,1.8,1,0.8,0,0.5,7.9,27,https://www.dgt.gov.in/en/node/4464
6845,GR27000563,GR27000563,2026-27,150,3,0.5,0.3,1.8,1,0.8,0,0.5,7.9,27,https://www.dgt.gov.in/en/node/4464
6846,GR27000585,GR27000585,2026-27,150,2.4,0.5,0.3,3,1,0.8,0,0.5,8.5,27,https://www.dgt.gov.in/en/node/4464
6847,GR27000601,GR27000601,2026-27,150,3,0.5,0.3,3,1,0.8,0,0.5,9.1,27,https://www.dgt.gov.in/en/node/4464
6848,GU27000032,GU27000032,2026-27,150,3,0.5,0.3,3,1,0.8,0.2,0.4,9.2,27,https://www.dgt.gov.in/en/node/4464
6849,GU27000208,GU27000208,2026-27,150,3,0.5,0.3,3,1,0.8,0,0.5,9.1,27,https://www.dgt.gov.in/en/node/4464
6850,PR27000085,PR27000085,2026-27,150,0.6,0.1,0.3,3,1,0.8,0,0.4,6.2,27,https://www.dgt.gov.in/en/node/4464
6851,PR27000207,PR27000207,2026-27,150,2.4,0.3,0.1,2.4,1,0.8,0,0.3,7.3,27,https://www.dgt.gov.in/en/node/4464
6852,PR27000209,PR27000209,2026-27,150,1.8,0.2,0.1,1.8,1,0.8,0,0.2,5.9,27,https://www.dgt.gov.in/en/node/4464
6853,PR27000258,PR27000258,2026-27,150,3,0.2,0.1,3,1,0.8,0,0.3,8.4,27,https://www.dgt.gov.in/en/node/4464
6854,PR27000259,PR27000259,2026-27,151,2.4,0.3,0.3,2.4,1,0.8,0,0.3,7.5,27,https://www.dgt.gov.in/en/node/4464
6855,PR27000260,PR27000260,2026-27,151,2.4,0.1,0.1,1.8,1,0.8,0,0.2,6.4,27,https://www.dgt.gov.in/en/node/4464
6856,PR27000602,PR27000602,2026-27,151,3,0.4,0.3,0.6,1,0.8,0,0.5,6.6,27,https://www.dgt.gov.in/en/node/4464
6857,PR27000693,PR27000693,2026-27,151,3,0.1,0.1,3,1,0.8,0.5,0.2,8.7,27,https://www.dgt.gov.in/en/node/4464
6858,PR27000694,PR27000694,2026-27,151,1.8,0.1,0.1,1.8,1,0.8,0,0.1,5.7,27,https://www.dgt.gov.in/en/node/4464
6859,PR27000702,PR27000702,2026-27,151,0,0,0.1,0,0,0,0,0,0.1,27,https://www.dgt.gov.in/en/node/4464
6860,PR27000728,PR27000728,2026-27,151,1.2,0.2,0.1,2.4,1,0.8,0,0.4,6.1,27,https://www.dgt.gov.in/en/node/4464
6861,PR27000753,PR27000753,2026-27,151,3,0.4,0.1,2.4,1,0.8,0,0.5,8.2,27,https://www.dgt.gov.in/en/node/4464
6862,PR27000780,PR27000780,2026-27,151,3,0.4,0.1,3,1,0.8,0,0.4,8.7,27,https://www.dgt.gov.in/en/node/4464
6863,PR27000781,PR27000781,2026-27,151,3,0.2,0.1,1.8,1,0.8,0,0.4,7.3,27,https://www.dgt.gov.in/en/node/4464
6864,PR27000782,PR27000782,2026-27,151,3,0.4,0.1,0.6,1,0.8,0,0.4,6.3,27,https://www.dgt.gov.in/en/node/4464
6865,PR27000783,PR27000783,2026-27,151,3,0.2,0.1,2.4,1,0.8,0,0.2,7.7,27,https://www.dgt.gov.in/en/node/4464
6866,PR27000784,PR27000784,2026-27,151,3,0.1,0.1,1.8,1,0.8,0,0.5,7.3,27,https://www.dgt.gov.in/en/node/4464
6867,PR27000785,PR27000785,2026-27,151,3,0.1,0.1,1.8,1,0.8,0,0.2,7,27,https://www.dgt.gov.in/en/node/4464
6868,PR27000786,PR27000786,2026-27,151,2.4,0.4,0.1,0,0.8,0.8,0,0.5,5,27,https://www.dgt.gov.in/en/node/4464
6869,PR27000787,PR27000787,2026-27,151,1.2,0.2,0.1,2.4,1,0.8,0,0.2,5.9,27,https://www.dgt.gov.in/en/node/4464
6870,PR27000809,PR27000809,2026-27,151,1.2,0.3,0.1,1.8,0.6,0.8,0,0.4,5.2,27,https://www.dgt.gov.in/en/node/4464
6871,PR27000812,PR27000812,2026-27,151,3,0.2,0.1,2.4,1,0.8,0,0.3,7.8,27,https://www.dgt.gov.in/en/node/4464
6872,PR27000813,PR27000813,2026-27,151,1.2,0.3,0.1,1.2,1,0.8,0,0.5,5.1,27,https://www.dgt.gov.in/en/node/4464
6873,PR27000814,PR27000814,2026-27,151,1.8,0.2,0.1,1.2,1,0.8,0,0.5,5.6,27,https://www.dgt.gov.in/en/node/4464
6874,PR27000819,PR27000819,2026-27,151,3,0.4,0.1,2.4,1,0.8,0,0.5,8.2,27,https://www.dgt.gov.in/en/node/4464
6875,PR27000820,PR27000820,2026-27,151,0,0,0.1,0,0,0,0,0,0.1,27,https://www.dgt.gov.in/en/node/4464
6876,PR27000821,PR27000821,2026-27,151,0.6,0.5,0.1,1.2,1,0.8,0,0.2,4.4,27,https://www.dgt.gov.in/en/node/4464
6877,PR27000822,PR27000822,2026-27,151,1.8,0.2,0.1,3,1,0.8,0,0.3,7.2,27,https://www.dgt.gov.in/en/node/4464
6878,PR27000823,PR27000823,2026-27,151,3,0.1,0.1,2.4,1,0.8,0,0.2,7.6,27,https://www.dgt.gov.in/en/node/4464
6879,PR27000901,PR27000901,2026-27,151,0.6,0,0.1,1.8,1,0.8,0,0.1,4.4,27,https://www.dgt.gov.in/en/node/4464
6880,PR27000914,PR27000914,2026-27,151,3,0.5,0.3,1.8,1,0.8,0,0.3,7.7,27,https://www.dgt.gov.in/en/node/4464
6881,PR27001048,PR27001048,2026-27,151,0.6,0.1,0.3,3,1,0.8,0,0.5,6.3,27,https://www.dgt.gov.in/en/node/4464
6882,PR27001060,PR27001060,2026-27,151,0,0,0.1,0,0,0,0,0,0.1,27,https://www.dgt.gov.in/en/node/4464
6883,PU27000846,PU27000846,2026-27,151,1.2,0.1,0.1,1.2,1,0.8,0,0.2,4.6,27,https://www.dgt.gov.in/en/node/4464
6884,PU27000853,PU27000853,2026-27,151,3,0.3,0.1,1.8,1,0.8,0,0.2,7.2,27,https://www.dgt.gov.in/en/node/4464
6885,PU27000871,PU27000871,2026-27,151,3,0.1,0.1,2.4,1,0.8,0,0.3,7.7,27,https://www.dgt.gov.in/en/node/4464
6886,GR27000117,GR27000117,2026-27,151,3,0.2,0.1,3,1,0.8,0.3,0.3,8.7,27,https://www.dgt.gov.in/en/node/4464
6887,GR27000287,GR27000287,2026-27,151,3,0.4,0.3,2.4,1,0.8,0.5,0.3,8.7,27,https://www.dgt.gov.in/en/node/4464
6888,GR27000409,GR27000409,2026-27,151,3,0.3,0.3,2.4,1,0.8,0.4,0.2,8.4,27,https://www.dgt.gov.in/en/node/4464
6889,GR27000412,GR27000412,2026-27,151,3,0.5,0.3,2.4,1,0.8,0.5,0.2,8.7,27,https://www.dgt.gov.in/en/node/4464
6890,GR27000468,GR27000468,2026-27,151,2.4,0.5,0.3,3,1,0.8,0.4,0.2,8.6,27,https://www.dgt.gov.in/en/node/4464
6891,GR27000477,GR27000477,2026-27,151,3,0.5,0.3,2.4,1,0.8,0.5,0.3,8.8,27,https://www.dgt.gov.in/en/node/4464
6892,GR27000478,GR27000478,2026-27,151,3,0.5,0.5,3,1,0.8,0.5,0.3,9.6,27,https://www.dgt.gov.in/en/node/4464
6893,GR27000543,GR27000543,2026-27,151,3,0.5,0.3,1.8,1,0.8,0.5,0.1,8,27,https://www.dgt.gov.in/en/node/4464
6894,GU27000016,GU27000016,2026-27,151,3,0.2,0.3,2.4,1,0.8,0.4,0.3,8.4,27,https://www.dgt.gov.in/en/node/4464
6895,GU27000116,GU27000116,2026-27,151,3,0.5,0.3,3,1,0.8,0,0.5,9.1,27,https://www.dgt.gov.in/en/node/4464
6896,GU27000542,GU27000542,2026-27,151,3,0.4,0.3,3,1,0.8,0.5,0.5,9.5,27,https://www.dgt.gov.in/en/node/4464
6897,PR27000603,PR27000603,2026-27,151,3,0.2,0.3,2.4,1,0.8,0,0.3,8,27,https://www.dgt.gov.in/en/node/4464
6898,PR27000700,PR27000700,2026-27,151,2.4,0.3,0.3,1.8,1,0.8,0,0.2,6.8,27,https://www.dgt.gov.in/en/node/4464
6899,PR27000791,PR27000791,2026-27,151,3,0.1,0.1,3,1,0.8,0,0.2,8.2,27,https://www.dgt.gov.in/en/node/4464
6900,PR27001055,PR27001055,2026-27,152,2.4,0.2,0.3,3,1,0.8,0,0.2,7.9,27,https://www.dgt.gov.in/en/node/4464
6901,PR27001067,PR27001067,2026-27,152,0.6,0.1,0.5,1.8,1,0.8,0,0.2,5,27,https://www.dgt.gov.in/en/node/4464
6902,PR27001070,PR27001070,2026-27,152,1.2,0.1,0.3,0,0,0,0,0.2,1.8,27,https://www.dgt.gov.in/en/node/4464
6903,PU27000070,PU27000070,2026-27,152,0,0,0.1,3,1,0.8,0,0,4.9,27,https://www.dgt.gov.in/en/node/4464
6904,PU27000874,PU27000874,2026-27,152,3,0.1,0.3,1.2,1,0.8,0,0.2,6.6,27,https://www.dgt.gov.in/en/node/4464
6905,PU27000880,PU27000880,2026-27,152,2.4,0.1,0.1,3,1,0.6,0,0.4,7.6,27,https://www.dgt.gov.in/en/node/4464
6906,GR27000074,GR27000074,2026-27,152,2.4,0.5,0.5,3,1,0.8,0.1,0.3,8.6,27,https://www.dgt.gov.in/en/node/4464
6907,GR27000138,GR27000138,2026-27,152,3,0.4,0.3,2.4,1,0.8,0,0.3,8.2,27,https://www.dgt.gov.in/en/node/4464
6908,GR27000176,GR27000176,2026-27,152,3,0.1,0.5,2.4,1,0.8,0,0.3,8.1,27,https://www.dgt.gov.in/en/node/4464
6909,GR27000177,GR27000177,2026-27,152,2.4,0.3,0.5,2.4,1,0.8,0,0.3,7.7,27,https://www.dgt.gov.in/en/node/4464
6910,GR27000393,GR27000393,2026-27,152,2.4,0.4,0.3,3,1,0.8,0,0.3,8.2,27,https://www.dgt.gov.in/en/node/4464
6911,GR27000394,GR27000394,2026-27,152,3,0.3,0.3,2.4,1,0.8,0.2,0.3,8.3,27,https://www.dgt.gov.in/en/node/4464
6912,GR27000575,GR27000575,2026-27,152,3,0.5,0.3,1.8,1,0.8,0,0.2,7.6,27,https://www.dgt.gov.in/en/node/4464
6913,GR27000640,GR27000640,2026-27,152,3,0.4,0.3,2.4,1,0.8,0,0.2,8.1,27,https://www.dgt.gov.in/en/node/4464
6914,PR27000160,PR27000160,2026-27,152,3,0.2,0.3,1.8,1,0.8,0,0.2,7.3,27,https://www.dgt.gov.in/en/node/4464
6915,PR27000239,PR27000239,2026-27,152,1.2,0.2,0.1,2.4,1,0.8,0,0,5.7,27,https://www.dgt.gov.in/en/node/4464
6916,PR27000652,PR27000652,2026-27,152,2.4,0,0.1,2.4,1,0.8,0,0.2,6.9,27,https://www.dgt.gov.in/en/node/4464
6917,PR27000735,PR27000735,2026-27,152,1.2,0.1,0.1,3,1,0.8,0,0.1,6.3,27,https://www.dgt.gov.in/en/node/4464
6918,PR27000743,PR27000743,2026-27,152,1.8,0.1,0.1,1.2,1,0.8,0,0.2,5.2,27,https://www.dgt.gov.in/en/node/4464
6919,PR27000745,PR27000745,2026-27,152,0,0,0.1,0,0,0,0,0,0.1,27,https://www.dgt.gov.in/en/node/4464
6920,PR27000930,PR27000930,2026-27,152,1.2,0.2,0.1,2.4,1,0.8,0,0.2,5.9,27,https://www.dgt.gov.in/en/node/4464
6921,PR27000973,PR27000973,2026-27,152,3,0.1,0.1,1.2,1,0.8,0,0.3,6.5,27,https://www.dgt.gov.in/en/node/4464
6922,PR27000986,PR27000986,2026-27,152,0.6,0.1,0.3,1.8,0.8,0.8,0,0.2,4.6,27,https://www.dgt.gov.in/en/node/4464
6923,PR27001053,PR27001053,2026-27,152,1.2,0.1,0.3,2.4,1,0.8,0,0.3,6.1,27,https://www.dgt.gov.in/en/node/4464
6924,PR27001073,PR27001073,2026-27,152,0.6,0.3,0.3,3,1,0.8,0,0.2,6.2,27,https://www.dgt.gov.in/en/node/4464
6925,PU27001068,PU27001068,2026-27,152,0,0,0.5,3,1,0.8,0,0.1,5.4,27,https://www.dgt.gov.in/en/node/4464
6926,GR27000316,GR27000316,2026-27,152,3,0.5,0.3,2.4,1,0.8,0,0.5,8.5,27,https://www.dgt.gov.in/en/node/4464
6927,GR27000345,GR27000345,2026-27,152,3,0.3,0.3,2.4,1,0.8,0,0.3,8.1,27,https://www.dgt.gov.in/en/node/4464
6928,GR27000346,GR27000346,2026-27,152,3,0.4,0.3,1.8,1,0.8,0,0.5,7.8,27,https://www.dgt.gov.in/en/node/4464
6929,GR27000532,GR27000532,2026-27,152,3,0.5,0.3,2.4,1,0.8,0,0.5,8.5,27,https://www.dgt.gov.in/en/node/4464
6930,GR27000557,GR27000557,2026-27,152,3,0.5,0.3,1.8,1,0.8,0,0.5,7.9,27,https://www.dgt.gov.in/en/node/4464
6931,GU27000014,GU27000014,2026-27,152,1.8,0.2,0.3,2.4,1,0.8,0.1,0.3,6.9,27,https://www.dgt.gov.in/en/node/4464
6932,PR27000222,PR27000222,2026-27,152,2.4,0,0.1,1.8,1,0.8,0,0.2,6.3,27,https://www.dgt.gov.in/en/node/4464
6933,PR27000248,PR27000248,2026-27,152,1.2,0,0.1,0.6,1,0.6,0,0.2,3.7,27,https://www.dgt.gov.in/en/node/4464
6934,PR27000317,PR27000317,2026-27,152,1.2,0.1,0.3,1.8,1,0.8,0,0.5,5.7,27,https://www.dgt.gov.in/en/node/4464
6935,PR27000524,PR27000524,2026-27,152,2.4,0,0.1,0.6,0,0,0,0,3.1,27,https://www.dgt.gov.in/en/node/4464
6936,PR27000801,PR27000801,2026-27,152,3,0.2,0.1,1.2,1,0.8,0,0.5,6.8,27,https://www.dgt.gov.in/en/node/4464
6937,PR27000825,PR27000825,2026-27,152,0,0.1,0.1,0,1,0.6,0,0,1.8,27,https://www.dgt.gov.in/en/node/4464
6938,PR27000837,PR27000837,2026-27,152,1.2,0.2,0.1,0,1,0.6,0,0.5,3.6,27,https://www.dgt.gov.in/en/node/4464
6939,PR27000905,PR27000905,2026-27,152,0,0.2,0.1,0.6,1,0.8,0,0.4,3.1,27,https://www.dgt.gov.in/en/node/4464
6940,PR27000906,PR27000906,2026-27,152,3,0.2,0.1,0,1,0.8,0,0.2,5.3,27,https://www.dgt.gov.in/en/node/4464
6941,PR27000938,PR27000938,2026-27,152,3,0.1,0.1,1.2,1,0.8,0,0.4,6.6,27,https://www.dgt.gov.in/en/node/4464
6942,PR27000941,PR27000941,2026-27,152,0.6,0,0.1,0.6,1,0.6,0,0.3,3.2,27,https://www.dgt.gov.in/en/node/4464
6943,PR27000963,PR27000963,2026-27,152,0.6,0.1,0.3,1.2,1,0.6,0,0.4,4.2,27,https://www.dgt.gov.in/en/node/4464
6944,PR27000969,PR27000969,2026-27,152,3,0.1,0.1,1.2,0.8,0.8,0,0.4,6.4,27,https://www.dgt.gov.in/en/node/4464
6945,PR27000975,PR27000975,2026-27,152,1.2,0.1,0.1,1.8,0.8,0.8,0,0.2,5,27,https://www.dgt.gov.in/en/node/4464
6946,PR27001001,PR27001001,2026-27,153,3,0.3,0.3,1.8,1,0.8,0,0.3,7.5,27,https://www.dgt.gov.in/en/node/4464
6947,PR27001015,PR27001015,2026-27,153,0.6,0,0.3,1.2,1,0.8,0,0.3,4.2,27,https://www.dgt.gov.in/en/node/4464
6948,PR27001028,PR27001028,2026-27,153,1.2,0.1,0.1,0,0.8,0.8,0,0.3,3.3,27,https://www.dgt.gov.in/en/node/4464
6949,PR27001050,PR27001050,2026-27,153,3,0.2,0.5,1.8,1,0.8,0,0.2,7.5,27,https://www.dgt.gov.in/en/node/4464
6950,GR27000084,GR27000084,2026-27,153,3,0.5,0.5,3,1,0.8,0,0.5,9.3,27,https://www.dgt.gov.in/en/node/4464
6951,GR27000129,GR27000129,2026-27,153,3,0.5,0.3,3,1,0.8,0,0.4,9,27,https://www.dgt.gov.in/en/node/4464
6952,GR27000130,GR27000130,2026-27,153,3,0.5,0.5,3,1,0.8,0,0.5,9.3,27,https://www.dgt.gov.in/en/node/4464
6953,GR27000333,GR27000333,2026-27,153,3,0.5,0.3,3,1,0.8,0,0.5,9.1,27,https://www.dgt.gov.in/en/node/4464
6954,GR27000334,GR27000334,2026-27,153,3,0.5,0.3,3,1,0.8,0,0.5,9.1,27,https://www.dgt.gov.in/en/node/4464
6955,GR27000335,GR27000335,2026-27,153,3,0.5,0.3,3,1,0.8,0,0.4,9,27,https://www.dgt.gov.in/en/node/4464
6956,GR27000336,GR27000336,2026-27,153,3,0.5,0.3,3,1,0.8,0,0.3,8.9,27,https://www.dgt.gov.in/en/node/4464
6957,GR27000337,GR27000337,2026-27,153,2.4,0.5,0.3,1.8,0.8,0.8,0,0.5,7.1,27,https://www.dgt.gov.in/en/node/4464
6958,GR27000338,GR27000338,2026-27,153,2.4,0.5,0.3,0.6,0.8,0.8,0,0.4,5.8,27,https://www.dgt.gov.in/en/node/4464
6959,GR27000339,GR27000339,2026-27,153,3,0.5,0.3,1.8,1,0.8,0,0.5,7.9,27,https://www.dgt.gov.in/en/node/4464
6960,GR27000340,GR27000340,2026-27,153,3,0.5,0.3,2.4,1,0.6,0,0.3,8.1,27,https://www.dgt.gov.in/en/node/4464
6961,GR27000341,GR27000341,2026-27,153,3,0.5,0.3,3,1,0.8,0,0.5,9.1,27,https://www.dgt.gov.in/en/node/4464
6962,GR27000528,GR27000528,2026-27,153,3,0.5,0.3,2.4,1,0.8,0,0.5,8.5,27,https://www.dgt.gov.in/en/node/4464
6963,GR27000529,GR27000529,2026-27,153,3,0.5,0.3,0.6,1,0.8,0,0.5,6.7,27,https://www.dgt.gov.in/en/node/4464
6964,GR27000530,GR27000530,2026-27,153,3,0.5,0.3,1.8,1,0.8,0,0.5,7.9,27,https://www.dgt.gov.in/en/node/4464
6965,GR27000624,GR27000624,2026-27,153,3,0.5,0.3,3,1,0.8,0,0.5,9.1,27,https://www.dgt.gov.in/en/node/4464
6966,GR27001052,GR27001052,2026-27,153,3,0.5,0.3,2.4,1,0.8,0,0.3,8.3,27,https://www.dgt.gov.in/en/node/4464
6967,GR27000126,GR27000126,2026-27,153,3,0.5,0.5,3,1,0.8,0,0.5,9.3,27,https://www.dgt.gov.in/en/node/4464
6968,GR27000214,GR27000214,2026-27,153,3,0.5,0.3,3,1,0.8,0,0.5,9.1,27,https://www.dgt.gov.in/en/node/4464
6969,GR27000320,GR27000320,2026-27,153,3,0.5,0.3,3,1,0.8,0,0.5,9.1,27,https://www.dgt.gov.in/en/node/4464
6970,GR27000332,GR27000332,2026-27,153,3,0.5,0.3,3,1,0.8,0,0.3,8.9,27,https://www.dgt.gov.in/en/node/4464
6971,GR27000444,GR27000444,2026-27,153,3,0.5,0.3,3,1,0.8,0,0.3,8.9,27,https://www.dgt.gov.in/en/node/4464
6972,GR27000451,GR27000451,2026-27,153,2.4,0.5,0.3,3,1,0.8,0,0.3,8.3,27,https://www.dgt.gov.in/en/node/4464
6973,GR27000522,GR27000522,2026-27,153,3,0.5,0.3,3,1,0.8,0,0.3,8.9,27,https://www.dgt.gov.in/en/node/4464
6974,GR27000531,GR27000531,2026-27,153,3,0.5,0.3,1.8,1,0.8,0,0.5,7.9,27,https://www.dgt.gov.in/en/node/4464
6975,GR27001031,GR27001031,2026-27,153,3,0.4,0.3,2.4,1,0.8,0,0.4,8.3,27,https://www.dgt.gov.in/en/node/4464
6976,GU27000028,GU27000028,2026-27,153,2.4,0.5,0.5,3,1,0.8,0,0.3,8.5,27,https://www.dgt.gov.in/en/node/4464
6977,PR27000261,PR27000261,2026-27,153,3,0.1,0.1,1.2,1,0.8,0,0.2,6.4,27,https://www.dgt.gov.in/en/node/4464
6978,PR27000625,PR27000625,2026-27,153,3,0.1,0.1,1.8,1,0.8,0,0.3,7.1,27,https://www.dgt.gov.in/en/node/4464
6979,PR27000626,PR27000626,2026-27,153,2.4,0.1,0.3,1.2,1,0.8,0,0.2,6,27,https://www.dgt.gov.in/en/node/4464
6980,PR27000729,PR27000729,2026-27,153,3,0.2,0.1,2.4,1,0.8,0,0.2,7.7,27,https://www.dgt.gov.in/en/node/4464
6981,PR27000751,PR27000751,2026-27,153,3,0.1,0.1,1.8,1,0.8,0,0.2,7,27,https://www.dgt.gov.in/en/node/4464
6982,PR27000752,PR27000752,2026-27,153,3,0.1,0.1,1.8,1,0.8,0,0.2,7,27,https://www.dgt.gov.in/en/node/4464
6983,PR27000861,PR27000861,2026-27,153,1.8,0.2,0.1,2.4,1,0.8,0,0.2,6.5,27,https://www.dgt.gov.in/en/node/4464
6984,PR27000908,PR27000908,2026-27,153,3,0.1,0.1,0.6,1,0.8,0,0.5,6.1,27,https://www.dgt.gov.in/en/node/4464
6985,PR27000956,PR27000956,2026-27,153,3,0.1,0.1,0,1,0.8,0,0.4,5.4,27,https://www.dgt.gov.in/en/node/4464
6986,PR27000996,PR27000996,2026-27,153,3,0.1,0.1,1.8,1,0.8,0,0.4,7.2,27,https://www.dgt.gov.in/en/node/4464
6987,PU27000900,PU27000900,2026-27,153,3,0.2,0.1,1.8,1,0.8,0,0.4,7.3,27,https://www.dgt.gov.in/en/node/4464
6988,PU27000954,PU27000954,2026-27,153,3,0.1,0.1,0,1,0.6,0,0.4,5.2,27,https://www.dgt.gov.in/en/node/4464
6989,PU27000959,PU27000959,2026-27,153,3,0.2,0.1,1.8,1,0.8,0,0.2,7.1,27,https://www.dgt.gov.in/en/node/4464
6990,GR27000108,GR27000108,2026-27,153,3,0.3,0.5,3,1,0.8,0,0.4,9,27,https://www.dgt.gov.in/en/node/4464
6991,GR27000293,GR27000293,2026-27,153,3,0.5,0.3,3,1,0.8,0,0.4,9,27,https://www.dgt.gov.in/en/node/4464
6992,GR27000418,GR27000418,2026-27,154,3,0.5,0.3,2.4,1,0.8,0,0.4,8.4,27,https://www.dgt.gov.in/en/node/4464
6993,GR27000463,GR27000463,2026-27,154,1.8,0.5,0.5,3,1,0.8,0,0.4,8,27,https://www.dgt.gov.in/en/node/4464
6994,GR27000464,GR27000464,2026-27,154,3,0.5,0.3,3,1,0.8,0,0.4,9,27,https://www.dgt.gov.in/en/node/4464
6995,GR27000547,GR27000547,2026-27,154,3,0.5,0.3,3,1,0.8,0,0.5,9.1,27,https://www.dgt.gov.in/en/node/4464
6996,PR27000613,PR27000613,2026-27,154,2.4,0.2,0.1,3,1,0.8,0,0.2,7.7,27,https://www.dgt.gov.in/en/node/4464
6997,PR27001012,PR27001012,2026-27,154,2.4,0.3,0.3,3,1,0.8,0,0.3,8.1,27,https://www.dgt.gov.in/en/node/4464
6998,PR27001033,PR27001033,2026-27,154,2.4,0.1,0.1,2.4,1,0.8,0,0.4,7.2,27,https://www.dgt.gov.in/en/node/4464
6999,GR27000086,GR27000086,2026-27,154,3,0.5,0.3,3,1,0.8,0,0.4,9,27,https://www.dgt.gov.in/en/node/4464
7000,GR27000118,GR27000118,2026-27,154,3,0.4,0.3,3,1,0.8,0,0.3,8.8,27,https://www.dgt.gov.in/en/node/4464
7001,GR27000119,GR27000119,2026-27,154,3,0.4,0.3,3,1,0.8,0,0.3,8.8,27,https://www.dgt.gov.in/en/node/4464
7002,GR27000311,GR27000311,2026-27,154,2.4,0.5,0.3,3,1,0.8,0,0.4,8.4,27,https://www.dgt.gov.in/en/node/4464
7003,GR27000312,GR27000312,2026-27,154,3,0.4,0.3,2.4,1,0.8,0,0.3,8.2,27,https://www.dgt.gov.in/en/node/4464
7004,GR27000313,GR27000313,2026-27,154,2.4,0.5,0.3,3,1,0.8,0,0.3,8.3,27,https://www.dgt.gov.in/en/node/4464
7005,GR27000314,GR27000314,2026-27,154,3,0.4,0.3,3,1,0.8,0,0.3,8.8,27,https://www.dgt.gov.in/en/node/4464
7006,GR27000315,GR27000315,2026-27,154,2.4,0.5,0.3,3,1,0.8,0,0.3,8.3,27,https://www.dgt.gov.in/en/node/4464
7007,GR27000347,GR27000347,2026-27,154,1.8,0.5,0.3,2.4,1,0.8,0,0.5,7.3,27,https://www.dgt.gov.in/en/node/4464
7008,GR27000348,GR27000348,2026-27,154,3,0.5,0.3,3,1,0.8,0,0.2,8.8,27,https://www.dgt.gov.in/en/node/4464
7009,GR27000349,GR27000349,2026-27,154,3,0.5,0.3,3,1,0.8,0,0.3,8.9,27,https://www.dgt.gov.in/en/node/4464
7010,GR27000439,GR27000439,2026-27,154,3,0.5,0.3,3,1,0.8,0,0.3,8.9,27,https://www.dgt.gov.in/en/node/4464
7011,GR27000440,GR27000440,2026-27,154,3,0.5,0.3,3,1,0.8,0,0.5,9.1,27,https://www.dgt.gov.in/en/node/4464
7012,GR27000560,GR27000560,2026-27,154,1.8,0.1,0.3,1.2,1,0.6,0,0.5,5.5,27,https://www.dgt.gov.in/en/node/4464
7013,GR27000590,GR27000590,2026-27,154,3,0.5,0.3,3,1,0.8,0,0.2,8.8,27,https://www.dgt.gov.in/en/node/4464
7014,GU27000015,GU27000015,2026-27,154,1.8,0.3,0.3,3,1,0.8,0.3,0.3,7.8,27,https://www.dgt.gov.in/en/node/4464
7015,GU27000221,GU27000221,2026-27,154,1.8,0.5,0.3,3,1,0.8,0,0.3,7.7,27,https://www.dgt.gov.in/en/node/4464
7016,PR27000121,PR27000121,2026-27,154,1.2,0.1,0.1,2.4,1,0.8,0,0.3,5.9,27,https://www.dgt.gov.in/en/node/4464
7017,PR27000122,PR27000122,2026-27,154,1.2,0.1,0.1,1.8,1,0.8,0,0.5,5.5,27,https://www.dgt.gov.in/en/node/4464
7018,PR27000187,PR27000187,2026-27,154,1.2,0.1,0.3,3,1,0.8,0,0.3,6.7,27,https://www.dgt.gov.in/en/node/4464
7019,PR27000198,PR27000198,2026-27,154,2.4,0.1,0.1,3,1,0.8,0,0.1,7.5,27,https://www.dgt.gov.in/en/node/4464
7020,PR27000199,PR27000199,2026-27,154,2.4,0,0.1,3,1,0.8,0,0.3,7.6,27,https://www.dgt.gov.in/en/node/4464
7021,PR27000216,PR27000216,2026-27,154,3,0.1,0.1,3,1,0.8,0,0.1,8.1,27,https://www.dgt.gov.in/en/node/4464
7022,PR27000217,PR27000217,2026-27,154,1.2,0,0.1,3,1,0.8,0,0.2,6.3,27,https://www.dgt.gov.in/en/node/4464
7023,PR27000218,PR27000218,2026-27,154,2.4,0,0.1,0.6,1,0.8,0,0.2,5.1,27,https://www.dgt.gov.in/en/node/4464
7024,PR27000219,PR27000219,2026-27,154,3,0,0.1,1.8,1,0.8,0,0,6.7,27,https://www.dgt.gov.in/en/node/4464
7025,PR27000220,PR27000220,2026-27,154,0.6,0.1,0.1,1.8,1,0.8,0,0.2,4.6,27,https://www.dgt.gov.in/en/node/4464
7026,PR27000224,PR27000224,2026-27,154,3,0,0.3,0.6,1,0.8,0,0.2,5.9,27,https://www.dgt.gov.in/en/node/4464
7027,PR27000250,PR27000250,2026-27,154,2.4,0.1,0.1,3,1,0.8,0,0.2,7.6,27,https://www.dgt.gov.in/en/node/4464
7028,PR27000268,PR27000268,2026-27,154,0,0.1,0.1,1.8,1,0.8,0,0.4,4.2,27,https://www.dgt.gov.in/en/node/4464
7029,PR27000310,PR27000310,2026-27,154,3,0,0.1,3,1,0.8,0,0.1,8,27,https://www.dgt.gov.in/en/node/4464
7030,PR27000441,PR27000441,2026-27,154,1.2,0.2,0.3,3,1,0.8,0,0.2,6.7,27,https://www.dgt.gov.in/en/node/4464
7031,PR27000452,PR27000452,2026-27,154,3,0,0.1,1.8,1,0.8,0,0.3,7,27,https://www.dgt.gov.in/en/node/4464
7032,PR27000519,PR27000519,2026-27,154,1.2,0.2,0.1,1.2,1,0.8,0,0.2,4.7,27,https://www.dgt.gov.in/en/node/4464
7033,PR27000520,PR27000520,2026-27,154,3,0.3,0.1,3,1,0.8,0,0.3,8.5,27,https://www.dgt.gov.in/en/node/4464
7034,PR27000521,PR27000521,2026-27,154,1.2,0.2,0.5,3,1,0.8,0.3,0.3,7.3,27,https://www.dgt.gov.in/en/node/4464
7035,PR27000523,PR27000523,2026-27,154,2.4,0.3,0.1,3,1,0.8,0,0.2,7.8,27,https://www.dgt.gov.in/en/node/4464
7036,PR27000561,PR27000561,2026-27,154,3,0,0.3,3,1,0.8,0,0.2,8.3,27,https://www.dgt.gov.in/en/node/4464
7037,PR27000619,PR27000619,2026-27,154,3,0,0.1,3,1,0.8,0,0.1,8,27,https://www.dgt.gov.in/en/node/4464
7038,PR27000620,PR27000620,2026-27,155,1.2,0,0.1,1.8,1,0.8,0,0.2,5.1,27,https://www.dgt.gov.in/en/node/4464
7039,PR27000679,PR27000679,2026-27,155,3,0.1,0.1,3,1,0.8,0,0.3,8.3,27,https://www.dgt.gov.in/en/node/4464
7040,PR27000680,PR27000680,2026-27,155,0,0.2,0.1,3,0.8,0.8,0,0.4,5.3,27,https://www.dgt.gov.in/en/node/4464
7041,PR27000709,PR27000709,2026-27,155,1.8,0,0.1,3,1,0.8,0,0.2,6.9,27,https://www.dgt.gov.in/en/node/4464
7042,PR27000710,PR27000710,2026-27,155,3,0.1,0.1,3,1,0.8,0,0.4,8.4,27,https://www.dgt.gov.in/en/node/4464
7043,PR27000711,PR27000711,2026-27,155,2.4,0.2,0.1,0.6,1,0.8,0,0.2,5.3,27,https://www.dgt.gov.in/en/node/4464
7044,PR27000712,PR27000712,2026-27,155,3,0.4,0.1,2.4,1,0.8,0,0.3,8,27,https://www.dgt.gov.in/en/node/4464
7045,PR27000713,PR27000713,2026-27,155,0.6,0.1,0.1,3,0.8,0.8,0,0,5.4,27,https://www.dgt.gov.in/en/node/4464
7046,PR27000714,PR27000714,2026-27,155,3,0.1,0.1,2.4,1,0.8,0,0,7.4,27,https://www.dgt.gov.in/en/node/4464
7047,PR27000715,PR27000715,2026-27,155,1.2,0.1,0.1,1.8,1,0.8,0,0.1,5.1,27,https://www.dgt.gov.in/en/node/4464
7048,PR27000769,PR27000769,2026-27,155,3,0.1,0.1,2.4,1,0.8,0,0.3,7.7,27,https://www.dgt.gov.in/en/node/4464
7049,PR27000770,PR27000770,2026-27,155,3,0.2,0.1,3,1,0.8,0,0.4,8.5,27,https://www.dgt.gov.in/en/node/4464
7050,PR27000771,PR27000771,2026-27,155,1.8,0.2,0.1,3,1,0.8,0,0.5,7.4,27,https://www.dgt.gov.in/en/node/4464
7051,PR27000772,PR27000772,2026-27,155,3,0,0.1,2.4,1,0.8,0,0,7.3,27,https://www.dgt.gov.in/en/node/4464
7052,PR27000798,PR27000798,2026-27,155,3,0.3,0.1,3,1,0.8,0,0.3,8.5,27,https://www.dgt.gov.in/en/node/4464
7053,PR27000799,PR27000799,2026-27,155,2.4,0.1,0.1,2.4,1,0.8,0,0.2,7,27,https://www.dgt.gov.in/en/node/4464
7054,PR27000800,PR27000800,2026-27,155,1.8,0.1,0.1,2.4,0.8,0.8,0,0.2,6.2,27,https://www.dgt.gov.in/en/node/4464
7055,PR27000810,PR27000810,2026-27,155,0,0.5,0.1,3,1,0.8,0,0.2,5.6,27,https://www.dgt.gov.in/en/node/4464
7056,PR27000811,PR27000811,2026-27,155,1.8,0.5,0.1,3,1,0.8,0,0.4,7.6,27,https://www.dgt.gov.in/en/node/4464
7057,PR27000824,PR27000824,2026-27,155,3,0,0.1,3,1,0.8,0,0.3,8.2,27,https://www.dgt.gov.in/en/node/4464
7058,PR27000835,PR27000835,2026-27,155,0,0,0.1,0,0,0,0,0,0.1,27,https://www.dgt.gov.in/en/node/4464
7059,PR27000857,PR27000857,2026-27,155,2.4,0.2,0.1,2.4,1,0.8,0.5,0.2,7.6,27,https://www.dgt.gov.in/en/node/4464
7060,PR27000865,PR27000865,2026-27,155,0,0,0.1,0,0,0,0,0,0.1,27,https://www.dgt.gov.in/en/node/4464
7061,PR27000866,PR27000866,2026-27,155,3,0.1,0.1,1.2,1,0.8,0,0.3,6.5,27,https://www.dgt.gov.in/en/node/4464
7062,PR27000868,PR27000868,2026-27,155,3,0.1,0.1,3,1,0.8,0,0.3,8.3,27,https://www.dgt.gov.in/en/node/4464
7063,PR27000872,PR27000872,2026-27,155,2.4,0.1,0.1,2.4,1,0.6,0,0.2,6.8,27,https://www.dgt.gov.in/en/node/4464
7064,PR27000881,PR27000881,2026-27,155,0,0,0.1,0,0,0,0,0,0.1,27,https://www.dgt.gov.in/en/node/4464
7065,PR27000893,PR27000893,2026-27,155,3,0,0.1,1.8,1,0.8,0,0.4,7.1,27,https://www.dgt.gov.in/en/node/4464
7066,PR27000918,PR27000918,2026-27,155,3,0.1,0.1,1.8,1,0.8,0.3,0.5,7.6,27,https://www.dgt.gov.in/en/node/4464
7067,PR27000920,PR27000920,2026-27,155,3,0,0.1,1.8,1,0.8,0,0.2,6.9,27,https://www.dgt.gov.in/en/node/4464
7068,PR27000922,PR27000922,2026-27,155,2.4,0.1,0.1,3,1,0.6,0,0.2,7.4,27,https://www.dgt.gov.in/en/node/4464
7069,PR27000928,PR27000928,2026-27,155,1.8,0,0.1,3,1,0.8,0,0.3,7,27,https://www.dgt.gov.in/en/node/4464
7070,PR27000932,PR27000932,2026-27,155,1.8,0.1,0.1,1.8,1,0.8,0,0.2,5.8,27,https://www.dgt.gov.in/en/node/4464
7071,PR27000936,PR27000936,2026-27,155,3,0.1,0.1,3,1,0.8,0.5,0.3,8.8,27,https://www.dgt.gov.in/en/node/4464
7072,PR27000937,PR27000937,2026-27,155,3,0.2,0.1,3,1,0.8,0.5,0.3,8.9,27,https://www.dgt.gov.in/en/node/4464
7073,PR27000943,PR27000943,2026-27,155,0,0,0.1,3,0,0,0,0,3.1,27,https://www.dgt.gov.in/en/node/4464
7074,PR27000944,PR27000944,2026-27,155,2.4,0,0.1,1.8,1,0.8,0,0.2,6.3,27,https://www.dgt.gov.in/en/node/4464
7075,PR27000947,PR27000947,2026-27,155,1.8,0.1,0.1,2.4,1,0.8,0,0.3,6.5,27,https://www.dgt.gov.in/en/node/4464
7076,PR27000948,PR27000948,2026-27,155,2.4,0,0.1,3,1,0.8,0,0.2,7.5,27,https://www.dgt.gov.in/en/node/4464
7077,PR27000949,PR27000949,2026-27,155,3,0.2,0.1,1.2,1,0.8,0,0.5,6.8,27,https://www.dgt.gov.in/en/node/4464
7078,PR27000950,PR27000950,2026-27,155,3,0,0.1,2.4,1,0.8,0,0.2,7.5,27,https://www.dgt.gov.in/en/node/4464
7079,PR27000966,PR27000966,2026-27,155,0,0,0.1,0,0,0,0,0,0.1,27,https://www.dgt.gov.in/en/node/4464
7080,PR27000981,PR27000981,2026-27,155,3,0.1,0.1,2.4,1,0.8,0,0.2,7.6,27,https://www.dgt.gov.in/en/node/4464
7081,PR27000984,PR27000984,2026-27,155,1.8,0.3,0.3,2.4,1,0.8,0,0.2,6.8,27,https://www.dgt.gov.in/en/node/4464
7082,PR27000987,PR27000987,2026-27,155,2.4,0.1,0.1,0.6,1,0.8,0,0.2,5.2,27,https://www.dgt.gov.in/en/node/4464
7083,PR27000988,PR27000988,2026-27,155,1.2,0,0.1,1.8,1,0.8,0,0.1,5,27,https://www.dgt.gov.in/en/node/4464
7084,PR27001010,PR27001010,2026-27,156,1.2,0,0.1,1.2,1,0.6,0,0.2,4.3,27,https://www.dgt.gov.in/en/node/4464
7085,PR27001043,PR27001043,2026-27,156,1.8,0.4,0.5,1.8,1,0.8,0,0.5,6.8,27,https://www.dgt.gov.in/en/node/4464
7086,PR27001051,PR27001051,2026-27,156,1.8,0.1,0.1,3,1,0.8,0,0.2,7,27,https://www.dgt.gov.in/en/node/4464
7087,PR27001061,PR27001061,2026-27,156,2.4,0.2,0.3,2.4,1,0.8,0,0.3,7.4,27,https://www.dgt.gov.in/en/node/4464
7088,PR27001066,PR27001066,2026-27,156,0,0,0.1,0,0,0,0,0,0.1,27,https://www.dgt.gov.in/en/node/4464
7089,PR27001074,PR27001074,2026-27,156,3,0.3,0.5,1.8,1,0.8,0,0.2,7.6,27,https://www.dgt.gov.in/en/node/4464
7090,PU27000186,PU27000186,2026-27,156,1.2,0,0.1,2.4,1,0.6,0,0.1,5.4,27,https://www.dgt.gov.in/en/node/4464
7091,PU27000249,PU27000249,2026-27,156,0,0.1,0.1,2.4,1,0.8,0,0.2,4.6,27,https://www.dgt.gov.in/en/node/4464
7092,PU27000953,PU27000953,2026-27,156,3,0.2,0.1,1.8,1,0.8,0,0.2,7.1,27,https://www.dgt.gov.in/en/node/4464
7093,PU27001030,PU27001030,2026-27,156,1.8,0.1,0.1,3,1,0.8,0,0.4,7.2,27,https://www.dgt.gov.in/en/node/4464
7094,GR27000062,GR27000062,2026-27,156,3,0.3,0.5,3,1,0.8,0,0.3,8.9,27,https://www.dgt.gov.in/en/node/4464
7095,GR27000115,GR27000115,2026-27,156,1.8,0.4,0.3,3,1,0.8,0,0.2,7.5,27,https://www.dgt.gov.in/en/node/4464
7096,GR27000288,GR27000288,2026-27,156,3,0.5,0.3,2.4,1,0.8,0.3,0.3,8.6,27,https://www.dgt.gov.in/en/node/4464
7097,GR27000289,GR27000289,2026-27,156,3,0.4,0.5,3,1,0.8,0.3,0.2,9.2,27,https://www.dgt.gov.in/en/node/4464
7098,GR27000363,GR27000363,2026-27,156,3,0.5,0.3,3,1,0.8,0,0.2,8.8,27,https://www.dgt.gov.in/en/node/4464
7099,GR27000364,GR27000364,2026-27,156,3,0.4,0.3,3,1,0.8,0,0.3,8.8,27,https://www.dgt.gov.in/en/node/4464
7100,GR27000411,GR27000411,2026-27,156,3,0.3,0.3,3,1,0.8,0,0.2,8.6,27,https://www.dgt.gov.in/en/node/4464
7101,GR27000467,GR27000467,2026-27,156,3,0.4,0.3,2.4,1,0.8,0,0.3,8.2,27,https://www.dgt.gov.in/en/node/4464
7102,PR27000695,PR27000695,2026-27,156,3,0.3,0.1,1.8,1,0.8,0,0.3,7.3,27,https://www.dgt.gov.in/en/node/4464
7103,PR27000696,PR27000696,2026-27,156,0,0,0.1,0,0,0,0,0,0.1,27,https://www.dgt.gov.in/en/node/4464
7104,PR27000697,PR27000697,2026-27,156,3,0.2,0.1,3,1,0.8,0,0.2,8.3,27,https://www.dgt.gov.in/en/node/4464
7105,PR27000698,PR27000698,2026-27,156,3,0.2,0.1,2.4,1,0.8,0,0,7.5,27,https://www.dgt.gov.in/en/node/4464
7106,GR27000135,GR27000135,2026-27,156,3,0.2,0.3,3,1,0.8,0,0.2,8.5,27,https://www.dgt.gov.in/en/node/4464
7107,GR27000275,GR27000275,2026-27,156,2.4,0.4,0.3,3,1,0.8,0,0.3,8.2,27,https://www.dgt.gov.in/en/node/4464
7108,GR27000282,GR27000282,2026-27,156,2.4,0.5,0.3,3,1,0.8,0,0.2,8.2,27,https://www.dgt.gov.in/en/node/4464
7109,GR27000370,GR27000370,2026-27,156,1.8,0.5,0.5,3,1,0.8,0,0.2,7.8,27,https://www.dgt.gov.in/en/node/4464
7110,GR27000371,GR27000371,2026-27,156,2.4,0.4,0.3,3,1,0.8,0,0.3,8.2,27,https://www.dgt.gov.in/en/node/4464
7111,GR27000372,GR27000372,2026-27,156,3,0.5,0.3,2.4,1,0.8,0,0.2,8.2,27,https://www.dgt.gov.in/en/node/4464
7112,GR27000373,GR27000373,2026-27,156,2.4,0.5,0.3,3,1,0.8,0,0.2,8.2,27,https://www.dgt.gov.in/en/node/4464
7113,GR27000374,GR27000374,2026-27,156,1.8,0.1,0.3,3,1,0.8,0,0.2,7.2,27,https://www.dgt.gov.in/en/node/4464
7114,GR27000403,GR27000403,2026-27,156,1.8,0.5,0.3,3,1,0.8,0,0.3,7.7,27,https://www.dgt.gov.in/en/node/4464
7115,GR27000404,GR27000404,2026-27,156,3,0.1,0.3,2.4,1,0.6,0,0.2,7.6,27,https://www.dgt.gov.in/en/node/4464
7116,GR27000405,GR27000405,2026-27,156,2.4,0.5,0.3,3,1,0.8,0,0.2,8.2,27,https://www.dgt.gov.in/en/node/4464
7117,GU27000021,GU27000021,2026-27,156,1.8,0.4,0.3,3,1,0.8,0,0.3,7.6,27,https://www.dgt.gov.in/en/node/4464
7118,PR27000088,PR27000088,2026-27,156,3,0.3,0.1,0.6,1,0.8,0,0.5,6.3,27,https://www.dgt.gov.in/en/node/4464
7119,PR27000089,PR27000089,2026-27,156,1.2,0.1,0.1,1.2,1,0.8,0,0.2,4.6,27,https://www.dgt.gov.in/en/node/4464
7120,PR27000133,PR27000133,2026-27,156,2.4,0.1,0.1,2.4,1,0.8,0,0.4,7.2,27,https://www.dgt.gov.in/en/node/4464
7121,PR27000134,PR27000134,2026-27,156,2.4,0,0.3,3,1,0.8,0,0.2,7.7,27,https://www.dgt.gov.in/en/node/4464
7122,PR27000162,PR27000162,2026-27,156,3,0.1,0.1,2.4,1,0.8,0,0.2,7.6,27,https://www.dgt.gov.in/en/node/4464
7123,PR27000236,PR27000236,2026-27,156,2.4,0.1,0.1,2.4,1,0.8,0,0.2,7,27,https://www.dgt.gov.in/en/node/4464
7124,PR27000273,PR27000273,2026-27,156,3,0,0.3,3,1,0.8,0,0.3,8.4,27,https://www.dgt.gov.in/en/node/4464
7125,PR27000274,PR27000274,2026-27,156,3,0.1,0.1,3,1,0.8,0,0.2,8.2,27,https://www.dgt.gov.in/en/node/4464
7126,PR27000564,PR27000564,2026-27,156,1.2,0.1,0.1,2.4,1,0.8,0,0.2,5.8,27,https://www.dgt.gov.in/en/node/4464
7127,PR27000565,PR27000565,2026-27,156,3,0,0.1,1.2,1,0.8,0,0.2,6.3,27,https://www.dgt.gov.in/en/node/4464
7128,PR27000566,PR27000566,2026-27,156,3,0.1,0.1,3,1,0.8,0,0.2,8.2,27,https://www.dgt.gov.in/en/node/4464
7129,PR27000579,PR27000579,2026-27,156,2.4,0,0.3,2.4,1,0.8,0,0.1,7,27,https://www.dgt.gov.in/en/node/4464
7130,PR27000580,PR27000580,2026-27,157,0.6,0.2,0.1,1.8,1,0.8,0,0.3,4.8,27,https://www.dgt.gov.in/en/node/4464
7131,PR27000628,PR27000628,2026-27,157,1.8,0.1,0.3,1.8,1,0.8,0,0,5.8,27,https://www.dgt.gov.in/en/node/4464
7132,PR27000629,PR27000629,2026-27,157,1.2,0,0.1,1.8,1,0.8,0,0.3,5.2,27,https://www.dgt.gov.in/en/node/4464
7133,PR27000630,PR27000630,2026-27,157,3,0.1,0.3,2.4,1,0.8,0,0.2,7.8,27,https://www.dgt.gov.in/en/node/4464
7134,PR27000631,PR27000631,2026-27,157,2.4,0.1,0.3,2.4,1,0.8,0,0,7,27,https://www.dgt.gov.in/en/node/4464
7135,PR27000632,PR27000632,2026-27,157,3,0,0.1,1.8,1,0.8,0,0.2,6.9,27,https://www.dgt.gov.in/en/node/4464
7136,PR27000633,PR27000633,2026-27,157,3,0,0.1,2.4,1,0.8,0,0,7.3,27,https://www.dgt.gov.in/en/node/4464
7137,PR27000634,PR27000634,2026-27,157,3,0.1,0.1,2.4,1,0.8,0,0.2,7.6,27,https://www.dgt.gov.in/en/node/4464
7138,PR27000635,PR27000635,2026-27,157,0.6,0,0.1,3,0.6,0.8,0,0.2,5.3,27,https://www.dgt.gov.in/en/node/4464
7139,PR27000662,PR27000662,2026-27,157,0.6,0,0.1,1.8,1,0.8,0,0,4.3,27,https://www.dgt.gov.in/en/node/4464
7140,PR27000663,PR27000663,2026-27,157,2.4,0,0.1,3,1,0.8,0,0.1,7.4,27,https://www.dgt.gov.in/en/node/4464
7141,PR27000664,PR27000664,2026-27,157,2.4,0,0.1,3,1,0.8,0,0,7.3,27,https://www.dgt.gov.in/en/node/4464
7142,PR27000665,PR27000665,2026-27,157,3,0,0.1,1.8,1,0.8,0,0,6.7,27,https://www.dgt.gov.in/en/node/4464
7143,PR27000667,PR27000667,2026-27,157,3,0,0.1,1.2,1,0.8,0,0.3,6.4,27,https://www.dgt.gov.in/en/node/4464
7144,PR27000746,PR27000746,2026-27,157,3,0.2,0.1,3,1,0.8,0,0.2,8.3,27,https://www.dgt.gov.in/en/node/4464
7145,PR27000750,PR27000750,2026-27,157,1.8,0.1,0.3,1.8,0.8,0.8,0,0.3,5.9,27,https://www.dgt.gov.in/en/node/4464
7146,PR27000803,PR27000803,2026-27,157,3,0.3,0.1,2.4,1,0.8,0,0.2,7.8,27,https://www.dgt.gov.in/en/node/4464
7147,PR27000832,PR27000832,2026-27,157,3,0,0.1,3,1,0.8,0,0.3,8.2,27,https://www.dgt.gov.in/en/node/4464
7148,PR27000845,PR27000845,2026-27,157,3,0.1,0.1,3,1,0.8,0,0.1,8.1,27,https://www.dgt.gov.in/en/node/4464
7149,PR27000896,PR27000896,2026-27,157,3,0.2,0.1,3,1,0.8,0,0.2,8.3,27,https://www.dgt.gov.in/en/node/4464
7150,PR27000982,PR27000982,2026-27,157,2.4,0.1,0.1,2.4,1,0.8,0,0.5,7.3,27,https://www.dgt.gov.in/en/node/4464
7151,PR27000990,PR27000990,2026-27,157,1.2,0.3,0.1,1.2,1,0.8,0,0.3,4.9,27,https://www.dgt.gov.in/en/node/4464
7152,PR27001002,PR27001002,2026-27,157,3,0.1,0.1,3,1,0.8,0,0.2,8.2,27,https://www.dgt.gov.in/en/node/4464
7153,PR27001007,PR27001007,2026-27,157,3,0,0.1,2.4,1,0.8,0,0.3,7.6,27,https://www.dgt.gov.in/en/node/4464
7154,PR27001018,PR27001018,2026-27,157,3,0.1,0.1,3,1,0.8,0,0.2,8.2,27,https://www.dgt.gov.in/en/node/4464
7155,PU27000748,PU27000748,2026-27,157,3,0,0.1,2.4,1,0.8,0,0.5,7.8,27,https://www.dgt.gov.in/en/node/4464
7156,PU27000972,PU27000972,2026-27,157,3,0.3,0.1,3,1,0.8,0,0.4,8.6,27,https://www.dgt.gov.in/en/node/4464
7157,PU27000974,PU27000974,2026-27,157,3,0.1,0.1,3,1,0.8,0,0.2,8.2,27,https://www.dgt.gov.in/en/node/4464
7158,GR27000030,GR27000030,2026-27,157,2.4,0.4,0.3,3,1,0.8,0.1,0.3,8.3,27,https://www.dgt.gov.in/en/node/4464
7159,GR27000072,GR27000072,2026-27,157,3,0.4,0.3,3,1,0.8,0,0.3,8.8,27,https://www.dgt.gov.in/en/node/4464
7160,GR27000073,GR27000073,2026-27,157,3,0.5,0.3,3,1,0.8,0,0.4,9,27,https://www.dgt.gov.in/en/node/4464
7161,GR27000143,GR27000143,2026-27,157,3,0.3,0.3,2.4,1,0.8,0.2,0.2,8.2,27,https://www.dgt.gov.in/en/node/4464
7162,GR27000280,GR27000280,2026-27,157,3,0.5,0.3,3,1,0.8,0,0.3,8.9,27,https://www.dgt.gov.in/en/node/4464
7163,GR27000390,GR27000390,2026-27,157,3,0.3,0.3,3,1,0.8,0,0.3,8.7,27,https://www.dgt.gov.in/en/node/4464
7164,GR27000470,GR27000470,2026-27,157,3,0.5,0.3,3,1,0.8,0,0.3,8.9,27,https://www.dgt.gov.in/en/node/4464
7165,GR27000569,GR27000569,2026-27,157,3,0.5,0.3,3,1,0.8,0,0.3,8.9,27,https://www.dgt.gov.in/en/node/4464
7166,GR27000574,GR27000574,2026-27,157,3,0.4,0.3,3,1,0.8,0.4,0.4,9.3,27,https://www.dgt.gov.in/en/node/4464
7167,GR27000641,GR27000641,2026-27,157,3,0.1,0.3,2.4,1,0.8,0,0.4,8,27,https://www.dgt.gov.in/en/node/4464
7168,GU27000237,GU27000237,2026-27,157,3,0.5,0.3,3,1,0.8,0,0.3,8.9,27,https://www.dgt.gov.in/en/node/4464
7169,PR27000238,PR27000238,2026-27,157,3,0.1,0.1,2.4,1,0.8,0,0.2,7.6,27,https://www.dgt.gov.in/en/node/4464
7170,PR27000852,PR27000852,2026-27,157,3,0.1,0.1,3,1,0.8,0,0.2,8.2,27,https://www.dgt.gov.in/en/node/4464
7171,PR27000933,PR27000933,2026-27,157,3,0.1,0.1,1.8,1,0.8,0,0.3,7.1,27,https://www.dgt.gov.in/en/node/4464
7172,PR27000992,PR27000992,2026-27,157,3,0.1,0.1,1.8,1,0.8,0,0.3,7.1,27,https://www.dgt.gov.in/en/node/4464
7173,PR27000994,PR27000994,2026-27,157,3,0.2,0.1,3,1,0.8,0,0.2,8.3,27,https://www.dgt.gov.in/en/node/4464
7174,PR27001005,PR27001005,2026-27,157,1.2,0.2,0.3,2.4,1,0.8,0,0.2,6.1,27,https://www.dgt.gov.in/en/node/4464
7175,PR27001021,PR27001021,2026-27,157,1.2,0.2,0.1,1.2,1,0.8,0,0.3,4.8,27,https://www.dgt.gov.in/en/node/4464
7176,PR27001046,PR27001046,2026-27,158,1.2,0.1,0.1,2.4,1,0.8,0,0.1,5.7,27,https://www.dgt.gov.in/en/node/4464
7177,PR27001064,PR27001064,2026-27,158,1.8,0.5,0.3,3,1,0.8,0,0.5,7.9,27,https://www.dgt.gov.in/en/node/4464
7178,PU27000997,PU27000997,2026-27,158,0.6,0.2,0.3,2.4,1,0.8,0,0.2,5.5,27,https://www.dgt.gov.in/en/node/4464
7179,PU27001013,PU27001013,2026-27,158,2.4,0.2,0.3,2.4,1,0.8,0,0.2,7.3,27,https://www.dgt.gov.in/en/node/4464
7180,CFI2700001,CFI2700001,2026-27,158,0.6,0.5,0.5,3,1,0.8,0,0.3,6.7,27,https://www.dgt.gov.in/en/node/4464
7181,GR27000461,GR27000461,2026-27,158,1.8,0.5,0.3,3,1,0.8,0,0.3,7.7,27,https://www.dgt.gov.in/en/node/4464
7182,GR27000683,GR27000683,2026-27,158,1.8,0.3,0.3,3,1,0.8,0,0.3,7.5,27,https://www.dgt.gov.in/en/node/4464
7183,GR27000705,GR27000705,2026-27,158,2.4,0.1,0.5,3,1,0.8,0,0.3,8.1,27,https://www.dgt.gov.in/en/node/4464
7184,GU27000008,GU27000008,2026-27,158,1.2,0.2,0.3,3,1,0.8,0,0.3,6.8,27,https://www.dgt.gov.in/en/node/4464
7185,GU27000102,GU27000102,2026-27,158,2.4,0.5,0.3,3,1,0.8,0,0.4,8.4,27,https://www.dgt.gov.in/en/node/4464
7186,GU27000682,GU27000682,2026-27,158,3,0.2,0.3,3,1,0.8,0,0.3,8.6,27,https://www.dgt.gov.in/en/node/4464
7187,GU27000980,GU27000980,2026-27,158,0.6,0.3,0.3,3,1,0.8,0,0.5,6.5,27,https://www.dgt.gov.in/en/node/4464
7188,PR27000025,PR27000025,2026-27,158,3,0,0.1,3,1,0.8,0,0,7.9,27,https://www.dgt.gov.in/en/node/4464
7189,PR27000046,PR27000046,2026-27,158,0.6,0,0.1,3,1,0.6,0,0.1,5.4,27,https://www.dgt.gov.in/en/node/4464
7190,PR27000100,PR27000100,2026-27,158,0,0,0.3,0,0,0,0,0,0.3,27,https://www.dgt.gov.in/en/node/4464
7191,PR27000101,PR27000101,2026-27,158,3,0.2,0.1,3,1,0.8,0,0.3,8.4,27,https://www.dgt.gov.in/en/node/4464
7192,PR27000617,PR27000617,2026-27,158,0,0,0.3,0,0,0,0,0,0.3,27,https://www.dgt.gov.in/en/node/4464
7193,PU27000049,PU27000049,2026-27,158,0.6,0.3,0.1,2.4,1,0.8,0,0.1,5.3,27,https://www.dgt.gov.in/en/node/4464
7194,GR27000504,GR27000504,2026-27,158,2.4,0.3,0.5,3,1,0.8,0,0.3,8.3,27,https://www.dgt.gov.in/en/node/4464
7195,GR27000684,GR27000684,2026-27,158,2.4,0.3,0.3,3,1,0.8,0,0.4,8.2,27,https://www.dgt.gov.in/en/node/4464
7196,GU27000033,GU27000033,2026-27,158,1.2,0.1,0.3,3,1,0.8,0,0.3,6.7,27,https://www.dgt.gov.in/en/node/4464
7197,GU27000050,GU27000050,2026-27,158,3,0.2,0.3,3,1,0.8,0.2,0.3,8.8,27,https://www.dgt.gov.in/en/node/4464
7198,GU27000167,GU27000167,2026-27,158,2.4,0.1,0.3,3,1,0.8,0,0.3,7.9,27,https://www.dgt.gov.in/en/node/4464
7199,GU27000168,GU27000168,2026-27,158,1.8,0.1,0.1,3,1,0.8,0,0.3,7.1,27,https://www.dgt.gov.in/en/node/4464
7200,GU27001010,GU27001010,2026-27,158,1.2,0.1,0.3,NG,NG,NG,0,0.5,NG,27,https://www.dgt.gov.in/en/node/4464
7201,PR27000038,PR27000038,2026-27,158,2.4,0.2,0.3,3,1,0.8,0,0,7.7,27,https://www.dgt.gov.in/en/node/4464
7202,PR27000039,PR27000039,2026-27,158,1.8,0,0.3,3,1,0.8,0.5,0.1,7.5,27,https://www.dgt.gov.in/en/node/4464
7203,PR27000042,PR27000042,2026-27,158,0,0,0.1,3,1,0.8,0,0,4.9,27,https://www.dgt.gov.in/en/node/4464
7204,PR27000058,PR27000058,2026-27,158,3,0.3,0.1,3,1,0.8,0,0.2,8.4,27,https://www.dgt.gov.in/en/node/4464
7205,PR27000166,PR27000166,2026-27,158,3,0.2,0.1,3,1,0.6,0,0.2,8.1,27,https://www.dgt.gov.in/en/node/4464
7206,PR27000189,PR27000189,2026-27,158,1.8,0.1,0.1,3,1,0.8,0.2,0.2,7.2,27,https://www.dgt.gov.in/en/node/4464
7207,PR27000231,PR27000231,2026-27,158,3,0.1,0.1,3,1,0.6,0,0.1,7.9,27,https://www.dgt.gov.in/en/node/4464
7208,PR27000508,PR27000508,2026-27,158,2.4,0.1,0.5,3,1,0.8,0.5,0.1,8.4,27,https://www.dgt.gov.in/en/node/4464
7209,PR27000818,PR27000818,2026-27,158,0,0,0.3,0,0,0,0,0,0.3,27,https://www.dgt.gov.in/en/node/4464
7210,GR27000011,GR27000011,2026-27,158,2.4,0.4,0.5,3,1,0.8,0.2,0.5,8.8,27,https://www.dgt.gov.in/en/node/4464
7211,GR27000082,GR27000082,2026-27,158,3,0.5,0.3,3,1,0.8,0,0.4,9,27,https://www.dgt.gov.in/en/node/4464
7212,GR27000131,GR27000131,2026-27,158,2.4,0.3,0.5,3,1,0.8,0.5,0.3,8.8,27,https://www.dgt.gov.in/en/node/4464
7213,GR27000132,GR27000132,2026-27,158,2.4,0.5,0.3,3,1,0.8,0,0.4,8.4,27,https://www.dgt.gov.in/en/node/4464
7214,GR27000184,GR27000184,2026-27,158,3,0.3,0.5,3,1,0.8,0,0.4,9,27,https://www.dgt.gov.in/en/node/4464
7215,GR27000265,GR27000265,2026-27,158,3,0.5,0.3,3,1,0.8,0.2,0.3,9.1,27,https://www.dgt.gov.in/en/node/4464
7216,GR27000322,GR27000322,2026-27,158,3,0.5,0.3,3,1,0.8,0,0.4,9,27,https://www.dgt.gov.in/en/node/4464
7217,GR27000323,GR27000323,2026-27,158,3,0.5,0.3,3,1,0.8,0,0.3,8.9,27,https://www.dgt.gov.in/en/node/4464
7218,GR27000324,GR27000324,2026-27,158,3,0.5,0.3,3,1,0.8,0.3,0.5,9.4,27,https://www.dgt.gov.in/en/node/4464
7219,GR27000325,GR27000325,2026-27,158,2.4,0.5,0.3,3,1,0.8,0.2,0.4,8.6,27,https://www.dgt.gov.in/en/node/4464
7220,GR27000342,GR27000342,2026-27,158,1.8,0.5,0.3,2.4,1,0.8,0,0.3,7.1,27,https://www.dgt.gov.in/en/node/4464
7221,GR27000445,GR27000445,2026-27,158,2.4,0.3,0.3,3,1,0.8,0.2,0.4,8.4,27,https://www.dgt.gov.in/en/node/4464
7222,GR27000446,GR27000446,2026-27,159,1.2,0.3,0.3,2.4,0.8,0.8,0,0.3,6.1,27,https://www.dgt.gov.in/en/node/4464
7223,GR27000447,GR27000447,2026-27,159,1.2,0.3,0.3,3,1,0.8,0,0.5,7.1,27,https://www.dgt.gov.in/en/node/4464
7224,GR27000527,GR27000527,2026-27,159,3,0.5,0.3,2.4,1,0.8,0,0.5,8.5,27,https://www.dgt.gov.in/en/node/4464
7225,GU27000151,GU27000151,2026-27,159,3,0.5,0.3,3,1,0.8,0.2,0.5,9.3,27,https://www.dgt.gov.in/en/node/4464
7226,GU27000717,GU27000717,2026-27,159,3,0.5,0.3,3,1,0.8,0.5,0.5,9.6,27,https://www.dgt.gov.in/en/node/4464
7227,PR27000002,PR27000002,2026-27,159,3,0.3,0.1,1.2,1,0.8,0,0.5,6.9,27,https://www.dgt.gov.in/en/node/4464
7228,PR27000003,PR27000003,2026-27,159,0,0,0.1,3,1,0.8,0,0,4.9,27,https://www.dgt.gov.in/en/node/4464
7229,PR27000047,PR27000047,2026-27,159,0.6,0,0.1,3,1,0.6,0,0,5.3,27,https://www.dgt.gov.in/en/node/4464
7230,PR27000052,PR27000052,2026-27,159,1.2,0,0.1,3,1,0.8,0,0.4,6.5,27,https://www.dgt.gov.in/en/node/4464
7231,PR27000185,PR27000185,2026-27,159,1.2,0.2,0.1,2.4,1,0.8,0,0.4,6.1,27,https://www.dgt.gov.in/en/node/4464
7232,PR27000200,PR27000200,2026-27,159,0.6,0.3,0.1,0.6,1,0.8,0,0.4,3.8,27,https://www.dgt.gov.in/en/node/4464
7233,PR27000201,PR27000201,2026-27,159,2.4,0.3,0.3,3,1,0.8,0,0.3,8.1,27,https://www.dgt.gov.in/en/node/4464
7234,PR27000202,PR27000202,2026-27,159,2.4,0.1,0.3,1.2,1,0.8,0,0.3,6.1,27,https://www.dgt.gov.in/en/node/4464
7235,PR27000203,PR27000203,2026-27,159,2.4,0.1,0.1,2.4,1,0.8,0,0.1,6.9,27,https://www.dgt.gov.in/en/node/4464
7236,PR27000204,PR27000204,2026-27,159,1.2,0.1,0.1,1.8,1,0.8,0,0.3,5.3,27,https://www.dgt.gov.in/en/node/4464
7237,PR27000205,PR27000205,2026-27,159,1.2,0.3,0.3,2.4,1,0.8,0,0.5,6.5,27,https://www.dgt.gov.in/en/node/4464
7238,PR27000210,PR27000210,2026-27,159,2.4,0.2,0.3,2.4,1,0.8,0,0.2,7.3,27,https://www.dgt.gov.in/en/node/4464
7239,PR27000212,PR27000212,2026-27,159,1.2,0.3,0.1,1.8,1,0.8,0,0.4,5.6,27,https://www.dgt.gov.in/en/node/4464
7240,PR27000215,PR27000215,2026-27,159,1.2,0.2,0.3,2.4,1,0.8,0,0.4,6.3,27,https://www.dgt.gov.in/en/node/4464
7241,PR27000251,PR27000251,2026-27,159,1.8,0.3,0.1,0.6,1,0.8,0,0.4,5,27,https://www.dgt.gov.in/en/node/4464
7242,PR27000252,PR27000252,2026-27,159,1.2,0.4,0.3,2.4,1,0.8,0,0.4,6.5,27,https://www.dgt.gov.in/en/node/4464
7243,PR27000253,PR27000253,2026-27,159,0,0,0.1,0,0,0,0,0,0.1,27,https://www.dgt.gov.in/en/node/4464
7244,PR27000254,PR27000254,2026-27,159,0.6,0.3,0.3,2.4,1,0.8,0,0.3,5.7,27,https://www.dgt.gov.in/en/node/4464
7245,PR27000255,PR27000255,2026-27,159,3,0.1,0.1,1.8,1,0.8,0,0.5,7.3,27,https://www.dgt.gov.in/en/node/4464
7246,PR27000256,PR27000256,2026-27,159,2.4,0.1,0.1,0,1,0.6,0,0,4.2,27,https://www.dgt.gov.in/en/node/4464
7247,PR27000257,PR27000257,2026-27,159,0,0.5,0.1,0,0,0,0,0.2,0.8,27,https://www.dgt.gov.in/en/node/4464
7248,PR27000264,PR27000264,2026-27,159,1.2,0.2,0.1,2.4,1,0.8,0,0.3,6,27,https://www.dgt.gov.in/en/node/4464
7249,PR27000344,PR27000344,2026-27,159,2.4,0.5,0.1,2.4,1,0.8,0,0.5,7.7,27,https://www.dgt.gov.in/en/node/4464
7250,PR27000589,PR27000589,2026-27,159,0.6,0.5,0.1,0.6,1,0.8,0,0.4,4,27,https://www.dgt.gov.in/en/node/4464
7251,PR27000621,PR27000621,2026-27,159,0,0,0.3,0,0,0,0,0,0.3,27,https://www.dgt.gov.in/en/node/4464
7252,PR27000675,PR27000675,2026-27,159,3,0.4,0.3,2.4,1,0.8,0,0.3,8.2,27,https://www.dgt.gov.in/en/node/4464
7253,PR27000676,PR27000676,2026-27,159,1.8,0,0.1,1.8,1,0.8,0,0.2,5.7,27,https://www.dgt.gov.in/en/node/4464
7254,PR27000677,PR27000677,2026-27,159,0.6,0.3,0.1,1.8,1,0.8,0,0.3,4.9,27,https://www.dgt.gov.in/en/node/4464
7255,PR27000678,PR27000678,2026-27,159,0,0,0.3,0,0,0,0,0,0.3,27,https://www.dgt.gov.in/en/node/4464
7256,PR27000716,PR27000716,2026-27,159,3,0.1,0.1,1.8,1,0.8,0,0.4,7.2,27,https://www.dgt.gov.in/en/node/4464
7257,PR27000718,PR27000718,2026-27,159,3,0.3,0.1,1.2,1,0.8,0,0.5,6.9,27,https://www.dgt.gov.in/en/node/4464
7258,PR27000719,PR27000719,2026-27,159,1.2,0.2,0.1,2.4,1,0.8,0,0.3,6,27,https://www.dgt.gov.in/en/node/4464
7259,PR27000720,PR27000720,2026-27,159,3,0.1,0.1,1.2,1,0.8,0,0.4,6.6,27,https://www.dgt.gov.in/en/node/4464
7260,PR27000761,PR27000761,2026-27,159,3,0.2,0.1,1.2,1,0.8,0,0.5,6.8,27,https://www.dgt.gov.in/en/node/4464
7261,PR27000762,PR27000762,2026-27,159,0,0,0.1,0,0,0,0,0,0.1,27,https://www.dgt.gov.in/en/node/4464
7262,PR27000763,PR27000763,2026-27,159,0,0,0.1,0,0,0,0,0,0.1,27,https://www.dgt.gov.in/en/node/4464
7263,PR27000764,PR27000764,2026-27,159,1.8,0.1,0.1,3,1,0.8,0,0.3,7.1,27,https://www.dgt.gov.in/en/node/4464
7264,PR27000765,PR27000765,2026-27,159,3,0.5,0.1,1.8,1,0.8,0,0.2,7.4,27,https://www.dgt.gov.in/en/node/4464
7265,PR27000766,PR27000766,2026-27,159,1.8,0.1,0.1,3,1,0.8,0,0.3,7.1,27,https://www.dgt.gov.in/en/node/4464
7266,PR27000767,PR27000767,2026-27,159,3,0.1,0.1,1.2,1,0.8,0,0.4,6.6,27,https://www.dgt.gov.in/en/node/4464
7267,PR27000768,PR27000768,2026-27,159,3,0.3,0.1,1.8,1,0.8,0,0.5,7.5,27,https://www.dgt.gov.in/en/node/4464
7268,PR27000828,PR27000828,2026-27,160,0,0,0.1,0,0,0,0,0,0.1,27,https://www.dgt.gov.in/en/node/4464
7269,PR27000829,PR27000829,2026-27,160,2.4,0.1,0.1,1.8,1,0.8,0,0.5,6.7,27,https://www.dgt.gov.in/en/node/4464
7270,PR27000834,PR27000834,2026-27,160,1.2,0.3,0.1,1.8,1,0.8,0,0.3,5.5,27,https://www.dgt.gov.in/en/node/4464
7271,PR27000839,PR27000839,2026-27,160,1.8,0.2,0.1,1.2,1,0.8,0,0.5,5.6,27,https://www.dgt.gov.in/en/node/4464
7272,PR27000841,PR27000841,2026-27,160,3,0.1,0.1,3,1,0.8,0,0.2,8.2,27,https://www.dgt.gov.in/en/node/4464
7273,PR27000849,PR27000849,2026-27,160,1.8,0.3,0.1,2.4,1,0.8,0.5,0.3,7.2,27,https://www.dgt.gov.in/en/node/4464
7274,PR27000850,PR27000850,2026-27,160,3,0.1,0.1,1.2,1,0.8,0,0.2,6.4,27,https://www.dgt.gov.in/en/node/4464
7275,PR27000851,PR27000851,2026-27,160,3,0,0.1,1.8,1,0.8,0,0.2,6.9,27,https://www.dgt.gov.in/en/node/4464
7276,PR27000862,PR27000862,2026-27,160,3,0.1,0.1,0.6,0.8,0.8,0,0.5,5.9,27,https://www.dgt.gov.in/en/node/4464
7277,PR27000863,PR27000863,2026-27,160,1.8,0.1,0.1,1.2,1,0.8,0,0.2,5.2,27,https://www.dgt.gov.in/en/node/4464
7278,PR27000875,PR27000875,2026-27,160,1.8,0.1,0.1,1.8,1,0.8,0,0.2,5.8,27,https://www.dgt.gov.in/en/node/4464
7279,PR27000876,PR27000876,2026-27,160,1.2,0.1,0.1,1.8,1,0.8,0,0.3,5.3,27,https://www.dgt.gov.in/en/node/4464
7280,PR27000890,PR27000890,2026-27,160,1.2,0.3,0.1,1.8,1,0.8,0,0.4,5.6,27,https://www.dgt.gov.in/en/node/4464
7281,PR27000895,PR27000895,2026-27,160,3,0.1,0.1,2.4,1,0.8,0,0.1,7.5,27,https://www.dgt.gov.in/en/node/4464
7282,PR27000913,PR27000913,2026-27,160,3,0.3,0.1,1.2,1,0.8,0,0.5,6.9,27,https://www.dgt.gov.in/en/node/4464
7283,PR27000925,PR27000925,2026-27,160,0,0.2,0.3,2.4,1,0.8,0,0.5,5.2,27,https://www.dgt.gov.in/en/node/4464
7284,PR27000927,PR27000927,2026-27,160,3,0.1,0.1,2.4,1,0.8,0,0.3,7.7,27,https://www.dgt.gov.in/en/node/4464
7285,PR27000939,PR27000939,2026-27,160,3,0.2,0.1,2.4,1,0.8,0,0.5,8,27,https://www.dgt.gov.in/en/node/4464
7286,PR27000983,PR27000983,2026-27,160,1.2,0.5,0.3,0,1,0.6,0,0.3,3.9,27,https://www.dgt.gov.in/en/node/4464
7287,PR27000995,PR27000995,2026-27,160,1.8,0.2,0.1,0,1,0.8,0,0.4,4.3,27,https://www.dgt.gov.in/en/node/4464
7288,PR27001014,PR27001014,2026-27,160,0.6,0.3,0.3,1.2,1,0.8,0,0.2,4.4,27,https://www.dgt.gov.in/en/node/4464
7289,PR27001023,PR27001023,2026-27,160,1.2,0.2,0.3,0.6,0.4,0.8,0,0.5,4,27,https://www.dgt.gov.in/en/node/4464
7290,PR27001077,PR27001077,2026-27,160,0,0.3,0.3,NG,NG,NG,0,0.2,NG,27,https://www.dgt.gov.in/en/node/4464
7291,PU27000760,PU27000760,2026-27,160,1.2,0.2,0.1,1.8,1,0.8,0,0.4,5.5,27,https://www.dgt.gov.in/en/node/4464
7292,PU27000844,PU27000844,2026-27,160,0,0,0.1,0,0,0,0,0,0.1,27,https://www.dgt.gov.in/en/node/4464
7293,PU27000858,PU27000858,2026-27,160,1.2,0.1,0.1,2.4,1,0.8,0,0.2,5.8,27,https://www.dgt.gov.in/en/node/4464
7294,PU27000873,PU27000873,2026-27,160,3,0.3,0.1,1.2,1,0.8,0,0.5,6.9,27,https://www.dgt.gov.in/en/node/4464
7295,PU27000884,PU27000884,2026-27,160,1.2,0.2,0.1,1.8,1,0.8,0,0.5,5.6,27,https://www.dgt.gov.in/en/node/4464
7296,PU27000886,PU27000886,2026-27,160,1.2,0.2,0.1,3,1,0.8,0,0.5,6.8,27,https://www.dgt.gov.in/en/node/4464
7297,PU27000945,PU27000945,2026-27,160,3,0.2,0.1,1.8,1,0.8,0,0.5,7.4,27,https://www.dgt.gov.in/en/node/4464
7298,PU27000955,PU27000955,2026-27,160,2.4,0.4,0.1,1.8,1,0.8,0,0.3,6.8,27,https://www.dgt.gov.in/en/node/4464
7299,GR27000010,GR27000010,2026-27,160,2.4,0.4,0.3,3,1,0.8,0.2,0.5,8.6,27,https://www.dgt.gov.in/en/node/4464
7300,GR27000061,GR27000061,2026-27,160,3,0.2,0.1,3,1,0.8,0,0.4,8.5,27,https://www.dgt.gov.in/en/node/4464
7301,GR27000104,GR27000104,2026-27,160,3,0.3,0.3,3,1,0.8,0.5,0.4,9.3,27,https://www.dgt.gov.in/en/node/4464
7302,GR27000105,GR27000105,2026-27,160,2.4,0.2,0.5,3,1,0.8,0,0.4,8.3,27,https://www.dgt.gov.in/en/node/4464
7303,GR27000106,GR27000106,2026-27,160,3,0.5,0.3,2.4,1,0.8,0,0.5,8.5,27,https://www.dgt.gov.in/en/node/4464
7304,GR27000408,GR27000408,2026-27,160,3,0.5,0.5,2.4,1,0.8,0.2,0.4,8.8,27,https://www.dgt.gov.in/en/node/4464
7305,GR27000419,GR27000419,2026-27,160,3,0.5,0.3,3,1,0.6,0,0.4,8.8,27,https://www.dgt.gov.in/en/node/4464
7306,GR27000420,GR27000420,2026-27,160,3,0.2,0.3,3,1,0.8,0.5,0.4,9.2,27,https://www.dgt.gov.in/en/node/4464
7307,GR27000494,GR27000494,2026-27,160,3,0.5,0.3,3,1,0.8,0.5,0.4,9.5,27,https://www.dgt.gov.in/en/node/4464
7308,GR27000546,GR27000546,2026-27,160,1.2,0.2,0.3,1.8,0,0,0,0,3.5,27,https://www.dgt.gov.in/en/node/4464
7309,GR27000596,GR27000596,2026-27,160,3,0.5,0.3,3,1,0.8,0,0.4,9,27,https://www.dgt.gov.in/en/node/4464
7310,GR27000597,GR27000597,2026-27,160,3,0.5,0.3,3,1,0.8,0,0.3,8.9,27,https://www.dgt.gov.in/en/node/4464
7311,GR27000598,GR27000598,2026-27,160,3,0.5,0.3,3,1,0.8,0,0.5,9.1,27,https://www.dgt.gov.in/en/node/4464
7312,GR27000599,GR27000599,2026-27,160,3,0.5,0.3,2.4,1,0.8,0,0.4,8.4,27,https://www.dgt.gov.in/en/node/4464
7313,GR27000600,GR27000600,2026-27,160,2.4,0.5,0.3,1.8,1,0.8,0,0.4,7.2,27,https://www.dgt.gov.in/en/node/4464
7314,GR27000609,GR27000609,2026-27,161,3,0.5,0.3,3,1,0.8,0,0.5,9.1,27,https://www.dgt.gov.in/en/node/4464
7315,GR27000610,GR27000610,2026-27,161,1.8,0.2,0.3,3,1,0.8,0.4,0.4,7.9,27,https://www.dgt.gov.in/en/node/4464
7316,PR27000090,PR27000090,2026-27,161,2.4,0.2,0.1,2.4,1,0.8,0,0.2,7.1,27,https://www.dgt.gov.in/en/node/4464
7317,PR27000103,PR27000103,2026-27,161,2.4,0.1,0.3,3,1,0.8,0,0.3,7.9,27,https://www.dgt.gov.in/en/node/4464
7318,PR27000157,PR27000157,2026-27,161,1.8,0.2,0.3,1.8,1,0.8,0,0.2,6.1,27,https://www.dgt.gov.in/en/node/4464
7319,PR27000611,PR27000611,2026-27,161,0.6,0.1,0.3,1.8,1,0.8,0,0.2,4.8,27,https://www.dgt.gov.in/en/node/4464
7320,PR27000692,PR27000692,2026-27,161,3,0.2,0.3,3,1,0.8,0,0.5,8.8,27,https://www.dgt.gov.in/en/node/4464
7321,PR27000979,PR27000979,2026-27,161,1.2,0.1,0.3,1.8,1,0.8,0,0.1,5.3,27,https://www.dgt.gov.in/en/node/4464
7322,PR27000993,PR27000993,2026-27,161,1.2,0.2,0.3,2.4,1,0.8,0,0.3,6.2,27,https://www.dgt.gov.in/en/node/4464
7323,PR27001040,PR27001040,2026-27,161,1.2,0.1,0.1,1.8,0.8,0.8,0,0.5,5.3,27,https://www.dgt.gov.in/en/node/4464
7324,PR27001072,PR27001072,2026-27,161,1.2,0.1,0.5,1.8,1,0.8,0,0.3,5.7,27,https://www.dgt.gov.in/en/node/4464
7325,PR27001079,PR27001079,2026-27,161,0,0.4,0.5,NG,NG,NG,0,0.4,NG,27,https://www.dgt.gov.in/en/node/4464
7326,GR27000053,GR27000053,2026-27,161,3,0.5,0.3,3,1,0.8,0,0.5,9.1,27,https://www.dgt.gov.in/en/node/4464
7327,GR27000120,GR27000120,2026-27,161,3,0.5,0.3,2.4,1,0.8,0.2,0.5,8.7,27,https://www.dgt.gov.in/en/node/4464
7328,GR27000318,GR27000318,2026-27,161,2.4,0.5,0.3,1.8,1,0.8,0,0.5,7.3,27,https://www.dgt.gov.in/en/node/4464
7329,GR27000319,GR27000319,2026-27,161,3,0.5,0.3,2.4,1,0.8,0,0.5,8.5,27,https://www.dgt.gov.in/en/node/4464
7330,GR27000442,GR27000442,2026-27,161,3,0.4,0.3,2.4,1,0.8,0,0.5,8.4,27,https://www.dgt.gov.in/en/node/4464
7331,GR27000443,GR27000443,2026-27,161,1.2,0.5,0.3,1.8,1,0.8,0,0.5,6.1,27,https://www.dgt.gov.in/en/node/4464
7332,GR27000558,GR27000558,2026-27,161,2.4,0.5,0.3,2.4,0.6,0.6,0,0.5,7.3,27,https://www.dgt.gov.in/en/node/4464
7333,GR27000559,GR27000559,2026-27,161,3,0.5,0.3,3,1,0.8,0,0.5,9.1,27,https://www.dgt.gov.in/en/node/4464
7334,PR27000154,PR27000154,2026-27,161,3,0.1,0.3,1.8,1,0.8,0,0.5,7.5,27,https://www.dgt.gov.in/en/node/4464
7335,PR27000247,PR27000247,2026-27,161,1.8,0.3,0.5,3,1,0.8,0,0.5,7.9,27,https://www.dgt.gov.in/en/node/4464
7336,PR27001027,PR27001027,2026-27,161,1.8,0.2,0.3,2.4,1,0.6,0,0.5,6.8,27,https://www.dgt.gov.in/en/node/4464
7337,PR27001071,PR27001071,2026-27,161,0,0,0.5,NG,NG,NG,0,0.5,NG,27,https://www.dgt.gov.in/en/node/4464
7338,GR27000024,GR27000024,2026-27,161,3,0.2,0.5,3,1,0.8,0.1,0.5,9.1,27,https://www.dgt.gov.in/en/node/4464
7339,GR27000063,GR27000063,2026-27,161,3,0.3,0.3,3,1,0.8,0.3,0.5,9.2,27,https://www.dgt.gov.in/en/node/4464
7340,GR27000113,GR27000113,2026-27,161,3,0.3,0.5,3,1,0.8,0,0.4,9,27,https://www.dgt.gov.in/en/node/4464
7341,GR27000114,GR27000114,2026-27,161,3,0.5,0.3,3,1,0.8,0,0.5,9.1,27,https://www.dgt.gov.in/en/node/4464
7342,GR27000272,GR27000272,2026-27,161,3,0.1,0.3,3,1,0.8,0,0.3,8.5,27,https://www.dgt.gov.in/en/node/4464
7343,GR27000284,GR27000284,2026-27,161,3,0.5,0.3,3,1,0.8,0.4,0.5,9.5,27,https://www.dgt.gov.in/en/node/4464
7344,GR27000285,GR27000285,2026-27,161,3,0.5,0.3,2.4,1,0.8,0.3,0.5,8.8,27,https://www.dgt.gov.in/en/node/4464
7345,GR27000286,GR27000286,2026-27,161,3,0.5,0.3,3,1,0.8,0,0.5,9.1,27,https://www.dgt.gov.in/en/node/4464
7346,GR27000365,GR27000365,2026-27,161,3,0.5,0.3,3,1,0.8,0,0.5,9.1,27,https://www.dgt.gov.in/en/node/4464
7347,GR27000366,GR27000366,2026-27,161,2.4,0.5,0.3,3,1,0.8,0,0.3,8.3,27,https://www.dgt.gov.in/en/node/4464
7348,GR27000407,GR27000407,2026-27,161,1.8,0.4,0.3,3,1,0.8,0,0.3,7.6,27,https://www.dgt.gov.in/en/node/4464
7349,GR27000410,GR27000410,2026-27,161,3,0.5,0.3,3,1,0.8,0,0.4,9,27,https://www.dgt.gov.in/en/node/4464
7350,GR27000481,GR27000481,2026-27,161,3,0.5,0.3,3,1,0.8,0,0.4,9,27,https://www.dgt.gov.in/en/node/4464
7351,GR27000538,GR27000538,2026-27,161,3,0.5,0.3,3,1,0.8,0,0.5,9.1,27,https://www.dgt.gov.in/en/node/4464
7352,GR27000539,GR27000539,2026-27,161,3,0.5,0.3,2.4,1,0.8,0,0.5,8.5,27,https://www.dgt.gov.in/en/node/4464
7353,GR27000540,GR27000540,2026-27,161,3,0.5,0.3,2.4,1,0.8,0,0.5,8.5,27,https://www.dgt.gov.in/en/node/4464
7354,GR27000605,GR27000605,2026-27,161,3,0.5,0.3,3,1,0.8,0.4,0.5,9.5,27,https://www.dgt.gov.in/en/node/4464
7355,GR27000606,GR27000606,2026-27,161,3,0.5,0.3,2.4,1,0.8,0,0.5,8.5,27,https://www.dgt.gov.in/en/node/4464
7356,GR27000701,GR27000701,2026-27,161,3,0.3,0.3,3,1,0.8,0.3,0.5,9.2,27,https://www.dgt.gov.in/en/node/4464
7357,GU27000155,GU27000155,2026-27,161,3,0.5,0.3,3,1,0.8,0.5,0.5,9.6,27,https://www.dgt.gov.in/en/node/4464
7358,GU27000541,GU27000541,2026-27,161,1.8,0.5,0.3,3,1,0.8,0,0.5,7.9,27,https://www.dgt.gov.in/en/node/4464
7359,PR27000071,PR27000071,2026-27,161,3,0.4,0.3,3,1,0.8,0,0.5,9,27,https://www.dgt.gov.in/en/node/4464
7360,PR27000111,PR27000111,2026-27,162,2.4,0.2,0.3,2.4,1,0.8,0,0.4,7.5,27,https://www.dgt.gov.in/en/node/4464
7361,PR27000112,PR27000112,2026-27,162,1.2,0.1,0.3,2.4,1,0.8,0,0.2,6,27,https://www.dgt.gov.in/en/node/4464
7362,PR27000234,PR27000234,2026-27,162,3,0.1,0.1,2.4,1,0.8,0,0.4,7.8,27,https://www.dgt.gov.in/en/node/4464
7363,PR27000235,PR27000235,2026-27,162,1.2,0.2,0.3,3,1,0.8,0,0.4,6.9,27,https://www.dgt.gov.in/en/node/4464
7364,PR27000243,PR27000243,2026-27,162,3,0.2,0.3,1.8,1,0.8,0,0.5,7.6,27,https://www.dgt.gov.in/en/node/4464
7365,PR27000244,PR27000244,2026-27,162,2.4,0.1,0.1,1.8,1,0.8,0,0.2,6.4,27,https://www.dgt.gov.in/en/node/4464
7366,PR27000270,PR27000270,2026-27,162,0,0,0.3,1.2,1,0.8,0,0.5,3.8,27,https://www.dgt.gov.in/en/node/4464
7367,PR27000271,PR27000271,2026-27,162,3,0.1,0.1,2.4,1,0.8,0,0.5,7.9,27,https://www.dgt.gov.in/en/node/4464
7368,PR27000367,PR27000367,2026-27,162,3,0.1,0.1,1.8,1,0.8,0,0.2,7,27,https://www.dgt.gov.in/en/node/4464
7369,PR27000483,PR27000483,2026-27,162,1.8,0,0.3,2.4,1,0.8,0,0.2,6.5,27,https://www.dgt.gov.in/en/node/4464
7370,PR27000484,PR27000484,2026-27,162,3,0.4,0.3,2.4,1,0.8,0,0.3,8.2,27,https://www.dgt.gov.in/en/node/4464
7371,PR27000485,PR27000485,2026-27,162,3,0.1,0.1,2.4,1,0.8,0,0.3,7.7,27,https://www.dgt.gov.in/en/node/4464
7372,PR27000486,PR27000486,2026-27,162,0,0,0.1,0,0,0,0,0,0.1,27,https://www.dgt.gov.in/en/node/4464
7373,PR27000487,PR27000487,2026-27,162,3,0,0.1,2.4,1,0.8,0,0.2,7.5,27,https://www.dgt.gov.in/en/node/4464
7374,PR27000488,PR27000488,2026-27,162,3,0.1,0.1,2.4,1,0.8,0,0.3,7.7,27,https://www.dgt.gov.in/en/node/4464
7375,PR27000489,PR27000489,2026-27,162,3,0.1,0.1,2.4,1,0.8,0,0.2,7.6,27,https://www.dgt.gov.in/en/node/4464
7376,PR27000607,PR27000607,2026-27,162,3,0.1,0.1,3,1,0.8,0,0,8,27,https://www.dgt.gov.in/en/node/4464
7377,PR27000789,PR27000789,2026-27,162,3,0.1,0.1,2.4,1,0.8,0,0.5,7.9,27,https://www.dgt.gov.in/en/node/4464
7378,PR27000790,PR27000790,2026-27,162,1.2,0,0.1,2.4,1,0.6,0,0.1,5.4,27,https://www.dgt.gov.in/en/node/4464
7379,PR27000864,PR27000864,2026-27,162,3,0.1,0.1,1.2,1,0.8,0,0.3,6.5,27,https://www.dgt.gov.in/en/node/4464
7380,PR27000878,PR27000878,2026-27,162,1.2,0,0.1,2.4,1,0.8,0,0,5.5,27,https://www.dgt.gov.in/en/node/4464
7381,PR27000888,PR27000888,2026-27,162,3,0.1,0.1,2.4,1,0.8,0,0.3,7.7,27,https://www.dgt.gov.in/en/node/4464
7382,PR27000911,PR27000911,2026-27,162,0,0,0.1,1.8,1,0.8,0,0,3.7,27,https://www.dgt.gov.in/en/node/4464
7383,PR27000919,PR27000919,2026-27,162,0,0,0.1,2.4,1,0.8,0,0,4.3,27,https://www.dgt.gov.in/en/node/4464
7384,PR27000970,PR27000970,2026-27,162,3,0.1,0.1,0.6,1,0.8,0,0.5,6.1,27,https://www.dgt.gov.in/en/node/4464
7385,PR27000978,PR27000978,2026-27,162,1.8,0.2,0.1,1.8,1,0.8,0,0.5,6.2,27,https://www.dgt.gov.in/en/node/4464
7386,PR27001000,PR27001000,2026-27,162,1.2,0.2,0.1,0,0.6,0.8,0,0.3,3.2,27,https://www.dgt.gov.in/en/node/4464
7387,PR27001016,PR27001016,2026-27,162,3,0.2,0.1,0.6,1,0.8,0,0.3,6,27,https://www.dgt.gov.in/en/node/4464
7388,PR27001024,PR27001024,2026-27,162,1.8,0.2,0.1,1.2,1,0.8,0,0.4,5.5,27,https://www.dgt.gov.in/en/node/4464
7389,PR27001049,PR27001049,2026-27,162,0.6,0.3,0.5,2.4,1,0.8,0,0.5,6.1,27,https://www.dgt.gov.in/en/node/4464
7390,PU27001057,PU27001057,2026-27,162,0,0.4,0.5,1.2,1,0.8,0,0.5,4.4,27,https://www.dgt.gov.in/en/node/4464
7391,GR27000051,GR27000051,2026-27,162,3,0.4,0.3,3,1,0.8,0,0.5,9,27,https://www.dgt.gov.in/en/node/4464
7392,GR27000158,GR27000158,2026-27,162,3,0.5,0.3,3,1,0.8,0,0.5,9.1,27,https://www.dgt.gov.in/en/node/4464
7393,GR27000165,GR27000165,2026-27,162,3,0.3,0.3,3,1,0.8,0,0.3,8.7,27,https://www.dgt.gov.in/en/node/4464
7394,GR27000299,GR27000299,2026-27,162,3,0.5,0.3,3,1,0.8,0,0.5,9.1,27,https://www.dgt.gov.in/en/node/4464
7395,GR27000301,GR27000301,2026-27,162,3,0.5,0.5,3,1,0.8,0,0.5,9.3,27,https://www.dgt.gov.in/en/node/4464
7396,GR27000355,GR27000355,2026-27,162,3,0.5,0.3,3,1,0.8,0,0.5,9.1,27,https://www.dgt.gov.in/en/node/4464
7397,GR27000428,GR27000428,2026-27,162,3,0.5,0.3,3,1,0.8,0,0.5,9.1,27,https://www.dgt.gov.in/en/node/4464
7398,GR27000526,GR27000526,2026-27,162,3,0.5,0.3,3,1,0.8,0,0.5,9.1,27,https://www.dgt.gov.in/en/node/4464
7399,GR27000535,GR27000535,2026-27,162,3,0,0.3,3,1,0.8,0,0.5,8.6,27,https://www.dgt.gov.in/en/node/4464
7400,GR27000553,GR27000553,2026-27,162,3,0.5,0.3,3,1,0.8,0,0.5,9.1,27,https://www.dgt.gov.in/en/node/4464
7401,PR27000188,PR27000188,2026-27,162,3,0.3,0.3,3,1,0.8,0,0.3,8.7,27,https://www.dgt.gov.in/en/node/4464
7402,PR27000191,PR27000191,2026-27,162,3,0,0.1,3,1,0.8,0,0.2,8.1,27,https://www.dgt.gov.in/en/node/4464
7403,PR27000229,PR27000229,2026-27,162,1.8,0,0.1,3,1,0.8,0,0.3,7,27,https://www.dgt.gov.in/en/node/4464
7404,PR27000869,PR27000869,2026-27,162,1.8,0,0.1,3,1,0.8,0,0.5,7.2,27,https://www.dgt.gov.in/en/node/4464
7405,PR27000899,PR27000899,2026-27,162,0.6,0,0.1,3,1,0.8,0,0.2,5.7,27,https://www.dgt.gov.in/en/node/4464
7406,PR27000989,PR27000989,2026-27,163,1.8,0.2,0.3,3,1,0.8,0,0.3,7.4,27,https://www.dgt.gov.in/en/node/4464
7407,GR27000036,GR27000036,2026-27,163,3,0.3,0.3,3,1,0.8,0.2,0.4,9,27,https://www.dgt.gov.in/en/node/4464
7408,GR27000107,GR27000107,2026-27,163,3,0.1,0.1,3,1,0.8,0,0.3,8.3,27,https://www.dgt.gov.in/en/node/4464
7409,GR27000292,GR27000292,2026-27,163,3,0.5,0.3,2.4,1,0.8,0,0.3,8.3,27,https://www.dgt.gov.in/en/node/4464
7410,GR27000361,GR27000361,2026-27,163,3,0.5,0.3,3,1,0.8,0,0.3,8.9,27,https://www.dgt.gov.in/en/node/4464
7411,GR27000466,GR27000466,2026-27,163,3,0.5,0.3,1.8,1,0.8,0,0.4,7.8,27,https://www.dgt.gov.in/en/node/4464
7412,GR27000482,GR27000482,2026-27,163,3,0.5,0.3,2.4,1,0.8,0,0.3,8.3,27,https://www.dgt.gov.in/en/node/4464
7413,GR27000493,GR27000493,2026-27,163,3,0.5,0.3,3,1,0.8,0,0.5,9.1,27,https://www.dgt.gov.in/en/node/4464
7414,GR27000604,GR27000604,2026-27,163,3,0.5,0.3,2.4,1,0.8,0,0.3,8.3,27,https://www.dgt.gov.in/en/node/4464
7415,GR27000608,GR27000608,2026-27,163,3,0.4,0.3,2.4,1,0.8,0,0.3,8.2,27,https://www.dgt.gov.in/en/node/4464
7416,PR27000699,PR27000699,2026-27,163,2.4,0.2,0.3,2.4,1,0.8,0,0.4,7.5,27,https://www.dgt.gov.in/en/node/4464
7417,PR27000792,PR27000792,2026-27,163,1.2,0.2,0.1,3,1,0.8,0,0.1,6.4,27,https://www.dgt.gov.in/en/node/4464
7418,PR27000991,PR27000991,2026-27,163,1.8,0.1,0.1,2.4,1,0.8,0,0.1,6.3,27,https://www.dgt.gov.in/en/node/4464
7419,PR27000998,PR27000998,2026-27,163,1.2,0.1,0.1,2.4,1,0.8,0,0.3,5.9,27,https://www.dgt.gov.in/en/node/4464
7420,PR27001039,PR27001039,2026-27,163,1.2,0.3,0.3,1.8,0.8,0.8,0,0.2,5.4,27,https://www.dgt.gov.in/en/node/4464
7421,PR27001044,PR27001044,2026-27,163,3,0.5,0.5,1.8,1,0.8,0,0.2,7.8,27,https://www.dgt.gov.in/en/node/4464
7422,PR27001076,PR27001076,2026-27,163,0,0.3,0.5,NG,NG,NG,0,0.1,NG,27,https://www.dgt.gov.in/en/node/4464
7423,GR27000059,GR27000059,2026-27,163,1.2,0.3,0.3,3,1,0.8,0.2,0.5,7.3,27,https://www.dgt.gov.in/en/node/4464
7424,GR27000060,GR27000060,2026-27,163,3,0.2,0.3,3,1,0.8,0,0.3,8.6,27,https://www.dgt.gov.in/en/node/4464
7425,GR27000064,GR27000064,2026-27,163,2.4,0.1,0.3,3,1,0.8,0,0.3,7.9,27,https://www.dgt.gov.in/en/node/4464
7426,GR27000065,GR27000065,2026-27,163,3,0.3,0.3,3,1,0.8,0.3,0.3,9,27,https://www.dgt.gov.in/en/node/4464
7427,GR27000091,GR27000091,2026-27,163,3,0.1,0.3,3,1,0.8,0,0.2,8.4,27,https://www.dgt.gov.in/en/node/4464
7428,GR27000227,GR27000227,2026-27,163,2.4,0.3,0.3,3,1,0.8,0,0.5,8.3,27,https://www.dgt.gov.in/en/node/4464
7429,GR27000359,GR27000359,2026-27,163,2.4,0.4,0.3,3,1,0.8,0,0.3,8.2,27,https://www.dgt.gov.in/en/node/4464
7430,GR27000424,GR27000424,2026-27,163,3,0.3,0.5,1.8,1,0.8,0,0.3,7.7,27,https://www.dgt.gov.in/en/node/4464
7431,GR27000425,GR27000425,2026-27,163,3,0.2,0.3,3,1,0.8,0,0.2,8.5,27,https://www.dgt.gov.in/en/node/4464
7432,GR27000426,GR27000426,2026-27,163,2.4,0.4,0.3,3,1,0.8,0,0.3,8.2,27,https://www.dgt.gov.in/en/node/4464
7433,GR27000502,GR27000502,2026-27,163,3,0.3,0.3,3,1,0.8,0,0.2,8.6,27,https://www.dgt.gov.in/en/node/4464
7434,GR27000503,GR27000503,2026-27,163,1.8,0.1,0.3,3,1,0.8,0,0.2,7.2,27,https://www.dgt.gov.in/en/node/4464
7435,GU27000009,GU27000009,2026-27,163,1.8,0.2,0.5,3,1,0.8,0.2,0.4,7.9,27,https://www.dgt.gov.in/en/node/4464
7436,GU27000066,GU27000066,2026-27,163,1.2,0.2,0.3,3,1,0.8,0,0.3,6.8,27,https://www.dgt.gov.in/en/node/4464
7437,GU27000226,GU27000226,2026-27,163,1.2,0.5,0.3,3,1,0.8,0,0.4,7.2,27,https://www.dgt.gov.in/en/node/4464
7438,GU27000616,GU27000616,2026-27,163,3,0.5,0.3,3,1,0.8,0,0.4,9,27,https://www.dgt.gov.in/en/node/4464
7439,GU27000915,GU27000915,2026-27,163,1.2,0.3,0.3,3,1,0.8,0,0.4,7,27,https://www.dgt.gov.in/en/node/4464
7440,GU27001009,GU27001009,2026-27,163,0,0,0.3,0,0,0,0,0,0.3,27,https://www.dgt.gov.in/en/node/4464
7441,PR27000005,PR27000005,2026-27,163,1.2,0.1,0.1,2.4,1,0.8,0,0.2,5.8,27,https://www.dgt.gov.in/en/node/4464
7442,PR27000007,PR27000007,2026-27,163,1.2,0,0.3,3,1,0.8,0,0.5,6.8,27,https://www.dgt.gov.in/en/node/4464
7443,PR27000017,PR27000017,2026-27,163,0,0,0.1,3,1,0.6,0,0,4.7,27,https://www.dgt.gov.in/en/node/4464
7444,PR27000035,PR27000035,2026-27,163,3,0.2,0.1,3,1,0.8,0,0.2,8.3,27,https://www.dgt.gov.in/en/node/4464
7445,PR27000069,PR27000069,2026-27,163,1.2,0.5,0.1,3,1,0.8,0,0.2,6.8,27,https://www.dgt.gov.in/en/node/4464
7446,PR27000163,PR27000163,2026-27,163,1.2,0.1,0.1,3,1,0.8,0,0.3,6.5,27,https://www.dgt.gov.in/en/node/4464
7447,PR27000164,PR27000164,2026-27,163,1.2,0,0.1,2.4,1,0.8,0,0.2,5.7,27,https://www.dgt.gov.in/en/node/4464
7448,PR27000193,PR27000193,2026-27,163,1.8,0.1,0.3,3,1,0.8,0,0.1,7.1,27,https://www.dgt.gov.in/en/node/4464
7449,PR27000194,PR27000194,2026-27,163,3,0.2,0.3,3,1,0.8,0.5,0.4,9.2,27,https://www.dgt.gov.in/en/node/4464
7450,PR27000195,PR27000195,2026-27,163,1.2,0.1,0.3,3,1,0.8,0,0.2,6.6,27,https://www.dgt.gov.in/en/node/4464
7451,PR27000196,PR27000196,2026-27,163,3,0.1,0.3,3,1,0.8,0,0.2,8.4,27,https://www.dgt.gov.in/en/node/4464
7452,PR27000197,PR27000197,2026-27,164,3,0,0.1,2.4,1,0.8,0,0.1,7.4,27,https://www.dgt.gov.in/en/node/4464
7453,PR27000245,PR27000245,2026-27,164,0,0,0.1,3,1,0.8,0,0.2,5.1,27,https://www.dgt.gov.in/en/node/4464
7454,PR27000246,PR27000246,2026-27,164,0.6,0.1,0.1,1.2,1,0.8,0,0.4,4.2,27,https://www.dgt.gov.in/en/node/4464
7455,PR27000296,PR27000296,2026-27,164,3,0.1,0.3,2.4,1,0.8,0,0.4,8,27,https://www.dgt.gov.in/en/node/4464
7456,PR27000462,PR27000462,2026-27,164,0.6,0.2,0.1,1.8,1,0.8,0,0.2,4.7,27,https://www.dgt.gov.in/en/node/4464
7457,PR27000500,PR27000500,2026-27,164,0.6,0,0.1,1.2,1,0.6,0,0.1,3.6,27,https://www.dgt.gov.in/en/node/4464
7458,PR27000501,PR27000501,2026-27,164,1.2,0.1,0.1,3,1,0.8,0,0.3,6.5,27,https://www.dgt.gov.in/en/node/4464
7459,PR27000548,PR27000548,2026-27,164,1.8,0,0.1,3,1,0.8,0,0.3,7,27,https://www.dgt.gov.in/en/node/4464
7460,PR27000549,PR27000549,2026-27,164,0.6,0.2,0.1,3,1,0.8,0,0,5.7,27,https://www.dgt.gov.in/en/node/4464
7461,PR27000550,PR27000550,2026-27,164,2.4,0.5,0.3,3,1,0.8,0,0.4,8.4,27,https://www.dgt.gov.in/en/node/4464
7462,PR27000551,PR27000551,2026-27,164,1.8,0.1,0.1,3,1,0.8,0,0.3,7.1,27,https://www.dgt.gov.in/en/node/4464
7463,PR27000594,PR27000594,2026-27,164,0,0,0.1,1.2,1,0.8,0,0.2,3.3,27,https://www.dgt.gov.in/en/node/4464
7464,PR27000614,PR27000614,2026-27,164,0,0,0.1,0,0,0,0,0,0.1,27,https://www.dgt.gov.in/en/node/4464
7465,PR27000615,PR27000615,2026-27,164,1.2,0.1,0.1,2.4,0.8,0.8,0,0,5.4,27,https://www.dgt.gov.in/en/node/4464
7466,PR27000685,PR27000685,2026-27,164,2.4,0.1,0.1,3,1,0.8,0,0.2,7.6,27,https://www.dgt.gov.in/en/node/4464
7467,PR27000686,PR27000686,2026-27,164,0,0,0.1,0,0,0,0,0,0.1,27,https://www.dgt.gov.in/en/node/4464
7468,PR27000687,PR27000687,2026-27,164,0,0,0.1,3,1,0.8,0,0,4.9,27,https://www.dgt.gov.in/en/node/4464
7469,PR27000689,PR27000689,2026-27,164,2.4,0.2,0.3,2.4,1,0.8,0,0.1,7.2,27,https://www.dgt.gov.in/en/node/4464
7470,PR27000704,PR27000704,2026-27,164,3,0.1,0.1,3,1,0.8,0,0.2,8.2,27,https://www.dgt.gov.in/en/node/4464
7471,PR27000778,PR27000778,2026-27,164,0,0.3,0.3,3,1,0.6,0,0,5.2,27,https://www.dgt.gov.in/en/node/4464
7472,PR27000779,PR27000779,2026-27,164,2.4,0.1,0.1,3,1,0.8,0,0.3,7.7,27,https://www.dgt.gov.in/en/node/4464
7473,PR27000815,PR27000815,2026-27,164,1.2,0.1,0.1,3,1,0.8,0,0.3,6.5,27,https://www.dgt.gov.in/en/node/4464
7474,PR27000854,PR27000854,2026-27,164,2.4,0.1,0.1,2.4,1,0.8,0,0.1,6.9,27,https://www.dgt.gov.in/en/node/4464
7475,PR27000894,PR27000894,2026-27,164,1.2,0,0.1,1.8,1,0.8,0,0,4.9,27,https://www.dgt.gov.in/en/node/4464
7476,PR27000962,PR27000962,2026-27,164,0,0.1,0.1,1.8,1,0.8,0,0.2,4,27,https://www.dgt.gov.in/en/node/4464
7477,PR27000965,PR27000965,2026-27,164,1.2,0.2,0.1,1.2,1,0.8,0,0.2,4.7,27,https://www.dgt.gov.in/en/node/4464
7478,PR27000968,PR27000968,2026-27,164,1.2,0.2,0.1,2.4,1,0.8,0,0.5,6.2,27,https://www.dgt.gov.in/en/node/4464
7479,PR27000985,PR27000985,2026-27,164,1.2,0.2,0.1,2.4,1,0.6,0,0.3,5.8,27,https://www.dgt.gov.in/en/node/4464
7480,PR27001017,PR27001017,2026-27,164,1.2,0.2,0.3,0.6,1,0.8,0,0.2,4.3,27,https://www.dgt.gov.in/en/node/4464
7481,PR27001019,PR27001019,2026-27,164,1.2,0.2,0.3,1.8,0.4,0.8,0,0.5,5.2,27,https://www.dgt.gov.in/en/node/4464
7482,PR27001025,PR27001025,2026-27,164,0,0.1,0.5,1.8,1,0.8,0,0.2,4.4,27,https://www.dgt.gov.in/en/node/4464
7483,PR27001056,PR27001056,2026-27,164,1.8,0.3,0.5,2.4,1,0.8,0,0.3,7.1,27,https://www.dgt.gov.in/en/node/4464
7484,PR27001075,PR27001075,2026-27,164,0,0.5,0.5,NG,NG,NG,0,0.3,NG,27,https://www.dgt.gov.in/en/node/4464
7485,PR27001082,PR27001082,2026-27,164,0,0,0.3,NG,NG,NG,0,0,NG,27,https://www.dgt.gov.in/en/node/4464
7486,PU27000882,PU27000882,2026-27,164,1.8,0.1,0.1,3,1,0.8,0,0.2,7,27,https://www.dgt.gov.in/en/node/4464
7487,PU27001011,PU27001011,2026-27,164,3,0.1,0.3,2.4,1,0.8,0,0.4,8,27,https://www.dgt.gov.in/en/node/4464
7488,GR27000075,GR27000075,2026-27,164,3,0.4,0.3,3,1,0.8,0,0.1,8.6,27,https://www.dgt.gov.in/en/node/4464
7489,GR27000098,GR27000098,2026-27,164,3,0.2,0.3,3,1,0.8,0,0.4,8.7,27,https://www.dgt.gov.in/en/node/4464
7490,GR27000099,GR27000099,2026-27,164,3,0.1,0.1,3,1,0.8,0,0.2,8.2,27,https://www.dgt.gov.in/en/node/4464
7491,GR27000297,GR27000297,2026-27,164,3,0.5,0.3,3,1,0.8,0,0.2,8.8,27,https://www.dgt.gov.in/en/node/4464
7492,GR27000356,GR27000356,2026-27,164,1.2,0.3,0.3,3,1,0.8,0,0.2,6.8,27,https://www.dgt.gov.in/en/node/4464
7493,GR27000357,GR27000357,2026-27,164,3,0.5,0.3,3,1,0.8,0,0.4,9,27,https://www.dgt.gov.in/en/node/4464
7494,GR27000358,GR27000358,2026-27,164,2.4,0.3,0.3,3,1,0.8,0,0.1,7.9,27,https://www.dgt.gov.in/en/node/4464
7495,GR27000427,GR27000427,2026-27,164,3,0,0.3,3,1,0.8,0,0.1,8.2,27,https://www.dgt.gov.in/en/node/4464
7496,GR27000458,GR27000458,2026-27,164,1.8,0.3,0.3,3,1,0.8,0,0.2,7.4,27,https://www.dgt.gov.in/en/node/4464
7497,GR27000459,GR27000459,2026-27,164,3,0.3,0.3,3,1,0.8,0,0.3,8.7,27,https://www.dgt.gov.in/en/node/4464
7498,GR27000460,GR27000460,2026-27,165,1.2,0,0.3,3,1,0.8,0,0,6.3,27,https://www.dgt.gov.in/en/node/4464
7499,GR27000505,GR27000505,2026-27,165,3,0.1,0.3,3,1,0.8,0,0.2,8.4,27,https://www.dgt.gov.in/en/node/4464
7500,GR27000506,GR27000506,2026-27,165,3,0.2,0.5,3,1,0.8,0,0.3,8.8,27,https://www.dgt.gov.in/en/node/4464
7501,GR27000507,GR27000507,2026-27,165,2.4,0.3,0.3,3,1,0.8,0,0,7.8,27,https://www.dgt.gov.in/en/node/4464
7502,GR27000592,GR27000592,2026-27,165,1.8,0.3,0.3,3,1,0.8,0,0.2,7.4,27,https://www.dgt.gov.in/en/node/4464
7503,GU27000034,GU27000034,2026-27,165,1.8,0.3,0.3,3,1,0.8,0.2,0.2,7.6,27,https://www.dgt.gov.in/en/node/4464
7504,PR27000068,PR27000068,2026-27,165,1.8,0.1,0.1,3,1,0.8,0,0,6.8,27,https://www.dgt.gov.in/en/node/4464
7505,PR27000232,PR27000232,2026-27,165,3,0.1,0.1,3,0,0,0,0,6.2,27,https://www.dgt.gov.in/en/node/4464
7506,PR27000554,PR27000554,2026-27,165,3,0.3,0.3,3,1,0.8,0,0,8.4,27,https://www.dgt.gov.in/en/node/4464
7507,PR27001006,PR27001006,2026-27,165,1.2,0,0.1,3,0,0,0,0,4.3,27,https://www.dgt.gov.in/en/node/4464
7508,PR27001080,PR27001080,2026-27,165,0,0,0.5,NG,NG,NG,0,0,NG,27,https://www.dgt.gov.in/en/node/4464
7509,GR27000020,GR27000020,2026-27,165,1.2,0.3,0.3,3,1,0.8,0.1,0.1,6.8,27,https://www.dgt.gov.in/en/node/4464
7510,GR27000044,GR27000044,2026-27,165,2.4,0.3,0.3,3,1,0.8,0.2,0.2,8.2,27,https://www.dgt.gov.in/en/node/4464
7511,GR27000377,GR27000377,2026-27,165,3,0.3,0.3,3,1,0.8,0.3,0.2,8.9,27,https://www.dgt.gov.in/en/node/4464
7512,GR27000378,GR27000378,2026-27,165,2.4,0.3,0.3,3,1,0.8,0,0.1,7.9,27,https://www.dgt.gov.in/en/node/4464
7513,GR27000379,GR27000379,2026-27,165,3,0.5,0.3,3,1,0.8,0,0.2,8.8,27,https://www.dgt.gov.in/en/node/4464
7514,GR27000380,GR27000380,2026-27,165,2.4,0.3,0.5,3,1,0.8,0,0.2,8.2,27,https://www.dgt.gov.in/en/node/4464
7515,GR27000381,GR27000381,2026-27,165,1.8,0.5,0.3,3,1,0.8,0,0.2,7.6,27,https://www.dgt.gov.in/en/node/4464
7516,GR27000396,GR27000396,2026-27,165,3,0.4,0.3,3,1,0.8,0,0.2,8.7,27,https://www.dgt.gov.in/en/node/4464
7517,GR27000397,GR27000397,2026-27,165,3,0.3,0.3,3,1,0.8,0,0.1,8.5,27,https://www.dgt.gov.in/en/node/4464
7518,GU27000240,GU27000240,2026-27,165,3,0.5,0.3,3,1,0.8,0,0.2,8.8,27,https://www.dgt.gov.in/en/node/4464
7519,PR27000087,PR27000087,2026-27,165,1.8,0.3,0.3,3,1,0.8,0,0.1,7.3,27,https://www.dgt.gov.in/en/node/4464
7520,PR27000148,PR27000148,2026-27,165,0,0.5,0.3,3,1,0.8,0,0.1,5.7,27,https://www.dgt.gov.in/en/node/4464
7521,PR27000660,PR27000660,2026-27,165,0,0,0.1,0,0,0,0,0,0.1,27,https://www.dgt.gov.in/en/node/4464
7522,PR27000661,PR27000661,2026-27,165,3,0,0.1,3,1,0.8,0,0.1,8,27,https://www.dgt.gov.in/en/node/4464
7523,PR27000731,PR27000731,2026-27,165,0.6,0,0.1,2.4,1,0.8,0,0,4.9,27,https://www.dgt.gov.in/en/node/4464
7524,PR27000830,PR27000830,2026-27,165,0,0.4,0.3,3,1,0.8,0,0,5.5,27,https://www.dgt.gov.in/en/node/4464
7525,PR27000923,PR27000923,2026-27,165,0.6,0,0.1,3,1,0.8,0,0,5.5,27,https://www.dgt.gov.in/en/node/4464
7526,PR27001058,PR27001058,2026-27,165,0.6,0.3,0.5,3,1,0.8,0,0.1,6.3,27,https://www.dgt.gov.in/en/node/4464
7527,GR27000146,GR27000146,2026-27,165,3,0.1,0.1,3,1,0.8,0,0.3,8.3,27,https://www.dgt.gov.in/en/node/4464
7528,GR27000147,GR27000147,2026-27,165,3,0.4,0.3,3,1,0.8,0,0.3,8.8,27,https://www.dgt.gov.in/en/node/4464
7529,GR27000242,GR27000242,2026-27,165,3,0.1,0.1,3,1,0.8,0,0.2,8.2,27,https://www.dgt.gov.in/en/node/4464
7530,GR27000283,GR27000283,2026-27,165,3,0.4,0.3,3,1,0.8,0,0.3,8.8,27,https://www.dgt.gov.in/en/node/4464
7531,GR27000368,GR27000368,2026-27,165,2.4,0.1,0.3,3,1,0.8,0,0.1,7.7,27,https://www.dgt.gov.in/en/node/4464
7532,GR27000369,GR27000369,2026-27,165,3,0.4,0.3,3,1,0.8,0,0.4,8.9,27,https://www.dgt.gov.in/en/node/4464
7533,GR27000406,GR27000406,2026-27,165,3,0.2,0.3,3,1,0.8,0,0.3,8.6,27,https://www.dgt.gov.in/en/node/4464
7534,GR27000581,GR27000581,2026-27,165,2.4,0.5,0.3,3,1,0.8,0,0.2,8.2,27,https://www.dgt.gov.in/en/node/4464
7535,GR27000582,GR27000582,2026-27,165,3,0.2,0.3,3,1,0.8,0,0.2,8.5,27,https://www.dgt.gov.in/en/node/4464
7536,GU27000029,GU27000029,2026-27,165,2.4,0.2,0.5,3,1,0.8,0.1,0.2,8.2,27,https://www.dgt.gov.in/en/node/4464
7537,PR27000045,PR27000045,2026-27,165,1.2,0,0.1,3,1,0.8,0,0,6.1,27,https://www.dgt.gov.in/en/node/4464
7538,PR27000179,PR27000179,2026-27,165,0,0.5,0.1,3,0.8,0.8,0,0.2,5.4,27,https://www.dgt.gov.in/en/node/4464
7539,PR27000241,PR27000241,2026-27,165,1.2,0.1,0.1,3,1,0.8,0,0.2,6.4,27,https://www.dgt.gov.in/en/node/4464
7540,PR27000476,PR27000476,2026-27,165,1.2,0,0.1,3,1,0.8,0,0.3,6.4,27,https://www.dgt.gov.in/en/node/4464
7541,PR27000583,PR27000583,2026-27,165,3,0,0.1,3,1,0.8,0,0,7.9,27,https://www.dgt.gov.in/en/node/4464
7542,PR27000584,PR27000584,2026-27,165,0,0.1,0.1,3,1,0.8,0,0,5,27,https://www.dgt.gov.in/en/node/4464
7543,PR27000627,PR27000627,2026-27,165,1.2,0.1,0.1,0.6,1,0.8,0,0,3.8,27,https://www.dgt.gov.in/en/node/4464
7544,PR27000669,PR27000669,2026-27,166,2.4,0.1,0.1,2.4,1,0.8,0,0.1,6.9,27,https://www.dgt.gov.in/en/node/4464
7545,PR27000671,PR27000671,2026-27,166,1.2,0,0.1,3,1,0.8,0,0,6.1,27,https://www.dgt.gov.in/en/node/4464
7546,PR27000672,PR27000672,2026-27,166,2.4,0.1,0.1,1.8,1,0.8,0,0.2,6.4,27,https://www.dgt.gov.in/en/node/4464
7547,PR27000730,PR27000730,2026-27,166,1.2,0,0.3,3,1,0.8,0,0.2,6.5,27,https://www.dgt.gov.in/en/node/4464
7548,PR27000747,PR27000747,2026-27,166,3,0,0.1,1.2,1,0.8,0,0.2,6.3,27,https://www.dgt.gov.in/en/node/4464
7549,PR27000749,PR27000749,2026-27,166,0,0,0.1,1.8,1,0.8,0,0.3,4,27,https://www.dgt.gov.in/en/node/4464
7550,PR27000833,PR27000833,2026-27,166,1.2,0.1,0.1,1.8,1,0.8,0,0.2,5.2,27,https://www.dgt.gov.in/en/node/4464
7551,PR27001026,PR27001026,2026-27,166,1.2,0.2,0.5,3,1,0.8,0,0.2,6.9,27,https://www.dgt.gov.in/en/node/4464
7552,PU27000670,PU27000670,2026-27,166,3,0,0.1,3,1,0.8,0,0,7.9,27,https://www.dgt.gov.in/en/node/4464
7553,GR27000019,GR27000019,2026-27,166,1.8,0.2,0.3,3,1,0.8,0,0.2,7.3,27,https://www.dgt.gov.in/en/node/4464
7554,GR27000136,GR27000136,2026-27,166,3,0.1,0.3,3,1,0.8,0,0.2,8.4,27,https://www.dgt.gov.in/en/node/4464
7555,GR27000382,GR27000382,2026-27,166,2.4,0.4,0.3,3,1,0.8,0,0.3,8.2,27,https://www.dgt.gov.in/en/node/4464
7556,GR27000383,GR27000383,2026-27,166,2.4,0.1,0.3,3,1,0.8,0,0.2,7.8,27,https://www.dgt.gov.in/en/node/4464
7557,GR27000395,GR27000395,2026-27,166,2.4,0.2,0.3,3,1,0.8,0.3,0.2,8.2,27,https://www.dgt.gov.in/en/node/4464
7558,GR27000398,GR27000398,2026-27,166,3,0.2,0.3,3,1,0.8,0,0.3,8.6,27,https://www.dgt.gov.in/en/node/4464
7559,GR27000399,GR27000399,2026-27,166,1.8,0.2,0.5,3,1,0.8,0,0.2,7.5,27,https://www.dgt.gov.in/en/node/4464
7560,GR27000400,GR27000400,2026-27,166,3,0.1,0.3,3,1,0.8,0,0.2,8.4,27,https://www.dgt.gov.in/en/node/4464
7561,GR27000474,GR27000474,2026-27,166,3,0.4,0.3,3,1,0.8,0,0.2,8.7,27,https://www.dgt.gov.in/en/node/4464
7562,GR27000475,GR27000475,2026-27,166,3,0.4,0.3,3,1,0.8,0,0.2,8.7,27,https://www.dgt.gov.in/en/node/4464
7563,GU27000018,GU27000018,2026-27,166,1.8,0.4,0.3,3,1,0.8,0.2,0.2,7.7,27,https://www.dgt.gov.in/en/node/4464
7564,PR27000150,PR27000150,2026-27,166,1.8,0.1,0.1,1.8,1,0.8,0,0.1,5.7,27,https://www.dgt.gov.in/en/node/4464
7565,PR27000657,PR27000657,2026-27,166,1.8,0.1,0.3,1.8,1,0.8,0,0.2,6,27,https://www.dgt.gov.in/en/node/4464
7566,PR27000658,PR27000658,2026-27,166,2.4,0.2,0.1,2.4,1,0.8,0,0.3,7.2,27,https://www.dgt.gov.in/en/node/4464
7567,PR27000806,PR27000806,2026-27,166,0,0,0.1,1.2,0,0,0,0,1.3,27,https://www.dgt.gov.in/en/node/4464
7568,PR27000840,PR27000840,2026-27,166,1.2,0.1,0.1,3,1,0.8,0,0.1,6.3,27,https://www.dgt.gov.in/en/node/4464
7569,PR27000902,PR27000902,2026-27,166,1.2,0.2,0.1,2.4,1,0.8,0,0.2,5.9,27,https://www.dgt.gov.in/en/node/4464
7570,PR27001054,PR27001054,2026-27,166,0,0,0.5,1.2,1,0.8,0,0,3.5,27,https://www.dgt.gov.in/en/node/4464
7571,PU27000934,PU27000934,2026-27,166,2.4,0.1,0.1,2.4,1,0.8,0,0.2,7,27,https://www.dgt.gov.in/en/node/4464
7572,GR27000161,GR27000161,2026-27,166,3,0.5,0.3,3,1,0.8,0,0.2,8.8,27,https://www.dgt.gov.in/en/node/4464
7573,GR27000174,GR27000174,2026-27,166,3,0.5,0.3,3,1,0.8,0.4,0.2,9.2,27,https://www.dgt.gov.in/en/node/4464
7574,GR27000375,GR27000375,2026-27,166,3,0.1,0.3,3,1,0.8,0,0.1,8.3,27,https://www.dgt.gov.in/en/node/4464
7575,GR27000376,GR27000376,2026-27,166,3,0.3,0.3,3,1,0.8,0,0.1,8.5,27,https://www.dgt.gov.in/en/node/4464
7576,GR27000401,GR27000401,2026-27,166,2.4,0.3,0.3,3,1,0.8,0,0.1,7.9,27,https://www.dgt.gov.in/en/node/4464
7577,GR27000402,GR27000402,2026-27,166,2.4,0.1,0.5,3,1,0.8,0,0.1,7.9,27,https://www.dgt.gov.in/en/node/4464
7578,GR27000568,GR27000568,2026-27,166,3,0.3,0.5,3,1,0.8,0,0.1,8.7,27,https://www.dgt.gov.in/en/node/4464
7579,GU27000055,GU27000055,2026-27,166,2.4,0.4,0.3,3,1,0.8,0,0.1,8,27,https://www.dgt.gov.in/en/node/4464
7580,PR27000175,PR27000175,2026-27,166,1.2,0,0.1,3,1,0.8,0,0,6.1,27,https://www.dgt.gov.in/en/node/4464
7581,PR27001069,PR27001069,2026-27,166,0.6,0,0.5,NG,NG,NG,0,0,NG,27,https://www.dgt.gov.in/en/node/4464
7582,PR27001078,PR27001078,2026-27,166,0,0.3,0.5,NG,NG,NG,0,0,NG,27,https://www.dgt.gov.in/en/node/4464
7583,GR27000022,GR27000022,2026-27,166,1.8,0.2,0.5,3,1,0.8,0.2,0.3,7.8,27,https://www.dgt.gov.in/en/node/4464
7584,GR27000140,GR27000140,2026-27,166,2.4,0.1,0.3,3,1,0.8,0.5,0.2,8.3,27,https://www.dgt.gov.in/en/node/4464
7585,GR27000141,GR27000141,2026-27,166,3,0.2,0.3,3,1,0.8,0,0.2,8.5,27,https://www.dgt.gov.in/en/node/4464
7586,GR27000182,GR27000182,2026-27,166,2.4,0.2,0.3,3,1,0.8,0,0.4,8.1,27,https://www.dgt.gov.in/en/node/4464
7587,GR27000281,GR27000281,2026-27,166,3,0.3,0.3,3,1,0.8,0,0.2,8.6,27,https://www.dgt.gov.in/en/node/4464
7588,GR27000384,GR27000384,2026-27,166,1.2,0.2,0.3,3,1,0.8,0,0.2,6.7,27,https://www.dgt.gov.in/en/node/4464
7589,GR27000385,GR27000385,2026-27,166,3,0.3,0.3,3,1,0.8,0,0.3,8.7,27,https://www.dgt.gov.in/en/node/4464
7590,GR27000391,GR27000391,2026-27,167,2.4,0,0.3,2.4,1,0.8,0,0.2,7.1,27,https://www.dgt.gov.in/en/node/4464
7591,GR27000392,GR27000392,2026-27,167,3,0.5,0.3,3,1,0.8,0.5,0.2,9.3,27,https://www.dgt.gov.in/en/node/4464
7592,GR27000469,GR27000469,2026-27,167,3,0.5,0.3,3,1,0.8,0,0.3,8.9,27,https://www.dgt.gov.in/en/node/4464
7593,GR27000473,GR27000473,2026-27,167,3,0.3,0.3,3,1,0.8,0,0.2,8.6,27,https://www.dgt.gov.in/en/node/4464
7594,GU27000139,GU27000139,2026-27,167,3,0.5,0.3,3,1,0.8,0,0.3,8.9,27,https://www.dgt.gov.in/en/node/4464
7595,PR27000006,PR27000006,2026-27,167,2.4,0.1,0.1,3,1,0.8,0,0.3,7.7,27,https://www.dgt.gov.in/en/node/4464
7596,PR27000142,PR27000142,2026-27,167,1.8,0.1,0.1,2.4,1,0.8,0,0.2,6.4,27,https://www.dgt.gov.in/en/node/4464
7597,PR27000276,PR27000276,2026-27,167,0.6,0.1,0.3,3,1,0.8,0,0.2,6,27,https://www.dgt.gov.in/en/node/4464
7598,PR27000472,PR27000472,2026-27,167,3,0.1,0.1,3,1,0.8,0,0.2,8.2,27,https://www.dgt.gov.in/en/node/4464
7599,PR27000567,PR27000567,2026-27,167,1.2,0,0.3,3,1,0.8,0.5,0.1,6.9,27,https://www.dgt.gov.in/en/node/4464
7600,PR27000576,PR27000576,2026-27,167,3,0.1,0.1,3,1,0.8,0,0.3,8.3,27,https://www.dgt.gov.in/en/node/4464
7601,PR27000577,PR27000577,2026-27,167,3,0,0.1,3,1,0.8,0,0.3,8.2,27,https://www.dgt.gov.in/en/node/4464
7602,PR27000578,PR27000578,2026-27,167,0,0,0.3,0,0,0,0,0,0.3,27,https://www.dgt.gov.in/en/node/4464
7603,PR27000636,PR27000636,2026-27,167,3,0.1,0.3,3,1,0.6,0,0.2,8.2,27,https://www.dgt.gov.in/en/node/4464
7604,PR27000637,PR27000637,2026-27,167,3,0.2,0.5,3,1,0.8,0.5,0.2,9.2,27,https://www.dgt.gov.in/en/node/4464
7605,PR27000638,PR27000638,2026-27,167,1.2,0,0.1,3,1,0.8,0,0.4,6.5,27,https://www.dgt.gov.in/en/node/4464
7606,PR27000653,PR27000653,2026-27,167,0.6,0.2,0.1,2.4,1,0.8,0,0.1,5.2,27,https://www.dgt.gov.in/en/node/4464
7607,PR27000654,PR27000654,2026-27,167,3,0.1,0.3,3,1,0.8,0,0.2,8.4,27,https://www.dgt.gov.in/en/node/4464
7608,PR27000655,PR27000655,2026-27,167,2.4,0.1,0.1,3,1,0.8,0,0.3,7.7,27,https://www.dgt.gov.in/en/node/4464
7609,PR27000656,PR27000656,2026-27,167,0,0.1,0.1,1.2,1,0.8,0,0.3,3.5,27,https://www.dgt.gov.in/en/node/4464
7610,PR27000732,PR27000732,2026-27,167,1.2,0.1,0.1,3,1,0.8,0,0.3,6.5,27,https://www.dgt.gov.in/en/node/4464
7611,PR27000733,PR27000733,2026-27,167,2.4,0,0.1,2.4,1,0.8,0,0.3,7,27,https://www.dgt.gov.in/en/node/4464
7612,PR27000737,PR27000737,2026-27,167,1.2,0.1,0.1,1.8,1,0.8,0,0.2,5.2,27,https://www.dgt.gov.in/en/node/4464
7613,PR27000744,PR27000744,2026-27,167,2.4,0.1,0.1,3,1,0.6,0,0.5,7.7,27,https://www.dgt.gov.in/en/node/4464
7614,PR27000807,PR27000807,2026-27,167,0,0,0.1,3,1,0.8,0,0.3,5.2,27,https://www.dgt.gov.in/en/node/4464
7615,PR27000909,PR27000909,2026-27,167,3,0.1,0.1,3,0.8,0.8,0,0.1,7.9,27,https://www.dgt.gov.in/en/node/4464
7616,PR27000910,PR27000910,2026-27,167,1.2,0.1,0.1,3,1,0.8,0,0.2,6.4,27,https://www.dgt.gov.in/en/node/4464
7617,PR27000912,PR27000912,2026-27,167,3,0.1,0.1,2.4,1,0.8,0,0.2,7.6,27,https://www.dgt.gov.in/en/node/4464
7618,PR27000931,PR27000931,2026-27,167,3,0.1,0.1,3,1,0.8,0,0.1,8.1,27,https://www.dgt.gov.in/en/node/4464
7619,PR27001022,PR27001022,2026-27,167,3,0.2,0.3,3,1,0.8,0,0.2,8.5,27,https://www.dgt.gov.in/en/node/4464
7620,PU27001008,PU27001008,2026-27,167,0,0,0.1,0,0,0,0,0,0.1,27,https://www.dgt.gov.in/en/node/4464
7621,GR27000076,GR27000076,2026-27,167,3,0.3,0.3,3,1,0.8,0,0.3,8.7,27,https://www.dgt.gov.in/en/node/4464
7622,GR27000300,GR27000300,2026-27,167,3,0.5,0.3,3,1,0.8,0,0.5,9.1,27,https://www.dgt.gov.in/en/node/4464
7623,GR27000302,GR27000302,2026-27,167,3,0.5,0.3,3,1,0.8,0,0.5,9.1,27,https://www.dgt.gov.in/en/node/4464
7624,GR27000354,GR27000354,2026-27,167,3,0.5,0.3,3,1,0.8,0,0.3,8.9,27,https://www.dgt.gov.in/en/node/4464
7625,GR27000552,GR27000552,2026-27,167,0.6,0.5,0.3,2.4,1,0.8,0,0.5,6.1,27,https://www.dgt.gov.in/en/node/4464
7626,GR27000593,GR27000593,2026-27,167,3,0.5,0.3,3,1,0.8,0,0.4,9,27,https://www.dgt.gov.in/en/node/4464
7627,GU27000040,GU27000040,2026-27,167,2.4,0.2,0.3,3,1,0.8,0.2,0.4,8.3,27,https://www.dgt.gov.in/en/node/4464
7628,GU27000041,GU27000041,2026-27,167,2.4,0.4,0.3,3,1,0.8,0.1,0.3,8.3,27,https://www.dgt.gov.in/en/node/4464
7629,GU27000230,GU27000230,2026-27,167,1.2,0.5,0.3,3,1,0.8,0,0.5,7.3,27,https://www.dgt.gov.in/en/node/4464
7630,GU27000298,GU27000298,2026-27,167,1.2,0.5,0.5,3,1,0.8,0,0.3,7.3,27,https://www.dgt.gov.in/en/node/4464
7631,PR27000054,PR27000054,2026-27,167,1.2,0.1,0.1,3,1,0.8,0,0,6.2,27,https://www.dgt.gov.in/en/node/4464
7632,PR27000057,PR27000057,2026-27,167,2.4,0.4,0.3,3,1,0.8,0,0,7.9,27,https://www.dgt.gov.in/en/node/4464
7633,PR27000190,PR27000190,2026-27,167,3,0.1,0.1,3,1,0.8,0,0.1,8.1,27,https://www.dgt.gov.in/en/node/4464
7634,PR27000525,PR27000525,2026-27,167,3,0,0.3,3,1,0.8,0.5,0,8.6,27,https://www.dgt.gov.in/en/node/4464
7635,PR27000929,PR27000929,2026-27,167,2.4,0,0.1,3,1,0.8,0,0.1,7.4,27,https://www.dgt.gov.in/en/node/4464
7636,PR27000952,PR27000952,2026-27,168,0,0,0.1,3,0,0,0,0,3.1,27,https://www.dgt.gov.in/en/node/4464
7637,PR27000958,PR27000958,2026-27,168,1.2,0.2,0.1,3,1,0.8,0,0.3,6.6,27,https://www.dgt.gov.in/en/node/4464
7638,PR27000961,PR27000961,2026-27,168,0,0,0.1,0,0,0,0,0,0.1,27,https://www.dgt.gov.in/en/node/4464
7639,PR27001004,PR27001004,2026-27,168,0.6,0.1,0.3,3,1,0.8,0,0.2,6,27,https://www.dgt.gov.in/en/node/4464
7640,PR27001062,PR27001062,2026-27,168,1.2,0.1,0.5,1.2,1,0.8,0,0.2,5,27,https://www.dgt.gov.in/en/node/4464
7641,GR27000027,GR27000027,2026-27,168,2.4,0.5,0.3,3,1,0.8,0.2,0.4,8.6,27,https://www.dgt.gov.in/en/node/4464
7642,GR27000353,GR27000353,2026-27,168,3,0.5,0.3,3,1,0.8,0.3,0.4,9.3,27,https://www.dgt.gov.in/en/node/4464
7643,GR27000430,GR27000430,2026-27,168,3,0.4,0.5,3,1,0.8,0,0.3,9,27,https://www.dgt.gov.in/en/node/4464
7644,GR27000431,GR27000431,2026-27,168,3,0.5,0.5,3,1,0.8,0,0.3,9.1,27,https://www.dgt.gov.in/en/node/4464
7645,GR27000448,GR27000448,2026-27,168,3,0.5,0.5,3,1,0.8,0,0.3,9.1,27,https://www.dgt.gov.in/en/node/4464
7646,GR27000512,GR27000512,2026-27,168,3,0.5,0.5,3,1,0.8,0,0.3,9.1,27,https://www.dgt.gov.in/en/node/4464
7647,GR27000513,GR27000513,2026-27,168,3,0.5,0.5,2.4,1,0.8,0,0.3,8.5,27,https://www.dgt.gov.in/en/node/4464
7648,GU27000078,GU27000078,2026-27,168,2.4,0.4,0.5,3,1,0.8,0.4,0.4,8.9,27,https://www.dgt.gov.in/en/node/4464
7649,PR27000001,PR27000001,2026-27,168,1.8,0,0.1,1.2,1,0.6,0,0.2,4.9,27,https://www.dgt.gov.in/en/node/4464
7650,PR27000223,PR27000223,2026-27,168,2.4,0.1,0.1,0.6,1,0.8,0,0.3,5.3,27,https://www.dgt.gov.in/en/node/4464
7651,PR27000266,PR27000266,2026-27,168,0,0.3,0.3,1.8,1,0.8,0,0.3,4.5,27,https://www.dgt.gov.in/en/node/4464
7652,PR27000622,PR27000622,2026-27,168,1.8,0.4,0.3,1.8,1,0.8,0,0.4,6.5,27,https://www.dgt.gov.in/en/node/4464
7653,PR27000674,PR27000674,2026-27,168,1.8,0.2,0.3,2.4,1,0.8,0,0.3,6.8,27,https://www.dgt.gov.in/en/node/4464
7654,PR27000721,PR27000721,2026-27,168,0,0.2,0.1,1.8,1,0.8,0,0.4,4.3,27,https://www.dgt.gov.in/en/node/4464
7655,PR27000722,PR27000722,2026-27,168,3,0.1,0.1,1.8,1,0.8,0,0.2,7,27,https://www.dgt.gov.in/en/node/4464
7656,PR27000758,PR27000758,2026-27,168,3,0.2,0.1,2.4,1,0.6,0,0.3,7.6,27,https://www.dgt.gov.in/en/node/4464
7657,PR27000759,PR27000759,2026-27,168,3,0.1,0.1,2.4,1,0.8,0,0.3,7.7,27,https://www.dgt.gov.in/en/node/4464
7658,PR27000776,PR27000776,2026-27,168,3,0.2,0.1,3,1,0.8,0,0.5,8.6,27,https://www.dgt.gov.in/en/node/4464
7659,PR27000793,PR27000793,2026-27,168,3,0.2,0.1,1.2,1,0.8,0,0.5,6.8,27,https://www.dgt.gov.in/en/node/4464
7660,PR27000794,PR27000794,2026-27,168,1.8,0.1,0.1,2.4,1,0.8,0,0.4,6.6,27,https://www.dgt.gov.in/en/node/4464
7661,PR27000870,PR27000870,2026-27,168,1.2,0.1,0.1,1.2,1,0.8,0,0.2,4.6,27,https://www.dgt.gov.in/en/node/4464
7662,PR27001063,PR27001063,2026-27,168,1.2,0.2,0.3,0,1,0.8,0,0.3,3.8,27,https://www.dgt.gov.in/en/node/4464
7663,GR27000305,GR27000305,2026-27,168,3,0.5,0.5,3,1,0.8,0,0.4,9.2,27,https://www.dgt.gov.in/en/node/4464
7664,GR27000306,GR27000306,2026-27,168,3,0.5,0.3,3,1,0.8,0,0.4,9,27,https://www.dgt.gov.in/en/node/4464
7665,GR27000455,GR27000455,2026-27,168,3,0.4,0.5,3,1,0.8,0,0.3,9,27,https://www.dgt.gov.in/en/node/4464
7666,GR27000517,GR27000517,2026-27,168,3,0.5,0.3,2.4,1,0.8,0,0.4,8.4,27,https://www.dgt.gov.in/en/node/4464
7667,GR27000518,GR27000518,2026-27,168,3,0.5,0.3,3,1,0.8,0,0.4,9,27,https://www.dgt.gov.in/en/node/4464
7668,GU27000307,GU27000307,2026-27,168,3,0.4,0.3,3,1,0.8,0,0.4,8.9,27,https://www.dgt.gov.in/en/node/4464
7669,PR27001032,PR27001032,2026-27,168,1.2,0.3,0.3,1.8,1,0.8,0,0.4,5.8,27,https://www.dgt.gov.in/en/node/4464
7670,PR27001045,PR27001045,2026-27,168,1.2,0.2,0.3,1.8,0.8,0.8,0,0.2,5.3,27,https://www.dgt.gov.in/en/node/4464
7671,GR27000077,GR27000077,2026-27,168,3,0.5,0.3,3,1,0.8,0,0.3,8.9,27,https://www.dgt.gov.in/en/node/4464
7672,GR27000109,GR27000109,2026-27,168,3,0.5,0.3,3,1,0.8,0,0.4,9,27,https://www.dgt.gov.in/en/node/4464
7673,GR27000110,GR27000110,2026-27,168,3,0.5,0.3,2.4,1,0.8,0,0.3,8.3,27,https://www.dgt.gov.in/en/node/4464
7674,GR27000156,GR27000156,2026-27,168,2.4,0.5,0.3,3,1,0.8,0,0.5,8.5,27,https://www.dgt.gov.in/en/node/4464
7675,GR27000290,GR27000290,2026-27,168,3,0.5,0.5,2.4,1,0.8,0,0.4,8.6,27,https://www.dgt.gov.in/en/node/4464
7676,GR27000291,GR27000291,2026-27,168,2.4,0.5,0.5,3,1,0.8,0,0.3,8.5,27,https://www.dgt.gov.in/en/node/4464
7677,GR27000362,GR27000362,2026-27,168,3,0.5,0.3,3,1,0.8,0,0.4,9,27,https://www.dgt.gov.in/en/node/4464
7678,GR27000413,GR27000413,2026-27,168,3,0.5,0.3,3,1,0.8,0,0.3,8.9,27,https://www.dgt.gov.in/en/node/4464
7679,GR27000414,GR27000414,2026-27,168,3,0.5,0.3,3,1,0.8,0,0.4,9,27,https://www.dgt.gov.in/en/node/4464
7680,GR27000415,GR27000415,2026-27,168,3,0.5,0.5,3,1,0.8,0,0.5,9.3,27,https://www.dgt.gov.in/en/node/4464
7681,GR27000416,GR27000416,2026-27,168,3,0.5,0.3,3,1,0.8,0,0.5,9.1,27,https://www.dgt.gov.in/en/node/4464
7682,GR27000417,GR27000417,2026-27,169,3,0.5,0.3,3,1,0.8,0,0.5,9.1,27,https://www.dgt.gov.in/en/node/4464
7683,GR27000465,GR27000465,2026-27,169,3,0.5,0.3,3,1,0.8,0,0.4,9,27,https://www.dgt.gov.in/en/node/4464
7684,GR27000491,GR27000491,2026-27,169,3,0.4,0.5,3,1,0.8,0,0.3,9,27,https://www.dgt.gov.in/en/node/4464
7685,GR27000492,GR27000492,2026-27,169,3,0.5,0.3,3,1,0.8,0,0.3,8.9,27,https://www.dgt.gov.in/en/node/4464
7686,GR27000537,GR27000537,2026-27,169,3,0.5,0.3,3,1,0.8,0,0.5,9.1,27,https://www.dgt.gov.in/en/node/4464
7687,GR27000544,GR27000544,2026-27,169,3,0.5,0.3,3,1,0.8,0,0.5,9.1,27,https://www.dgt.gov.in/en/node/4464
7688,GU27000037,GU27000037,2026-27,169,3,0.5,0.5,3,1,0.8,0.3,0.4,9.5,27,https://www.dgt.gov.in/en/node/4464
7689,PR27000233,PR27000233,2026-27,169,0,0,0.1,1.8,1,0.8,0,0.2,3.9,27,https://www.dgt.gov.in/en/node/4464
7690,PR27000838,PR27000838,2026-27,169,2.4,0.5,0.1,1.8,1,0.8,0,0.3,6.9,27,https://www.dgt.gov.in/en/node/4464
7691,PR27000946,PR27000946,2026-27,169,3,0.1,0.1,1.2,1,0.8,0,0.2,6.4,27,https://www.dgt.gov.in/en/node/4464
7692,PR27001041,PR27001041,2026-27,169,0.6,0.5,0.3,2.4,1,0.8,0,0.5,6.1,27,https://www.dgt.gov.in/en/node/4464
