institute_id,institute_name,trade_id,trade_name,district,retrieved_at,source_url
3003,"ADITYA PRIVATE INDUSTRIAL TRAINING INSTITUTE, KONDHAPURI, TAL. SHIRUR, DIST. PUNE",4,Welder (NSQF),Pune,2026-10-01T17:14:01.149900+00:00,https://inventory.dvet.gov.in/Home/GetTradeByInstitute?instituteId=3003
3003,"ADITYA PRIVATE INDUSTRIAL TRAINING INSTITUTE, KONDHAPURI, TAL. SHIRUR, DIST. PUNE",24,Electrician (NSQF),Pune,2026-10-01T17:14:01.149900+00:00,https://inventory.dvet.gov.in/Home/GetTradeByInstitute?instituteId=3003
3003,"ADITYA PRIVATE INDUSTRIAL TRAINING INSTITUTE, KONDHAPURI, TAL. SHIRUR, DIST. PUNE",31,Fitter (NSQF),Pune,2026-10-01T17:14:01.149900+00:00,https://inventory.dvet.gov.in/Home/GetTradeByInstitute?instituteId=3003
395,"AKHIL BHARTIYA MARATHA SHIKSHAN PARISHAD’S SHRI NAMDEORAO SURYAWANSHI PRIVATE INDUSTRIAL TRAINING INSTITUTE, RAMANA, TALUKA: PUNE CITY / HAVELI, DISTRICT: PUNE",4,Welder (NSQF),Pune,2026-10-01T17:14:01.149900+00:00,https://inventory.dvet.gov.in/Home/GetTradeByInstitute?instituteId=395
395,"AKHIL BHARTIYA MARATHA SHIKSHAN PARISHAD’S SHRI NAMDEORAO SURYAWANSHI PRIVATE INDUSTRIAL TRAINING INSTITUTE, RAMANA, TALUKA: PUNE CITY / HAVELI, DISTRICT: PUNE",6,Mechanic Diesel (NSQF),Pune,2026-10-01T17:14:01.149900+00:00,https://inventory.dvet.gov.in/Home/GetTradeByInstitute?instituteId=395
395,"AKHIL BHARTIYA MARATHA SHIKSHAN PARISHAD’S SHRI NAMDEORAO SURYAWANSHI PRIVATE INDUSTRIAL TRAINING INSTITUTE, RAMANA, TALUKA: PUNE CITY / HAVELI, DISTRICT: PUNE",15,Mechanic Motor Vehicle (NSQF),Pune,2026-10-01T17:14:01.149900+00:00,https://inventory.dvet.gov.in/Home/GetTradeByInstitute?instituteId=395
395,"AKHIL BHARTIYA MARATHA SHIKSHAN PARISHAD’S SHRI NAMDEORAO SURYAWANSHI PRIVATE INDUSTRIAL TRAINING INSTITUTE, RAMANA, TALUKA: PUNE CITY / HAVELI, DISTRICT: PUNE",24,Electrician (NSQF),Pune,2026-10-01T17:14:01.149900+00:00,https://inventory.dvet.gov.in/Home/GetTradeByInstitute?instituteId=395
410,"ALL INDIA SHRI SHIVAJI MEMORIAL SOCIETY'S PRIVATE INDUSTRIAL TRAINING INSTITUTE, BORIBHADAK, TALUKA: DAUND, DISTRICT: PUNE",4,Welder (NSQF),Pune,2026-10-01T17:14:01.149900+00:00,https://inventory.dvet.gov.in/Home/GetTradeByInstitute?instituteId=410
410,"ALL INDIA SHRI SHIVAJI MEMORIAL SOCIETY'S PRIVATE INDUSTRIAL TRAINING INSTITUTE, BORIBHADAK, TALUKA: DAUND, DISTRICT: PUNE",6,Mechanic Diesel (NSQF),Pune,2026-10-01T17:14:01.149900+00:00,https://inventory.dvet.gov.in/Home/GetTradeByInstitute?instituteId=410
410,"ALL INDIA SHRI SHIVAJI MEMORIAL SOCIETY'S PRIVATE INDUSTRIAL TRAINING INSTITUTE, BORIBHADAK, TALUKA: DAUND, DISTRICT: PUNE",15,Mechanic Motor Vehicle (NSQF),Pune,2026-10-01T17:14:01.149900+00:00,https://inventory.dvet.gov.in/Home/GetTradeByInstitute?instituteId=410
410,"ALL INDIA SHRI SHIVAJI MEMORIAL SOCIETY'S PRIVATE INDUSTRIAL TRAINING INSTITUTE, BORIBHADAK, TALUKA: DAUND, DISTRICT: PUNE",19,Painter General (NSQF),Pune,2026-10-01T17:14:01.149900+00:00,https://inventory.dvet.gov.in/Home/GetTradeByInstitute?instituteId=410
410,"ALL INDIA SHRI SHIVAJI MEMORIAL SOCIETY'S PRIVATE INDUSTRIAL TRAINING INSTITUTE, BORIBHADAK, TALUKA: DAUND, DISTRICT: PUNE",24,Electrician (NSQF),Pune,2026-10-01T17:14:01.149900+00:00,https://inventory.dvet.gov.in/Home/GetTradeByInstitute?instituteId=410
410,"ALL INDIA SHRI SHIVAJI MEMORIAL SOCIETY'S PRIVATE INDUSTRIAL TRAINING INSTITUTE, BORIBHADAK, TALUKA: DAUND, DISTRICT: PUNE",26,Refrigeration and Air Conditioner Technician (NSQF),Pune,2026-10-01T17:14:01.149900+00:00,https://inventory.dvet.gov.in/Home/GetTradeByInstitute?instituteId=410
410,"ALL INDIA SHRI SHIVAJI MEMORIAL SOCIETY'S PRIVATE INDUSTRIAL TRAINING INSTITUTE, BORIBHADAK, TALUKA: DAUND, DISTRICT: PUNE",29,Electronics Mechanic (NSQF),Pune,2026-10-01T17:14:01.149900+00:00,https://inventory.dvet.gov.in/Home/GetTradeByInstitute?instituteId=410
410,"ALL INDIA SHRI SHIVAJI MEMORIAL SOCIETY'S PRIVATE INDUSTRIAL TRAINING INSTITUTE, BORIBHADAK, TALUKA: DAUND, DISTRICT: PUNE",30,Machinist Grinder (NSQF),Pune,2026-10-01T17:14:01.149900+00:00,https://inventory.dvet.gov.in/Home/GetTradeByInstitute?instituteId=410
410,"ALL INDIA SHRI SHIVAJI MEMORIAL SOCIETY'S PRIVATE INDUSTRIAL TRAINING INSTITUTE, BORIBHADAK, TALUKA: DAUND, DISTRICT: PUNE",31,Fitter (NSQF),Pune,2026-10-01T17:14:01.149900+00:00,https://inventory.dvet.gov.in/Home/GetTradeByInstitute?instituteId=410
410,"ALL INDIA SHRI SHIVAJI MEMORIAL SOCIETY'S PRIVATE INDUSTRIAL TRAINING INSTITUTE, BORIBHADAK, TALUKA: DAUND, DISTRICT: PUNE",32,Turner (NSQF),Pune,2026-10-01T17:14:01.149900+00:00,https://inventory.dvet.gov.in/Home/GetTradeByInstitute?instituteId=410
410,"ALL INDIA SHRI SHIVAJI MEMORIAL SOCIETY'S PRIVATE INDUSTRIAL TRAINING INSTITUTE, BORIBHADAK, TALUKA: DAUND, DISTRICT: PUNE",33,Machinist (NSQF),Pune,2026-10-01T17:14:01.149900+00:00,https://inventory.dvet.gov.in/Home/GetTradeByInstitute?instituteId=410
410,"ALL INDIA SHRI SHIVAJI MEMORIAL SOCIETY'S PRIVATE INDUSTRIAL TRAINING INSTITUTE, BORIBHADAK, TALUKA: DAUND, DISTRICT: PUNE",41,"Tool and Die Maker (Press Tools, Jigs and Fixtures) (NSQF)",Pune,2026-10-01T17:14:01.149900+00:00,https://inventory.dvet.gov.in/Home/GetTradeByInstitute?instituteId=410
411,"BHIMA SHAIKSHANIK NYAS SANCHALIT PRIVATE INDUSTRIAL TRAINING INSTITUTE, MADHUKARNAGAR-PATAS, TALUKA: DAUND, DISTRICT: PUNE",4,Welder (NSQF),Pune,2026-10-01T17:14:01.149900+00:00,https://inventory.dvet.gov.in/Home/GetTradeByInstitute?instituteId=411
411,"BHIMA SHAIKSHANIK NYAS SANCHALIT PRIVATE INDUSTRIAL TRAINING INSTITUTE, MADHUKARNAGAR-PATAS, TALUKA: DAUND, DISTRICT: PUNE",15,Mechanic Motor Vehicle (NSQF),Pune,2026-10-01T17:14:01.149900+00:00,https://inventory.dvet.gov.in/Home/GetTradeByInstitute?instituteId=411
411,"BHIMA SHAIKSHANIK NYAS SANCHALIT PRIVATE INDUSTRIAL TRAINING INSTITUTE, MADHUKARNAGAR-PATAS, TALUKA: DAUND, DISTRICT: PUNE",24,Electrician (NSQF),Pune,2026-10-01T17:14:01.149900+00:00,https://inventory.dvet.gov.in/Home/GetTradeByInstitute?instituteId=411
411,"BHIMA SHAIKSHANIK NYAS SANCHALIT PRIVATE INDUSTRIAL TRAINING INSTITUTE, MADHUKARNAGAR-PATAS, TALUKA: DAUND, DISTRICT: PUNE",29,Electronics Mechanic (NSQF),Pune,2026-10-01T17:14:01.149900+00:00,https://inventory.dvet.gov.in/Home/GetTradeByInstitute?instituteId=411
411,"BHIMA SHAIKSHANIK NYAS SANCHALIT PRIVATE INDUSTRIAL TRAINING INSTITUTE, MADHUKARNAGAR-PATAS, TALUKA: DAUND, DISTRICT: PUNE",31,Fitter (NSQF),Pune,2026-10-01T17:14:01.149900+00:00,https://inventory.dvet.gov.in/Home/GetTradeByInstitute?instituteId=411
391,"CAMP EDUCATION SOCIETY'S PRIVATE INDUSTRIAL TRAINING INSTITUTE, NIGDI, TALUKA: PUNE CITY / HAVELI, DISTRICT: PUNE",4,Welder (NSQF),Pune,2026-10-01T17:14:01.149900+00:00,https://inventory.dvet.gov.in/Home/GetTradeByInstitute?instituteId=391
391,"CAMP EDUCATION SOCIETY'S PRIVATE INDUSTRIAL TRAINING INSTITUTE, NIGDI, TALUKA: PUNE CITY / HAVELI, DISTRICT: PUNE",19,Painter General (NSQF),Pune,2026-10-01T17:14:01.149900+00:00,https://inventory.dvet.gov.in/Home/GetTradeByInstitute?instituteId=391
391,"CAMP EDUCATION SOCIETY'S PRIVATE INDUSTRIAL TRAINING INSTITUTE, NIGDI, TALUKA: PUNE CITY / HAVELI, DISTRICT: PUNE",20,Draughtsman Mechanical (NSQF),Pune,2026-10-01T17:14:01.149900+00:00,https://inventory.dvet.gov.in/Home/GetTradeByInstitute?instituteId=391
391,"CAMP EDUCATION SOCIETY'S PRIVATE INDUSTRIAL TRAINING INSTITUTE, NIGDI, TALUKA: PUNE CITY / HAVELI, DISTRICT: PUNE",24,Electrician (NSQF),Pune,2026-10-01T17:14:01.149900+00:00,https://inventory.dvet.gov.in/Home/GetTradeByInstitute?instituteId=391
932,"DNYAN PRIVATE INDUSTRIAL TRAINING INSTITUTE, KALA, KRIDA & KRISHI PRATISHTHAN SANCHALIT , KALAMB, TALUKA: INDAPUR, DISTRICT: PUNE",4,Welder (NSQF),Pune,2026-10-01T17:14:01.149900+00:00,https://inventory.dvet.gov.in/Home/GetTradeByInstitute?instituteId=932
932,"DNYAN PRIVATE INDUSTRIAL TRAINING INSTITUTE, KALA, KRIDA & KRISHI PRATISHTHAN SANCHALIT , KALAMB, TALUKA: INDAPUR, DISTRICT: PUNE",6,Mechanic Diesel (NSQF),Pune,2026-10-01T17:14:01.149900+00:00,https://inventory.dvet.gov.in/Home/GetTradeByInstitute?instituteId=932
932,"DNYAN PRIVATE INDUSTRIAL TRAINING INSTITUTE, KALA, KRIDA & KRISHI PRATISHTHAN SANCHALIT , KALAMB, TALUKA: INDAPUR, DISTRICT: PUNE",19,Painter General (NSQF),Pune,2026-10-01T17:14:01.149900+00:00,https://inventory.dvet.gov.in/Home/GetTradeByInstitute?instituteId=932
932,"DNYAN PRIVATE INDUSTRIAL TRAINING INSTITUTE, KALA, KRIDA & KRISHI PRATISHTHAN SANCHALIT , KALAMB, TALUKA: INDAPUR, DISTRICT: PUNE",20,Draughtsman Mechanical (NSQF),Pune,2026-10-01T17:14:01.149900+00:00,https://inventory.dvet.gov.in/Home/GetTradeByInstitute?instituteId=932
932,"DNYAN PRIVATE INDUSTRIAL TRAINING INSTITUTE, KALA, KRIDA & KRISHI PRATISHTHAN SANCHALIT , KALAMB, TALUKA: INDAPUR, DISTRICT: PUNE",24,Electrician (NSQF),Pune,2026-10-01T17:14:01.149900+00:00,https://inventory.dvet.gov.in/Home/GetTradeByInstitute?instituteId=932
932,"DNYAN PRIVATE INDUSTRIAL TRAINING INSTITUTE, KALA, KRIDA & KRISHI PRATISHTHAN SANCHALIT , KALAMB, TALUKA: INDAPUR, DISTRICT: PUNE",31,Fitter (NSQF),Pune,2026-10-01T17:14:01.149900+00:00,https://inventory.dvet.gov.in/Home/GetTradeByInstitute?instituteId=932
406,"DNYANDEEP GRAMVIKAS PRATISHTHAN PRIVATE INDUSTRIAL TRAINING INSTITUTE, TALEGAON DHAMDHERE, TALUKA: SHIRUR, DISTRICT: PUNE",4,Welder (NSQF),Pune,2026-10-01T17:14:01.149900+00:00,https://inventory.dvet.gov.in/Home/GetTradeByInstitute?instituteId=406
406,"DNYANDEEP GRAMVIKAS PRATISHTHAN PRIVATE INDUSTRIAL TRAINING INSTITUTE, TALEGAON DHAMDHERE, TALUKA: SHIRUR, DISTRICT: PUNE",6,Mechanic Diesel (NSQF),Pune,2026-10-01T17:14:01.149900+00:00,https://inventory.dvet.gov.in/Home/GetTradeByInstitute?instituteId=406
406,"DNYANDEEP GRAMVIKAS PRATISHTHAN PRIVATE INDUSTRIAL TRAINING INSTITUTE, TALEGAON DHAMDHERE, TALUKA: SHIRUR, DISTRICT: PUNE",17,Wireman (NSQF),Pune,2026-10-01T17:14:01.149900+00:00,https://inventory.dvet.gov.in/Home/GetTradeByInstitute?instituteId=406
406,"DNYANDEEP GRAMVIKAS PRATISHTHAN PRIVATE INDUSTRIAL TRAINING INSTITUTE, TALEGAON DHAMDHERE, TALUKA: SHIRUR, DISTRICT: PUNE",19,Painter General (NSQF),Pune,2026-10-01T17:14:01.149900+00:00,https://inventory.dvet.gov.in/Home/GetTradeByInstitute?instituteId=406
406,"DNYANDEEP GRAMVIKAS PRATISHTHAN PRIVATE INDUSTRIAL TRAINING INSTITUTE, TALEGAON DHAMDHERE, TALUKA: SHIRUR, DISTRICT: PUNE",24,Electrician (NSQF),Pune,2026-10-01T17:14:01.149900+00:00,https://inventory.dvet.gov.in/Home/GetTradeByInstitute?instituteId=406
406,"DNYANDEEP GRAMVIKAS PRATISHTHAN PRIVATE INDUSTRIAL TRAINING INSTITUTE, TALEGAON DHAMDHERE, TALUKA: SHIRUR, DISTRICT: PUNE",31,Fitter (NSQF),Pune,2026-10-01T17:14:01.149900+00:00,https://inventory.dvet.gov.in/Home/GetTradeByInstitute?instituteId=406
711,"DON BOSCO PRIVATE INDUSTRIAL TRAINING INSTITUTE, CHINCHWAD, TALUKA: PUNE CITY / HAVELI, DISTRICT: PUNE",4,Welder (NSQF),Pune,2026-10-01T17:14:01.149900+00:00,https://inventory.dvet.gov.in/Home/GetTradeByInstitute?instituteId=711
711,"DON BOSCO PRIVATE INDUSTRIAL TRAINING INSTITUTE, CHINCHWAD, TALUKA: PUNE CITY / HAVELI, DISTRICT: PUNE",15,Mechanic Motor Vehicle (NSQF),Pune,2026-10-01T17:14:01.149900+00:00,https://inventory.dvet.gov.in/Home/GetTradeByInstitute?instituteId=711
711,"DON BOSCO PRIVATE INDUSTRIAL TRAINING INSTITUTE, CHINCHWAD, TALUKA: PUNE CITY / HAVELI, DISTRICT: PUNE",20,Draughtsman Mechanical (NSQF),Pune,2026-10-01T17:14:01.149900+00:00,https://inventory.dvet.gov.in/Home/GetTradeByInstitute?instituteId=711
711,"DON BOSCO PRIVATE INDUSTRIAL TRAINING INSTITUTE, CHINCHWAD, TALUKA: PUNE CITY / HAVELI, DISTRICT: PUNE",24,Electrician (NSQF),Pune,2026-10-01T17:14:01.149900+00:00,https://inventory.dvet.gov.in/Home/GetTradeByInstitute?instituteId=711
711,"DON BOSCO PRIVATE INDUSTRIAL TRAINING INSTITUTE, CHINCHWAD, TALUKA: PUNE CITY / HAVELI, DISTRICT: PUNE",31,Fitter (NSQF),Pune,2026-10-01T17:14:01.149900+00:00,https://inventory.dvet.gov.in/Home/GetTradeByInstitute?instituteId=711
711,"DON BOSCO PRIVATE INDUSTRIAL TRAINING INSTITUTE, CHINCHWAD, TALUKA: PUNE CITY / HAVELI, DISTRICT: PUNE",67,Mechanic Auto Electrical and Electronics (NSQF),Pune,2026-10-01T17:14:01.149900+00:00,https://inventory.dvet.gov.in/Home/GetTradeByInstitute?instituteId=711
711,"DON BOSCO PRIVATE INDUSTRIAL TRAINING INSTITUTE, CHINCHWAD, TALUKA: PUNE CITY / HAVELI, DISTRICT: PUNE",145,Mechanic Auto Body Repair (NSQF),Pune,2026-10-01T17:14:01.149900+00:00,https://inventory.dvet.gov.in/Home/GetTradeByInstitute?instituteId=711
3030,"DR. AMBEDKAR MEMORIAL PRIVATE INDUSTRIAL TRAINING INSTITUTE, NR. M G BUS STAND, PUNE CAMP, PULGATE, SOLAPUR BAZAR,TALUKA:PUNE CITY / HAVELI,DISTRICT:PUNE",5,Plumber (NSQF),Pune,2026-10-01T17:14:01.149900+00:00,https://inventory.dvet.gov.in/Home/GetTradeByInstitute?instituteId=3030
3030,"DR. AMBEDKAR MEMORIAL PRIVATE INDUSTRIAL TRAINING INSTITUTE, NR. M G BUS STAND, PUNE CAMP, PULGATE, SOLAPUR BAZAR,TALUKA:PUNE CITY / HAVELI,DISTRICT:PUNE",15,Mechanic Motor Vehicle (NSQF),Pune,2026-10-01T17:14:01.149900+00:00,https://inventory.dvet.gov.in/Home/GetTradeByInstitute?instituteId=3030
3030,"DR. AMBEDKAR MEMORIAL PRIVATE INDUSTRIAL TRAINING INSTITUTE, NR. M G BUS STAND, PUNE CAMP, PULGATE, SOLAPUR BAZAR,TALUKA:PUNE CITY / HAVELI,DISTRICT:PUNE",20,Draughtsman Mechanical (NSQF),Pune,2026-10-01T17:14:01.149900+00:00,https://inventory.dvet.gov.in/Home/GetTradeByInstitute?instituteId=3030
3030,"DR. AMBEDKAR MEMORIAL PRIVATE INDUSTRIAL TRAINING INSTITUTE, NR. M G BUS STAND, PUNE CAMP, PULGATE, SOLAPUR BAZAR,TALUKA:PUNE CITY / HAVELI,DISTRICT:PUNE",21,Draughtsman Civil (NSQF),Pune,2026-10-01T17:14:01.149900+00:00,https://inventory.dvet.gov.in/Home/GetTradeByInstitute?instituteId=3030
3030,"DR. AMBEDKAR MEMORIAL PRIVATE INDUSTRIAL TRAINING INSTITUTE, NR. M G BUS STAND, PUNE CAMP, PULGATE, SOLAPUR BAZAR,TALUKA:PUNE CITY / HAVELI,DISTRICT:PUNE",110,Computer Hardware and Network Maintenance (NSQF),Pune,2026-10-01T17:14:01.149900+00:00,https://inventory.dvet.gov.in/Home/GetTradeByInstitute?instituteId=3030
240,"GOVERNMENT INDUSTRIAL TRAINING INSTITUTE, (ADIVASI), MANIKDOH, TALUKA: JUNNAR, DISTRICT: PUNE",4,Welder (NSQF),Pune,2026-10-01T17:14:01.149900+00:00,https://inventory.dvet.gov.in/Home/GetTradeByInstitute?instituteId=240
240,"GOVERNMENT INDUSTRIAL TRAINING INSTITUTE, (ADIVASI), MANIKDOH, TALUKA: JUNNAR, DISTRICT: PUNE",6,Mechanic Diesel (NSQF),Pune,2026-10-01T17:14:01.149900+00:00,https://inventory.dvet.gov.in/Home/GetTradeByInstitute?instituteId=240
240,"GOVERNMENT INDUSTRIAL TRAINING INSTITUTE, (ADIVASI), MANIKDOH, TALUKA: JUNNAR, DISTRICT: PUNE",13,Computer Operator and Programming Assistant (NSQF),Pune,2026-10-01T17:14:01.149900+00:00,https://inventory.dvet.gov.in/Home/GetTradeByInstitute?instituteId=240
240,"GOVERNMENT INDUSTRIAL TRAINING INSTITUTE, (ADIVASI), MANIKDOH, TALUKA: JUNNAR, DISTRICT: PUNE",15,Mechanic Motor Vehicle (NSQF),Pune,2026-10-01T17:14:01.149900+00:00,https://inventory.dvet.gov.in/Home/GetTradeByInstitute?instituteId=240
240,"GOVERNMENT INDUSTRIAL TRAINING INSTITUTE, (ADIVASI), MANIKDOH, TALUKA: JUNNAR, DISTRICT: PUNE",17,Wireman (NSQF),Pune,2026-10-01T17:14:01.149900+00:00,https://inventory.dvet.gov.in/Home/GetTradeByInstitute?instituteId=240
240,"GOVERNMENT INDUSTRIAL TRAINING INSTITUTE, (ADIVASI), MANIKDOH, TALUKA: JUNNAR, DISTRICT: PUNE",19,Painter General (NSQF),Pune,2026-10-01T17:14:01.149900+00:00,https://inventory.dvet.gov.in/Home/GetTradeByInstitute?instituteId=240
240,"GOVERNMENT INDUSTRIAL TRAINING INSTITUTE, (ADIVASI), MANIKDOH, TALUKA: JUNNAR, DISTRICT: PUNE",31,Fitter (NSQF),Pune,2026-10-01T17:14:01.149900+00:00,https://inventory.dvet.gov.in/Home/GetTradeByInstitute?instituteId=240
240,"GOVERNMENT INDUSTRIAL TRAINING INSTITUTE, (ADIVASI), MANIKDOH, TALUKA: JUNNAR, DISTRICT: PUNE",32,Turner (NSQF),Pune,2026-10-01T17:14:01.149900+00:00,https://inventory.dvet.gov.in/Home/GetTradeByInstitute?instituteId=240
240,"GOVERNMENT INDUSTRIAL TRAINING INSTITUTE, (ADIVASI), MANIKDOH, TALUKA: JUNNAR, DISTRICT: PUNE",33,Machinist (NSQF),Pune,2026-10-01T17:14:01.149900+00:00,https://inventory.dvet.gov.in/Home/GetTradeByInstitute?instituteId=240
240,"GOVERNMENT INDUSTRIAL TRAINING INSTITUTE, (ADIVASI), MANIKDOH, TALUKA: JUNNAR, DISTRICT: PUNE",37,Information and Communication Technology System Maintenance (NSQF),Pune,2026-10-01T17:14:01.149900+00:00,https://inventory.dvet.gov.in/Home/GetTradeByInstitute?instituteId=240
240,"GOVERNMENT INDUSTRIAL TRAINING INSTITUTE, (ADIVASI), MANIKDOH, TALUKA: JUNNAR, DISTRICT: PUNE",41,"Tool and Die Maker (Press Tools, Jigs and Fixtures) (NSQF)",Pune,2026-10-01T17:14:01.149900+00:00,https://inventory.dvet.gov.in/Home/GetTradeByInstitute?instituteId=240
240,"GOVERNMENT INDUSTRIAL TRAINING INSTITUTE, (ADIVASI), MANIKDOH, TALUKA: JUNNAR, DISTRICT: PUNE",43,Mechanic Machine Tool Maintenance (NSQF),Pune,2026-10-01T17:14:01.149900+00:00,https://inventory.dvet.gov.in/Home/GetTradeByInstitute?instituteId=240
240,"GOVERNMENT INDUSTRIAL TRAINING INSTITUTE, (ADIVASI), MANIKDOH, TALUKA: JUNNAR, DISTRICT: PUNE",51,Dress Making (NSQF),Pune,2026-10-01T17:14:01.149900+00:00,https://inventory.dvet.gov.in/Home/GetTradeByInstitute?instituteId=240
240,"GOVERNMENT INDUSTRIAL TRAINING INSTITUTE, (ADIVASI), MANIKDOH, TALUKA: JUNNAR, DISTRICT: PUNE",139,Welder (GMAW and GTAW) (NSQF),Pune,2026-10-01T17:14:01.149900+00:00,https://inventory.dvet.gov.in/Home/GetTradeByInstitute?instituteId=240
234,"GOVERNMENT INDUSTRIAL TRAINING INSTITUTE, (WOMAN), PUNE, TALUKA: PUNE CITY / HAVELI, DISTRICT: PUNE",13,Computer Operator and Programming Assistant (NSQF),Pune,2026-10-01T17:14:01.149900+00:00,https://inventory.dvet.gov.in/Home/GetTradeByInstitute?instituteId=234
234,"GOVERNMENT INDUSTRIAL TRAINING INSTITUTE, (WOMAN), PUNE, TALUKA: PUNE CITY / HAVELI, DISTRICT: PUNE",29,Electronics Mechanic (NSQF),Pune,2026-10-01T17:14:01.149900+00:00,https://inventory.dvet.gov.in/Home/GetTradeByInstitute?instituteId=234
234,"GOVERNMENT INDUSTRIAL TRAINING INSTITUTE, (WOMAN), PUNE, TALUKA: PUNE CITY / HAVELI, DISTRICT: PUNE",37,Information and Communication Technology System Maintenance (NSQF),Pune,2026-10-01T17:14:01.149900+00:00,https://inventory.dvet.gov.in/Home/GetTradeByInstitute?instituteId=234
234,"GOVERNMENT INDUSTRIAL TRAINING INSTITUTE, (WOMAN), PUNE, TALUKA: PUNE CITY / HAVELI, DISTRICT: PUNE",50,Fruit and Vegetable Processing (NSQF),Pune,2026-10-01T17:14:01.149900+00:00,https://inventory.dvet.gov.in/Home/GetTradeByInstitute?instituteId=234
234,"GOVERNMENT INDUSTRIAL TRAINING INSTITUTE, (WOMAN), PUNE, TALUKA: PUNE CITY / HAVELI, DISTRICT: PUNE",51,Dress Making (NSQF),Pune,2026-10-01T17:14:01.149900+00:00,https://inventory.dvet.gov.in/Home/GetTradeByInstitute?instituteId=234
234,"GOVERNMENT INDUSTRIAL TRAINING INSTITUTE, (WOMAN), PUNE, TALUKA: PUNE CITY / HAVELI, DISTRICT: PUNE",55,Cosmetology (NSQF),Pune,2026-10-01T17:14:01.149900+00:00,https://inventory.dvet.gov.in/Home/GetTradeByInstitute?instituteId=234
234,"GOVERNMENT INDUSTRIAL TRAINING INSTITUTE, (WOMAN), PUNE, TALUKA: PUNE CITY / HAVELI, DISTRICT: PUNE",74,Interior Design and Decoration (NSQF),Pune,2026-10-01T17:14:01.149900+00:00,https://inventory.dvet.gov.in/Home/GetTradeByInstitute?instituteId=234
234,"GOVERNMENT INDUSTRIAL TRAINING INSTITUTE, (WOMAN), PUNE, TALUKA: PUNE CITY / HAVELI, DISTRICT: PUNE",110,Computer Hardware and Network Maintenance (NSQF),Pune,2026-10-01T17:14:01.149900+00:00,https://inventory.dvet.gov.in/Home/GetTradeByInstitute?instituteId=234
234,"GOVERNMENT INDUSTRIAL TRAINING INSTITUTE, (WOMAN), PUNE, TALUKA: PUNE CITY / HAVELI, DISTRICT: PUNE",111,Technician Power Electronic Systems (NSQF),Pune,2026-10-01T17:14:01.149900+00:00,https://inventory.dvet.gov.in/Home/GetTradeByInstitute?instituteId=234
233,"GOVERNMENT INDUSTRIAL TRAINING INSTITUTE, AUNDH PUNE, TALUKA:PUNE CITY / HAVELI,DISTRICT: PUNE",1,Wood Work Technician (NSQF),Pune,2026-10-01T17:14:01.149900+00:00,https://inventory.dvet.gov.in/Home/GetTradeByInstitute?instituteId=233
233,"GOVERNMENT INDUSTRIAL TRAINING INSTITUTE, AUNDH PUNE, TALUKA:PUNE CITY / HAVELI,DISTRICT: PUNE",4,Welder (NSQF),Pune,2026-10-01T17:14:01.149900+00:00,https://inventory.dvet.gov.in/Home/GetTradeByInstitute?instituteId=233
233,"GOVERNMENT INDUSTRIAL TRAINING INSTITUTE, AUNDH PUNE, TALUKA:PUNE CITY / HAVELI,DISTRICT: PUNE",5,Plumber (NSQF),Pune,2026-10-01T17:14:01.149900+00:00,https://inventory.dvet.gov.in/Home/GetTradeByInstitute?instituteId=233
233,"GOVERNMENT INDUSTRIAL TRAINING INSTITUTE, AUNDH PUNE, TALUKA:PUNE CITY / HAVELI,DISTRICT: PUNE",6,Mechanic Diesel (NSQF),Pune,2026-10-01T17:14:01.149900+00:00,https://inventory.dvet.gov.in/Home/GetTradeByInstitute?instituteId=233
233,"GOVERNMENT INDUSTRIAL TRAINING INSTITUTE, AUNDH PUNE, TALUKA:PUNE CITY / HAVELI,DISTRICT: PUNE",7,Mason (Building Constructor) (NSQF),Pune,2026-10-01T17:14:01.149900+00:00,https://inventory.dvet.gov.in/Home/GetTradeByInstitute?instituteId=233
233,"GOVERNMENT INDUSTRIAL TRAINING INSTITUTE, AUNDH PUNE, TALUKA:PUNE CITY / HAVELI,DISTRICT: PUNE",8,Sheet Metal Worker (NSQF),Pune,2026-10-01T17:14:01.149900+00:00,https://inventory.dvet.gov.in/Home/GetTradeByInstitute?instituteId=233
233,"GOVERNMENT INDUSTRIAL TRAINING INSTITUTE, AUNDH PUNE, TALUKA:PUNE CITY / HAVELI,DISTRICT: PUNE",9,Plastic Processing Operator (NSQF),Pune,2026-10-01T17:14:01.149900+00:00,https://inventory.dvet.gov.in/Home/GetTradeByInstitute?instituteId=233
233,"GOVERNMENT INDUSTRIAL TRAINING INSTITUTE, AUNDH PUNE, TALUKA:PUNE CITY / HAVELI,DISTRICT: PUNE",12,Desktop Publishing Operator (NSQF),Pune,2026-10-01T17:14:01.149900+00:00,https://inventory.dvet.gov.in/Home/GetTradeByInstitute?instituteId=233
233,"GOVERNMENT INDUSTRIAL TRAINING INSTITUTE, AUNDH PUNE, TALUKA:PUNE CITY / HAVELI,DISTRICT: PUNE",13,Computer Operator and Programming Assistant (NSQF),Pune,2026-10-01T17:14:01.149900+00:00,https://inventory.dvet.gov.in/Home/GetTradeByInstitute?instituteId=233
233,"GOVERNMENT INDUSTRIAL TRAINING INSTITUTE, AUNDH PUNE, TALUKA:PUNE CITY / HAVELI,DISTRICT: PUNE",15,Mechanic Motor Vehicle (NSQF),Pune,2026-10-01T17:14:01.149900+00:00,https://inventory.dvet.gov.in/Home/GetTradeByInstitute?instituteId=233
233,"GOVERNMENT INDUSTRIAL TRAINING INSTITUTE, AUNDH PUNE, TALUKA:PUNE CITY / HAVELI,DISTRICT: PUNE",17,Wireman (NSQF),Pune,2026-10-01T17:14:01.149900+00:00,https://inventory.dvet.gov.in/Home/GetTradeByInstitute?instituteId=233
233,"GOVERNMENT INDUSTRIAL TRAINING INSTITUTE, AUNDH PUNE, TALUKA:PUNE CITY / HAVELI,DISTRICT: PUNE",19,Painter General (NSQF),Pune,2026-10-01T17:14:01.149900+00:00,https://inventory.dvet.gov.in/Home/GetTradeByInstitute?instituteId=233
233,"GOVERNMENT INDUSTRIAL TRAINING INSTITUTE, AUNDH PUNE, TALUKA:PUNE CITY / HAVELI,DISTRICT: PUNE",20,Draughtsman Mechanical (NSQF),Pune,2026-10-01T17:14:01.149900+00:00,https://inventory.dvet.gov.in/Home/GetTradeByInstitute?instituteId=233
233,"GOVERNMENT INDUSTRIAL TRAINING INSTITUTE, AUNDH PUNE, TALUKA:PUNE CITY / HAVELI,DISTRICT: PUNE",21,Draughtsman Civil (NSQF),Pune,2026-10-01T17:14:01.149900+00:00,https://inventory.dvet.gov.in/Home/GetTradeByInstitute?instituteId=233
233,"GOVERNMENT INDUSTRIAL TRAINING INSTITUTE, AUNDH PUNE, TALUKA:PUNE CITY / HAVELI,DISTRICT: PUNE",22,Surveyor (NSQF),Pune,2026-10-01T17:14:01.149900+00:00,https://inventory.dvet.gov.in/Home/GetTradeByInstitute?instituteId=233
233,"GOVERNMENT INDUSTRIAL TRAINING INSTITUTE, AUNDH PUNE, TALUKA:PUNE CITY / HAVELI,DISTRICT: PUNE",23,Electroplater (NSQF),Pune,2026-10-01T17:14:01.149900+00:00,https://inventory.dvet.gov.in/Home/GetTradeByInstitute?instituteId=233
233,"GOVERNMENT INDUSTRIAL TRAINING INSTITUTE, AUNDH PUNE, TALUKA:PUNE CITY / HAVELI,DISTRICT: PUNE",24,Electrician (NSQF),Pune,2026-10-01T17:14:01.149900+00:00,https://inventory.dvet.gov.in/Home/GetTradeByInstitute?instituteId=233
233,"GOVERNMENT INDUSTRIAL TRAINING INSTITUTE, AUNDH PUNE, TALUKA:PUNE CITY / HAVELI,DISTRICT: PUNE",25,Instrument Mechanic (NSQF),Pune,2026-10-01T17:14:01.149900+00:00,https://inventory.dvet.gov.in/Home/GetTradeByInstitute?instituteId=233
233,"GOVERNMENT INDUSTRIAL TRAINING INSTITUTE, AUNDH PUNE, TALUKA:PUNE CITY / HAVELI,DISTRICT: PUNE",26,Refrigeration and Air Conditioner Technician (NSQF),Pune,2026-10-01T17:14:01.149900+00:00,https://inventory.dvet.gov.in/Home/GetTradeByInstitute?instituteId=233
233,"GOVERNMENT INDUSTRIAL TRAINING INSTITUTE, AUNDH PUNE, TALUKA:PUNE CITY / HAVELI,DISTRICT: PUNE",29,Electronics Mechanic (NSQF),Pune,2026-10-01T17:14:01.149900+00:00,https://inventory.dvet.gov.in/Home/GetTradeByInstitute?instituteId=233
233,"GOVERNMENT INDUSTRIAL TRAINING INSTITUTE, AUNDH PUNE, TALUKA:PUNE CITY / HAVELI,DISTRICT: PUNE",30,Machinist Grinder (NSQF),Pune,2026-10-01T17:14:01.149900+00:00,https://inventory.dvet.gov.in/Home/GetTradeByInstitute?instituteId=233
233,"GOVERNMENT INDUSTRIAL TRAINING INSTITUTE, AUNDH PUNE, TALUKA:PUNE CITY / HAVELI,DISTRICT: PUNE",31,Fitter (NSQF),Pune,2026-10-01T17:14:01.149900+00:00,https://inventory.dvet.gov.in/Home/GetTradeByInstitute?instituteId=233
233,"GOVERNMENT INDUSTRIAL TRAINING INSTITUTE, AUNDH PUNE, TALUKA:PUNE CITY / HAVELI,DISTRICT: PUNE",32,Turner (NSQF),Pune,2026-10-01T17:14:01.149900+00:00,https://inventory.dvet.gov.in/Home/GetTradeByInstitute?instituteId=233
233,"GOVERNMENT INDUSTRIAL TRAINING INSTITUTE, AUNDH PUNE, TALUKA:PUNE CITY / HAVELI,DISTRICT: PUNE",33,Machinist (NSQF),Pune,2026-10-01T17:14:01.149900+00:00,https://inventory.dvet.gov.in/Home/GetTradeByInstitute?instituteId=233
233,"GOVERNMENT INDUSTRIAL TRAINING INSTITUTE, AUNDH PUNE, TALUKA:PUNE CITY / HAVELI,DISTRICT: PUNE",41,"Tool and Die Maker (Press Tools, Jigs and Fixtures) (NSQF)",Pune,2026-10-01T17:14:01.149900+00:00,https://inventory.dvet.gov.in/Home/GetTradeByInstitute?instituteId=233
233,"GOVERNMENT INDUSTRIAL TRAINING INSTITUTE, AUNDH PUNE, TALUKA:PUNE CITY / HAVELI,DISTRICT: PUNE",42,Tool and Die Maker (Dies and Moulds) (NSQF),Pune,2026-10-01T17:14:01.149900+00:00,https://inventory.dvet.gov.in/Home/GetTradeByInstitute?instituteId=233
233,"GOVERNMENT INDUSTRIAL TRAINING INSTITUTE, AUNDH PUNE, TALUKA:PUNE CITY / HAVELI,DISTRICT: PUNE",43,Mechanic Machine Tool Maintenance (NSQF),Pune,2026-10-01T17:14:01.149900+00:00,https://inventory.dvet.gov.in/Home/GetTradeByInstitute?instituteId=233
233,"GOVERNMENT INDUSTRIAL TRAINING INSTITUTE, AUNDH PUNE, TALUKA:PUNE CITY / HAVELI,DISTRICT: PUNE",45,Sewing Technology (NSQF),Pune,2026-10-01T17:14:01.149900+00:00,https://inventory.dvet.gov.in/Home/GetTradeByInstitute?instituteId=233
233,"GOVERNMENT INDUSTRIAL TRAINING INSTITUTE, AUNDH PUNE, TALUKA:PUNE CITY / HAVELI,DISTRICT: PUNE",51,Dress Making (NSQF),Pune,2026-10-01T17:14:01.149900+00:00,https://inventory.dvet.gov.in/Home/GetTradeByInstitute?instituteId=233
233,"GOVERNMENT INDUSTRIAL TRAINING INSTITUTE, AUNDH PUNE, TALUKA:PUNE CITY / HAVELI,DISTRICT: PUNE",53,Stenographer Secretarial Assistant (English) (NSQF),Pune,2026-10-01T17:14:01.149900+00:00,https://inventory.dvet.gov.in/Home/GetTradeByInstitute?instituteId=233
233,"GOVERNMENT INDUSTRIAL TRAINING INSTITUTE, AUNDH PUNE, TALUKA:PUNE CITY / HAVELI,DISTRICT: PUNE",54,Secretarial Practice (English) (NSQF),Pune,2026-10-01T17:14:01.149900+00:00,https://inventory.dvet.gov.in/Home/GetTradeByInstitute?instituteId=233
233,"GOVERNMENT INDUSTRIAL TRAINING INSTITUTE, AUNDH PUNE, TALUKA:PUNE CITY / HAVELI,DISTRICT: PUNE",56,Photographer (NSQF),Pune,2026-10-01T17:14:01.149900+00:00,https://inventory.dvet.gov.in/Home/GetTradeByInstitute?instituteId=233
233,"GOVERNMENT INDUSTRIAL TRAINING INSTITUTE, AUNDH PUNE, TALUKA:PUNE CITY / HAVELI,DISTRICT: PUNE",67,Mechanic Auto Electrical and Electronics (NSQF),Pune,2026-10-01T17:14:01.149900+00:00,https://inventory.dvet.gov.in/Home/GetTradeByInstitute?instituteId=233
233,"GOVERNMENT INDUSTRIAL TRAINING INSTITUTE, AUNDH PUNE, TALUKA:PUNE CITY / HAVELI,DISTRICT: PUNE",165,Aeronautical Structure and Equipment Fitter (NSQF),Pune,2026-10-01T17:14:01.149900+00:00,https://inventory.dvet.gov.in/Home/GetTradeByInstitute?instituteId=233
233,"GOVERNMENT INDUSTRIAL TRAINING INSTITUTE, AUNDH PUNE, TALUKA:PUNE CITY / HAVELI,DISTRICT: PUNE",1088,Fitter Under Dual Training System (NSQF),Pune,2026-10-01T17:14:01.149900+00:00,https://inventory.dvet.gov.in/Home/GetTradeByInstitute?instituteId=233
243,"GOVERNMENT INDUSTRIAL TRAINING INSTITUTE, BHOR, TALUKA: BHOR, DISTRICT: PUNE",1,Wood Work Technician (NSQF),Pune,2026-10-01T17:14:01.149900+00:00,https://inventory.dvet.gov.in/Home/GetTradeByInstitute?instituteId=243
243,"GOVERNMENT INDUSTRIAL TRAINING INSTITUTE, BHOR, TALUKA: BHOR, DISTRICT: PUNE",4,Welder (NSQF),Pune,2026-10-01T17:14:01.149900+00:00,https://inventory.dvet.gov.in/Home/GetTradeByInstitute?instituteId=243
243,"GOVERNMENT INDUSTRIAL TRAINING INSTITUTE, BHOR, TALUKA: BHOR, DISTRICT: PUNE",6,Mechanic Diesel (NSQF),Pune,2026-10-01T17:14:01.149900+00:00,https://inventory.dvet.gov.in/Home/GetTradeByInstitute?instituteId=243
243,"GOVERNMENT INDUSTRIAL TRAINING INSTITUTE, BHOR, TALUKA: BHOR, DISTRICT: PUNE",13,Computer Operator and Programming Assistant (NSQF),Pune,2026-10-01T17:14:01.149900+00:00,https://inventory.dvet.gov.in/Home/GetTradeByInstitute?instituteId=243
243,"GOVERNMENT INDUSTRIAL TRAINING INSTITUTE, BHOR, TALUKA: BHOR, DISTRICT: PUNE",15,Mechanic Motor Vehicle (NSQF),Pune,2026-10-01T17:14:01.149900+00:00,https://inventory.dvet.gov.in/Home/GetTradeByInstitute?instituteId=243
243,"GOVERNMENT INDUSTRIAL TRAINING INSTITUTE, BHOR, TALUKA: BHOR, DISTRICT: PUNE",17,Wireman (NSQF),Pune,2026-10-01T17:14:01.149900+00:00,https://inventory.dvet.gov.in/Home/GetTradeByInstitute?instituteId=243
243,"GOVERNMENT INDUSTRIAL TRAINING INSTITUTE, BHOR, TALUKA: BHOR, DISTRICT: PUNE",32,Turner (NSQF),Pune,2026-10-01T17:14:01.149900+00:00,https://inventory.dvet.gov.in/Home/GetTradeByInstitute?instituteId=243
243,"GOVERNMENT INDUSTRIAL TRAINING INSTITUTE, BHOR, TALUKA: BHOR, DISTRICT: PUNE",33,Machinist (NSQF),Pune,2026-10-01T17:14:01.149900+00:00,https://inventory.dvet.gov.in/Home/GetTradeByInstitute?instituteId=243
235,"GOVERNMENT INDUSTRIAL TRAINING INSTITUTE, GHODEGAON, TALUKA: AMBEGAON, DISTRICT: PUNE",4,Welder (NSQF),Pune,2026-10-01T17:14:01.149900+00:00,https://inventory.dvet.gov.in/Home/GetTradeByInstitute?instituteId=235
235,"GOVERNMENT INDUSTRIAL TRAINING INSTITUTE, GHODEGAON, TALUKA: AMBEGAON, DISTRICT: PUNE",13,Computer Operator and Programming Assistant (NSQF),Pune,2026-10-01T17:14:01.149900+00:00,https://inventory.dvet.gov.in/Home/GetTradeByInstitute?instituteId=235
235,"GOVERNMENT INDUSTRIAL TRAINING INSTITUTE, GHODEGAON, TALUKA: AMBEGAON, DISTRICT: PUNE",17,Wireman (NSQF),Pune,2026-10-01T17:14:01.149900+00:00,https://inventory.dvet.gov.in/Home/GetTradeByInstitute?instituteId=235
235,"GOVERNMENT INDUSTRIAL TRAINING INSTITUTE, GHODEGAON, TALUKA: AMBEGAON, DISTRICT: PUNE",24,Electrician (NSQF),Pune,2026-10-01T17:14:01.149900+00:00,https://inventory.dvet.gov.in/Home/GetTradeByInstitute?instituteId=235
235,"GOVERNMENT INDUSTRIAL TRAINING INSTITUTE, GHODEGAON, TALUKA: AMBEGAON, DISTRICT: PUNE",26,Refrigeration and Air Conditioner Technician (NSQF),Pune,2026-10-01T17:14:01.149900+00:00,https://inventory.dvet.gov.in/Home/GetTradeByInstitute?instituteId=235
235,"GOVERNMENT INDUSTRIAL TRAINING INSTITUTE, GHODEGAON, TALUKA: AMBEGAON, DISTRICT: PUNE",29,Electronics Mechanic (NSQF),Pune,2026-10-01T17:14:01.149900+00:00,https://inventory.dvet.gov.in/Home/GetTradeByInstitute?instituteId=235
235,"GOVERNMENT INDUSTRIAL TRAINING INSTITUTE, GHODEGAON, TALUKA: AMBEGAON, DISTRICT: PUNE",31,Fitter (NSQF),Pune,2026-10-01T17:14:01.149900+00:00,https://inventory.dvet.gov.in/Home/GetTradeByInstitute?instituteId=235
235,"GOVERNMENT INDUSTRIAL TRAINING INSTITUTE, GHODEGAON, TALUKA: AMBEGAON, DISTRICT: PUNE",73,Fashion Design and Technology (NSQF),Pune,2026-10-01T17:14:01.149900+00:00,https://inventory.dvet.gov.in/Home/GetTradeByInstitute?instituteId=235
236,"GOVERNMENT INDUSTRIAL TRAINING INSTITUTE, INDAPUR, TALUKA: INDAPUR, DISTRICT: PUNE",3,Foundryman (NSQF),Pune,2026-10-01T17:14:01.149900+00:00,https://inventory.dvet.gov.in/Home/GetTradeByInstitute?instituteId=236
236,"GOVERNMENT INDUSTRIAL TRAINING INSTITUTE, INDAPUR, TALUKA: INDAPUR, DISTRICT: PUNE",4,Welder (NSQF),Pune,2026-10-01T17:14:01.149900+00:00,https://inventory.dvet.gov.in/Home/GetTradeByInstitute?instituteId=236
236,"GOVERNMENT INDUSTRIAL TRAINING INSTITUTE, INDAPUR, TALUKA: INDAPUR, DISTRICT: PUNE",8,Sheet Metal Worker (NSQF),Pune,2026-10-01T17:14:01.149900+00:00,https://inventory.dvet.gov.in/Home/GetTradeByInstitute?instituteId=236
236,"GOVERNMENT INDUSTRIAL TRAINING INSTITUTE, INDAPUR, TALUKA: INDAPUR, DISTRICT: PUNE",13,Computer Operator and Programming Assistant (NSQF),Pune,2026-10-01T17:14:01.149900+00:00,https://inventory.dvet.gov.in/Home/GetTradeByInstitute?instituteId=236
236,"GOVERNMENT INDUSTRIAL TRAINING INSTITUTE, INDAPUR, TALUKA: INDAPUR, DISTRICT: PUNE",15,Mechanic Motor Vehicle (NSQF),Pune,2026-10-01T17:14:01.149900+00:00,https://inventory.dvet.gov.in/Home/GetTradeByInstitute?instituteId=236
236,"GOVERNMENT INDUSTRIAL TRAINING INSTITUTE, INDAPUR, TALUKA: INDAPUR, DISTRICT: PUNE",17,Wireman (NSQF),Pune,2026-10-01T17:14:01.149900+00:00,https://inventory.dvet.gov.in/Home/GetTradeByInstitute?instituteId=236
236,"GOVERNMENT INDUSTRIAL TRAINING INSTITUTE, INDAPUR, TALUKA: INDAPUR, DISTRICT: PUNE",19,Painter General (NSQF),Pune,2026-10-01T17:14:01.149900+00:00,https://inventory.dvet.gov.in/Home/GetTradeByInstitute?instituteId=236
236,"GOVERNMENT INDUSTRIAL TRAINING INSTITUTE, INDAPUR, TALUKA: INDAPUR, DISTRICT: PUNE",24,Electrician (NSQF),Pune,2026-10-01T17:14:01.149900+00:00,https://inventory.dvet.gov.in/Home/GetTradeByInstitute?instituteId=236
236,"GOVERNMENT INDUSTRIAL TRAINING INSTITUTE, INDAPUR, TALUKA: INDAPUR, DISTRICT: PUNE",26,Refrigeration and Air Conditioner Technician (NSQF),Pune,2026-10-01T17:14:01.149900+00:00,https://inventory.dvet.gov.in/Home/GetTradeByInstitute?instituteId=236
236,"GOVERNMENT INDUSTRIAL TRAINING INSTITUTE, INDAPUR, TALUKA: INDAPUR, DISTRICT: PUNE",29,Electronics Mechanic (NSQF),Pune,2026-10-01T17:14:01.149900+00:00,https://inventory.dvet.gov.in/Home/GetTradeByInstitute?instituteId=236
236,"GOVERNMENT INDUSTRIAL TRAINING INSTITUTE, INDAPUR, TALUKA: INDAPUR, DISTRICT: PUNE",31,Fitter (NSQF),Pune,2026-10-01T17:14:01.149900+00:00,https://inventory.dvet.gov.in/Home/GetTradeByInstitute?instituteId=236
236,"GOVERNMENT INDUSTRIAL TRAINING INSTITUTE, INDAPUR, TALUKA: INDAPUR, DISTRICT: PUNE",32,Turner (NSQF),Pune,2026-10-01T17:14:01.149900+00:00,https://inventory.dvet.gov.in/Home/GetTradeByInstitute?instituteId=236
236,"GOVERNMENT INDUSTRIAL TRAINING INSTITUTE, INDAPUR, TALUKA: INDAPUR, DISTRICT: PUNE",33,Machinist (NSQF),Pune,2026-10-01T17:14:01.149900+00:00,https://inventory.dvet.gov.in/Home/GetTradeByInstitute?instituteId=236
236,"GOVERNMENT INDUSTRIAL TRAINING INSTITUTE, INDAPUR, TALUKA: INDAPUR, DISTRICT: PUNE",51,Dress Making (NSQF),Pune,2026-10-01T17:14:01.149900+00:00,https://inventory.dvet.gov.in/Home/GetTradeByInstitute?instituteId=236
241,"GOVERNMENT INDUSTRIAL TRAINING INSTITUTE, KHED (RAJGURUNAGAR), TALUKA: KHED, DISTRICT: PUNE",4,Welder (NSQF),Pune,2026-10-01T17:14:01.149900+00:00,https://inventory.dvet.gov.in/Home/GetTradeByInstitute?instituteId=241
241,"GOVERNMENT INDUSTRIAL TRAINING INSTITUTE, KHED (RAJGURUNAGAR), TALUKA: KHED, DISTRICT: PUNE",8,Sheet Metal Worker (NSQF),Pune,2026-10-01T17:14:01.149900+00:00,https://inventory.dvet.gov.in/Home/GetTradeByInstitute?instituteId=241
241,"GOVERNMENT INDUSTRIAL TRAINING INSTITUTE, KHED (RAJGURUNAGAR), TALUKA: KHED, DISTRICT: PUNE",13,Computer Operator and Programming Assistant (NSQF),Pune,2026-10-01T17:14:01.149900+00:00,https://inventory.dvet.gov.in/Home/GetTradeByInstitute?instituteId=241
241,"GOVERNMENT INDUSTRIAL TRAINING INSTITUTE, KHED (RAJGURUNAGAR), TALUKA: KHED, DISTRICT: PUNE",19,Painter General (NSQF),Pune,2026-10-01T17:14:01.149900+00:00,https://inventory.dvet.gov.in/Home/GetTradeByInstitute?instituteId=241
241,"GOVERNMENT INDUSTRIAL TRAINING INSTITUTE, KHED (RAJGURUNAGAR), TALUKA: KHED, DISTRICT: PUNE",24,Electrician (NSQF),Pune,2026-10-01T17:14:01.149900+00:00,https://inventory.dvet.gov.in/Home/GetTradeByInstitute?instituteId=241
241,"GOVERNMENT INDUSTRIAL TRAINING INSTITUTE, KHED (RAJGURUNAGAR), TALUKA: KHED, DISTRICT: PUNE",25,Instrument Mechanic (NSQF),Pune,2026-10-01T17:14:01.149900+00:00,https://inventory.dvet.gov.in/Home/GetTradeByInstitute?instituteId=241
241,"GOVERNMENT INDUSTRIAL TRAINING INSTITUTE, KHED (RAJGURUNAGAR), TALUKA: KHED, DISTRICT: PUNE",26,Refrigeration and Air Conditioner Technician (NSQF),Pune,2026-10-01T17:14:01.149900+00:00,https://inventory.dvet.gov.in/Home/GetTradeByInstitute?instituteId=241
241,"GOVERNMENT INDUSTRIAL TRAINING INSTITUTE, KHED (RAJGURUNAGAR), TALUKA: KHED, DISTRICT: PUNE",29,Electronics Mechanic (NSQF),Pune,2026-10-01T17:14:01.149900+00:00,https://inventory.dvet.gov.in/Home/GetTradeByInstitute?instituteId=241
241,"GOVERNMENT INDUSTRIAL TRAINING INSTITUTE, KHED (RAJGURUNAGAR), TALUKA: KHED, DISTRICT: PUNE",30,Machinist Grinder (NSQF),Pune,2026-10-01T17:14:01.149900+00:00,https://inventory.dvet.gov.in/Home/GetTradeByInstitute?instituteId=241
241,"GOVERNMENT INDUSTRIAL TRAINING INSTITUTE, KHED (RAJGURUNAGAR), TALUKA: KHED, DISTRICT: PUNE",31,Fitter (NSQF),Pune,2026-10-01T17:14:01.149900+00:00,https://inventory.dvet.gov.in/Home/GetTradeByInstitute?instituteId=241
241,"GOVERNMENT INDUSTRIAL TRAINING INSTITUTE, KHED (RAJGURUNAGAR), TALUKA: KHED, DISTRICT: PUNE",32,Turner (NSQF),Pune,2026-10-01T17:14:01.149900+00:00,https://inventory.dvet.gov.in/Home/GetTradeByInstitute?instituteId=241
241,"GOVERNMENT INDUSTRIAL TRAINING INSTITUTE, KHED (RAJGURUNAGAR), TALUKA: KHED, DISTRICT: PUNE",33,Machinist (NSQF),Pune,2026-10-01T17:14:01.149900+00:00,https://inventory.dvet.gov.in/Home/GetTradeByInstitute?instituteId=241
241,"GOVERNMENT INDUSTRIAL TRAINING INSTITUTE, KHED (RAJGURUNAGAR), TALUKA: KHED, DISTRICT: PUNE",42,Tool and Die Maker (Dies and Moulds) (NSQF),Pune,2026-10-01T17:14:01.149900+00:00,https://inventory.dvet.gov.in/Home/GetTradeByInstitute?instituteId=241
241,"GOVERNMENT INDUSTRIAL TRAINING INSTITUTE, KHED (RAJGURUNAGAR), TALUKA: KHED, DISTRICT: PUNE",51,Dress Making (NSQF),Pune,2026-10-01T17:14:01.149900+00:00,https://inventory.dvet.gov.in/Home/GetTradeByInstitute?instituteId=241
237,"GOVERNMENT INDUSTRIAL TRAINING INSTITUTE, LONAVALA, TALUKA: MAVAL, DISTRICT: PUNE",3,Foundryman (NSQF),Pune,2026-10-01T17:14:01.149900+00:00,https://inventory.dvet.gov.in/Home/GetTradeByInstitute?instituteId=237
237,"GOVERNMENT INDUSTRIAL TRAINING INSTITUTE, LONAVALA, TALUKA: MAVAL, DISTRICT: PUNE",4,Welder (NSQF),Pune,2026-10-01T17:14:01.149900+00:00,https://inventory.dvet.gov.in/Home/GetTradeByInstitute?instituteId=237
237,"GOVERNMENT INDUSTRIAL TRAINING INSTITUTE, LONAVALA, TALUKA: MAVAL, DISTRICT: PUNE",6,Mechanic Diesel (NSQF),Pune,2026-10-01T17:14:01.149900+00:00,https://inventory.dvet.gov.in/Home/GetTradeByInstitute?instituteId=237
237,"GOVERNMENT INDUSTRIAL TRAINING INSTITUTE, LONAVALA, TALUKA: MAVAL, DISTRICT: PUNE",13,Computer Operator and Programming Assistant (NSQF),Pune,2026-10-01T17:14:01.149900+00:00,https://inventory.dvet.gov.in/Home/GetTradeByInstitute?instituteId=237
237,"GOVERNMENT INDUSTRIAL TRAINING INSTITUTE, LONAVALA, TALUKA: MAVAL, DISTRICT: PUNE",15,Mechanic Motor Vehicle (NSQF),Pune,2026-10-01T17:14:01.149900+00:00,https://inventory.dvet.gov.in/Home/GetTradeByInstitute?instituteId=237
237,"GOVERNMENT INDUSTRIAL TRAINING INSTITUTE, LONAVALA, TALUKA: MAVAL, DISTRICT: PUNE",17,Wireman (NSQF),Pune,2026-10-01T17:14:01.149900+00:00,https://inventory.dvet.gov.in/Home/GetTradeByInstitute?instituteId=237
237,"GOVERNMENT INDUSTRIAL TRAINING INSTITUTE, LONAVALA, TALUKA: MAVAL, DISTRICT: PUNE",20,Draughtsman Mechanical (NSQF),Pune,2026-10-01T17:14:01.149900+00:00,https://inventory.dvet.gov.in/Home/GetTradeByInstitute?instituteId=237
237,"GOVERNMENT INDUSTRIAL TRAINING INSTITUTE, LONAVALA, TALUKA: MAVAL, DISTRICT: PUNE",24,Electrician (NSQF),Pune,2026-10-01T17:14:01.149900+00:00,https://inventory.dvet.gov.in/Home/GetTradeByInstitute?instituteId=237
237,"GOVERNMENT INDUSTRIAL TRAINING INSTITUTE, LONAVALA, TALUKA: MAVAL, DISTRICT: PUNE",26,Refrigeration and Air Conditioner Technician (NSQF),Pune,2026-10-01T17:14:01.149900+00:00,https://inventory.dvet.gov.in/Home/GetTradeByInstitute?instituteId=237
237,"GOVERNMENT INDUSTRIAL TRAINING INSTITUTE, LONAVALA, TALUKA: MAVAL, DISTRICT: PUNE",29,Electronics Mechanic (NSQF),Pune,2026-10-01T17:14:01.149900+00:00,https://inventory.dvet.gov.in/Home/GetTradeByInstitute?instituteId=237
237,"GOVERNMENT INDUSTRIAL TRAINING INSTITUTE, LONAVALA, TALUKA: MAVAL, DISTRICT: PUNE",31,Fitter (NSQF),Pune,2026-10-01T17:14:01.149900+00:00,https://inventory.dvet.gov.in/Home/GetTradeByInstitute?instituteId=237
237,"GOVERNMENT INDUSTRIAL TRAINING INSTITUTE, LONAVALA, TALUKA: MAVAL, DISTRICT: PUNE",32,Turner (NSQF),Pune,2026-10-01T17:14:01.149900+00:00,https://inventory.dvet.gov.in/Home/GetTradeByInstitute?instituteId=237
237,"GOVERNMENT INDUSTRIAL TRAINING INSTITUTE, LONAVALA, TALUKA: MAVAL, DISTRICT: PUNE",33,Machinist (NSQF),Pune,2026-10-01T17:14:01.149900+00:00,https://inventory.dvet.gov.in/Home/GetTradeByInstitute?instituteId=237
237,"GOVERNMENT INDUSTRIAL TRAINING INSTITUTE, LONAVALA, TALUKA: MAVAL, DISTRICT: PUNE",82,Food Production (General) (NSQF),Pune,2026-10-01T17:14:01.149900+00:00,https://inventory.dvet.gov.in/Home/GetTradeByInstitute?instituteId=237
237,"GOVERNMENT INDUSTRIAL TRAINING INSTITUTE, LONAVALA, TALUKA: MAVAL, DISTRICT: PUNE",109,Food and Beverages Services Assistant (NSQF),Pune,2026-10-01T17:14:01.149900+00:00,https://inventory.dvet.gov.in/Home/GetTradeByInstitute?instituteId=237
238,"GOVERNMENT INDUSTRIAL TRAINING INSTITUTE, MALEGAON (BK), TALUKA: BARAMATI, DISTRICT: PUNE",2,Mechanic Tractor (NSQF),Pune,2026-10-01T17:14:01.149900+00:00,https://inventory.dvet.gov.in/Home/GetTradeByInstitute?instituteId=238
238,"GOVERNMENT INDUSTRIAL TRAINING INSTITUTE, MALEGAON (BK), TALUKA: BARAMATI, DISTRICT: PUNE",4,Welder (NSQF),Pune,2026-10-01T17:14:01.149900+00:00,https://inventory.dvet.gov.in/Home/GetTradeByInstitute?instituteId=238
238,"GOVERNMENT INDUSTRIAL TRAINING INSTITUTE, MALEGAON (BK), TALUKA: BARAMATI, DISTRICT: PUNE",6,Mechanic Diesel (NSQF),Pune,2026-10-01T17:14:01.149900+00:00,https://inventory.dvet.gov.in/Home/GetTradeByInstitute?instituteId=238
238,"GOVERNMENT INDUSTRIAL TRAINING INSTITUTE, MALEGAON (BK), TALUKA: BARAMATI, DISTRICT: PUNE",11,Pump Operator cum Mechanic (NSQF),Pune,2026-10-01T17:14:01.149900+00:00,https://inventory.dvet.gov.in/Home/GetTradeByInstitute?instituteId=238
238,"GOVERNMENT INDUSTRIAL TRAINING INSTITUTE, MALEGAON (BK), TALUKA: BARAMATI, DISTRICT: PUNE",13,Computer Operator and Programming Assistant (NSQF),Pune,2026-10-01T17:14:01.149900+00:00,https://inventory.dvet.gov.in/Home/GetTradeByInstitute?instituteId=238
238,"GOVERNMENT INDUSTRIAL TRAINING INSTITUTE, MALEGAON (BK), TALUKA: BARAMATI, DISTRICT: PUNE",15,Mechanic Motor Vehicle (NSQF),Pune,2026-10-01T17:14:01.149900+00:00,https://inventory.dvet.gov.in/Home/GetTradeByInstitute?instituteId=238
238,"GOVERNMENT INDUSTRIAL TRAINING INSTITUTE, MALEGAON (BK), TALUKA: BARAMATI, DISTRICT: PUNE",17,Wireman (NSQF),Pune,2026-10-01T17:14:01.149900+00:00,https://inventory.dvet.gov.in/Home/GetTradeByInstitute?instituteId=238
238,"GOVERNMENT INDUSTRIAL TRAINING INSTITUTE, MALEGAON (BK), TALUKA: BARAMATI, DISTRICT: PUNE",20,Draughtsman Mechanical (NSQF),Pune,2026-10-01T17:14:01.149900+00:00,https://inventory.dvet.gov.in/Home/GetTradeByInstitute?instituteId=238
238,"GOVERNMENT INDUSTRIAL TRAINING INSTITUTE, MALEGAON (BK), TALUKA: BARAMATI, DISTRICT: PUNE",24,Electrician (NSQF),Pune,2026-10-01T17:14:01.149900+00:00,https://inventory.dvet.gov.in/Home/GetTradeByInstitute?instituteId=238
238,"GOVERNMENT INDUSTRIAL TRAINING INSTITUTE, MALEGAON (BK), TALUKA: BARAMATI, DISTRICT: PUNE",25,Instrument Mechanic (NSQF),Pune,2026-10-01T17:14:01.149900+00:00,https://inventory.dvet.gov.in/Home/GetTradeByInstitute?instituteId=238
238,"GOVERNMENT INDUSTRIAL TRAINING INSTITUTE, MALEGAON (BK), TALUKA: BARAMATI, DISTRICT: PUNE",26,Refrigeration and Air Conditioner Technician (NSQF),Pune,2026-10-01T17:14:01.149900+00:00,https://inventory.dvet.gov.in/Home/GetTradeByInstitute?instituteId=238
238,"GOVERNMENT INDUSTRIAL TRAINING INSTITUTE, MALEGAON (BK), TALUKA: BARAMATI, DISTRICT: PUNE",29,Electronics Mechanic (NSQF),Pune,2026-10-01T17:14:01.149900+00:00,https://inventory.dvet.gov.in/Home/GetTradeByInstitute?instituteId=238
238,"GOVERNMENT INDUSTRIAL TRAINING INSTITUTE, MALEGAON (BK), TALUKA: BARAMATI, DISTRICT: PUNE",31,Fitter (NSQF),Pune,2026-10-01T17:14:01.149900+00:00,https://inventory.dvet.gov.in/Home/GetTradeByInstitute?instituteId=238
238,"GOVERNMENT INDUSTRIAL TRAINING INSTITUTE, MALEGAON (BK), TALUKA: BARAMATI, DISTRICT: PUNE",41,"Tool and Die Maker (Press Tools, Jigs and Fixtures) (NSQF)",Pune,2026-10-01T17:14:01.149900+00:00,https://inventory.dvet.gov.in/Home/GetTradeByInstitute?instituteId=238
238,"GOVERNMENT INDUSTRIAL TRAINING INSTITUTE, MALEGAON (BK), TALUKA: BARAMATI, DISTRICT: PUNE",43,Mechanic Machine Tool Maintenance (NSQF),Pune,2026-10-01T17:14:01.149900+00:00,https://inventory.dvet.gov.in/Home/GetTradeByInstitute?instituteId=238
238,"GOVERNMENT INDUSTRIAL TRAINING INSTITUTE, MALEGAON (BK), TALUKA: BARAMATI, DISTRICT: PUNE",73,Fashion Design and Technology (NSQF),Pune,2026-10-01T17:14:01.149900+00:00,https://inventory.dvet.gov.in/Home/GetTradeByInstitute?instituteId=238
242,"GOVERNMENT INDUSTRIAL TRAINING INSTITUTE, MULSHI, TALUKA: MULSHI, DISTRICT: PUNE",1,Carpenter,Pune,2026-10-01T17:14:01.149900+00:00,https://inventory.dvet.gov.in/Home/GetTradeByInstitute?instituteId=242
242,"GOVERNMENT INDUSTRIAL TRAINING INSTITUTE, MULSHI, TALUKA: MULSHI, DISTRICT: PUNE",4,Welder (NSQF),Pune,2026-10-01T17:14:01.149900+00:00,https://inventory.dvet.gov.in/Home/GetTradeByInstitute?instituteId=242
242,"GOVERNMENT INDUSTRIAL TRAINING INSTITUTE, MULSHI, TALUKA: MULSHI, DISTRICT: PUNE",22,Surveyor (NSQF),Pune,2026-10-01T17:14:01.149900+00:00,https://inventory.dvet.gov.in/Home/GetTradeByInstitute?instituteId=242
242,"GOVERNMENT INDUSTRIAL TRAINING INSTITUTE, MULSHI, TALUKA: MULSHI, DISTRICT: PUNE",24,Electrician (NSQF),Pune,2026-10-01T17:14:01.149900+00:00,https://inventory.dvet.gov.in/Home/GetTradeByInstitute?instituteId=242
242,"GOVERNMENT INDUSTRIAL TRAINING INSTITUTE, MULSHI, TALUKA: MULSHI, DISTRICT: PUNE",31,Fitter (NSQF),Pune,2026-10-01T17:14:01.149900+00:00,https://inventory.dvet.gov.in/Home/GetTradeByInstitute?instituteId=242
242,"GOVERNMENT INDUSTRIAL TRAINING INSTITUTE, MULSHI, TALUKA: MULSHI, DISTRICT: PUNE",51,Dress Making (NSQF),Pune,2026-10-01T17:14:01.149900+00:00,https://inventory.dvet.gov.in/Home/GetTradeByInstitute?instituteId=242
242,"GOVERNMENT INDUSTRIAL TRAINING INSTITUTE, MULSHI, TALUKA: MULSHI, DISTRICT: PUNE",1078,Solar Technician (Electrical) (NSQF),Pune,2026-10-01T17:14:01.149900+00:00,https://inventory.dvet.gov.in/Home/GetTradeByInstitute?instituteId=242
239,"GOVERNMENT INDUSTRIAL TRAINING INSTITUTE, PIMPRI CHINCHWAD, TALUKA: PUNE CITY / HAVELI, DISTRICT: PUNE",4,Welder (NSQF),Pune,2026-10-01T17:14:01.149900+00:00,https://inventory.dvet.gov.in/Home/GetTradeByInstitute?instituteId=239
239,"GOVERNMENT INDUSTRIAL TRAINING INSTITUTE, PIMPRI CHINCHWAD, TALUKA: PUNE CITY / HAVELI, DISTRICT: PUNE",5,Plumber (NSQF),Pune,2026-10-01T17:14:01.149900+00:00,https://inventory.dvet.gov.in/Home/GetTradeByInstitute?instituteId=239
239,"GOVERNMENT INDUSTRIAL TRAINING INSTITUTE, PIMPRI CHINCHWAD, TALUKA: PUNE CITY / HAVELI, DISTRICT: PUNE",8,Sheet Metal Worker (NSQF),Pune,2026-10-01T17:14:01.149900+00:00,https://inventory.dvet.gov.in/Home/GetTradeByInstitute?instituteId=239
239,"GOVERNMENT INDUSTRIAL TRAINING INSTITUTE, PIMPRI CHINCHWAD, TALUKA: PUNE CITY / HAVELI, DISTRICT: PUNE",20,Draughtsman Mechanical (NSQF),Pune,2026-10-01T17:14:01.149900+00:00,https://inventory.dvet.gov.in/Home/GetTradeByInstitute?instituteId=239
239,"GOVERNMENT INDUSTRIAL TRAINING INSTITUTE, PIMPRI CHINCHWAD, TALUKA: PUNE CITY / HAVELI, DISTRICT: PUNE",22,Surveyor (NSQF),Pune,2026-10-01T17:14:01.149900+00:00,https://inventory.dvet.gov.in/Home/GetTradeByInstitute?instituteId=239
239,"GOVERNMENT INDUSTRIAL TRAINING INSTITUTE, PIMPRI CHINCHWAD, TALUKA: PUNE CITY / HAVELI, DISTRICT: PUNE",24,Electrician (NSQF),Pune,2026-10-01T17:14:01.149900+00:00,https://inventory.dvet.gov.in/Home/GetTradeByInstitute?instituteId=239
239,"GOVERNMENT INDUSTRIAL TRAINING INSTITUTE, PIMPRI CHINCHWAD, TALUKA: PUNE CITY / HAVELI, DISTRICT: PUNE",30,Machinist Grinder (NSQF),Pune,2026-10-01T17:14:01.149900+00:00,https://inventory.dvet.gov.in/Home/GetTradeByInstitute?instituteId=239
239,"GOVERNMENT INDUSTRIAL TRAINING INSTITUTE, PIMPRI CHINCHWAD, TALUKA: PUNE CITY / HAVELI, DISTRICT: PUNE",31,Fitter (NSQF),Pune,2026-10-01T17:14:01.149900+00:00,https://inventory.dvet.gov.in/Home/GetTradeByInstitute?instituteId=239
239,"GOVERNMENT INDUSTRIAL TRAINING INSTITUTE, PIMPRI CHINCHWAD, TALUKA: PUNE CITY / HAVELI, DISTRICT: PUNE",32,Turner (NSQF),Pune,2026-10-01T17:14:01.149900+00:00,https://inventory.dvet.gov.in/Home/GetTradeByInstitute?instituteId=239
239,"GOVERNMENT INDUSTRIAL TRAINING INSTITUTE, PIMPRI CHINCHWAD, TALUKA: PUNE CITY / HAVELI, DISTRICT: PUNE",33,Machinist (NSQF),Pune,2026-10-01T17:14:01.149900+00:00,https://inventory.dvet.gov.in/Home/GetTradeByInstitute?instituteId=239
239,"GOVERNMENT INDUSTRIAL TRAINING INSTITUTE, PIMPRI CHINCHWAD, TALUKA: PUNE CITY / HAVELI, DISTRICT: PUNE",50,Fruit and Vegetable Processing (NSQF),Pune,2026-10-01T17:14:01.149900+00:00,https://inventory.dvet.gov.in/Home/GetTradeByInstitute?instituteId=239
239,"GOVERNMENT INDUSTRIAL TRAINING INSTITUTE, PIMPRI CHINCHWAD, TALUKA: PUNE CITY / HAVELI, DISTRICT: PUNE",85,Operator Advance Machine Tool (NSQF),Pune,2026-10-01T17:14:01.149900+00:00,https://inventory.dvet.gov.in/Home/GetTradeByInstitute?instituteId=239
239,"GOVERNMENT INDUSTRIAL TRAINING INSTITUTE, PIMPRI CHINCHWAD, TALUKA: PUNE CITY / HAVELI, DISTRICT: PUNE",139,Welder (GMAW and GTAW) (NSQF),Pune,2026-10-01T17:14:01.149900+00:00,https://inventory.dvet.gov.in/Home/GetTradeByInstitute?instituteId=239
676,"GOVERNMENT INDUSTRIAL TRAINING INSTITUTE, PUNE CITY / HAVELI, TALUKA: PUNE CITY / HAVELI, DISTRICT: PUNE",13,Computer Operator and Programming Assistant (NSQF),Pune,2026-10-01T17:14:01.149900+00:00,https://inventory.dvet.gov.in/Home/GetTradeByInstitute?instituteId=676
676,"GOVERNMENT INDUSTRIAL TRAINING INSTITUTE, PUNE CITY / HAVELI, TALUKA: PUNE CITY / HAVELI, DISTRICT: PUNE",15,Mechanic Motor Vehicle (NSQF),Pune,2026-10-01T17:14:01.149900+00:00,https://inventory.dvet.gov.in/Home/GetTradeByInstitute?instituteId=676
676,"GOVERNMENT INDUSTRIAL TRAINING INSTITUTE, PUNE CITY / HAVELI, TALUKA: PUNE CITY / HAVELI, DISTRICT: PUNE",19,Painter General (NSQF),Pune,2026-10-01T17:14:01.149900+00:00,https://inventory.dvet.gov.in/Home/GetTradeByInstitute?instituteId=676
676,"GOVERNMENT INDUSTRIAL TRAINING INSTITUTE, PUNE CITY / HAVELI, TALUKA: PUNE CITY / HAVELI, DISTRICT: PUNE",33,Machinist (NSQF),Pune,2026-10-01T17:14:01.149900+00:00,https://inventory.dvet.gov.in/Home/GetTradeByInstitute?instituteId=676
676,"GOVERNMENT INDUSTRIAL TRAINING INSTITUTE, PUNE CITY / HAVELI, TALUKA: PUNE CITY / HAVELI, DISTRICT: PUNE",55,Cosmetology (NSQF),Pune,2026-10-01T17:14:01.149900+00:00,https://inventory.dvet.gov.in/Home/GetTradeByInstitute?instituteId=676
676,"GOVERNMENT INDUSTRIAL TRAINING INSTITUTE, PUNE CITY / HAVELI, TALUKA: PUNE CITY / HAVELI, DISTRICT: PUNE",73,Fashion Design and Technology (NSQF),Pune,2026-10-01T17:14:01.149900+00:00,https://inventory.dvet.gov.in/Home/GetTradeByInstitute?instituteId=676
244,"GOVERNMENT INDUSTRIAL TRAINING INSTITUTE, PURANDAR (SASWAD), TALUKA: PURANDAR, DISTRICT: PUNE",6,Mechanic Diesel (NSQF),Pune,2026-10-01T17:14:01.149900+00:00,https://inventory.dvet.gov.in/Home/GetTradeByInstitute?instituteId=244
244,"GOVERNMENT INDUSTRIAL TRAINING INSTITUTE, PURANDAR (SASWAD), TALUKA: PURANDAR, DISTRICT: PUNE",11,Pump Operator cum Mechanic (NSQF),Pune,2026-10-01T17:14:01.149900+00:00,https://inventory.dvet.gov.in/Home/GetTradeByInstitute?instituteId=244
244,"GOVERNMENT INDUSTRIAL TRAINING INSTITUTE, PURANDAR (SASWAD), TALUKA: PURANDAR, DISTRICT: PUNE",13,Computer Operator and Programming Assistant (NSQF),Pune,2026-10-01T17:14:01.149900+00:00,https://inventory.dvet.gov.in/Home/GetTradeByInstitute?instituteId=244
244,"GOVERNMENT INDUSTRIAL TRAINING INSTITUTE, PURANDAR (SASWAD), TALUKA: PURANDAR, DISTRICT: PUNE",17,Wireman (NSQF),Pune,2026-10-01T17:14:01.149900+00:00,https://inventory.dvet.gov.in/Home/GetTradeByInstitute?instituteId=244
244,"GOVERNMENT INDUSTRIAL TRAINING INSTITUTE, PURANDAR (SASWAD), TALUKA: PURANDAR, DISTRICT: PUNE",50,Fruit and Vegetable Processing (NSQF),Pune,2026-10-01T17:14:01.149900+00:00,https://inventory.dvet.gov.in/Home/GetTradeByInstitute?instituteId=244
245,"GOVERNMENT INDUSTRIAL TRAINING INSTITUTE, SHIRUR, TALUKA: SHIRUR, DISTRICT: PUNE",4,Welder (NSQF),Pune,2026-10-01T17:14:01.149900+00:00,https://inventory.dvet.gov.in/Home/GetTradeByInstitute?instituteId=245
245,"GOVERNMENT INDUSTRIAL TRAINING INSTITUTE, SHIRUR, TALUKA: SHIRUR, DISTRICT: PUNE",15,Mechanic Motor Vehicle (NSQF),Pune,2026-10-01T17:14:01.149900+00:00,https://inventory.dvet.gov.in/Home/GetTradeByInstitute?instituteId=245
245,"GOVERNMENT INDUSTRIAL TRAINING INSTITUTE, SHIRUR, TALUKA: SHIRUR, DISTRICT: PUNE",17,Wireman (NSQF),Pune,2026-10-01T17:14:01.149900+00:00,https://inventory.dvet.gov.in/Home/GetTradeByInstitute?instituteId=245
245,"GOVERNMENT INDUSTRIAL TRAINING INSTITUTE, SHIRUR, TALUKA: SHIRUR, DISTRICT: PUNE",19,Painter General (NSQF),Pune,2026-10-01T17:14:01.149900+00:00,https://inventory.dvet.gov.in/Home/GetTradeByInstitute?instituteId=245
245,"GOVERNMENT INDUSTRIAL TRAINING INSTITUTE, SHIRUR, TALUKA: SHIRUR, DISTRICT: PUNE",31,Fitter (NSQF),Pune,2026-10-01T17:14:01.149900+00:00,https://inventory.dvet.gov.in/Home/GetTradeByInstitute?instituteId=245
245,"GOVERNMENT INDUSTRIAL TRAINING INSTITUTE, SHIRUR, TALUKA: SHIRUR, DISTRICT: PUNE",51,Dress Making (NSQF),Pune,2026-10-01T17:14:01.149900+00:00,https://inventory.dvet.gov.in/Home/GetTradeByInstitute?instituteId=245
245,"GOVERNMENT INDUSTRIAL TRAINING INSTITUTE, SHIRUR, TALUKA: SHIRUR, DISTRICT: PUNE",55,Cosmetology (NSQF),Pune,2026-10-01T17:14:01.149900+00:00,https://inventory.dvet.gov.in/Home/GetTradeByInstitute?instituteId=245
247,"GOVERNMENT INDUSTRIAL TRAINING INSTITUTE, VARVAND, TALUKA: DAUND, DISTRICT: PUNE",4,Welder (NSQF),Pune,2026-10-01T17:14:01.149900+00:00,https://inventory.dvet.gov.in/Home/GetTradeByInstitute?instituteId=247
247,"GOVERNMENT INDUSTRIAL TRAINING INSTITUTE, VARVAND, TALUKA: DAUND, DISTRICT: PUNE",13,Computer Operator and Programming Assistant (NSQF),Pune,2026-10-01T17:14:01.149900+00:00,https://inventory.dvet.gov.in/Home/GetTradeByInstitute?instituteId=247
247,"GOVERNMENT INDUSTRIAL TRAINING INSTITUTE, VARVAND, TALUKA: DAUND, DISTRICT: PUNE",15,Mechanic Motor Vehicle (NSQF),Pune,2026-10-01T17:14:01.149900+00:00,https://inventory.dvet.gov.in/Home/GetTradeByInstitute?instituteId=247
247,"GOVERNMENT INDUSTRIAL TRAINING INSTITUTE, VARVAND, TALUKA: DAUND, DISTRICT: PUNE",17,Wireman (NSQF),Pune,2026-10-01T17:14:01.149900+00:00,https://inventory.dvet.gov.in/Home/GetTradeByInstitute?instituteId=247
247,"GOVERNMENT INDUSTRIAL TRAINING INSTITUTE, VARVAND, TALUKA: DAUND, DISTRICT: PUNE",24,Electrician (NSQF),Pune,2026-10-01T17:14:01.149900+00:00,https://inventory.dvet.gov.in/Home/GetTradeByInstitute?instituteId=247
247,"GOVERNMENT INDUSTRIAL TRAINING INSTITUTE, VARVAND, TALUKA: DAUND, DISTRICT: PUNE",31,Fitter (NSQF),Pune,2026-10-01T17:14:01.149900+00:00,https://inventory.dvet.gov.in/Home/GetTradeByInstitute?instituteId=247
247,"GOVERNMENT INDUSTRIAL TRAINING INSTITUTE, VARVAND, TALUKA: DAUND, DISTRICT: PUNE",37,Information and Communication Technology System Maintenance (NSQF),Pune,2026-10-01T17:14:01.149900+00:00,https://inventory.dvet.gov.in/Home/GetTradeByInstitute?instituteId=247
247,"GOVERNMENT INDUSTRIAL TRAINING INSTITUTE, VARVAND, TALUKA: DAUND, DISTRICT: PUNE",55,Cosmetology (NSQF),Pune,2026-10-01T17:14:01.149900+00:00,https://inventory.dvet.gov.in/Home/GetTradeByInstitute?instituteId=247
246,"GOVERNMENT INDUSTRIAL TRAINING INSTITUTE, VELHE, TALUKA: VELHE, DISTRICT: PUNE",5,Plumber (NSQF),Pune,2026-10-01T17:14:01.149900+00:00,https://inventory.dvet.gov.in/Home/GetTradeByInstitute?instituteId=246
246,"GOVERNMENT INDUSTRIAL TRAINING INSTITUTE, VELHE, TALUKA: VELHE, DISTRICT: PUNE",13,Computer Operator and Programming Assistant (NSQF),Pune,2026-10-01T17:14:01.149900+00:00,https://inventory.dvet.gov.in/Home/GetTradeByInstitute?instituteId=246
246,"GOVERNMENT INDUSTRIAL TRAINING INSTITUTE, VELHE, TALUKA: VELHE, DISTRICT: PUNE",17,Wireman (NSQF),Pune,2026-10-01T17:14:01.149900+00:00,https://inventory.dvet.gov.in/Home/GetTradeByInstitute?instituteId=246
246,"GOVERNMENT INDUSTRIAL TRAINING INSTITUTE, VELHE, TALUKA: VELHE, DISTRICT: PUNE",31,Fitter (NSQF),Pune,2026-10-01T17:14:01.149900+00:00,https://inventory.dvet.gov.in/Home/GetTradeByInstitute?instituteId=246
401,"GRAMONNATI MANDAL'S ANNASAHEB NAWARE TANTRIK SHIKSHAN KENDRA PRIVATE INDUSTRIAL TRAINING INSTITUTE, NARAYANGAON, TALUKA: JUNNAR, DISTRICT: PUNE",6,Mechanic Diesel (NSQF),Pune,2026-10-01T17:14:01.149900+00:00,https://inventory.dvet.gov.in/Home/GetTradeByInstitute?instituteId=401
401,"GRAMONNATI MANDAL'S ANNASAHEB NAWARE TANTRIK SHIKSHAN KENDRA PRIVATE INDUSTRIAL TRAINING INSTITUTE, NARAYANGAON, TALUKA: JUNNAR, DISTRICT: PUNE",31,Fitter (NSQF),Pune,2026-10-01T17:14:01.149900+00:00,https://inventory.dvet.gov.in/Home/GetTradeByInstitute?instituteId=401
401,"GRAMONNATI MANDAL'S ANNASAHEB NAWARE TANTRIK SHIKSHAN KENDRA PRIVATE INDUSTRIAL TRAINING INSTITUTE, NARAYANGAON, TALUKA: JUNNAR, DISTRICT: PUNE",32,Turner (NSQF),Pune,2026-10-01T17:14:01.149900+00:00,https://inventory.dvet.gov.in/Home/GetTradeByInstitute?instituteId=401
412,"INDIAN SOCIETY FOR SOCIAL ACTION'S PRIVATE INDUSTRIAL TRAINING INSTITUTE, GIRIM, TALUKA: DAUND, DISTRICT: PUNE",31,Fitter (NSQF),Pune,2026-10-01T17:14:01.149900+00:00,https://inventory.dvet.gov.in/Home/GetTradeByInstitute?instituteId=412
412,"INDIAN SOCIETY FOR SOCIAL ACTION'S PRIVATE INDUSTRIAL TRAINING INSTITUTE, GIRIM, TALUKA: DAUND, DISTRICT: PUNE",32,Turner (NSQF),Pune,2026-10-01T17:14:01.149900+00:00,https://inventory.dvet.gov.in/Home/GetTradeByInstitute?instituteId=412
688,"INDUSTRIAL TRAINING INSTITUTE (PVT) AT/POST MALE TALUKA:MULSHI PRIVATE INDUSTRIAL TRAINING INSTITUTE, DISTRICT:PUNE",4,Welder (NSQF),Pune,2026-10-01T17:14:01.149900+00:00,https://inventory.dvet.gov.in/Home/GetTradeByInstitute?instituteId=688
688,"INDUSTRIAL TRAINING INSTITUTE (PVT) AT/POST MALE TALUKA:MULSHI PRIVATE INDUSTRIAL TRAINING INSTITUTE, DISTRICT:PUNE",15,Mechanic Motor Vehicle (NSQF),Pune,2026-10-01T17:14:01.149900+00:00,https://inventory.dvet.gov.in/Home/GetTradeByInstitute?instituteId=688
688,"INDUSTRIAL TRAINING INSTITUTE (PVT) AT/POST MALE TALUKA:MULSHI PRIVATE INDUSTRIAL TRAINING INSTITUTE, DISTRICT:PUNE",24,Electrician (NSQF),Pune,2026-10-01T17:14:01.149900+00:00,https://inventory.dvet.gov.in/Home/GetTradeByInstitute?instituteId=688
688,"INDUSTRIAL TRAINING INSTITUTE (PVT) AT/POST MALE TALUKA:MULSHI PRIVATE INDUSTRIAL TRAINING INSTITUTE, DISTRICT:PUNE",29,Electronics Mechanic (NSQF),Pune,2026-10-01T17:14:01.149900+00:00,https://inventory.dvet.gov.in/Home/GetTradeByInstitute?instituteId=688
688,"INDUSTRIAL TRAINING INSTITUTE (PVT) AT/POST MALE TALUKA:MULSHI PRIVATE INDUSTRIAL TRAINING INSTITUTE, DISTRICT:PUNE",31,Fitter (NSQF),Pune,2026-10-01T17:14:01.149900+00:00,https://inventory.dvet.gov.in/Home/GetTradeByInstitute?instituteId=688
3091,"JAIHIND PRIVATE INDUSTRIAL TRAINING INSTITUTE, KURAN, TALUKA: JUNNAR, DISTRICT: PUNE",22,Surveyor (NSQF),Pune,2026-10-01T17:14:01.149900+00:00,https://inventory.dvet.gov.in/Home/GetTradeByInstitute?instituteId=3091
3091,"JAIHIND PRIVATE INDUSTRIAL TRAINING INSTITUTE, KURAN, TALUKA: JUNNAR, DISTRICT: PUNE",24,Electrician (NSQF),Pune,2026-10-01T17:14:01.149900+00:00,https://inventory.dvet.gov.in/Home/GetTradeByInstitute?instituteId=3091
3091,"JAIHIND PRIVATE INDUSTRIAL TRAINING INSTITUTE, KURAN, TALUKA: JUNNAR, DISTRICT: PUNE",31,Fitter (NSQF),Pune,2026-10-01T17:14:01.149900+00:00,https://inventory.dvet.gov.in/Home/GetTradeByInstitute?instituteId=3091
3081,"KARMAVEER BHAURAO PATIL SHIKSHAN SANSTHA'S COL. YASHWANTRAO RENUSE PRIVATE INDUSTRIAL TRAINING INSTITUTE, KIKAVI, TALUKA:BHOR, DISTRICT:PUNE",4,Welder (NSQF),Pune,2026-10-01T17:14:01.149900+00:00,https://inventory.dvet.gov.in/Home/GetTradeByInstitute?instituteId=3081
3081,"KARMAVEER BHAURAO PATIL SHIKSHAN SANSTHA'S COL. YASHWANTRAO RENUSE PRIVATE INDUSTRIAL TRAINING INSTITUTE, KIKAVI, TALUKA:BHOR, DISTRICT:PUNE",17,Wireman (NSQF),Pune,2026-10-01T17:14:01.149900+00:00,https://inventory.dvet.gov.in/Home/GetTradeByInstitute?instituteId=3081
3081,"KARMAVEER BHAURAO PATIL SHIKSHAN SANSTHA'S COL. YASHWANTRAO RENUSE PRIVATE INDUSTRIAL TRAINING INSTITUTE, KIKAVI, TALUKA:BHOR, DISTRICT:PUNE",24,Electrician (NSQF),Pune,2026-10-01T17:14:01.149900+00:00,https://inventory.dvet.gov.in/Home/GetTradeByInstitute?instituteId=3081
3081,"KARMAVEER BHAURAO PATIL SHIKSHAN SANSTHA'S COL. YASHWANTRAO RENUSE PRIVATE INDUSTRIAL TRAINING INSTITUTE, KIKAVI, TALUKA:BHOR, DISTRICT:PUNE",31,Fitter (NSQF),Pune,2026-10-01T17:14:01.149900+00:00,https://inventory.dvet.gov.in/Home/GetTradeByInstitute?instituteId=3081
397,"KRISHI VIKAS PRATISHTHAN SHARDABAI PAWAR PRIVATE INDUSTRIAL TRAINING INSTITUTE, SHARDANAGAR, TALUKA: BARAMATI, DISTRICT: PUNE",4,Welder (NSQF),Pune,2026-10-01T17:14:01.149900+00:00,https://inventory.dvet.gov.in/Home/GetTradeByInstitute?instituteId=397
397,"KRISHI VIKAS PRATISHTHAN SHARDABAI PAWAR PRIVATE INDUSTRIAL TRAINING INSTITUTE, SHARDANAGAR, TALUKA: BARAMATI, DISTRICT: PUNE",6,Mechanic Diesel (NSQF),Pune,2026-10-01T17:14:01.149900+00:00,https://inventory.dvet.gov.in/Home/GetTradeByInstitute?instituteId=397
397,"KRISHI VIKAS PRATISHTHAN SHARDABAI PAWAR PRIVATE INDUSTRIAL TRAINING INSTITUTE, SHARDANAGAR, TALUKA: BARAMATI, DISTRICT: PUNE",24,Electrician (NSQF),Pune,2026-10-01T17:14:01.149900+00:00,https://inventory.dvet.gov.in/Home/GetTradeByInstitute?instituteId=397
397,"KRISHI VIKAS PRATISHTHAN SHARDABAI PAWAR PRIVATE INDUSTRIAL TRAINING INSTITUTE, SHARDANAGAR, TALUKA: BARAMATI, DISTRICT: PUNE",31,Fitter (NSQF),Pune,2026-10-01T17:14:01.149900+00:00,https://inventory.dvet.gov.in/Home/GetTradeByInstitute?instituteId=397
100020,"KUMSS PRIVATE INDUSTRIAL TRAINING INSTITUTE, A/P-KARHATI, TALUKA:BARAMATI, DISTRICT:PUNE",4,Welder (NSQF),Pune,2026-10-01T17:14:01.149900+00:00,https://inventory.dvet.gov.in/Home/GetTradeByInstitute?instituteId=100020
100020,"KUMSS PRIVATE INDUSTRIAL TRAINING INSTITUTE, A/P-KARHATI, TALUKA:BARAMATI, DISTRICT:PUNE",15,Mechanic Motor Vehicle (NSQF),Pune,2026-10-01T17:14:01.149900+00:00,https://inventory.dvet.gov.in/Home/GetTradeByInstitute?instituteId=100020
100020,"KUMSS PRIVATE INDUSTRIAL TRAINING INSTITUTE, A/P-KARHATI, TALUKA:BARAMATI, DISTRICT:PUNE",20,Draughtsman Mechanical (NSQF),Pune,2026-10-01T17:14:01.149900+00:00,https://inventory.dvet.gov.in/Home/GetTradeByInstitute?instituteId=100020
100020,"KUMSS PRIVATE INDUSTRIAL TRAINING INSTITUTE, A/P-KARHATI, TALUKA:BARAMATI, DISTRICT:PUNE",22,Surveyor (NSQF),Pune,2026-10-01T17:14:01.149900+00:00,https://inventory.dvet.gov.in/Home/GetTradeByInstitute?instituteId=100020
100020,"KUMSS PRIVATE INDUSTRIAL TRAINING INSTITUTE, A/P-KARHATI, TALUKA:BARAMATI, DISTRICT:PUNE",24,Electrician (NSQF),Pune,2026-10-01T17:14:01.149900+00:00,https://inventory.dvet.gov.in/Home/GetTradeByInstitute?instituteId=100020
100020,"KUMSS PRIVATE INDUSTRIAL TRAINING INSTITUTE, A/P-KARHATI, TALUKA:BARAMATI, DISTRICT:PUNE",26,Refrigeration and Air Conditioner Technician (NSQF),Pune,2026-10-01T17:14:01.149900+00:00,https://inventory.dvet.gov.in/Home/GetTradeByInstitute?instituteId=100020
100020,"KUMSS PRIVATE INDUSTRIAL TRAINING INSTITUTE, A/P-KARHATI, TALUKA:BARAMATI, DISTRICT:PUNE",29,Electronics Mechanic (NSQF),Pune,2026-10-01T17:14:01.149900+00:00,https://inventory.dvet.gov.in/Home/GetTradeByInstitute?instituteId=100020
100020,"KUMSS PRIVATE INDUSTRIAL TRAINING INSTITUTE, A/P-KARHATI, TALUKA:BARAMATI, DISTRICT:PUNE",31,Fitter (NSQF),Pune,2026-10-01T17:14:01.149900+00:00,https://inventory.dvet.gov.in/Home/GetTradeByInstitute?instituteId=100020
100020,"KUMSS PRIVATE INDUSTRIAL TRAINING INSTITUTE, A/P-KARHATI, TALUKA:BARAMATI, DISTRICT:PUNE",58,"Multimedia, Animation and Special Effects (NSQF)",Pune,2026-10-01T17:14:01.149900+00:00,https://inventory.dvet.gov.in/Home/GetTradeByInstitute?instituteId=100020
100020,"KUMSS PRIVATE INDUSTRIAL TRAINING INSTITUTE, A/P-KARHATI, TALUKA:BARAMATI, DISTRICT:PUNE",146,Fire Technology and Industrial Safety Management (NSQF),Pune,2026-10-01T17:14:01.149900+00:00,https://inventory.dvet.gov.in/Home/GetTradeByInstitute?instituteId=100020
100020,"KUMSS PRIVATE INDUSTRIAL TRAINING INSTITUTE, A/P-KARHATI, TALUKA:BARAMATI, DISTRICT:PUNE",161,Lift and Escalator Mechanic (NSQF),Pune,2026-10-01T17:14:01.149900+00:00,https://inventory.dvet.gov.in/Home/GetTradeByInstitute?instituteId=100020
100020,"KUMSS PRIVATE INDUSTRIAL TRAINING INSTITUTE, A/P-KARHATI, TALUKA:BARAMATI, DISTRICT:PUNE",1078,Solar Technician (Electrical) (NSQF),Pune,2026-10-01T17:14:01.149900+00:00,https://inventory.dvet.gov.in/Home/GetTradeByInstitute?instituteId=100020
100020,"KUMSS PRIVATE INDUSTRIAL TRAINING INSTITUTE, A/P-KARHATI, TALUKA:BARAMATI, DISTRICT:PUNE",1208,Human Resourse Executive (NSQF),Pune,2026-10-01T17:14:01.149900+00:00,https://inventory.dvet.gov.in/Home/GetTradeByInstitute?instituteId=100020
100020,"KUMSS PRIVATE INDUSTRIAL TRAINING INSTITUTE, A/P-KARHATI, TALUKA:BARAMATI, DISTRICT:PUNE",1216,Industrial Painter (NSQF),Pune,2026-10-01T17:14:01.149900+00:00,https://inventory.dvet.gov.in/Home/GetTradeByInstitute?instituteId=100020
100136,"LOKNETE RAJENDRAKUMARJI GHOLAP  PUNE AP-BHIGWAN PRIVATE INDUSTRIAL TRAINING INSTITUTE, TALUKA:INDAPUR, DISTRICT:PUNE",13,Computer Operator and Programming Assistant (NSQF),Pune,2026-10-01T17:14:01.149900+00:00,https://inventory.dvet.gov.in/Home/GetTradeByInstitute?instituteId=100136
100136,"LOKNETE RAJENDRAKUMARJI GHOLAP  PUNE AP-BHIGWAN PRIVATE INDUSTRIAL TRAINING INSTITUTE, TALUKA:INDAPUR, DISTRICT:PUNE",24,Electrician (NSQF),Pune,2026-10-01T17:14:01.149900+00:00,https://inventory.dvet.gov.in/Home/GetTradeByInstitute?instituteId=100136
100136,"LOKNETE RAJENDRAKUMARJI GHOLAP  PUNE AP-BHIGWAN PRIVATE INDUSTRIAL TRAINING INSTITUTE, TALUKA:INDAPUR, DISTRICT:PUNE",31,Fitter (NSQF),Pune,2026-10-01T17:14:01.149900+00:00,https://inventory.dvet.gov.in/Home/GetTradeByInstitute?instituteId=100136
100136,"LOKNETE RAJENDRAKUMARJI GHOLAP  PUNE AP-BHIGWAN PRIVATE INDUSTRIAL TRAINING INSTITUTE, TALUKA:INDAPUR, DISTRICT:PUNE",1098,Geo-Informatics Assistant (NSQF),Pune,2026-10-01T17:14:01.149900+00:00,https://inventory.dvet.gov.in/Home/GetTradeByInstitute?instituteId=100136
702,"MUSLIM SAMAJ PRABODHAN SANSTHA'S PRIVATE INDUSTRIAL TRAINING INSTITUTE, HADAPSAR, TALUKA: PUNE CITY / HAVELI, DISTRICT: PUNE",13,Computer Operator and Programming Assistant (NSQF),Pune,2026-10-01T17:14:01.149900+00:00,https://inventory.dvet.gov.in/Home/GetTradeByInstitute?instituteId=702
702,"MUSLIM SAMAJ PRABODHAN SANSTHA'S PRIVATE INDUSTRIAL TRAINING INSTITUTE, HADAPSAR, TALUKA: PUNE CITY / HAVELI, DISTRICT: PUNE",20,Draughtsman Mechanical (NSQF),Pune,2026-10-01T17:14:01.149900+00:00,https://inventory.dvet.gov.in/Home/GetTradeByInstitute?instituteId=702
407,"NAMDEORAO MOHOL VIDYA & KRIDA PRATISHTHAN PRIVATE INDUSTRIAL TRAINING INSTITUTE, PIRANGUT, TALUKA: MULSHI, DISTRICT: PUNE",4,Welder (NSQF),Pune,2026-10-01T17:14:01.149900+00:00,https://inventory.dvet.gov.in/Home/GetTradeByInstitute?instituteId=407
407,"NAMDEORAO MOHOL VIDYA & KRIDA PRATISHTHAN PRIVATE INDUSTRIAL TRAINING INSTITUTE, PIRANGUT, TALUKA: MULSHI, DISTRICT: PUNE",6,Mechanic Diesel (NSQF),Pune,2026-10-01T17:14:01.149900+00:00,https://inventory.dvet.gov.in/Home/GetTradeByInstitute?instituteId=407
407,"NAMDEORAO MOHOL VIDYA & KRIDA PRATISHTHAN PRIVATE INDUSTRIAL TRAINING INSTITUTE, PIRANGUT, TALUKA: MULSHI, DISTRICT: PUNE",15,Mechanic Motor Vehicle (NSQF),Pune,2026-10-01T17:14:01.149900+00:00,https://inventory.dvet.gov.in/Home/GetTradeByInstitute?instituteId=407
407,"NAMDEORAO MOHOL VIDYA & KRIDA PRATISHTHAN PRIVATE INDUSTRIAL TRAINING INSTITUTE, PIRANGUT, TALUKA: MULSHI, DISTRICT: PUNE",19,Painter General (NSQF),Pune,2026-10-01T17:14:01.149900+00:00,https://inventory.dvet.gov.in/Home/GetTradeByInstitute?instituteId=407
407,"NAMDEORAO MOHOL VIDYA & KRIDA PRATISHTHAN PRIVATE INDUSTRIAL TRAINING INSTITUTE, PIRANGUT, TALUKA: MULSHI, DISTRICT: PUNE",20,Draughtsman Mechanical (NSQF),Pune,2026-10-01T17:14:01.149900+00:00,https://inventory.dvet.gov.in/Home/GetTradeByInstitute?instituteId=407
407,"NAMDEORAO MOHOL VIDYA & KRIDA PRATISHTHAN PRIVATE INDUSTRIAL TRAINING INSTITUTE, PIRANGUT, TALUKA: MULSHI, DISTRICT: PUNE",24,Electrician (NSQF),Pune,2026-10-01T17:14:01.149900+00:00,https://inventory.dvet.gov.in/Home/GetTradeByInstitute?instituteId=407
407,"NAMDEORAO MOHOL VIDYA & KRIDA PRATISHTHAN PRIVATE INDUSTRIAL TRAINING INSTITUTE, PIRANGUT, TALUKA: MULSHI, DISTRICT: PUNE",31,Fitter (NSQF),Pune,2026-10-01T17:14:01.149900+00:00,https://inventory.dvet.gov.in/Home/GetTradeByInstitute?instituteId=407
407,"NAMDEORAO MOHOL VIDYA & KRIDA PRATISHTHAN PRIVATE INDUSTRIAL TRAINING INSTITUTE, PIRANGUT, TALUKA: MULSHI, DISTRICT: PUNE",32,Turner (NSQF),Pune,2026-10-01T17:14:01.149900+00:00,https://inventory.dvet.gov.in/Home/GetTradeByInstitute?instituteId=407
429,"NANDKISHOR JAGDALE PRIVATE INDUSTRIAL TRAINING INSTITUTE, CHIKHALI, TALUKA: PUNE CITY / HAVELI, DISTRICT: PUNE",4,Welder (NSQF),Pune,2026-10-01T17:14:01.149900+00:00,https://inventory.dvet.gov.in/Home/GetTradeByInstitute?instituteId=429
429,"NANDKISHOR JAGDALE PRIVATE INDUSTRIAL TRAINING INSTITUTE, CHIKHALI, TALUKA: PUNE CITY / HAVELI, DISTRICT: PUNE",19,Painter General (NSQF),Pune,2026-10-01T17:14:01.149900+00:00,https://inventory.dvet.gov.in/Home/GetTradeByInstitute?instituteId=429
720,"ORIENTAL EDUCATION SOCIETY PRIVATE INDUSTRIAL TRAINING INSTITUTE, GAUDDARA, TALUKA: PUNE CITY / HAVELI, DISTRICT: PUNE",20,Draughtsman Mechanical (NSQF),Pune,2026-10-01T17:14:01.149900+00:00,https://inventory.dvet.gov.in/Home/GetTradeByInstitute?instituteId=720
720,"ORIENTAL EDUCATION SOCIETY PRIVATE INDUSTRIAL TRAINING INSTITUTE, GAUDDARA, TALUKA: PUNE CITY / HAVELI, DISTRICT: PUNE",24,Electrician (NSQF),Pune,2026-10-01T17:14:01.149900+00:00,https://inventory.dvet.gov.in/Home/GetTradeByInstitute?instituteId=720
100023,"PHARATE PATIL PRIVATE INDUSTRIAL TRANING INSTITUTE A/P MANDAVGAN PRIVATE INDUSTRIAL TRAINING INSTITUTE, PHARATA TALUKA:SHIRUR DISTRICT:PUNE",13,Computer Operator and Programming Assistant (NSQF),Pune,2026-10-01T17:14:01.149900+00:00,https://inventory.dvet.gov.in/Home/GetTradeByInstitute?instituteId=100023
100023,"PHARATE PATIL PRIVATE INDUSTRIAL TRANING INSTITUTE A/P MANDAVGAN PRIVATE INDUSTRIAL TRAINING INSTITUTE, PHARATA TALUKA:SHIRUR DISTRICT:PUNE",17,Wireman (NSQF),Pune,2026-10-01T17:14:01.149900+00:00,https://inventory.dvet.gov.in/Home/GetTradeByInstitute?instituteId=100023
100023,"PHARATE PATIL PRIVATE INDUSTRIAL TRANING INSTITUTE A/P MANDAVGAN PRIVATE INDUSTRIAL TRAINING INSTITUTE, PHARATA TALUKA:SHIRUR DISTRICT:PUNE",24,Electrician (NSQF),Pune,2026-10-01T17:14:01.149900+00:00,https://inventory.dvet.gov.in/Home/GetTradeByInstitute?instituteId=100023
100023,"PHARATE PATIL PRIVATE INDUSTRIAL TRANING INSTITUTE A/P MANDAVGAN PRIVATE INDUSTRIAL TRAINING INSTITUTE, PHARATA TALUKA:SHIRUR DISTRICT:PUNE",31,Fitter (NSQF),Pune,2026-10-01T17:14:01.149900+00:00,https://inventory.dvet.gov.in/Home/GetTradeByInstitute?instituteId=100023
756,"PHULGAON SHRI SHIKSHAN PRASARAK MANDAL  (ITI) PRIVATE INDUSTRIAL TRAINING INSTITUTE, PHULGAON,TALUKA: PUNE CITY / HAVELI, DISTRICT: PUNE",4,Welder (NSQF),Pune,2026-10-01T17:14:01.149900+00:00,https://inventory.dvet.gov.in/Home/GetTradeByInstitute?instituteId=756
756,"PHULGAON SHRI SHIKSHAN PRASARAK MANDAL  (ITI) PRIVATE INDUSTRIAL TRAINING INSTITUTE, PHULGAON,TALUKA: PUNE CITY / HAVELI, DISTRICT: PUNE",24,Electrician (NSQF),Pune,2026-10-01T17:14:01.149900+00:00,https://inventory.dvet.gov.in/Home/GetTradeByInstitute?instituteId=756
756,"PHULGAON SHRI SHIKSHAN PRASARAK MANDAL  (ITI) PRIVATE INDUSTRIAL TRAINING INSTITUTE, PHULGAON,TALUKA: PUNE CITY / HAVELI, DISTRICT: PUNE",31,Fitter (NSQF),Pune,2026-10-01T17:14:01.149900+00:00,https://inventory.dvet.gov.in/Home/GetTradeByInstitute?instituteId=756
392,"PIMPRI CHINCHWAD MUNICIPAL CORPORATION PRIVATE INDUSTRIAL TRAINING INSTITUTE, MORWADI, TALUKA: PUNE CITY / HAVELI, DISTRICT: PUNE",4,Welder (NSQF),Pune,2026-10-01T17:14:01.149900+00:00,https://inventory.dvet.gov.in/Home/GetTradeByInstitute?instituteId=392
392,"PIMPRI CHINCHWAD MUNICIPAL CORPORATION PRIVATE INDUSTRIAL TRAINING INSTITUTE, MORWADI, TALUKA: PUNE CITY / HAVELI, DISTRICT: PUNE",5,Plumber (NSQF),Pune,2026-10-01T17:14:01.149900+00:00,https://inventory.dvet.gov.in/Home/GetTradeByInstitute?instituteId=392
392,"PIMPRI CHINCHWAD MUNICIPAL CORPORATION PRIVATE INDUSTRIAL TRAINING INSTITUTE, MORWADI, TALUKA: PUNE CITY / HAVELI, DISTRICT: PUNE",8,Sheet Metal Worker (NSQF),Pune,2026-10-01T17:14:01.149900+00:00,https://inventory.dvet.gov.in/Home/GetTradeByInstitute?instituteId=392
392,"PIMPRI CHINCHWAD MUNICIPAL CORPORATION PRIVATE INDUSTRIAL TRAINING INSTITUTE, MORWADI, TALUKA: PUNE CITY / HAVELI, DISTRICT: PUNE",13,Computer Operator and Programming Assistant (NSQF),Pune,2026-10-01T17:14:01.149900+00:00,https://inventory.dvet.gov.in/Home/GetTradeByInstitute?instituteId=392
392,"PIMPRI CHINCHWAD MUNICIPAL CORPORATION PRIVATE INDUSTRIAL TRAINING INSTITUTE, MORWADI, TALUKA: PUNE CITY / HAVELI, DISTRICT: PUNE",15,Mechanic Motor Vehicle (NSQF),Pune,2026-10-01T17:14:01.149900+00:00,https://inventory.dvet.gov.in/Home/GetTradeByInstitute?instituteId=392
392,"PIMPRI CHINCHWAD MUNICIPAL CORPORATION PRIVATE INDUSTRIAL TRAINING INSTITUTE, MORWADI, TALUKA: PUNE CITY / HAVELI, DISTRICT: PUNE",17,Wireman (NSQF),Pune,2026-10-01T17:14:01.149900+00:00,https://inventory.dvet.gov.in/Home/GetTradeByInstitute?instituteId=392
392,"PIMPRI CHINCHWAD MUNICIPAL CORPORATION PRIVATE INDUSTRIAL TRAINING INSTITUTE, MORWADI, TALUKA: PUNE CITY / HAVELI, DISTRICT: PUNE",19,Painter General (NSQF),Pune,2026-10-01T17:14:01.149900+00:00,https://inventory.dvet.gov.in/Home/GetTradeByInstitute?instituteId=392
392,"PIMPRI CHINCHWAD MUNICIPAL CORPORATION PRIVATE INDUSTRIAL TRAINING INSTITUTE, MORWADI, TALUKA: PUNE CITY / HAVELI, DISTRICT: PUNE",20,Draughtsman Mechanical (NSQF),Pune,2026-10-01T17:14:01.149900+00:00,https://inventory.dvet.gov.in/Home/GetTradeByInstitute?instituteId=392
392,"PIMPRI CHINCHWAD MUNICIPAL CORPORATION PRIVATE INDUSTRIAL TRAINING INSTITUTE, MORWADI, TALUKA: PUNE CITY / HAVELI, DISTRICT: PUNE",24,Electrician (NSQF),Pune,2026-10-01T17:14:01.149900+00:00,https://inventory.dvet.gov.in/Home/GetTradeByInstitute?instituteId=392
392,"PIMPRI CHINCHWAD MUNICIPAL CORPORATION PRIVATE INDUSTRIAL TRAINING INSTITUTE, MORWADI, TALUKA: PUNE CITY / HAVELI, DISTRICT: PUNE",25,Instrument Mechanic (NSQF),Pune,2026-10-01T17:14:01.149900+00:00,https://inventory.dvet.gov.in/Home/GetTradeByInstitute?instituteId=392
392,"PIMPRI CHINCHWAD MUNICIPAL CORPORATION PRIVATE INDUSTRIAL TRAINING INSTITUTE, MORWADI, TALUKA: PUNE CITY / HAVELI, DISTRICT: PUNE",26,Refrigeration and Air Conditioner Technician (NSQF),Pune,2026-10-01T17:14:01.149900+00:00,https://inventory.dvet.gov.in/Home/GetTradeByInstitute?instituteId=392
392,"PIMPRI CHINCHWAD MUNICIPAL CORPORATION PRIVATE INDUSTRIAL TRAINING INSTITUTE, MORWADI, TALUKA: PUNE CITY / HAVELI, DISTRICT: PUNE",29,Electronics Mechanic (NSQF),Pune,2026-10-01T17:14:01.149900+00:00,https://inventory.dvet.gov.in/Home/GetTradeByInstitute?instituteId=392
392,"PIMPRI CHINCHWAD MUNICIPAL CORPORATION PRIVATE INDUSTRIAL TRAINING INSTITUTE, MORWADI, TALUKA: PUNE CITY / HAVELI, DISTRICT: PUNE",31,Fitter (NSQF),Pune,2026-10-01T17:14:01.149900+00:00,https://inventory.dvet.gov.in/Home/GetTradeByInstitute?instituteId=392
392,"PIMPRI CHINCHWAD MUNICIPAL CORPORATION PRIVATE INDUSTRIAL TRAINING INSTITUTE, MORWADI, TALUKA: PUNE CITY / HAVELI, DISTRICT: PUNE",32,Turner (NSQF),Pune,2026-10-01T17:14:01.149900+00:00,https://inventory.dvet.gov.in/Home/GetTradeByInstitute?instituteId=392
394,"PIMPRI-CHINCHWAD MUNICIPAL CORPORATION  (WOMAN) PRIVATE INDUSTRIAL TRAINING INSTITUTE, KASARWADI, TALUKA: PUNE CITY / HAVELI, DISTRICT: PUNE",12,Desktop Publishing Operator (NSQF),Pune,2026-10-01T17:14:01.149900+00:00,https://inventory.dvet.gov.in/Home/GetTradeByInstitute?instituteId=394
394,"PIMPRI-CHINCHWAD MUNICIPAL CORPORATION  (WOMAN) PRIVATE INDUSTRIAL TRAINING INSTITUTE, KASARWADI, TALUKA: PUNE CITY / HAVELI, DISTRICT: PUNE",13,Computer Operator and Programming Assistant (NSQF),Pune,2026-10-01T17:14:01.149900+00:00,https://inventory.dvet.gov.in/Home/GetTradeByInstitute?instituteId=394
394,"PIMPRI-CHINCHWAD MUNICIPAL CORPORATION  (WOMAN) PRIVATE INDUSTRIAL TRAINING INSTITUTE, KASARWADI, TALUKA: PUNE CITY / HAVELI, DISTRICT: PUNE",55,Cosmetology (NSQF),Pune,2026-10-01T17:14:01.149900+00:00,https://inventory.dvet.gov.in/Home/GetTradeByInstitute?instituteId=394
394,"PIMPRI-CHINCHWAD MUNICIPAL CORPORATION  (WOMAN) PRIVATE INDUSTRIAL TRAINING INSTITUTE, KASARWADI, TALUKA: PUNE CITY / HAVELI, DISTRICT: PUNE",73,Fashion Design and Technology (NSQF),Pune,2026-10-01T17:14:01.149900+00:00,https://inventory.dvet.gov.in/Home/GetTradeByInstitute?instituteId=394
394,"PIMPRI-CHINCHWAD MUNICIPAL CORPORATION  (WOMAN) PRIVATE INDUSTRIAL TRAINING INSTITUTE, KASARWADI, TALUKA: PUNE CITY / HAVELI, DISTRICT: PUNE",98,Hospital Housekeeping (NSQF),Pune,2026-10-01T17:14:01.149900+00:00,https://inventory.dvet.gov.in/Home/GetTradeByInstitute?instituteId=394
415,"PURANDHAR SHIKSHAN PRASARAK MANDAL'S PRIVATE INDUSTRIAL TRAINING INSTITUTE, WAGHAPUR, TALUKA: PURANDAR, DISTRICT: PUNE",4,Welder (NSQF),Pune,2026-10-01T17:14:01.149900+00:00,https://inventory.dvet.gov.in/Home/GetTradeByInstitute?instituteId=415
415,"PURANDHAR SHIKSHAN PRASARAK MANDAL'S PRIVATE INDUSTRIAL TRAINING INSTITUTE, WAGHAPUR, TALUKA: PURANDAR, DISTRICT: PUNE",24,Electrician (NSQF),Pune,2026-10-01T17:14:01.149900+00:00,https://inventory.dvet.gov.in/Home/GetTradeByInstitute?instituteId=415
415,"PURANDHAR SHIKSHAN PRASARAK MANDAL'S PRIVATE INDUSTRIAL TRAINING INSTITUTE, WAGHAPUR, TALUKA: PURANDAR, DISTRICT: PUNE",31,Fitter (NSQF),Pune,2026-10-01T17:14:01.149900+00:00,https://inventory.dvet.gov.in/Home/GetTradeByInstitute?instituteId=415
389,"QUEEN MARY PRIVATE INDUSTRIAL TRAINING INSTITUTE, KHADKI, TALUKA: PUNE CITY / HAVELI, DISTRICT: PUNE",6,Mechanic Diesel (NSQF),Pune,2026-10-01T17:14:01.149900+00:00,https://inventory.dvet.gov.in/Home/GetTradeByInstitute?instituteId=389
389,"QUEEN MARY PRIVATE INDUSTRIAL TRAINING INSTITUTE, KHADKI, TALUKA: PUNE CITY / HAVELI, DISTRICT: PUNE",13,Computer Operator and Programming Assistant (NSQF),Pune,2026-10-01T17:14:01.149900+00:00,https://inventory.dvet.gov.in/Home/GetTradeByInstitute?instituteId=389
389,"QUEEN MARY PRIVATE INDUSTRIAL TRAINING INSTITUTE, KHADKI, TALUKA: PUNE CITY / HAVELI, DISTRICT: PUNE",24,Electrician (NSQF),Pune,2026-10-01T17:14:01.149900+00:00,https://inventory.dvet.gov.in/Home/GetTradeByInstitute?instituteId=389
389,"QUEEN MARY PRIVATE INDUSTRIAL TRAINING INSTITUTE, KHADKI, TALUKA: PUNE CITY / HAVELI, DISTRICT: PUNE",31,Fitter (NSQF),Pune,2026-10-01T17:14:01.149900+00:00,https://inventory.dvet.gov.in/Home/GetTradeByInstitute?instituteId=389
389,"QUEEN MARY PRIVATE INDUSTRIAL TRAINING INSTITUTE, KHADKI, TALUKA: PUNE CITY / HAVELI, DISTRICT: PUNE",110,Computer Hardware and Network Maintenance (NSQF),Pune,2026-10-01T17:14:01.149900+00:00,https://inventory.dvet.gov.in/Home/GetTradeByInstitute?instituteId=389
964,"RAJARSHI SHAHU VISWAVIDYALAYA'S PRIVATE INDUSTRIAL TRAINING INSTITUTE, CHINCHWAD, TALUKA: PUNE CITY / HAVELI, DISTRICT: PUNE",21,Draughtsman Civil (NSQF),Pune,2026-10-01T17:14:01.149900+00:00,https://inventory.dvet.gov.in/Home/GetTradeByInstitute?instituteId=964
3080,"RAJE PRATISHTHAN SANCHALIT MAYURESHWAR PRIVATE INDUSTRIAL TRAINING INSTITUTE, KHANDUKHAIREWADI,SUPE, TALUKA: BARAMATI, DISTRICT: PUNE",4,Welder (NSQF),Pune,2026-10-01T17:14:01.149900+00:00,https://inventory.dvet.gov.in/Home/GetTradeByInstitute?instituteId=3080
3080,"RAJE PRATISHTHAN SANCHALIT MAYURESHWAR PRIVATE INDUSTRIAL TRAINING INSTITUTE, KHANDUKHAIREWADI,SUPE, TALUKA: BARAMATI, DISTRICT: PUNE",17,Wireman (NSQF),Pune,2026-10-01T17:14:01.149900+00:00,https://inventory.dvet.gov.in/Home/GetTradeByInstitute?instituteId=3080
3080,"RAJE PRATISHTHAN SANCHALIT MAYURESHWAR PRIVATE INDUSTRIAL TRAINING INSTITUTE, KHANDUKHAIREWADI,SUPE, TALUKA: BARAMATI, DISTRICT: PUNE",24,Electrician (NSQF),Pune,2026-10-01T17:14:01.149900+00:00,https://inventory.dvet.gov.in/Home/GetTradeByInstitute?instituteId=3080
3080,"RAJE PRATISHTHAN SANCHALIT MAYURESHWAR PRIVATE INDUSTRIAL TRAINING INSTITUTE, KHANDUKHAIREWADI,SUPE, TALUKA: BARAMATI, DISTRICT: PUNE",31,Fitter (NSQF),Pune,2026-10-01T17:14:01.149900+00:00,https://inventory.dvet.gov.in/Home/GetTradeByInstitute?instituteId=3080
1275,"RAYAT SHIKSHAN SANSTHA'S PRIVATE INDUSTRIAL TRAINING INSTITUTE, DAWADI, TALUKA:KHED, DISTRICT: PUNE",4,Welder (NSQF),Pune,2026-10-01T17:14:01.149900+00:00,https://inventory.dvet.gov.in/Home/GetTradeByInstitute?instituteId=1275
1275,"RAYAT SHIKSHAN SANSTHA'S PRIVATE INDUSTRIAL TRAINING INSTITUTE, DAWADI, TALUKA:KHED, DISTRICT: PUNE",24,Electrician (NSQF),Pune,2026-10-01T17:14:01.149900+00:00,https://inventory.dvet.gov.in/Home/GetTradeByInstitute?instituteId=1275
1275,"RAYAT SHIKSHAN SANSTHA'S PRIVATE INDUSTRIAL TRAINING INSTITUTE, DAWADI, TALUKA:KHED, DISTRICT: PUNE",31,Fitter (NSQF),Pune,2026-10-01T17:14:01.149900+00:00,https://inventory.dvet.gov.in/Home/GetTradeByInstitute?instituteId=1275
100017,"SAHYADRI VALLEY COLLEGE OF ENGINEERING & TECHNOLOGY PRIVATE INDUSTRIAL TRAINING INSTITUTE, RAJURI, TALUKA: JUNNAR, DISTRICT: PUNE",4,Welder (NSQF),Pune,2026-10-01T17:14:01.149900+00:00,https://inventory.dvet.gov.in/Home/GetTradeByInstitute?instituteId=100017
100017,"SAHYADRI VALLEY COLLEGE OF ENGINEERING & TECHNOLOGY PRIVATE INDUSTRIAL TRAINING INSTITUTE, RAJURI, TALUKA: JUNNAR, DISTRICT: PUNE",24,Electrician (NSQF),Pune,2026-10-01T17:14:01.149900+00:00,https://inventory.dvet.gov.in/Home/GetTradeByInstitute?instituteId=100017
100017,"SAHYADRI VALLEY COLLEGE OF ENGINEERING & TECHNOLOGY PRIVATE INDUSTRIAL TRAINING INSTITUTE, RAJURI, TALUKA: JUNNAR, DISTRICT: PUNE",31,Fitter (NSQF),Pune,2026-10-01T17:14:01.149900+00:00,https://inventory.dvet.gov.in/Home/GetTradeByInstitute?instituteId=100017
100017,"SAHYADRI VALLEY COLLEGE OF ENGINEERING & TECHNOLOGY PRIVATE INDUSTRIAL TRAINING INSTITUTE, RAJURI, TALUKA: JUNNAR, DISTRICT: PUNE",110,Computer Hardware and Network Maintenance (NSQF),Pune,2026-10-01T17:14:01.149900+00:00,https://inventory.dvet.gov.in/Home/GetTradeByInstitute?instituteId=100017
968,"SAMARTH PRIVATE INDUSTRIAL TRAINING INSTITUTE, BELHE, TALUKA: JUNNAR, DISTRICT: PUNE",2,Mechanic Tractor (NSQF),Pune,2026-10-01T17:14:01.149900+00:00,https://inventory.dvet.gov.in/Home/GetTradeByInstitute?instituteId=968
968,"SAMARTH PRIVATE INDUSTRIAL TRAINING INSTITUTE, BELHE, TALUKA: JUNNAR, DISTRICT: PUNE",4,Welder (NSQF),Pune,2026-10-01T17:14:01.149900+00:00,https://inventory.dvet.gov.in/Home/GetTradeByInstitute?instituteId=968
968,"SAMARTH PRIVATE INDUSTRIAL TRAINING INSTITUTE, BELHE, TALUKA: JUNNAR, DISTRICT: PUNE",6,Mechanic Diesel (NSQF),Pune,2026-10-01T17:14:01.149900+00:00,https://inventory.dvet.gov.in/Home/GetTradeByInstitute?instituteId=968
968,"SAMARTH PRIVATE INDUSTRIAL TRAINING INSTITUTE, BELHE, TALUKA: JUNNAR, DISTRICT: PUNE",13,Computer Operator and Programming Assistant (NSQF),Pune,2026-10-01T17:14:01.149900+00:00,https://inventory.dvet.gov.in/Home/GetTradeByInstitute?instituteId=968
968,"SAMARTH PRIVATE INDUSTRIAL TRAINING INSTITUTE, BELHE, TALUKA: JUNNAR, DISTRICT: PUNE",15,Mechanic Motor Vehicle (NSQF),Pune,2026-10-01T17:14:01.149900+00:00,https://inventory.dvet.gov.in/Home/GetTradeByInstitute?instituteId=968
968,"SAMARTH PRIVATE INDUSTRIAL TRAINING INSTITUTE, BELHE, TALUKA: JUNNAR, DISTRICT: PUNE",19,Painter General (NSQF),Pune,2026-10-01T17:14:01.149900+00:00,https://inventory.dvet.gov.in/Home/GetTradeByInstitute?instituteId=968
968,"SAMARTH PRIVATE INDUSTRIAL TRAINING INSTITUTE, BELHE, TALUKA: JUNNAR, DISTRICT: PUNE",20,Draughtsman Mechanical (NSQF),Pune,2026-10-01T17:14:01.149900+00:00,https://inventory.dvet.gov.in/Home/GetTradeByInstitute?instituteId=968
968,"SAMARTH PRIVATE INDUSTRIAL TRAINING INSTITUTE, BELHE, TALUKA: JUNNAR, DISTRICT: PUNE",24,Electrician (NSQF),Pune,2026-10-01T17:14:01.149900+00:00,https://inventory.dvet.gov.in/Home/GetTradeByInstitute?instituteId=968
968,"SAMARTH PRIVATE INDUSTRIAL TRAINING INSTITUTE, BELHE, TALUKA: JUNNAR, DISTRICT: PUNE",26,Refrigeration and Air Conditioner Technician (NSQF),Pune,2026-10-01T17:14:01.149900+00:00,https://inventory.dvet.gov.in/Home/GetTradeByInstitute?instituteId=968
968,"SAMARTH PRIVATE INDUSTRIAL TRAINING INSTITUTE, BELHE, TALUKA: JUNNAR, DISTRICT: PUNE",31,Fitter (NSQF),Pune,2026-10-01T17:14:01.149900+00:00,https://inventory.dvet.gov.in/Home/GetTradeByInstitute?instituteId=968
100117,"SAMEER PRIVATE INDUSTRIAL TRAINING INSTITUTE, A/P. KATPHAL, MIDC BARAMATI, TALUKA:BARAMATI, DISTRICT:PUNE",4,Welder (NSQF),Pune,2026-10-01T17:14:01.149900+00:00,https://inventory.dvet.gov.in/Home/GetTradeByInstitute?instituteId=100117
100117,"SAMEER PRIVATE INDUSTRIAL TRAINING INSTITUTE, A/P. KATPHAL, MIDC BARAMATI, TALUKA:BARAMATI, DISTRICT:PUNE",13,Computer Operator and Programming Assistant (NSQF),Pune,2026-10-01T17:14:01.149900+00:00,https://inventory.dvet.gov.in/Home/GetTradeByInstitute?instituteId=100117
100117,"SAMEER PRIVATE INDUSTRIAL TRAINING INSTITUTE, A/P. KATPHAL, MIDC BARAMATI, TALUKA:BARAMATI, DISTRICT:PUNE",17,Wireman (NSQF),Pune,2026-10-01T17:14:01.149900+00:00,https://inventory.dvet.gov.in/Home/GetTradeByInstitute?instituteId=100117
100117,"SAMEER PRIVATE INDUSTRIAL TRAINING INSTITUTE, A/P. KATPHAL, MIDC BARAMATI, TALUKA:BARAMATI, DISTRICT:PUNE",24,Electrician (NSQF),Pune,2026-10-01T17:14:01.149900+00:00,https://inventory.dvet.gov.in/Home/GetTradeByInstitute?instituteId=100117
100117,"SAMEER PRIVATE INDUSTRIAL TRAINING INSTITUTE, A/P. KATPHAL, MIDC BARAMATI, TALUKA:BARAMATI, DISTRICT:PUNE",31,Fitter (NSQF),Pune,2026-10-01T17:14:01.149900+00:00,https://inventory.dvet.gov.in/Home/GetTradeByInstitute?instituteId=100117
100117,"SAMEER PRIVATE INDUSTRIAL TRAINING INSTITUTE, A/P. KATPHAL, MIDC BARAMATI, TALUKA:BARAMATI, DISTRICT:PUNE",1078,Solar Technician (Electrical) (NSQF),Pune,2026-10-01T17:14:01.149900+00:00,https://inventory.dvet.gov.in/Home/GetTradeByInstitute?instituteId=100117
966,"SHIVNERI FOUNDATION'S SHIVNERI PRIVATE INDUSTRIAL TRAINING INSTITUTE, KHANAPUR, TALUKA: JUNNAR, DISTRICT: PUNE",24,Electrician (NSQF),Pune,2026-10-01T17:14:01.149900+00:00,https://inventory.dvet.gov.in/Home/GetTradeByInstitute?instituteId=966
966,"SHIVNERI FOUNDATION'S SHIVNERI PRIVATE INDUSTRIAL TRAINING INSTITUTE, KHANAPUR, TALUKA: JUNNAR, DISTRICT: PUNE",31,Fitter (NSQF),Pune,2026-10-01T17:14:01.149900+00:00,https://inventory.dvet.gov.in/Home/GetTradeByInstitute?instituteId=966
3082,"SHREE BHAIRAVNATH PRIVATE INDUSTRIAL TRAINING INSTITUTE, PABAL, TALUKA: SHIRUR, DISTRICT: PUNE",4,Welder (NSQF),Pune,2026-10-01T17:14:01.149900+00:00,https://inventory.dvet.gov.in/Home/GetTradeByInstitute?instituteId=3082
3082,"SHREE BHAIRAVNATH PRIVATE INDUSTRIAL TRAINING INSTITUTE, PABAL, TALUKA: SHIRUR, DISTRICT: PUNE",24,Electrician (NSQF),Pune,2026-10-01T17:14:01.149900+00:00,https://inventory.dvet.gov.in/Home/GetTradeByInstitute?instituteId=3082
3082,"SHREE BHAIRAVNATH PRIVATE INDUSTRIAL TRAINING INSTITUTE, PABAL, TALUKA: SHIRUR, DISTRICT: PUNE",29,Electronics Mechanic (NSQF),Pune,2026-10-01T17:14:01.149900+00:00,https://inventory.dvet.gov.in/Home/GetTradeByInstitute?instituteId=3082
3082,"SHREE BHAIRAVNATH PRIVATE INDUSTRIAL TRAINING INSTITUTE, PABAL, TALUKA: SHIRUR, DISTRICT: PUNE",31,Fitter (NSQF),Pune,2026-10-01T17:14:01.149900+00:00,https://inventory.dvet.gov.in/Home/GetTradeByInstitute?instituteId=3082
398,"SHREEMANT DAGDUSHETH HALWAI SARVAJANIK GANPATI TRUST’S PRIVATE INDUSTRIAL TRAINING INSTITUTE, KONDHAWA KHURD, TALUKA: PUNE CITY / HAVELI, DISTRICT: PUNE",4,Welder (NSQF),Pune,2026-10-01T17:14:01.149900+00:00,https://inventory.dvet.gov.in/Home/GetTradeByInstitute?instituteId=398
398,"SHREEMANT DAGDUSHETH HALWAI SARVAJANIK GANPATI TRUST’S PRIVATE INDUSTRIAL TRAINING INSTITUTE, KONDHAWA KHURD, TALUKA: PUNE CITY / HAVELI, DISTRICT: PUNE",24,Electrician (NSQF),Pune,2026-10-01T17:14:01.149900+00:00,https://inventory.dvet.gov.in/Home/GetTradeByInstitute?instituteId=398
398,"SHREEMANT DAGDUSHETH HALWAI SARVAJANIK GANPATI TRUST’S PRIVATE INDUSTRIAL TRAINING INSTITUTE, KONDHAWA KHURD, TALUKA: PUNE CITY / HAVELI, DISTRICT: PUNE",31,Fitter (NSQF),Pune,2026-10-01T17:14:01.149900+00:00,https://inventory.dvet.gov.in/Home/GetTradeByInstitute?instituteId=398
398,"SHREEMANT DAGDUSHETH HALWAI SARVAJANIK GANPATI TRUST’S PRIVATE INDUSTRIAL TRAINING INSTITUTE, KONDHAWA KHURD, TALUKA: PUNE CITY / HAVELI, DISTRICT: PUNE",32,Turner (NSQF),Pune,2026-10-01T17:14:01.149900+00:00,https://inventory.dvet.gov.in/Home/GetTradeByInstitute?instituteId=398
405,"SHRI CHHATRAPATI SAMBHAJI SHIKSHAN SANSTHA'S PRIVATE INDUSTRIAL TRAINING INSTITUTE, SHIRUR, TALUKA: SHIRUR, DISTRICT: PUNE",4,Welder (NSQF),Pune,2026-10-01T17:14:01.149900+00:00,https://inventory.dvet.gov.in/Home/GetTradeByInstitute?instituteId=405
405,"SHRI CHHATRAPATI SAMBHAJI SHIKSHAN SANSTHA'S PRIVATE INDUSTRIAL TRAINING INSTITUTE, SHIRUR, TALUKA: SHIRUR, DISTRICT: PUNE",15,Mechanic Motor Vehicle (NSQF),Pune,2026-10-01T17:14:01.149900+00:00,https://inventory.dvet.gov.in/Home/GetTradeByInstitute?instituteId=405
405,"SHRI CHHATRAPATI SAMBHAJI SHIKSHAN SANSTHA'S PRIVATE INDUSTRIAL TRAINING INSTITUTE, SHIRUR, TALUKA: SHIRUR, DISTRICT: PUNE",24,Electrician (NSQF),Pune,2026-10-01T17:14:01.149900+00:00,https://inventory.dvet.gov.in/Home/GetTradeByInstitute?instituteId=405
405,"SHRI CHHATRAPATI SAMBHAJI SHIKSHAN SANSTHA'S PRIVATE INDUSTRIAL TRAINING INSTITUTE, SHIRUR, TALUKA: SHIRUR, DISTRICT: PUNE",29,Electronics Mechanic (NSQF),Pune,2026-10-01T17:14:01.149900+00:00,https://inventory.dvet.gov.in/Home/GetTradeByInstitute?instituteId=405
405,"SHRI CHHATRAPATI SAMBHAJI SHIKSHAN SANSTHA'S PRIVATE INDUSTRIAL TRAINING INSTITUTE, SHIRUR, TALUKA: SHIRUR, DISTRICT: PUNE",30,Machinist Grinder (NSQF),Pune,2026-10-01T17:14:01.149900+00:00,https://inventory.dvet.gov.in/Home/GetTradeByInstitute?instituteId=405
405,"SHRI CHHATRAPATI SAMBHAJI SHIKSHAN SANSTHA'S PRIVATE INDUSTRIAL TRAINING INSTITUTE, SHIRUR, TALUKA: SHIRUR, DISTRICT: PUNE",31,Fitter (NSQF),Pune,2026-10-01T17:14:01.149900+00:00,https://inventory.dvet.gov.in/Home/GetTradeByInstitute?instituteId=405
405,"SHRI CHHATRAPATI SAMBHAJI SHIKSHAN SANSTHA'S PRIVATE INDUSTRIAL TRAINING INSTITUTE, SHIRUR, TALUKA: SHIRUR, DISTRICT: PUNE",32,Turner (NSQF),Pune,2026-10-01T17:14:01.149900+00:00,https://inventory.dvet.gov.in/Home/GetTradeByInstitute?instituteId=405
405,"SHRI CHHATRAPATI SAMBHAJI SHIKSHAN SANSTHA'S PRIVATE INDUSTRIAL TRAINING INSTITUTE, SHIRUR, TALUKA: SHIRUR, DISTRICT: PUNE",33,Machinist (NSQF),Pune,2026-10-01T17:14:01.149900+00:00,https://inventory.dvet.gov.in/Home/GetTradeByInstitute?instituteId=405
405,"SHRI CHHATRAPATI SAMBHAJI SHIKSHAN SANSTHA'S PRIVATE INDUSTRIAL TRAINING INSTITUTE, SHIRUR, TALUKA: SHIRUR, DISTRICT: PUNE",43,Mechanic Machine Tool Maintenance (NSQF),Pune,2026-10-01T17:14:01.149900+00:00,https://inventory.dvet.gov.in/Home/GetTradeByInstitute?instituteId=405
387,"SHRI CHHATRAPATI SHIVAJI PRIVATE INDUSTRIAL TRAINING INSTITUTE, PUNE, TALUKA: PUNE CITY / HAVELI, DISTRICT: PUNE",20,Draughtsman Mechanical (NSQF),Pune,2026-10-01T17:14:01.149900+00:00,https://inventory.dvet.gov.in/Home/GetTradeByInstitute?instituteId=387
387,"SHRI CHHATRAPATI SHIVAJI PRIVATE INDUSTRIAL TRAINING INSTITUTE, PUNE, TALUKA: PUNE CITY / HAVELI, DISTRICT: PUNE",24,Electrician (NSQF),Pune,2026-10-01T17:14:01.149900+00:00,https://inventory.dvet.gov.in/Home/GetTradeByInstitute?instituteId=387
387,"SHRI CHHATRAPATI SHIVAJI PRIVATE INDUSTRIAL TRAINING INSTITUTE, PUNE, TALUKA: PUNE CITY / HAVELI, DISTRICT: PUNE",31,Fitter (NSQF),Pune,2026-10-01T17:14:01.149900+00:00,https://inventory.dvet.gov.in/Home/GetTradeByInstitute?instituteId=387
387,"SHRI CHHATRAPATI SHIVAJI PRIVATE INDUSTRIAL TRAINING INSTITUTE, PUNE, TALUKA: PUNE CITY / HAVELI, DISTRICT: PUNE",32,Turner (NSQF),Pune,2026-10-01T17:14:01.149900+00:00,https://inventory.dvet.gov.in/Home/GetTradeByInstitute?instituteId=387
404,"SHRI KULSWAMI PRIVATE INDUSTRIAL TRAINING INSTITUTE, VADAJ, TALUKA: JUNNAR, DISTRICT: PUNE",4,Welder (NSQF),Pune,2026-10-01T17:14:01.149900+00:00,https://inventory.dvet.gov.in/Home/GetTradeByInstitute?instituteId=404
404,"SHRI KULSWAMI PRIVATE INDUSTRIAL TRAINING INSTITUTE, VADAJ, TALUKA: JUNNAR, DISTRICT: PUNE",15,Mechanic Motor Vehicle (NSQF),Pune,2026-10-01T17:14:01.149900+00:00,https://inventory.dvet.gov.in/Home/GetTradeByInstitute?instituteId=404
404,"SHRI KULSWAMI PRIVATE INDUSTRIAL TRAINING INSTITUTE, VADAJ, TALUKA: JUNNAR, DISTRICT: PUNE",24,Electrician (NSQF),Pune,2026-10-01T17:14:01.149900+00:00,https://inventory.dvet.gov.in/Home/GetTradeByInstitute?instituteId=404
404,"SHRI KULSWAMI PRIVATE INDUSTRIAL TRAINING INSTITUTE, VADAJ, TALUKA: JUNNAR, DISTRICT: PUNE",31,Fitter (NSQF),Pune,2026-10-01T17:14:01.149900+00:00,https://inventory.dvet.gov.in/Home/GetTradeByInstitute?instituteId=404
958,"SHRI SARASWATI PRATISHTHAN'S ADIRAJ PRIVATE INDUSTRIAL TRAINING INSTITUTE, CHAKAN, TALUKA: KHED, DISTRICT: PUNE",4,Welder (NSQF),Pune,2026-10-01T17:14:01.149900+00:00,https://inventory.dvet.gov.in/Home/GetTradeByInstitute?instituteId=958
958,"SHRI SARASWATI PRATISHTHAN'S ADIRAJ PRIVATE INDUSTRIAL TRAINING INSTITUTE, CHAKAN, TALUKA: KHED, DISTRICT: PUNE",24,Electrician (NSQF),Pune,2026-10-01T17:14:01.149900+00:00,https://inventory.dvet.gov.in/Home/GetTradeByInstitute?instituteId=958
958,"SHRI SARASWATI PRATISHTHAN'S ADIRAJ PRIVATE INDUSTRIAL TRAINING INSTITUTE, CHAKAN, TALUKA: KHED, DISTRICT: PUNE",31,Fitter (NSQF),Pune,2026-10-01T17:14:01.149900+00:00,https://inventory.dvet.gov.in/Home/GetTradeByInstitute?instituteId=958
402,"SHRI VIGHNAHAR TRUST’S LATE NIVRUTTISHETH SHERKAR PRIVATE INDUSTRIAL TRAINING INSTITUTE, NIVRUTTINAGAR, TALUKA: JUNNAR, DISTRICT: PUNE",4,Welder (NSQF),Pune,2026-10-01T17:14:01.149900+00:00,https://inventory.dvet.gov.in/Home/GetTradeByInstitute?instituteId=402
402,"SHRI VIGHNAHAR TRUST’S LATE NIVRUTTISHETH SHERKAR PRIVATE INDUSTRIAL TRAINING INSTITUTE, NIVRUTTINAGAR, TALUKA: JUNNAR, DISTRICT: PUNE",13,Computer Operator and Programming Assistant (NSQF),Pune,2026-10-01T17:14:01.149900+00:00,https://inventory.dvet.gov.in/Home/GetTradeByInstitute?instituteId=402
402,"SHRI VIGHNAHAR TRUST’S LATE NIVRUTTISHETH SHERKAR PRIVATE INDUSTRIAL TRAINING INSTITUTE, NIVRUTTINAGAR, TALUKA: JUNNAR, DISTRICT: PUNE",15,Mechanic Motor Vehicle (NSQF),Pune,2026-10-01T17:14:01.149900+00:00,https://inventory.dvet.gov.in/Home/GetTradeByInstitute?instituteId=402
402,"SHRI VIGHNAHAR TRUST’S LATE NIVRUTTISHETH SHERKAR PRIVATE INDUSTRIAL TRAINING INSTITUTE, NIVRUTTINAGAR, TALUKA: JUNNAR, DISTRICT: PUNE",24,Electrician (NSQF),Pune,2026-10-01T17:14:01.149900+00:00,https://inventory.dvet.gov.in/Home/GetTradeByInstitute?instituteId=402
402,"SHRI VIGHNAHAR TRUST’S LATE NIVRUTTISHETH SHERKAR PRIVATE INDUSTRIAL TRAINING INSTITUTE, NIVRUTTINAGAR, TALUKA: JUNNAR, DISTRICT: PUNE",30,Machinist Grinder (NSQF),Pune,2026-10-01T17:14:01.149900+00:00,https://inventory.dvet.gov.in/Home/GetTradeByInstitute?instituteId=402
402,"SHRI VIGHNAHAR TRUST’S LATE NIVRUTTISHETH SHERKAR PRIVATE INDUSTRIAL TRAINING INSTITUTE, NIVRUTTINAGAR, TALUKA: JUNNAR, DISTRICT: PUNE",31,Fitter (NSQF),Pune,2026-10-01T17:14:01.149900+00:00,https://inventory.dvet.gov.in/Home/GetTradeByInstitute?instituteId=402
402,"SHRI VIGHNAHAR TRUST’S LATE NIVRUTTISHETH SHERKAR PRIVATE INDUSTRIAL TRAINING INSTITUTE, NIVRUTTINAGAR, TALUKA: JUNNAR, DISTRICT: PUNE",33,Machinist (NSQF),Pune,2026-10-01T17:14:01.149900+00:00,https://inventory.dvet.gov.in/Home/GetTradeByInstitute?instituteId=402
693,"SOCIAL ACTION FOR MAN POWER CREATION PRIVATE INDUSTRIAL TRAINING INSTITUTE, MALVALI, TALUKA: MAVAL, DISTRICT: PUNE",4,Welder (NSQF),Pune,2026-10-01T17:14:01.149900+00:00,https://inventory.dvet.gov.in/Home/GetTradeByInstitute?instituteId=693
693,"SOCIAL ACTION FOR MAN POWER CREATION PRIVATE INDUSTRIAL TRAINING INSTITUTE, MALVALI, TALUKA: MAVAL, DISTRICT: PUNE",17,Wireman (NSQF),Pune,2026-10-01T17:14:01.149900+00:00,https://inventory.dvet.gov.in/Home/GetTradeByInstitute?instituteId=693
693,"SOCIAL ACTION FOR MAN POWER CREATION PRIVATE INDUSTRIAL TRAINING INSTITUTE, MALVALI, TALUKA: MAVAL, DISTRICT: PUNE",24,Electrician (NSQF),Pune,2026-10-01T17:14:01.149900+00:00,https://inventory.dvet.gov.in/Home/GetTradeByInstitute?instituteId=693
693,"SOCIAL ACTION FOR MAN POWER CREATION PRIVATE INDUSTRIAL TRAINING INSTITUTE, MALVALI, TALUKA: MAVAL, DISTRICT: PUNE",31,Fitter (NSQF),Pune,2026-10-01T17:14:01.149900+00:00,https://inventory.dvet.gov.in/Home/GetTradeByInstitute?instituteId=693
100139,"SOU. VIJAYATAI PANSARE  PUNE PRIVATE INDUSTRIAL TRAINING INSTITUTE, AP-MANCHAR, TALUKA:AMBEGAON, DISTRICT:PUNE",24,Electrician (NSQF),Pune,2026-10-01T17:14:01.149900+00:00,https://inventory.dvet.gov.in/Home/GetTradeByInstitute?instituteId=100139
100139,"SOU. VIJAYATAI PANSARE  PUNE PRIVATE INDUSTRIAL TRAINING INSTITUTE, AP-MANCHAR, TALUKA:AMBEGAON, DISTRICT:PUNE",31,Fitter (NSQF),Pune,2026-10-01T17:14:01.149900+00:00,https://inventory.dvet.gov.in/Home/GetTradeByInstitute?instituteId=100139
100139,"SOU. VIJAYATAI PANSARE  PUNE PRIVATE INDUSTRIAL TRAINING INSTITUTE, AP-MANCHAR, TALUKA:AMBEGAON, DISTRICT:PUNE",1078,Solar Technician (Electrical) (NSQF),Pune,2026-10-01T17:14:01.149900+00:00,https://inventory.dvet.gov.in/Home/GetTradeByInstitute?instituteId=100139
100139,"SOU. VIJAYATAI PANSARE  PUNE PRIVATE INDUSTRIAL TRAINING INSTITUTE, AP-MANCHAR, TALUKA:AMBEGAON, DISTRICT:PUNE",1217,SMARTPHONE TECHNICIAN CUM APP TESTER (NSQF),Pune,2026-10-01T17:14:01.149900+00:00,https://inventory.dvet.gov.in/Home/GetTradeByInstitute?instituteId=100139
703,"VITTHALRAO THORAT PRIVATE INDUSTRIAL TRAINING INSTITUTE, BHIGWAN, TALUKA: INDAPUR, DISTRICT: PUNE",4,Welder (NSQF),Pune,2026-10-01T17:14:01.149900+00:00,https://inventory.dvet.gov.in/Home/GetTradeByInstitute?instituteId=703
703,"VITTHALRAO THORAT PRIVATE INDUSTRIAL TRAINING INSTITUTE, BHIGWAN, TALUKA: INDAPUR, DISTRICT: PUNE",6,Mechanic Diesel (NSQF),Pune,2026-10-01T17:14:01.149900+00:00,https://inventory.dvet.gov.in/Home/GetTradeByInstitute?instituteId=703
703,"VITTHALRAO THORAT PRIVATE INDUSTRIAL TRAINING INSTITUTE, BHIGWAN, TALUKA: INDAPUR, DISTRICT: PUNE",20,Draughtsman Mechanical (NSQF),Pune,2026-10-01T17:14:01.149900+00:00,https://inventory.dvet.gov.in/Home/GetTradeByInstitute?instituteId=703
703,"VITTHALRAO THORAT PRIVATE INDUSTRIAL TRAINING INSTITUTE, BHIGWAN, TALUKA: INDAPUR, DISTRICT: PUNE",24,Electrician (NSQF),Pune,2026-10-01T17:14:01.149900+00:00,https://inventory.dvet.gov.in/Home/GetTradeByInstitute?instituteId=703
703,"VITTHALRAO THORAT PRIVATE INDUSTRIAL TRAINING INSTITUTE, BHIGWAN, TALUKA: INDAPUR, DISTRICT: PUNE",31,Fitter (NSQF),Pune,2026-10-01T17:14:01.149900+00:00,https://inventory.dvet.gov.in/Home/GetTradeByInstitute?instituteId=703
100008,"ZEAL PRIVATE ITI PRIVATE INDUSTRIAL TRAINING INSTITUTE, SURVEY NO. 39, NARHE DHAYARI ROAD, NARHE, TALUKA:PUNE CITY / HAVELI, DISTRICT:PUNE",4,Welder (NSQF),Pune,2026-10-01T17:14:01.149900+00:00,https://inventory.dvet.gov.in/Home/GetTradeByInstitute?instituteId=100008
100008,"ZEAL PRIVATE ITI PRIVATE INDUSTRIAL TRAINING INSTITUTE, SURVEY NO. 39, NARHE DHAYARI ROAD, NARHE, TALUKA:PUNE CITY / HAVELI, DISTRICT:PUNE",17,Wireman (NSQF),Pune,2026-10-01T17:14:01.149900+00:00,https://inventory.dvet.gov.in/Home/GetTradeByInstitute?instituteId=100008
100008,"ZEAL PRIVATE ITI PRIVATE INDUSTRIAL TRAINING INSTITUTE, SURVEY NO. 39, NARHE DHAYARI ROAD, NARHE, TALUKA:PUNE CITY / HAVELI, DISTRICT:PUNE",24,Electrician (NSQF),Pune,2026-10-01T17:14:01.149900+00:00,https://inventory.dvet.gov.in/Home/GetTradeByInstitute?instituteId=100008
100008,"ZEAL PRIVATE ITI PRIVATE INDUSTRIAL TRAINING INSTITUTE, SURVEY NO. 39, NARHE DHAYARI ROAD, NARHE, TALUKA:PUNE CITY / HAVELI, DISTRICT:PUNE",31,Fitter (NSQF),Pune,2026-10-01T17:14:01.149900+00:00,https://inventory.dvet.gov.in/Home/GetTradeByInstitute?instituteId=100008
100008,"ZEAL PRIVATE ITI PRIVATE INDUSTRIAL TRAINING INSTITUTE, SURVEY NO. 39, NARHE DHAYARI ROAD, NARHE, TALUKA:PUNE CITY / HAVELI, DISTRICT:PUNE",1078,Solar Technician (Electrical) (NSQF),Pune,2026-10-01T17:14:01.149900+00:00,https://inventory.dvet.gov.in/Home/GetTradeByInstitute?instituteId=100008
